tree
version=v4
num_class=1
num_tree_per_iteration=1
label_index=0
max_feature_idx=31
objective=binary sigmoid:1
feature_names=name_tfidf address_tfidf hybrid_tfidf name_basic_equal name_core_equal name_token_sorted_equal name_ratio name_token_sort_ratio name_token_set_ratio name_partial_ratio name_jaccard name_length_ratio address_present_s1 address_present_target address_missing_either address_basic_equal address_canonical_equal address_token_sorted_equal address_ratio address_token_sort_ratio address_token_set_ratio address_jaccard canonical_jaccard address_length_ratio shared_numbers shared_numbers_binary shared_postal shared_postal_binary first_number_equal country_equal is_s2 is_s3
feature_infos=[0:1.0000002384185791] [0:1.0000001192092896] [0.018369564786553383:1.0000001192092896] [0:1] [0:1] [0:1] [0:1] [0:1] [0:1] [0:1] [0:1] [0.037037037312984467:1] none [0:1] [0:1] [0:1] [0:1] [0:1] [0:1] [0:1] [0:1] [0:1] [0:1] [0:1] [0:7] [0:1] [0:1] [0:1] [0:1] none [0:1] [0:1]
tree_sizes=4380 4160 4923 4057 4383 4489 5125 4596 4700 4678 4780 5075 4977 5219 4451 5028 5035 5155 4893 5310 5739 5407 5416 4930 5216 5432 5230 4921 5319 5349 5079 5490 5568 6255 5518 5214 5515 5577 5958 6664 5882 6387 6489 6605 6489 6413 6311 6736 6095 6714 6403 6505 6798 6691 6826 6410 6790 6839 6833 6828 6825 6772 6834 6796 6797 6835 6787 6815 6829 6814 6761 6831 6850 6807 6816 6807 6828 6838 6815 6811 6835 6790 6823 6798 6788 6830 6849 6800 6816 6753 6799 6793 6837 6850 6791 6867 6854 6854 6828 6869 6857 6877 6871 6876 6837 6842 6897 6844 6847 6828 6816 6877 6892 6814 6847 6829 6893 6851 6878 6838 6833 6893 6826 6856 6826 6800 6853 6851 6831 6797 6823 6870 6898 6907 6821 6884 6899 6930 6907 6858 6903 6836 6868 6884 6915 6926 6941 6859 6881 6856 6890 6901 6803 6771

Tree=0
num_leaves=41
num_cat=0
split_feature=1 2 24 20 2 13 8 1 20 10 7 13 19 10 13 10 8 20 2 1 20 18 10 6 21 2 7 8 7 20 20 28 7 7 6 0 7 7 6 18
split_gain=138918 2607.57 2491.39 1694.71 766.656 2312.44 633.847 516.338 481.007 186.135 78.3116 260.592 57.5108 34.4551 28.0781 211.88 138.563 24.8928 19.3099 16.0657 15.9975 15.6437 10.5395 9.63575 8.71384 6.41152 6.23157 5.68176 5.29665 5.22645 3.67147 29.7268 5.04598 2.59171 1.84611 1.78253 0.218233 0.204306 0.00940783 0.00540812
threshold=0.21894425153732303 0.46114827692508703 1.0000000180025095e-35 0.7353600561618806 0.66425621509552013 1.0000000180025095e-35 0.8521554470062257 0.086183592677116408 0.87559524178504955 0.095454547554254546 0.91024166345596325 1.0000000180025095e-35 0.74175426363945018 0.81666666269302379 1.0000000180025095e-35 0.44949495792388922 0.84680575132370006 0.6926884949207307 0.49171780049800878 0.017150977626442913 0.6926884949207307 0.615800440311432 0.240384615957737 0.46986201405525213 0.29520697891712194 0.53885021805763256 0.75905716419219982 0.56949809193611156 0.57932874560356151 0.48295234143733984 0.58656641840934765 1.0000000180025095e-35 0.33568075299263006 0.79469618201255809 0.83047896623611461 0.64596465229988109 0.51316702365875255 0.84292763471603405 0.61633428931236278 0.5914268195629121
decision_type=2 2 2 2 2 2 2 2 2 2 2 2 2 2 2 2 2 2 2 2 2 2 2 2 2 2 2 2 2 2 2 2 2 2 2 2 2 2 2 2
left_child=3 2 8 4 10 -6 9 29 12 -5 13 -12 20 14 15 25 26 24 27 -13 -2 -22 38 -23 30 34 28 -19 36 -7 39 32 -32 -34 -1 -30 -17 -36 -11 -16
right_child=1 -3 -4 6 5 7 -8 -9 -10 22 11 19 -14 -15 17 16 -18 18 -20 -21 21 23 -24 -25 -26 -27 -28 -29 35 -31 31 -33 33 -35 37 -37 -38 -39 -40 -41
leaf_value=-3.3936974435083243 -3.3830542707221403 -2.1916824960839101 -2.3358695431962282 -2.903524659122195 -2.5516494377491643 -3.393558900061858 -2.4999911735106037 -2.7884346795924384 -2.752716045251467 -3.3762425280408501 -2.9260695620620267 -3.3911750080217558 -3.0952946284664424 -3.2510268393272739 -3.3948440413062912 -3.3453610783063135 -3.1246966529732041 -3.309261090157531 -3.2249221656548719 -3.276242607222831 -3.1962538231245383 -3.3813263201349466 -3.2714442444606986 -3.2745631042413978 -3.3169805554625507 -3.3322960719228369 -3.2907746282618886 -3.385520189789923 -3.3876575321194888 -3.3284897753534626 -3.3275630487907906 -3.2398651183252647 -3.3936128695587069 -3.3446698626467768 -3.3686188402049919 -3.3439590760736637 -3.3104562349348039 -3.3534792204540591 -3.3578382704659693 -3.3707942485167628
leaf_weight=173.02587850391865 2.839700326323511 149.23114818334579 17.429884761571884 1.7625726163387279 5.875242054462432 33.423599243164062 3.1987428963184357 1.4361702799797047 3.9168280363082877 1.436170279979706 1.4688105136156071 11.260880604386328 1.795212849974632 1.7625726163387287 4910.2009067833424 1.370889812707903 6.9850099980831137 1.3056093454360951 1.3382495790719984 1.3382495790719975 1.4035300463438032 2.3500968217849736 2.2195358872413635 1.305609345436096 1.5340909808874119 2.1542554199695578 1.6646519154310215 3.8515475690364838 5.2877178490161896 1.3708898127078999 1.3382495790719975 1.3056093454360951 34.892409756779671 1.3382495790719975 2.252176120877265 1.305609345436096 1.3382495790719984 1.8604933172464369 1.305609345436096 2.5459382236003867
leaf_count=5301 87 4572 534 54 180 1024 98 44 120 44 45 345 55 54 150434 42 214 40 41 41 43 72 68 40 47 66 51 118 162 42 41 40 1069 41 69 40 41 57 40 78
internal_value=-3.35348 -2.26488 -2.64217 -3.39124 -3.39228 -3.2242 -2.89341 -3.35197 -3.07749 -3.16735 -3.39367 -3.30214 -3.25299 -3.39393 -3.394 -3.37891 -3.2515 -3.39459 -3.32051 -3.37389 -3.31426 -3.27648 -3.3215 -3.3353 -3.3947 -3.39219 -3.34496 -3.36152 -3.35941 -3.39026 -3.39473 -3.3807 -3.38852 -3.39151 -3.39305 -3.37836 -3.32009 -3.36253 -3.37205 -3.39484
internal_weight=5405.03 180.272 31.0409 5224.75 5214.83 42.1059 9.92263 36.2307 13.611 6.72389 5172.73 14.0679 9.69415 5158.66 5156.9 197.245 17.9521 4959.65 6.49541 12.5991 7.89894 5.05924 4.96132 3.65571 4953.16 179.293 10.9671 5.15716 9.30247 34.7945 4951.62 38.8745 37.5689 36.2307 177.139 6.59333 2.70914 4.11267 2.74178 4912.75
internal_count=165594 5523 951 160071 159767 1290 304 1110 417 206 158477 431 297 158046 157992 6043 550 151949 199 386 242 155 152 112 151750 5493 336 158 285 1066 151703 1191 1151 1110 5427 202 83 126 84 150512
is_linear=0
shrinkage=1


Tree=1
num_leaves=38
num_cat=0
split_feature=20 10 23 21 20 8 21 24 7 7 13 19 20 13 10 9 7 9 20 10 0 0 0 7 10 20 7 24 7 20 20 18 9 9 7 18 8
split_gain=49282.5 913.796 722.839 576.03 313.825 488.399 236.525 226.279 116.033 110.567 446.193 36.1857 24.4438 24.0034 160.697 135.207 23.654 12.3434 20.418 7.47564 7.14241 5.98014 5.15928 4.76675 3.24834 2.5494 1.81151 1.44291 1.39635 0.748481 0.633546 0.901919 0.475138 1.3426 0.340498 0.283885 0.242011
threshold=0.6926884949207307 0.68333333730697643 0.19785943627357486 0.12310606241226198 0.78319624066352855 0.90521115064620983 0.26794873178005224 1.0000000180025095e-35 0.71010184288024913 0.90070420503616344 1.0000000180025095e-35 0.68599441647529613 0.50920382142066967 1.0000000180025095e-35 0.44949495792388922 0.95861870050430309 0.81120249629020702 0.37668919563293463 0.42438536882400518 0.080128207802772536 0.41201080381870275 0.76780930161476146 0.7590814232826234 0.57932874560356151 0.44949495792388922 0.47087104618549352 0.84292763471603405 1.5000000000000002 0.72046512365341198 0.44494949281215673 0.6569296419620515 0.615800440311432 0.93440860509872448 0.99230769276618969 0.51471862196922313 0.37525510787963873 0.83795946836471569
decision_type=2 2 2 2 2 2 2 2 2 2 2 2 2 2 2 2 2 2 2 2 2 2 2 2 2 2 2 2 2 2 2 2 2 2 2 2 2
left_child=1 6 -3 25 5 7 9 11 20 13 -11 19 -12 14 21 16 22 18 -15 -2 -8 26 23 34 -21 -4 32 30 36 -29 -19 35 -1 -34 -16 -32 -25
right_child=4 2 3 -5 -6 -7 8 -9 -10 10 12 -13 -14 17 15 -17 -18 27 -20 24 -22 -23 -24 28 -26 -27 -28 29 -30 -31 31 -33 33 -35 -36 -37 -38
leaf_value=-0.040343487192050144 0.042913172888009353 0.43265652402456661 -0.0395973431299722 0.36207536652273853 0.39466649291421646 0.40026175318667223 -0.018676005468320291 0.3106307792237466 0.31388135137630035 0.31613527115100448 -0.040053707042177859 0.1381678500764584 0.095666532451302133 -0.031706148961108994 0.0065257609478826988 0.29183324142197792 0.12143706436510034 -0.041265245885285622 0.11416501139691132 -0.036522074193915122 0.065462275837702671 0.017945334541217592 0.05658611795425654 -0.03396047282027756 0.015233841319006245 0.009448484526572579 0 -0.021789076049307809 0.0018668977827348554 0.010395436566427097 -0.0041666226961665472 0.00029116869349229101 0.0097682316407184926 -0.029888578866110259 0.042016220095356764 -0.033426532126767841 -0.0053812380431653706
leaf_weight=164.30121755972505 2.2851213477551964 9.5957640111446363 24.796606510877613 6.3912840373814097 444.20594189316034 19.157830487936735 2.7240120805799943 5.3210986182093611 3.3595739118754864 6.0188235379755488 33.932832423597574 2.3132291138172141 1.3080462813377369 3.7056170254945746 1.4492516592144995 2.9497046731412402 2.4182625934481612 4736.3564945980906 1.2949202284216879 7.8831451833248121 1.9534316398203371 2.3234500661492339 1.4181496687233437 5.1282135024666768 1.7538674995303152 1.3082334138452996 2.0164764150977126 1.3189484328031533 2.6301974728703499 1.2622483000159261 1.2953299656510342 1.8040600456297395 1.2956331968307484 2.9580797925591469 1.3653203547000883 4.7123649194836617 1.3612200692296026
leaf_count=5225 64 159 783 92 5152 229 78 78 46 105 1074 53 32 118 44 72 62 150798 37 225 48 69 36 161 44 40 62 42 75 38 41 53 41 94 40 148 36
internal_value=-0.00105226 -0.0381042 0.145384 0.0500516 0.38451 0.260869 -0.0396807 0.111294 0.165118 -0.0400448 0.0246218 0.021022 -0.032405 -0.0405902 -0.0263874 0.0820429 0.0275038 -0.0411564 0.0181321 -0.0103314 0.0210991 -0.0385551 0.00293699 -0.00701095 -0.0261802 -0.0367339 -0.0394481 -0.0412235 -0.0211516 -0.00642542 -0.0412402 -0.022662 -0.0398968 -0.017488 0.0312919 -0.0291834 -0.0300187
internal_weight=5517.67 5034.75 42.0919 32.4961 482.92 38.7143 4992.66 19.5565 8.03702 4984.62 41.2597 14.2354 35.2409 4943.37 191.615 18.7203 15.7706 4751.75 5.00054 11.9221 4.67744 172.895 13.3524 11.9342 9.63701 26.1048 170.571 4746.75 9.11963 2.5812 4744.17 7.81175 168.555 4.25371 2.81457 6.00769 6.48943
internal_count=165594 159749 1074 915 5845 693 158675 464 172 158503 1211 386 1106 157292 6017 526 454 151275 155 333 126 5491 392 356 269 823 5422 151120 272 80 151040 242 5360 135 84 189 197
is_linear=0
shrinkage=0.04


Tree=2
num_leaves=45
num_cat=0
split_feature=1 7 13 20 20 2 9 2 13 24 28 18 13 10 8 24 19 2 9 2 7 9 7 9 20 20 7 9 7 1 18 9 0 9 9 21 19 20 21 7 19 9 8 0
split_gain=34868.7 599.519 658.932 249.267 214.235 304.27 118.168 74.0759 180.572 110.686 36.3347 25.5854 25.3987 146.768 59.1433 20.8076 174.802 117.3 41.4351 27.073 30.857 19.6547 13.3794 13.2995 10.3812 5.90951 5.20065 4.98105 4.76444 2.66808 2.5674 1.78615 1.73949 1.28756 1.09598 1.07221 0.734742 0.677869 0.654662 0.638304 0.470773 0.302014 0.207268 0.126483
threshold=0.14944787323474887 0.94201681017875682 1.0000000180025095e-35 0.56268712878227245 0.6926884949207307 0.54586797952651989 0.33687943220138555 0.60462343692779552 1.0000000180025095e-35 1.0000000180025095e-35 1.0000000180025095e-35 0.65240275859832775 1.0000000180025095e-35 0.44949495792388922 0.84680575132370006 1.0000000180025095e-35 0.68599441647529613 0.56336912512779247 0.37668919563293463 0.18834128975868228 0.24068965017795566 0.82683658599853527 0.87226107716560375 0.71209660172462474 0.78319624066352855 0.6926884949207307 0.75905716419219982 0.8550420105457307 0.57932874560356151 0.099711906164884581 0.46192501485347753 0.47690120339393621 0.64596465229988109 0.93440860509872448 0.95861870050430309 0.16172623634338382 0.64174234867095958 0.50112107396125805 0.27525253593921667 0.84292763471603405 0.55701982975006115 0.7679487168788911 0.77346038818359386 0.71650776267051708
decision_type=2 2 2 2 2 2 2 2 2 2 2 2 2 2 2 2 2 2 2 2 2 2 2 2 2 2 2 2 2 2 2 2 2 2 2 2 2 2 2 2 2 2 2 2
left_child=1 6 -3 30 5 10 -1 11 -9 37 27 12 13 22 26 16 17 18 -6 20 -18 -16 33 -20 42 36 28 31 41 -27 -4 -2 -30 39 -35 -31 38 -10 -14 -8 -37 -15 -25 -36
right_child=4 2 3 -5 15 -7 7 8 9 -11 -12 -13 25 14 21 -17 19 -19 23 -21 -22 -23 -24 24 -26 29 -28 -29 32 35 -32 -33 -34 34 43 40 -38 -39 -40 -41 -42 -43 -44 -45
leaf_value=0.22714257711824176 0.0052414785359296513 0.29364965039890623 -0.039953672179288885 0.28784343665969386 0.18380548503207403 0.29038842976110485 -0.040260735130050733 0.23736994276112736 -0.03974237494135275 0.24747283783919075 0.14034382551613037 0.078930918549343421 -0.041234056741269363 0.041036580439947519 0.021581931133865116 0.28217688741119007 0.20257935215919134 0.24499553537944355 -0.033831188223661143 0.27634177167258378 0.016165437918414228 0.1729819989871266 0.059344604036429327 -0.010753435595352794 0.089929386496406721 -0.030286527916226547 0.055883244653547978 0.031975250393865166 -0.033751539002888825 -0.0095118618517743194 0.008929129358809778 -0.036566525526747676 0.0095885181563981885 0.010764071769913649 -0.028528493525173594 0.034246103115237195 -0.0035442974385628211 -0.0026413457814190621 -0.0049746563853790577 -0.0043395574833203186 0.0023591529553104 0.006623830838763882 0.0047663348136076531 -0.0042306429220563052
leaf_weight=1.6673546582460392 1.5115767512470473 16.744094640016556 32.545774238184094 3.2176772169768801 1.994872741401198 11.023856483399866 159.32418105006218 4.1323744356632224 28.108642978593714 1.3349425755441178 1.8232100456953055 1.9611471854150284 4555.9324292317033 1.393514122813942 2.1114864498376829 505.15347180142999 3.7153126262128344 8.0687813833355886 4.5444863550364953 103.3865774795413 2.3708111718297005 6.9843356646597385 1.3481973968446244 1.7561411485075953 3.1818818934261799 3.0243949405848971 1.8482282534241665 1.6617702543735511 4.9913000389933586 1.6422977000474928 1.3259107898920763 8.2499700970947725 1.3024733439087866 1.2512245476245869 2.5452901497483258 1.5983188860118391 1.2574499584734429 1.2008233852684487 1.3410821631550778 1.3044307529926289 1.6708334647119043 1.4422581605613229 1.5057170577347276 1.297834414988756
leaf_count=41 45 186 1067 41 36 108 5258 70 924 22 30 52 150764 41 46 4217 56 70 106 911 41 144 33 47 46 85 51 39 162 39 38 257 40 39 83 41 40 36 39 40 45 42 36 40
internal_value=-0.00125964 -0.0384259 0.0931743 -0.00255919 0.271283 0.144669 -0.0399242 -0.0400654 0.0175937 -0.0184811 0.0112488 -0.0404915 -0.0405582 -0.025801 0.0739184 0.275876 0.249498 0.133643 0.051582 0.27033 0.143056 0.143851 -0.0381746 0.0139139 0.048145 -0.0411563 0.00846807 -0.0186717 -0.00530523 -0.00534196 -0.0377243 -0.0298354 -0.0241491 -0.0393431 -0.0142149 0.0118668 -0.0412166 -0.0384916 -0.0412254 -0.0400224 0.023256 0.030867 -0.00321336 -0.0237167
internal_weight=5505.8 4845.85 53.8335 37.0894 659.948 24.2704 4792.02 4790.35 34.7768 30.6444 13.2465 4755.57 4753.61 187.145 20.0736 635.678 130.525 21.0519 12.9831 109.473 6.08612 9.09582 167.071 10.9882 6.44374 4566.47 10.9778 11.4233 9.12955 7.93584 33.8717 9.76155 6.29377 165.723 5.09435 4.91145 4558.53 29.3095 4557.27 160.629 3.26915 2.83577 3.26186 3.84312
internal_count=165594 159549 1332 1146 6045 479 158217 158176 1052 982 371 157124 157072 6019 526 5566 1349 341 271 1008 97 190 5493 235 129 151053 336 341 285 210 1105 302 202 5460 162 125 150843 960 150803 5298 86 83 83 123
is_linear=0
shrinkage=0.04


Tree=3
num_leaves=37
num_cat=0
split_feature=1 6 23 1 9 10 21 10 8 9 18 13 10 9 6 0 6 1 24 10 8 9 18 19 9 19 0 6 0 23 6 8 8 18 6 21
split_gain=27369.4 527.947 457.278 163.516 102.866 100.006 93.6023 198.406 120.286 47.8829 47.2082 45.3504 204.276 108.172 32.7031 41.0367 14.2257 10.2296 33.59 27.5691 10.2154 8.94068 5.31564 3.21918 3.13568 2.59748 1.71241 9.00732 1.72458 1.43208 1.22424 0.983892 115.306 0.781628 0.666231 0.637149
threshold=0.14944787323474887 0.94201681017875682 0.28368294239044195 0.07312358915805818 0.33687943220138555 0.86607143282890331 0.2788888961076737 0.44949495792388922 0.17267081141471866 0.90283238887786876 0.65240275859832775 1.0000000180025095e-35 0.44949495792388922 0.99230769276618969 0.81530213356018078 0.71134403347969066 0.84292763471603405 0.099711906164884581 1.0000000180025095e-35 0.30384616553783422 0.89512962102890026 0.69804355502128612 0.43542900681495672 0.64174234867095958 0.93440860509872448 0.46683587133884435 0.63326683640480053 0.72481885552406322 0.47505775094032293 0.33460560441017156 0.56980520486831676 0.17267081141471866 0.4463601559400559 0.615800440311432 0.83047896623611461 0.26201373338699346
decision_type=2 2 2 2 2 2 2 2 2 2 2 2 2 2 2 2 2 2 2 2 2 2 2 2 2 2 2 2 2 2 2 2 2 2 2 2
left_child=1 4 -3 25 -1 10 7 8 -2 22 11 12 16 14 21 -16 24 33 29 -20 -18 -14 -10 -24 34 -4 28 -28 -23 -19 -26 -8 -33 -13 -6 -31
right_child=6 2 3 -5 5 -7 31 -9 9 -11 -12 17 13 -15 15 -17 20 18 19 -21 -22 26 23 -25 30 -27 27 -29 -30 35 -32 32 -34 -35 -36 -37
leaf_value=0.19366276562361495 0.25768473281865484 0.22607798484768832 -0.039813508236000245 0.21825151554100708 -0.040421996837836142 0.13893098190885231 0.24901542278812913 0.22833076586845558 0.032274793811369225 0.13815732441820455 0.1102115653869896 -0.041198552480286262 0.067304157872698528 0.22086822178992305 0.21031352349529597 0.0044504677147619324 -0.017000884585582549 -0.00058376113280079632 -0.017067249231715841 0.1554097439285832 0.092788481862154923 0.0077486791886493735 -0.03834661852136946 0.011296010877240534 -0.024731886558353976 0.0097543010550426926 0.059958131375992159 -0.031999794963020509 -0.03467316131554414 -0.039322901055041617 0.010156503942604622 0.12254929922998292 0.21975071534898433 -0.002674327400228545 -0.0040188989575891589 -0.0029034928084684282
leaf_weight=2.0417316928505889 2.8288153558969524 20.918605780228972 30.455128148198131 3.558260351419448 151.84969590976834 4.0370305366814128 51.148116432130337 23.08900430239737 1.6476415526121879 2.7112893778830758 2.3976387754082671 4390.1504452638328 1.5501614455133736 5.8131398521363726 2.1592962536960831 3.2075085155665874 2.5006844699382778 2.0445055589079919 2.4942002724856129 2.0203056428581476 1.356310350820422 1.388810945674775 11.144387394189833 1.9132749307900656 1.736664943397044 1.2812339756637801 1.7262088097631929 3.5350953917950392 5.73375254124403 22.190110761672262 2.8305134922266006 24.597834855318069 675.47945078276098 1.2086392287164915 1.288810959085821 1.2146253716200579
leaf_count=41 29 197 1037 38 5204 79 415 204 39 37 56 150989 45 88 44 57 77 52 77 46 30 43 300 42 58 36 41 82 177 748 89 266 4713 40 43 35
internal_value=-0.00136505 -0.0382833 0.0825696 -0.00626098 -0.0397733 -0.0399194 0.215516 0.150319 0.0546016 0.00919856 -0.040107 -0.04021 -0.0206865 0.0832878 0.0328149 0.10793 -0.0372862 -0.0410285 -0.0167409 0.0735784 0.0319382 -0.00113818 -0.0216064 -0.0305021 -0.039195 -0.0374534 -0.014393 0.00228966 -0.0259734 -0.0350902 -0.00445078 0.219067 0.216521 -0.0411895 -0.0401696 -0.0377932
internal_weight=5467.25 4672.69 56.2132 35.2946 4616.48 4614.43 794.56 43.3344 20.2454 17.4166 4610.4 4608 186.677 25.114 19.3008 5.3668 161.563 4421.32 29.9637 4.51451 3.85699 13.934 14.7053 13.0577 157.706 31.7364 12.3839 5.2613 7.12256 25.4492 4.56718 751.225 700.077 4391.36 153.139 23.4047
internal_count=165594 159549 1308 1111 158241 158200 6045 651 447 418 158121 158065 6078 577 489 101 5501 151987 958 123 107 388 381 342 5394 1073 343 123 220 835 147 5394 4979 151029 5247 783
is_linear=0
shrinkage=0.04


Tree=4
num_leaves=40
num_cat=0
split_feature=1 7 23 0 20 20 2 2 23 1 28 13 10 8 18 9 0 2 8 20 7 8 20 19 9 2 7 9 18 9 9 9 8 7 20 1 1 0 0
split_gain=22627.2 509.932 377.719 145.1 142.133 78.8434 162.569 73.5544 165.328 39.6645 29.622 23.331 116.472 34.8221 18.1705 11.6363 20.2566 9.46797 150.876 9.29125 8.96854 6.79082 6.09427 4.54964 3.93791 3.62356 2.87269 2.72405 2.62095 1.79103 1.27885 1.07511 0.713138 0.649321 0.621705 1.58949 2.27294 0.276305 0.129815
threshold=0.14944787323474887 0.92940199375152599 0.28368294239044195 1.0000000180025095e-35 0.56268712878227245 0.6926884949207307 0.52298858761787426 0.60462343692779552 0.35021367669105535 0.063439857214689269 1.0000000180025095e-35 1.0000000180025095e-35 0.44949495792388922 0.81661397218704235 0.65240275859832775 0.99230769276618969 0.6076345443725587 0.21376482397317889 0.22474747896194461 0.84764185547828685 0.87226107716560375 0.86729559302330028 0.82078272104263317 0.64174234867095958 0.70064935088157665 0.17189858108758929 0.72046512365341198 0.8550420105457307 0.46437034010887152 0.46332737803459173 0.93440860509872448 0.9574275314807893 0.91366460919380199 0.84292763471603405 0.60326328873634349 0.099711906164884581 0.11122195795178415 0.61164799332618724 0.7269541621208192
decision_type=2 2 2 2 2 2 2 2 2 2 2 2 2 2 2 2 2 2 2 2 2 2 2 2 2 2 2 2 2 2 2 2 2 2 2 2 2 2 2
left_child=1 3 -3 -1 28 6 10 11 -9 -10 27 12 20 24 22 16 -15 18 -7 25 30 -18 23 34 -14 -20 37 29 -4 -2 33 -32 -23 -5 -13 -36 -37 -26 -33
right_child=5 2 4 7 -6 17 -8 8 9 -11 -12 14 13 15 -16 -17 21 -19 19 -21 -22 32 -24 -25 26 -27 -28 -29 -30 -31 31 38 -34 -35 35 36 -38 -39 -40
leaf_value=0.27142158739427663 0.0053499103986492822 0.1871960793060945 -0.039842936589384821 -0.040082109806886992 0.18835731690008409 0.19851330215980512 0.19250662555411613 0.18042718351297396 -0.039566457331579721 0.13704361922376898 0.11287665470231308 -0.041156421477402304 0.041465685216264543 0.14592644507650707 0.055843350915753542 0.15256105976712067 0.064379187386484557 0.18440813462840716 0.018965108410311696 0.063094369943782355 0.043178586956492265 0.0066762772918379509 0.030363980756882576 0.014150739009722682 -0.033199646944502371 -0.032347193095087427 0.021999277430954971 0.016767474270838075 0.0099324989854512463 -0.036593365914282472 0.01064438081379869 -0.02836015223053704 -0.019006903199053744 -0.0039771138625018052 -0.03848320326449254 0.01281061556702902 -0.025781722026403445 -0.0041393648081025844 -0.0040449468831542691
leaf_weight=1.409375600516795 1.4985739924013639 26.129403255879879 32.110018003731966 147.78994146920741 4.1174403987824908 27.870495863258839 15.885132402181624 6.8225126918405286 26.4143854174763 1.2165324706584204 2.2942561879754058 4198.107933871448 1.3805103246122614 2.1773842573165876 2.243484564125537 3.8927448987960807 2.3663153331726789 837.87851681560278 4.0438907667994481 5.2177942767739296 1.3221577815711487 2.2326397821307182 1.1775773465633381 1.8313353620469559 4.5797131732106209 2.8895406369119883 1.4809557758271692 1.6577675584703673 1.2749616280198086 8.2819417454302293 1.2552859559655178 2.5091998241841798 2.6826721914112568 1.2829156704246987 15.369442928582432 2.6353772170841676 7.0114903263747692 1.2922425866127012 1.2855127733200786
leaf_count=18 42 210 1132 5259 37 215 113 86 927 25 29 150098 40 46 51 52 56 5199 61 48 31 45 23 56 149 43 44 36 35 259 38 85 51 40 530 83 223 40 39
internal_value=-0.001428 -0.0381424 0.0734904 -0.0397587 -0.00843316 0.180679 0.109369 -0.0399195 0.0177829 -0.027136 0.00638847 -0.0403756 -0.0258355 0.0582611 -0.0409788 0.0966023 0.060806 0.182953 0.148637 0.0275374 -0.0381053 0.0203229 -0.0410444 -0.0410724 -0.00384697 -0.00329716 -0.016779 -0.0220068 -0.0375921 -0.0298956 -0.0391023 -0.0140099 -0.00750834 -0.0398266 -0.0411006 -0.0303628 -0.0146502 -0.0289194 -0.0235189
internal_weight=5412.92 4505.4 63.6318 4441.77 37.5024 907.518 29.6177 4440.36 34.4534 27.6309 13.7325 4405.91 177.53 22.0852 4228.38 13.3518 9.45901 877.9 40.0217 12.1512 155.445 7.28163 4226.13 4224.96 8.73342 6.93343 7.35291 11.4383 33.385 9.78052 154.123 5.05 4.91531 149.073 4223.12 25.0163 9.64687 5.87196 3.79471
internal_count=165594 159549 1414 158135 1204 6045 479 158117 1038 952 366 157079 6015 523 151064 250 198 5566 367 152 5492 152 151013 150990 273 104 233 337 1167 301 5461 162 96 5299 150934 836 306 189 124
is_linear=0
shrinkage=0.04


Tree=5
num_leaves=41
num_cat=0
split_feature=1 7 13 20 10 20 24 0 10 23 13 10 8 19 2 1 21 1 0 10 1 20 24 6 19 6 2 6 7 6 8 1 6 8 8 19 6 6 0 1
split_gain=19334.6 412.002 450.499 130.182 220.971 95.5716 75.5065 67.1704 44.6465 27.2357 24.5755 112.528 28.0026 11.2318 6.04645 5.81127 5.78599 4.2634 3.75721 3.31158 2.98881 3.50777 2.37053 61.2881 85.4745 42.226 41.4245 9.05611 2.368 1.89907 2.01309 1.77172 1.71141 2.87246 0.786745 0.734086 0.584443 0.728615 0.248697 0.0245684
threshold=0.1259698569774628 0.8941769301891328 1.0000000180025095e-35 0.7353600561618806 0.44949495792388922 0.56268712878227245 1.0000000180025095e-35 1.0000000180025095e-35 0.76388889551162731 0.26293487846851354 1.0000000180025095e-35 0.44949495792388922 0.81661397218704235 0.64174234867095958 0.53885021805763256 0.010128336958587171 0.36602871119976049 0.25371789932250982 0.45017760992050176 0.58571431040763866 0.10454145446419717 0.58656641840934765 1.0000000180025095e-35 0.71516755223274242 0.80608585476875316 0.069570478051900878 0.50184985995292675 0.2152509689331055 0.5604878067970277 0.80982521176338207 0.34330357611179357 0.11122195795178415 0.54201978445053112 0.29893617331981664 0.84680575132370006 0.48157843947410589 0.83047896623611461 0.84680575132370006 0.64378082752227794 0.1178606152534485
decision_type=2 2 2 2 2 2 2 2 2 2 2 2 2 2 2 2 2 2 2 2 2 2 2 2 2 2 2 2 2 2 2 2 2 2 2 2 2 2 2 2
left_child=1 7 19 4 6 35 16 -1 10 -10 11 14 18 20 36 -11 29 -8 -13 -3 -12 -22 23 24 25 -5 32 -26 -20 30 -2 -23 33 -27 -14 -4 -9 -38 -30 -33
right_child=3 2 5 22 -6 -7 17 8 9 15 13 12 34 -15 -16 -17 -18 -19 28 -21 21 31 -24 -25 27 26 -28 -29 38 -31 -32 39 -34 -35 -36 -37 37 -39 -40 -41
leaf_value=0.19080950852610687 0.0037303678232242653 0.095550478956020465 -0.040236527018492264 0.15888659217795056 0.1657044996594419 0.16458157625240494 0.052808780279544963 -0.039728735378228824 0.13864160245323065 -0.031466752083292436 -0.041098090494732821 0.040125322630549 0.03571516435616881 0.041197897004545493 0.019065404987608586 0.047497667748291707 0.032777814891941023 0.13979360312155947 0.01693170599566507 0.174591181119163 -0.036061170645956819 0.027958949231826482 0.16179017152940742 0.16236490045206928 0.21378933284416884 0.0081499607007855506 0.1091156402409575 0.12845720987237985 -0.032669939909665137 0.0072205357267568172 -0.038970540143246558 -0.0029318810436515953 0.0073736342986175079 -0.032375814102360387 0.090844386365785151 -0.0022432664848851115 0.0025235497669436053 -0.026952338191840956 -0.0042890608871762811 -0.01447650171250036
leaf_weight=1.0394677594304074 1.5928622167557609 5.4926770292222491 46.948882710188627 3.6938466653227833 33.007169358432293 2.9812255762517443 3.5697653610259277 143.61774621531367 2.4852124489843836 3.6064933873713017 4048.665390688926 1.4200114533305166 2.5813746843487015 1.8596959616988886 2.2537556812167159 1.2008690685033796 1.6288906894624222 4.5031099244952202 1.6963622085750101 26.578555889427662 7.8531922157853824 1.8375407233834264 764.61193963140249 138.16969490796328 6.0606756731867817 3.574738450348379 5.5186445079743853 20.791357181966305 4.2585149090737104 1.3633061237633217 16.541732758283615 2.2265636380761862 5.1509729437530032 7.0104811787605286 12.702542934566736 1.1792153827846039 1.6783055365085595 2.1422042697668076 1.2978839725255964 2.1671122442930937
leaf_count=11 45 52 1707 34 240 29 79 5301 29 121 150455 42 63 48 64 31 34 29 50 183 287 57 4166 775 47 47 36 126 143 28 520 68 73 114 195 36 57 66 38 68
internal_value=-0.00146931 -0.0383382 0.0493748 0.155408 0.0963671 -0.0245436 0.0149644 -0.0400685 -0.0401709 0.0533948 -0.0403454 -0.0252825 0.0536055 -0.0409815 -0.0382063 -0.00627053 -0.0252502 0.11183 -0.00360738 0.164474 -0.0410303 -0.0198371 0.159147 0.147695 0.106156 0.0496506 0.0242005 0.154845 -0.016479 -0.0316556 -0.0350119 0.00221623 -0.0100804 -0.0188224 0.0845441 -0.0394517 -0.0392312 -0.0153367 -0.028316 -0.010996
internal_weight=5346.56 4329.77 83.1806 1016.79 62.2068 51.1093 29.1997 4246.59 4245.55 7.29257 4238.26 173.649 23.9567 4064.61 149.692 4.80736 21.1268 8.07288 8.67277 32.0712 4062.75 14.0844 954.582 189.97 51.8007 24.9487 21.2548 26.852 7.25276 19.4979 18.1346 6.23122 15.7362 10.5852 15.2839 48.1281 147.438 3.82051 5.5564 4.39368
internal_count=165594 159201 2007 6393 975 1772 735 157194 157183 181 157002 6019 531 150983 5488 152 627 108 273 235 150935 480 5418 1252 477 304 270 173 231 593 565 193 234 161 258 1743 5424 123 181 136
is_linear=0
shrinkage=0.04


Tree=6
num_leaves=47
num_cat=0
split_feature=20 2 23 22 20 24 8 7 14 13 9 6 0 0 22 2 24 22 6 22 9 2 6 22 20 2 18 9 8 2 20 9 9 2 8 7 24 8 0 18 0 0 2 2 7 23
split_gain=16816 439.481 252.991 148.203 124.351 188.677 90.4027 56.0132 102.614 25.0365 86.8317 19.7128 19.0162 15.7947 6.62813 5.87226 5.31839 53.6488 33.2603 56.9123 36.9129 30.1044 11.0763 5.10478 4.99067 4.55077 3.53668 2.86376 2.67984 2.1345 2.09772 4.0616 2.15172 1.98459 1.96043 1.90418 1.81732 1.62201 0.692055 0.688638 0.644625 0.605236 0.418441 0.24527 0.0536662 0.0232219
threshold=0.6253834366798402 0.62731361389160167 0.19785943627357486 0.12310606241226198 0.7353600561618806 1.0000000180025095e-35 0.90521115064620983 0.89699381589889537 1.0000000180025095e-35 1.0000000180025095e-35 0.95861870050430309 0.83047896623611461 0.71650776267051708 0.60574254393577587 0.36602871119976049 0.53278529644012462 1.0000000180025095e-35 0.21980676054954532 0.68801230192184459 0.5419580638408662 0.1702898591756821 0.44931989908218389 0.76506900787353527 0.29520697891712194 0.45910002291202551 0.13020028173923495 0.69194823503494274 0.93440860509872448 0.51925924420356762 0.36545780301094061 0.60326328873634349 0.89512962102890026 0.5912291705608369 0.2203188091516495 0.88067796826362621 0.81530213356018078 1.5000000000000002 0.3260560035705567 0.63114580512046825 0.47415043413639074 0.71134403347969066 0.72156745195388805 0.39411346614360815 0.18297153711318973 0.34330357611179357 0.77560555934906017
decision_type=2 2 2 2 2 2 2 2 2 2 2 2 2 2 2 2 2 2 2 2 2 2 2 2 2 2 2 2 2 2 2 2 2 2 2 2 2 2 2 2 2 2 2 2 2 2
left_child=1 7 -3 39 5 6 14 9 24 10 11 15 38 -13 26 27 17 22 19 20 -19 25 42 30 -9 -22 28 35 33 43 36 32 -32 45 41 44 -11 -21 -12 -4 -30 -15 -6 -27 -1 -2
right_child=4 2 3 -5 16 -7 -8 8 -10 23 12 13 -14 34 -16 -17 -18 18 -20 37 21 -23 -24 -25 -26 29 -28 -29 40 -31 31 -33 -34 -35 -36 -37 -38 -39 -40 -41 -42 -43 -44 -45 -46 -47
leaf_value=-0.02075642802655308 -0.0039985368468007602 0.13682423203707417 -0.039958449146942271 0.14047626646020814 -0.0022189881285427878 0.15390926692522924 0.13327691298736499 -0.037482472486223509 0.17784015984777124 -0.041040834380000585 0.018129676010984429 0.10922107399804253 0.11800828564995192 -0.0019470531020948339 0.036812260337274576 0.012778230922623602 0.14357359310765949 0.15323533786566837 0.14401834570570293 0.18774298737103098 0.032614941574315985 0.087763672547854471 0.070904270970673478 0.022170053377831525 0.031045122713800201 -0.033932590408223377 0.021508065247630093 0.015170447276798607 -0.03910154856058895 0.011414315496051604 0.011525358434970377 0.033637536416069973 -0.035972378350588301 0.029184382571705619 -0.02902212098989173 0.0015225340386659674 -0.001501592420990907 0.11786942502084122 -0.0093705797954575579 -0.0026154176573031269 -0.0023930099816942725 0.025148686336442655 -0.028532077806970601 -0.012539610667281953 -0.038271065704200455 -0.022901172555658777
leaf_weight=5.1478527542203656 1.2822461239993677 33.216136772185564 37.753009688109159 8.0227275621145946 2.1388425733894101 28.283926941454411 6.8301920015364876 11.406285900622608 4.3754612021148196 3891.5773387365043 2.2752353604882942 1.6300976909697045 6.655012670904398 2.1591782774776225 1.966966614127158 3.3388330806046715 829.19069614261389 4.400735609233382 152.87682324647903 6.9671975746750858 3.1346100121736553 8.7335304394364339 2.6963758170604706 1.3884048517793406 1.1361452676355828 3.820665752515195 1.4438634403049935 1.0734815374016751 17.598670009523634 2.5993782486766568 1.2132943160831908 1.0985343120992173 7.6190466042608023 1.2197476550936697 2.4771012626588345 1.7199410144239653 2.1483744699507943 13.482089102268217 1.5991153754293916 1.1900160312652577 1.1836955007165659 1.3572329729795454 2.292272113263607 4.3813192266970873 140.24839793331921 1.4509521462023256
leaf_count=197 41 213 1429 63 45 194 52 433 43 150329 61 40 99 61 36 78 4186 35 789 48 37 53 26 27 31 57 27 32 566 36 40 37 278 37 53 49 76 73 39 35 38 36 46 69 5280 44
internal_value=-0.00149274 -0.0381556 0.0540864 -0.00597841 0.137714 0.0799788 0.013787 -0.039977 0.0311014 -0.0402806 -0.0249145 -0.0324368 0.0813903 0.0273064 -0.0210399 -0.0356281 0.141042 0.130267 0.134097 0.0997844 0.058094 0.0337619 0.0188482 -0.0409407 -0.0291455 -0.0034228 -0.0271801 -0.0368238 -0.0312166 -0.0160975 -0.0409699 -0.018841 -0.0285322 -9.55711e-05 -0.00683242 -0.0373301 -0.0410204 0.149505 0.00636469 -0.0390115 -0.0372282 0.0108782 -0.0193147 -0.0255442 -0.0378243 -0.0185512
internal_weight=5269.8 4171.83 80.1819 46.9658 1097.97 61.2603 32.9763 4091.64 16.9179 4074.73 169.681 159.152 10.5294 7.62361 26.1461 151.529 1036.71 207.524 200.396 47.5195 27.0702 22.6695 7.12749 3905.04 12.5424 13.936 24.1792 148.19 22.7353 10.8014 3903.66 9.93088 8.83234 3.95295 5.99351 147.116 3893.73 20.4493 3.87435 38.943 18.7824 3.51641 4.43111 8.20198 145.396 2.7332
internal_count=165594 159059 1740 1527 6535 1035 841 157319 507 156812 6025 5826 199 190 789 5636 5500 1314 1197 408 287 252 117 150787 464 199 753 5558 726 162 150760 355 318 122 150 5526 150405 121 100 1464 604 97 91 126 5477 85
is_linear=0
shrinkage=0.04


Tree=7
num_leaves=42
num_cat=0
split_feature=20 2 23 21 20 25 8 7 13 13 10 8 19 10 21 21 19 0 25 21 6 6 2 6 19 6 7 20 8 8 2 6 6 18 8 21 0 6 6 11 0
split_gain=14927.2 416.838 209.332 131.59 97.6406 152.598 79.0495 54.4188 85.7396 25.5361 109.877 21.3653 12.0504 8.78433 5.43 5.01857 4.92007 4.09996 3.76279 43.2822 26.0012 44.5966 53.675 10.1245 9.48983 3.01363 2.23247 2.15813 3.3216 2.1354 1.48483 0.889605 2.5387 0.778575 0.616661 0.98157 0.637766 0.538221 0.689544 0.501828 0.265236
threshold=0.6253834366798402 0.62731361389160167 0.19785943627357486 0.12310606241226198 0.7353600561618806 1.0000000180025095e-35 0.90521115064620983 0.89699381589889537 1.0000000180025095e-35 1.0000000180025095e-35 0.44949495792388922 0.81661397218704235 0.68599441647529613 0.76388889551162731 0.36602871119976049 0.29520697891712194 0.44394168257713323 0.44352366030216223 1.0000000180025095e-35 0.21980676054954532 0.63453349471092235 0.2152509689331055 0.47262573242187506 0.76506900787353527 0.80608585476875316 0.49253065884113317 0.5604878067970277 0.60326328873634349 0.82972848415374767 0.52545297145843517 0.53885021805763256 0.85145786404609691 0.70926907658576976 0.47646732628345495 0.47140522301197058 0.21980676054954532 0.71134403347969066 0.83047896623611461 0.84680575132370006 0.74322345852851879 0.64378082752227794
decision_type=2 2 2 2 2 2 2 2 2 2 2 2 2 2 2 2 2 2 2 2 2 2 2 2 2 2 2 2 2 2 2 2 2 2 2 2 2 2 2 2 2
left_child=1 7 13 33 5 6 12 9 -9 10 30 17 14 -3 34 27 -10 -12 19 23 21 -21 24 39 25 -23 -19 -11 29 -29 37 32 -13 -4 35 -2 -36 -1 -39 -6 -28
right_child=4 2 3 -5 18 -7 -8 8 16 15 11 31 -14 -15 -16 -17 -18 26 -20 20 -22 22 -24 -25 -26 -27 40 28 -30 -31 -32 -33 -34 -35 36 -37 -38 38 -40 -41 -42
leaf_value=-0.039542474778676506 0.010261154167713065 0.089546915999540067 -0.039877893516357482 0.12604364893555253 -0.00065854850890853848 0.1370348793974708 0.120548820071776 0.15420160500095242 -0.037333957060738394 -0.040973609403260496 0.044850686469606507 0.086186643020027237 0.061929569719746135 0.14532364372720799 0.026183647995387287 0.021432534006211399 0.030724756483198504 0.016176134882903842 0.12956523278540971 0.14662025282190463 0.12910664106711395 -0.032386098753779909 0.108173204036472 0.066612244407286053 0.047047689121802433 0.0093920704791314071 -0.03225090139011054 0.011880253112027717 0.026419407190723648 -0.03564637401785832 -0.0027670353068051739 0.10857015042672991 0.040165919152262933 -0.00086883538555402142 -0.039048426270152994 -0.025305613670310919 -0.0024809302629213038 0.0016518965011993994 -0.026995828042919872 -0.028535904499698419 -0.003631109218305454
leaf_weight=133.72689161263406 1.2729239035397868 17.266498632729053 36.441175675019622 8.6834994535893184 2.0009007249027482 30.567733377218246 7.3435263093560925 4.983795866370202 11.031631395220755 3745.2477040998638 1.2874790336936728 4.8393798507750061 1.6318501569330681 18.630381032824516 1.8400612846016873 1.4126450642943371 1.1435202956199653 1.7325626872479913 881.0318754054606 13.928390905261038 169.2016736343503 6.9851805306971091 14.908778280019758 2.8171740993857384 4.0914096534252158 3.4685293659567833 4.0516083724796772 1.1986498683691005 1.3180888332426537 7.2083139661699533 2.2337877042591563 2.9361726157367221 9.5286702290177328 1.097893152385949 17.851107163354758 1.8161668982356785 1.1880104653537262 1.7308110315352672 2.1501577962189913 2.3694667667150497 1.2589950114488599
leaf_count=5301 42 109 1431 63 38 194 52 43 433 150405 38 68 25 104 33 27 31 52 4186 97 829 114 74 26 32 51 145 40 42 273 62 41 157 33 596 55 38 57 66 53 38
internal_value=-0.00150737 -0.0380308 0.0506995 -0.00580981 0.124553 0.0741506 0.0133656 -0.039894 0.0297034 -0.040207 -0.0245063 0.0502047 -0.0206061 0.121757 -0.0286409 -0.0408909 -0.0287913 -0.00217823 0.127387 0.11809 0.121352 0.0887878 0.0573917 0.0180938 0.00147306 -0.0185652 -0.0157798 -0.0409211 -0.01839 -0.0279023 -0.0384894 0.0743829 0.0605262 -0.0388929 -0.0343077 -0.0107462 -0.037204 -0.0390163 -0.0156793 -0.0190168 -0.0277504
internal_weight=5185.46 4021.14 82.1194 46.2226 1164.31 63.5114 32.9436 3939.02 17.1589 3921.86 165.477 25.6349 25.6001 35.8969 23.9683 3756.39 12.1752 8.33065 1100.8 219.772 212.584 43.3823 29.4539 7.18754 14.5451 10.4537 7.04317 3754.97 9.72505 8.40696 139.842 17.3042 14.3681 37.5391 22.1282 3.08909 19.0391 137.608 3.88097 4.37037 5.3106
internal_count=165594 159059 1740 1527 6535 1035 841 157319 507 156812 6025 539 789 213 764 150787 464 273 5500 1314 1197 368 271 117 197 165 235 150760 355 313 5486 266 225 1464 731 97 634 5424 123 91 183
is_linear=0
shrinkage=0.04


Tree=8
num_leaves=43
num_cat=0
split_feature=20 2 23 21 20 24 8 7 13 13 10 9 19 0 6 10 21 18 21 2 6 19 6 6 0 9 20 9 9 24 11 10 7 21 24 18 6 6 8 21 2 8
split_gain=13402.3 396.961 177.175 118.039 79.1648 126.12 69.7573 52.8711 72.8978 26.0195 103.884 32.7614 11.3526 9.16034 12.126 6.69717 5.2463 5.23064 4.93543 4.48276 95.1556 12.5924 2.8139 5.86774 9.16401 2.49846 2.21562 3.80018 2.18242 1.89928 1.78839 1.59287 1.48299 0.93479 0.889919 0.865318 0.751853 0.712779 0.617775 0.948771 0.693864 0.105927
threshold=0.6253834366798402 0.62731361389160167 0.19785943627357486 0.12310606241226198 0.7353600561618806 1.0000000180025095e-35 0.90521115064620983 0.89699381589889537 1.0000000180025095e-35 1.0000000180025095e-35 0.44949495792388922 0.95861870050430309 0.68599441647529613 0.51247477531433117 0.70521390438079845 0.76388889551162731 0.36602871119976049 0.41686412692070013 0.29520697891712194 0.23075737059116366 0.2152509689331055 0.78024387359619152 0.83047896623611461 0.72255688905715953 0.63326683640480053 0.93440860509872448 0.60326328873634349 0.89512962102890026 0.57359308004379284 1.5000000000000002 0.36451049149036413 0.240384615957737 0.58578637242317211 0.40588235855102545 1.0000000180025095e-35 0.48019607365131384 0.83047896623611461 0.84680575132370006 0.47140522301197058 0.21980676054954532 0.53278529644012462 0.71148777008056652
decision_type=2 2 2 2 2 2 2 2 2 2 2 2 2 2 2 2 2 2 2 2 2 2 2 2 2 2 2 2 2 2 2 2 2 2 2 2 2 2 2 2 2 2
left_child=1 7 15 35 5 6 12 9 -9 10 25 13 16 14 32 -3 38 -10 26 20 30 34 23 24 41 36 29 28 -28 -11 -6 -27 -12 -21 -22 -4 -1 -38 39 -2 -40 -15
right_child=4 2 3 -5 19 -7 -8 8 17 18 11 -13 -14 22 -16 -17 -18 -19 -20 33 21 -23 -24 -25 -26 31 27 -29 -30 -31 -32 -33 -34 -35 -36 -37 37 -39 40 -41 -42 -43
leaf_value=-0.040037274472283099 0.0099764331910061465 0.082095928123576148 -0.039795101816782148 0.11439263230197279 0.078216322438577235 0.12386195099924845 0.11011189248048207 0.13601547867412575 -0.037225751966962796 -0.040950499326399853 0.024361052032196469 0.11155795003863396 0.058527085658851202 -0.0038062321339073502 0.13051612327844758 0.13045000864012674 0.025147499365686356 0.034361533635977499 0.020722458630122662 0.10627326343311491 -0.029035442226143748 0.047791341371199628 0.027556019248898719 -0.035193914357757684 0.066751677193325767 -0.027818776198324253 0.012572756787453912 0.031889934696227779 -0.035650201821506862 -0.00037503025084054386 0.13255768375503404 0.0098787483719272005 -0.020909034262629751 0.11873352829639652 -0.0013863430187387746 0 0.0038123461525727295 -0.025745300383809459 -0.038910730910288405 -0.025036528512988768 -0.0011985632510016092 -0.026929827737090149
leaf_weight=126.14918667264283 1.285170266404758 18.151691354811192 35.175011711195111 9.2740201875567418 6.8792630434036246 32.528549000620842 7.8026986569166175 5.5452372357249269 10.782730622217057 3600.2200547214597 1.3893411736935446 7.6695527695119372 1.7140555698424567 1.2764635533094391 1.3039524443447588 20.007526524364948 1.8796232938766468 1.0387335941195495 1.4363846741616715 116.07898358255625 5.2205112650990468 7.1426989920437327 3.5220226459205142 5.7532947342842817 2.2826136238873005 2.3568514473736277 1.1694427523761968 1.1475149281322945 7.2150888554751873 2.0644048433750859 40.058803021907806 2.8496525194495916 1.2219757083803413 975.24137837439775 3.2604723796248436 1.0107724424451578 1.6003539226949208 1.903192827478051 17.285509649664167 1.7738649472594259 1.1130820661783207 2.1248731147497892
leaf_count=5204 42 109 1434 63 38 194 52 43 436 150329 38 73 25 44 32 104 33 28 27 675 94 50 57 138 47 78 38 37 280 76 209 91 42 4414 20 30 53 60 602 55 32 68
internal_value=-0.00151581 -0.0379075 0.0478635 -0.00565101 0.114094 0.0692466 0.0129928 -0.039812 0.0284039 -0.0401344 -0.0241008 0.0469373 -0.0201688 0.0161859 0.0635673 0.110235 -0.0282805 -0.0284341 -0.0408426 0.11657 0.0985117 0.0117079 0.000328147 -0.00927633 0.0176996 -0.0383551 -0.0408739 -0.0179556 -0.027875 -0.0409285 0.126475 -0.00827418 0.00214534 0.11751 -0.0200951 -0.0387733 -0.0394598 -0.0135072 -0.0340501 -0.0105074 -0.0370148 -0.0219972
internal_weight=5094.91 3875.64 83.619 45.4598 1219.26 65.3826 32.854 3792.02 17.3667 3774.66 161.403 26.5441 25.0513 18.8745 3.91527 38.1592 23.3373 11.8215 3613.25 1153.88 62.5617 15.6237 14.9593 11.4372 5.68395 134.859 3611.82 9.53205 8.38453 3602.28 46.9381 5.2065 2.61132 1091.32 8.48098 36.1858 129.653 3.50355 21.4576 3.05904 18.3986 3.40134
internal_count=165594 159059 1740 1527 6535 1035 841 157319 507 156812 6025 539 789 466 112 213 764 464 150787 5500 411 164 354 297 159 5486 150760 355 318 150405 247 169 80 5089 114 1464 5317 113 731 97 634 112
is_linear=0
shrinkage=0.04


Tree=9
num_leaves=43
num_cat=0
split_feature=1 7 23 20 0 20 10 2 23 1 24 18 10 9 6 2 20 7 8 10 9 28 10 19 9 6 21 28 9 0 20 9 20 9 0 6 10 9 6 6 0 1
split_gain=12203.5 341.414 231.722 59.441 52.0877 47.7253 92.1895 43.4091 58.5819 20.4229 19.1362 19.0404 79.6943 17.3513 10.5671 10.4003 47.3005 32.1351 54.4843 27.8771 16.9535 10.5102 7.59011 7.1103 5.52446 3.53787 3.2208 8.27037 2.96473 2.94265 2.7367 2.55177 1.70127 1.23353 1.16894 1.20234 1.0385 0.944412 0.786248 0.677488 0.207372 0.147201
threshold=0.1259698569774628 0.8941769301891328 0.23603308200836184 0.57436275482177745 1.0000000180025095e-35 0.6926884949207307 0.44949495792388922 0.60462343692779552 0.35021367669105535 0.063439857214689269 1.0000000180025095e-35 1.0000000180025095e-35 0.44949495792388922 0.99230769276618969 0.81530213356018078 0.56336912512779247 0.84764185547828685 0.81284341216087352 0.17267081141471866 0.4083333313465119 0.88273492455482494 1.0000000180025095e-35 0.58571431040763866 0.64174234867095958 0.69504830241203319 0.65648320317268383 0.5419580638408662 1.0000000180025095e-35 0.88730159401893627 0.7590814232826234 0.51732715964317333 0.42997199296951299 0.82078272104263317 0.93440860509872448 0.47354473173618322 0.61938297748565685 0.30384616553783422 0.9574275314807893 0.83047896623611461 0.84680575132370006 0.74562552571296703 0.099711906164884581
decision_type=2 2 2 2 2 2 2 2 2 2 2 2 2 2 2 2 2 2 2 2 2 2 2 2 2 2 2 2 2 2 2 2 2 2 2 2 2 2 2 2 2 2
left_child=1 4 22 30 -1 6 10 11 -9 -10 28 12 33 14 24 16 17 18 -7 20 21 32 -3 41 -14 -12 27 -18 31 34 -4 -2 36 38 -26 -36 -20 -35 -6 -40 -39 -13
right_child=5 2 3 -5 7 15 -8 8 9 -11 25 23 13 -15 -16 -17 26 -19 19 -21 -22 -23 -24 -25 29 -27 -28 -29 -30 -31 -32 -33 -34 37 35 -37 -38 40 39 -41 -42 -43
leaf_value=0.14337561410638067 0.013701281895246744 0.054563738765767741 -0.039958346163316762 0.11904309980279486 -0.039958868343605305 0.12206187235985982 0.11443626069627422 0.10280684551760393 -0.038518521295035676 0.097997488575773645 0.014370758619536142 -0.040930726408631525 0.053560362776356715 0.09382077028789805 0.063956672545983556 0.10973539721656597 0.070279607955553602 0.12705360206128263 -0.036709222107180819 0.081718871377093966 0.07564316033406572 0.02895509866884741 0.11157966634612587 0.02492768486146359 0.0079119348182389616 0.079990969830276981 0.11351541772888654 0.11415896277390589 0.015652244752058678 0.025044234334192183 0.012091276133491804 -0.037709744498649139 0 0.0088177508934846865 0.0025557852135653391 -0.031320498750014213 -0.0064417066567184914 -0.02824241742190094 0.0037101548764959615 -0.025231366273613855 -0.0020711709845813307 -0.029669292456579947
leaf_weight=1.5215785801410664 1.1272021196782613 7.8747942224144927 40.857704777270555 3.2432331070303908 121.38795087859035 11.196444965898989 23.584367306903005 6.9765531159937408 17.160438761115078 0.97068240121006866 3.0286591760814181 3448.4594231564552 1.4938377551734507 5.8848560974001876 4.597542066127061 988.54185088351369 26.278294738382101 10.088452894240616 11.213912470266232 8.7601828370243293 3.39758969657123 7.1125624552369109 36.444668279960752 1.9385279305279244 1.3795967400073994 2.9702448919415474 126.77651301771402 18.642821058630943 1.7061112467199553 1.9374788589775551 1.1362190414220084 11.525052621960638 3.4256341494619837 1.3386061824858178 1.6540539804846028 7.348372109234333 3.1013120040297499 2.4971611890941863 1.6060819644480937 1.8159848917275665 1.1658658031374214 16.703633613884449
leaf_count=11 34 61 1711 22 5203 64 138 61 728 16 56 149701 38 53 74 4291 164 55 207 71 29 36 190 47 42 29 578 87 44 36 23 428 39 42 47 221 43 92 53 59 32 638
internal_value=-0.00151989 -0.0378431 0.0389668 -0.0245172 -0.03974 0.105952 0.0623032 -0.0398568 0.0120138 -0.0262604 -0.000437125 -0.0402208 -0.0260676 0.0391851 0.0175815 0.10747 0.0972829 0.0640115 0.0484235 0.0234164 0.0030253 -0.00928908 0.102965 -0.040841 -0.000859159 0.0542197 0.10812 0.0906666 -0.0255766 -0.011284 -0.0382085 -0.0321684 -0.025562 -0.0385172 -0.0200197 -0.0250631 -0.0312619 -0.0137684 -0.0393599 -0.0129763 -0.023001 -0.0408862
internal_weight=4999.87 3737.39 89.5566 45.2372 3647.84 1262.48 43.9416 3646.32 25.1077 18.1311 20.3573 3621.21 154.107 24.2957 18.4109 1218.54 229.994 58.2961 48.2076 37.0112 28.251 24.8534 44.3195 3467.1 13.8133 5.9989 171.698 44.9211 14.3584 12.3195 41.9939 12.6523 17.7409 129.812 10.382 9.00243 14.3152 5.00163 124.81 3.42207 3.66303 3465.16
internal_count=165594 159201 2007 1756 157194 6393 729 157183 805 744 591 156378 5992 511 458 5664 1373 544 489 425 354 325 251 150386 384 85 829 251 506 346 1734 462 289 5481 310 268 250 166 5315 112 124 150339
is_linear=0
shrinkage=0.04


Tree=10
num_leaves=44
num_cat=0
split_feature=1 7 23 20 8 28 18 0 13 9 6 0 9 19 22 1 1 0 0 6 6 22 24 9 8 19 9 19 9 0 6 18 7 7 6 6 6 7 7 20 18 7 7
split_gain=11136.7 317.647 211.25 57.9079 109.278 67.6475 40.4534 36.7633 36.3606 89.2117 22.668 15.171 11.6265 10.3332 7.55063 5.74789 5.30419 15.3769 5.16402 4.62449 4.56915 33.5334 34.9757 21.2636 19.7775 14.0711 7.70002 4.23381 2.82383 2.17958 2.63146 2.17255 1.96412 1.87593 0.897891 0.802585 17.1796 0.392614 0.196768 0.191348 0.150713 0.0161617 0.0627991
threshold=0.1178606152534485 0.8941769301891328 0.30320054292678839 0.7353600561618806 0.90521115064620983 1.0000000180025095e-35 0.5914268195629121 1.0000000180025095e-35 1.0000000180025095e-35 0.95861870050430309 0.83047896623611461 0.71650776267051708 0.87841832637786876 0.68599441647529613 0.36602871119976049 0.082333475351333632 0.099711906164884581 0.65562933683395397 0.7590814232826234 0.75716626644134533 0.71209660172462474 0.5577777922153474 1.0000000180025095e-35 0.1702898591756821 0.88493064045906078 0.80608585476875316 0.69804355502128612 0.64174234867095958 0.93440860509872448 0.70201450586318981 0.29679679870605474 0.615800440311432 0.85145786404609691 0.81530213356018078 0.58578637242317211 0.2152509689331055 0.42947559058666235 0.30368906259536749 0.34330357611179357 0.6926884949207307 0.5914268195629121 0.30368906259536749 0.32200460135936743
decision_type=2 2 2 2 2 2 2 2 2 2 2 2 2 2 2 2 2 2 2 2 2 2 2 2 2 2 2 2 2 2 2 2 2 2 2 2 2 2 2 2 2 2 2
left_child=1 7 -3 4 5 13 15 -1 9 10 18 34 -12 14 29 -4 31 39 28 -20 21 22 23 -5 25 26 37 -28 33 30 -2 40 -14 38 -11 -24 -37 -25 41 -18 -10 -9 -43
right_child=3 2 6 20 -6 -7 -8 8 16 11 12 -13 32 -15 -16 -17 17 -19 19 -21 -22 -23 35 24 -26 -27 27 -29 -30 -31 -32 -33 -34 -35 -36 36 -38 -39 -40 -41 -42 42 -44
leaf_value=0.11816602197560055 0.011410070809894757 0.093981412539830542 -0.039921162222400421 0.10454410623003088 0.10914352391749972 0.096380780718731615 0.12062669639086704 -0.024494171339962959 -0.040867236345308103 -0.0089469446644429764 0.078394597613310926 0.0947056879198451 -0.023325418690290315 0.048402068083073672 0.035051223447727944 0.03373966468755029 -0.036826651235158991 0.062159407746262191 0.046350721385352171 -0.026337523587105689 0.10284866381709465 0.10318468660380183 0.1074863769753515 -0.01352247964038996 0.086013558620920527 0.054814624643079075 -0.011101969617324854 0.039261132693189274 0.015559107297305518 0.010044144019649528 -0.039535861428484829 0.0011526245341727881 0.017355655926113163 0.0020311324575807521 0.022223931378150014 0.020042587787022805 0.094850977475078105 -0.036721525736962628 -0.03770050871520627 -0.0086268882923497218 -0.014345841062909993 0 -0.01099490932810691
leaf_weight=1.4081279709935177 1.199920291081084 46.884479250758886 39.790074542164803 6.19986418634653 39.539610205218196 10.423393748700617 1.7924683429300774 1.7310194745659817 3330.7397036403418 2.7045295946300021 3.26401264593005 10.327435933053492 3.6006157733500004 2.3428147714585057 2.0136054381728163 0.98335668444633384 9.7076254412531835 2.3874351270496836 1.6831070296466344 1.9353764578700063 921.99916339106858 211.49752705916762 22.253572180867195 4.314394906163221 6.1345708072185507 7.0885566622018805 3.9144110474735481 5.1775924786925316 1.0596689395606507 1.1985406447201956 20.981086986139417 1.731508208438753 2.2189235910773277 1.6831827480345953 1.4168280530720947 7.0011476278305045 25.142479784786701 6.2451691906899214 121.83157058246434 1.5621021855622519 2.1827242244034997 0.95435809716582332 1.8349131252616642
leaf_count=9 35 267 1715 36 193 90 11 76 150321 70 60 111 93 29 34 9 406 63 36 48 3914 914 99 53 27 41 54 40 32 26 729 56 41 49 30 35 113 105 5274 39 90 41 80
internal_value=-0.00151646 -0.0378439 0.0362589 0.0985444 0.0633706 0.014264 -0.027926 -0.0397455 -0.0398438 -0.0207273 -0.0305093 0.0707719 0.0280487 -0.0187371 -0.0266822 -0.0372837 -0.0407282 -0.0140456 -0.034727 0.00932198 0.100715 0.0939367 0.0720983 0.041418 0.0266601 0.0102895 -0.00745405 0.0182302 -0.0360546 -0.0333828 -0.036234 -0.040832 -0.00695718 -0.03663 0.00323492 0.0929189 0.0797741 -0.0295788 -0.0371883 -0.0342655 -0.0408554 -0.0183306 -0.0079953
internal_weight=4900.08 3595.42 89.4504 1304.67 77.699 38.1594 42.5659 3505.96 3504.56 156.246 141.797 14.4488 9.08355 27.736 25.3932 40.7734 3348.31 13.6572 132.713 3.61848 1226.97 304.969 93.4718 39.0746 32.8747 26.7401 19.6516 9.092 129.095 23.3795 22.181 3334.65 5.81954 128.035 4.12136 54.3972 32.1436 10.5596 126.352 11.2697 3332.92 4.52029 2.78927
internal_count=165594 159027 2002 6567 1136 943 1735 157025 157016 6041 5830 211 194 853 824 1724 150975 508 5636 84 5431 1517 603 356 320 293 252 94 5552 790 764 150467 134 5520 100 247 148 158 5471 445 150411 197 121
is_linear=0
shrinkage=0.04


Tree=11
num_leaves=47
num_cat=0
split_feature=1 7 13 20 10 20 28 23 10 6 8 7 0 6 0 5 10 19 0 6 21 24 10 6 19 1 20 0 7 6 7 6 0 7 0 7 19 1 6 6 0 21 0 0 6 6
split_gain=10225.3 305.066 186.346 50.164 102.705 46.4657 42.4715 37.0423 105.158 21.6817 18.8637 9.44676 7.82252 7.76825 6.16466 5.93934 5.00326 4.86516 4.72364 4.45874 28.8819 30.5782 16.2697 39.8195 4.59333 3.88177 3.59042 2.16581 2.14781 1.67446 3.21424 1.46391 4.91546 3.80476 1.99553 1.06853 1.01661 0.686297 0.468314 15.1342 0.401182 0.351394 0.241983 0.188748 0.349188 0.563052
threshold=0.1178606152534485 0.8941769301891328 1.0000000180025095e-35 0.7353600561618806 0.44949495792388922 0.56268712878227245 1.0000000180025095e-35 0.19785943627357486 0.44949495792388922 0.069570478051900878 0.81661397218704235 0.270728349685669 1.0000000180025095e-35 0.83827373385429393 0.83118847012519848 1.0000000180025095e-35 0.58571431040763866 0.64174234867095958 0.4138705730438233 0.71209660172462474 0.5577777922153474 1.0000000180025095e-35 0.4083333313465119 0.2152509689331055 0.80608585476875316 0.10454145446419717 0.58656641840934765 0.65562933683395397 0.55848154425621044 0.49253065884113317 0.53694942593574535 0.85145786404609691 0.71650776267051708 0.75905716419219982 0.64596465229988109 0.72613638639450084 0.49358868598937994 0.11122195795178415 0.2152509689331055 0.42947559058666235 0.65322548151016246 0.36602871119976049 0.61718857288360607 0.76780930161476146 0.83047896623611461 0.84680575132370006
decision_type=2 2 2 2 2 2 2 2 2 2 2 2 2 2 2 2 2 2 2 2 2 2 2 2 2 2 2 2 2 2 2 2 2 2 2 2 2 2 2 2 2 2 2 2 2 2
left_child=1 7 16 4 6 36 11 8 12 -9 18 -2 -1 27 43 17 -3 25 -10 20 21 22 23 -5 29 -11 -27 41 -20 -25 -31 32 34 -34 -12 42 -4 -28 -23 -40 -30 -13 -6 44 -14 -46
right_child=3 2 5 19 35 -7 -8 9 10 15 31 13 14 -15 -16 -17 -18 -19 28 -21 -22 38 -24 24 -26 26 37 -29 40 30 -32 -33 33 -35 -36 -37 -38 -39 39 -41 -42 -43 -44 -45 45 -47
leaf_value=0.056923457502226507 0.057832333556894551 0.04878675915460904 -0.03983792346485733 0.081762083082268677 0.03208192727582232 0.095517459691682446 0.077709694280369487 0.094570155921735177 0.046531817687137968 -0.040839898487601875 0.032364715100760805 -0.039304979270827066 -0.03929169470231187 0.046901091599244257 0.036031803216930565 0.029727592697790295 0.095535936792805143 0.01869924704128427 0.012772600560568254 0.096647116921466408 0.096664816674076781 0.10043963923690535 0.07704048125122126 -0.037412469136434687 0.022288725748817646 -0.032733684111093203 0.027430461789467599 0 -0.033451910182457599 0.017217362621838511 -0.029648231111445388 0.086722109258687133 0.088486933558638778 0.033052441329002091 -0.0074039892863030842 0.1036130677756574 0 -0.00091398875219243769 0.019196379741544947 0.089134321488095108 -0.0017474381905368927 -0.0074272236437593108 0.075003690517624844 -0.011453698291093465 0 -0.027837682219415853
leaf_weight=0.53547172248363395 1.3194195423275257 8.2367735244333726 38.301956033334136 9.828418858349325 3.4278924148529759 3.6154888458549967 8.6754077449440938 0.96964409202337165 1.2438930068165044 3197.5719986688346 4.2574222236871782 18.254143103957187 124.82995974086225 1.1990169063210476 1.0057658758014429 1.1836128756403912 38.971388839185238 1.5802018307149399 1.9048542678356168 941.54746785759926 216.68550012260675 22.917855352163315 11.880576875060795 7.0648551639169472 3.3759458363056174 4.477799413725732 1.8370932526886465 2.5626235473901025 4.8976397383958101 3.334057392552495 4.0993256159126759 5.0069772806018582 5.5489898063242418 6.0746949408203363 2.5453478749841452 38.389465551823378 0.87838616408407588 2.0221921354532242 7.0602249652147284 25.735987022519112 1.1516803856939075 1.4394344128668297 3.5557453222572803 1.8497077822685231 1.9836613684892643 2.3649179134517908
leaf_count=3 23 52 1716 60 52 25 78 6 39 150044 74 663 5725 22 19 31 183 38 59 3914 914 99 63 120 22 201 57 63 193 40 51 50 57 72 48 178 26 66 35 113 37 29 28 58 68 80
internal_value=-0.00151211 -0.0377271 0.0346344 0.0926212 0.0600675 -0.0255154 0.00632096 -0.0396677 -0.0209501 -0.0406231 0.04242 -0.0205673 -0.0367792 -0.0273256 -0.0376143 -0.0406946 0.0886434 -0.0407311 -0.00544537 0.0946156 0.0881824 0.0680502 0.0394479 0.0210642 -0.0146632 -0.0407675 -0.0111649 -0.0333412 -0.0183093 -0.0244087 -0.00860449 0.0608256 0.049481 0.0647462 0.0179302 0.0986136 -0.0388829 0.0146237 0.0872468 0.0752102 -0.0290875 -0.0376398 0.0610941 -0.0384785 -0.0387438 -0.0178633
internal_weight=4797.2 3464.85 90.004 1332.35 78.8231 42.7958 33.45 3374.84 165.201 3209.64 32.6315 24.7746 132.569 23.4552 132.034 3208.67 47.2082 3207.49 9.19807 1253.53 311.983 95.2972 39.5832 27.7026 17.8742 3205.91 8.33708 22.2562 7.95417 14.4982 7.43338 23.4334 18.4265 11.6237 6.80277 45.3731 39.1803 3.85929 55.7141 32.7962 6.04932 19.6936 6.98364 131.028 129.179 4.34858
internal_count=165594 159027 2002 6567 1136 1767 878 157025 6582 150443 629 800 5953 777 5950 150437 235 150406 328 5431 1517 603 356 293 233 150368 324 755 289 211 91 301 251 129 122 258 1742 123 247 148 230 692 80 5931 5873 148
is_linear=0
shrinkage=0.04


Tree=12
num_leaves=46
num_cat=0
split_feature=1 7 23 2 20 7 10 23 10 18 9 6 20 19 6 6 10 19 6 8 10 0 2 21 1 5 10 9 10 20 24 2 7 9 9 19 1 20 20 9 18 20 6 6 2
split_gain=9433.13 293.26 166.273 44.7382 102.785 43.2708 42.797 37.5324 99.5667 36.0167 24.9581 20.8195 14.0913 13.613 10.6762 20.1372 12.3792 9.51973 9.00014 10.8082 7.85154 7.63833 6.57057 6.12808 6.03648 5.824 5.60285 5.23613 4.96499 4.89542 4.78584 3.19137 2.15779 4.42638 1.1376 1.03905 1.03855 2.16039 1.8067 0.876709 0.854524 0.741598 0.56365 0.576702 0.179472
threshold=0.1178606152534485 0.8941769301891328 0.30320054292678839 0.53885021805763256 0.78319624066352855 0.21164613962173465 0.44949495792388922 0.19785943627357486 0.44949495792388922 0.5914268195629121 0.95861870050430309 0.069570478051900878 0.89498746395111095 0.68599441647529613 0.72821971774101268 0.2152509689331055 0.36931818723678594 0.80608585476875316 0.81530213356018078 0.8841681480407716 0.58571431040763866 1.0000000180025095e-35 0.58757218718528759 0.3514705896377564 0.086183592677116408 1.0000000180025095e-35 0.087121214717626586 0.69504830241203319 0.64583334326744091 0.6926884949207307 1.0000000180025095e-35 0.43617551028728491 0.70678734779357921 0.8550420105457307 0.93440860509872448 0.64174234867095958 0.099711906164884581 0.58656641840934765 0.6253834366798402 0.9574275314807893 0.65240275859832775 0.60326328873634349 0.83047896623611461 0.84680575132370006 0.52298858761787426
decision_type=2 2 2 2 2 2 2 2 2 2 2 2 2 2 2 2 2 2 2 2 2 2 2 2 2 2 2 2 2 2 2 2 2 2 2 2 2 2 2 2 2 2 2 2 2
left_child=1 7 20 4 5 -2 13 8 21 24 18 -9 14 23 15 40 17 26 27 -20 -3 -1 34 -7 -4 29 -17 -10 32 35 -8 -31 -29 -34 42 36 -13 -38 41 -36 -6 -39 -23 -44 -41
right_child=3 2 9 -5 12 6 30 11 10 -11 -12 25 -14 -15 -16 16 -18 -19 19 -21 -22 22 -24 -25 -26 -27 -28 28 -30 31 -32 -33 33 -35 39 -37 37 38 -40 44 -42 -43 43 -45 -46
leaf_value=0.055565299657085634 0.1112253803656135 0.039869477730531594 -0.039814407290273163 0.091127575490470458 0.099321975880169902 -0.037307627263089727 0.031686064702497414 0.090282060025581826 0.047242510239030609 0.10837466824580295 0.08492426479581186 -0.040814502778948096 0.091437849336722721 0.033528829473589504 0.095008605495576964 0.012697770478943817 0.069384061414810821 0.051101691201283612 0.088048540392210453 -0.0054202188013229274 0.088823834226741283 -0.039820379268756603 0.040500399987583945 0.014798291690911848 0.037431253938982445 0.028671202238864352 -0.035990268104077315 -0.035681283278085611 0.04024472218884801 -0.027548589340679351 0.098487582765527618 0.028317995845017516 0.033607099813284413 -0.030093898204585724 0.0070991469646126872 0 -0.034981355648660555 -0.00057627269144129361 -0.02336749451075576 -0.028329490814065616 0.058593418471825434 0.036505425862067495 0 -0.026424749289619447 -0.0027136022917316365
leaf_weight=0.55074654519557853 5.9636492468416682 9.1624604407697898 37.120601871982217 1105.0560035053641 8.9486790075898188 23.867377188056711 4.6167043391615135 1.0214807465672482 1.6699630264192844 1.9596776254475106 11.623205060139297 3069.1178945563734 141.49886801838875 5.6974501572549334 14.852946706116198 7.172680385410791 6.4775865860283366 4.6375710144639006 3.5525675788521758 3.1744885873049498 41.142304673790932 117.4381916988641 0.89438056014478107 3.5530585963279 0.88256147503852744 1.2143442183732975 6.0694210454821587 7.0296465810388309 1.3872655387967814 2.2495320383459321 5.1323360651731491 2.2921950295567513 2.1538305953145027 2.8965681158006191 1.4231307189911593 0.92771539092063804 6.5785448886454088 1.0972291287034754 1.5397804509848354 2.5349586326628928 9.5305189341306669 1.0228584799915552 1.8498823456466191 2.0549462623894215 1.1874137092381714
leaf_count=3 37 74 1716 4542 41 803 78 6 43 11 87 149809 609 58 68 65 36 26 52 36 193 5621 15 61 8 31 68 251 23 72 27 49 61 76 47 28 305 46 59 100 48 38 64 73 30
internal_value=-0.0015041 -0.0376114 0.0331978 0.0875507 0.0712959 0.0187166 0.00351341 -0.0395899 -0.020543 -0.0273059 0.0399758 -0.0405775 0.0840077 -0.0184011 0.0644676 0.051861 0.0260383 0.00727946 0.0132368 0.0484299 0.0809362 -0.0366025 -0.0374618 -0.030132 -0.0370042 -0.0406514 -0.0102973 -0.00418716 -0.0136656 -0.0406893 0.0731163 0 -0.022766 -0.00120188 -0.0383578 -0.0407504 -0.0407632 -0.0227629 0.00113489 -0.0144622 0.0826082 0.0219983 -0.0392119 -0.0157094 -0.0233102
internal_weight=4691.83 3338.75 90.2676 1353.07 248.019 48.8306 42.8669 3248.48 161.421 39.9628 33.4875 3087.06 199.188 33.1179 57.6894 42.8365 24.3573 17.8797 21.8643 6.72706 50.3048 127.934 127.383 27.4204 38.0032 3086.04 13.2421 15.1373 13.4673 3084.83 9.74904 4.54173 12.08 5.0504 126.489 3080.28 3079.36 10.2384 3.65987 5.1455 18.4792 2.12009 121.343 3.90483 3.72237
internal_count=165594 159027 2002 6567 2025 1064 1027 157025 6582 1735 629 150443 961 922 352 284 195 159 542 88 267 5953 5950 864 1724 150437 133 454 411 150406 105 121 388 137 5935 150285 150257 448 143 177 89 84 5758 137 130
is_linear=0
shrinkage=0.04


Tree=13
num_leaves=48
num_cat=0
split_feature=1 7 23 2 20 7 10 23 10 18 9 6 6 21 20 6 6 10 6 0 10 10 0 2 1 5 2 20 9 10 24 2 2 7 9 9 1 18 20 9 18 18 6 6 0 7 2
split_gain=8736.49 282.282 148.815 41.5836 90.3113 38.2425 39.1505 37.9484 94.2907 33.9144 21.0821 20.0103 12.7621 22.0922 12.2582 9.49281 19.1052 10.5667 8.04093 7.45787 7.40341 6.89092 6.44224 6.40475 5.89539 5.71297 5.27456 4.87279 4.86264 4.70538 4.31038 3.01799 2.51534 2.11647 4.17664 1.15184 0.977309 4.18634 4.12388 0.848595 0.740965 0.696902 0.578427 0.562111 0.286106 0.210092 0.174833
threshold=0.1178606152534485 0.8941769301891328 0.30320054292678839 0.53885021805763256 0.78319624066352855 0.21164613962173465 0.44949495792388922 0.19785943627357486 0.44949495792388922 0.5914268195629121 0.95861870050430309 0.069570478051900878 0.69804355502128612 0.26794873178005224 0.89498746395111095 0.71834936738014232 0.2152509689331055 0.36931818723678594 0.81530213356018078 1.0000000180025095e-35 0.087121214717626586 0.58571431040763866 0.7269541621208192 0.58757218718528759 0.086183592677116408 1.0000000180025095e-35 0.48888546228408819 0.6926884949207307 0.69504830241203319 0.64583334326744091 1.0000000180025095e-35 0.43617551028728491 0.19798883795738223 0.70678734779357921 0.8550420105457307 0.93440860509872448 0.099711906164884581 0.43259048461914068 0.57436275482177745 0.9574275314807893 0.65240275859832775 0.615800440311432 0.83047896623611461 0.84680575132370006 1.0000000180025095e-35 0.65648320317268383 0.52298858761787426
decision_type=2 2 2 2 2 2 2 2 2 2 2 2 2 2 2 2 2 2 2 2 2 2 2 2 2 2 2 2 2 2 2 2 2 2 2 2 2 2 2 2 2 2 2 2 2 2 2
left_child=1 7 21 4 5 -2 12 8 19 24 18 -9 26 -14 15 16 40 20 28 -1 32 -3 -20 35 -4 27 44 36 -10 33 -8 -29 -18 -30 -35 42 41 38 -38 -37 -6 -13 -21 -44 -7 -46 -41
right_child=3 2 9 -5 14 6 30 11 10 -11 -12 25 13 -15 -16 -17 17 -19 22 23 -22 -23 -24 -25 -26 -27 -28 31 29 -31 -32 -33 -34 34 -36 39 37 -39 -40 46 -42 -43 43 -45 45 -47 -48
leaf_value=0.0542517279132574 0.10314122490432469 0.037642466834144385 -0.039733025652157909 0.086585649255084662 0.093507765248944372 -0.0066729862258945649 0.030051449725391217 0.086319675703558224 0.044802991769710712 0.10274493817445762 0.077696526570980459 -0.040778625789300769 -0.033564402312314064 0.089318144969941504 0.086227959310194419 0.088313372767475404 0.0053872628063314368 0.063794489439928742 0.079523994178777632 -0.039745896309495772 -0.026180572745629283 0.083053371774583495 0.0049003012526930515 0.039095632301056067 0.036357002240616797 0.027656175357092007 0.017297038989788589 -0.027270836993049268 -0.035473884025549685 0.038513916312733446 0.092659877781329419 0.027088061326461511 0.044275010152185733 0.031993611426227447 -0.029811555044703456 0.0069047765965190508 -0.021874177147550734 -0.036046908628234155 0.056807080489931792 -0.028060930594581191 0.055461122175501198 -0.0039493216353222718 0 -0.026154645193018897 -0.040373216947179817 -0.010021702222646867 -0.0026582894906222398
leaf_weight=0.56542918086051841 6.2460810095071784 9.3710933923721296 35.738677091896534 1116.3020834363997 9.1820035427808779 1.2315844837576211 4.7252236567437631 1.0705112665891636 1.743368506431582 2.03750305622816 12.275094328448175 2950.4990441165864 4.155304502695798 3.3731307610869408 144.05080143362284 16.347890973091125 6.144166707992559 6.1362765096127978 3.2065745666623107 113.04242342337966 6.3988749384880057 42.285426631569862 3.7759563028812408 0.92476116493344207 0.90145165845751662 1.2446320354938496 2.4798253867775193 2.1928796973079434 6.7984377071261388 1.4355597253888834 5.2962778769433498 2.3447312731295824 4.6572958379983902 2.2209811080247164 2.8181028943508863 1.4326198082417239 1.3602349981665605 8.1074648555368167 1.0098894946277139 2.467783566564322 9.7184999510645849 1.2889289706945408 1.8498823456466191 2.0044723730534315 19.708174753934149 1.5368407070636738 1.184504287317395
leaf_count=3 37 74 1716 4542 41 21 78 6 43 11 87 149774 142 38 609 73 52 34 43 5621 71 193 45 15 8 31 33 72 251 23 27 49 33 61 76 47 64 360 37 100 48 50 64 73 638 50 30
internal_value=-0.00149538 -0.037497 0.0319144 0.0831533 0.0676132 0.0181744 0.00351326 -0.0395131 -0.0201524 -0.0269804 0.0377234 -0.0405332 -0.0179966 0.0250415 0.0793404 0.0611751 0.0487791 0.0227851 0.0128366 -0.036424 0.00523383 0.0757626 0.0453399 -0.0373079 -0.0368385 -0.0406094 -0.0315983 -0.0406487 -0.0039147 -0.0132845 0.0689075 0 0.0248244 -0.0223886 -0.00112149 -0.0382329 -0.0407121 -0.0231537 0.0173726 -0.0141858 0.0779154 -0.0407652 -0.0391158 -0.0154309 -0.0376703 -0.0389067 -0.0230244
internal_weight=4584.89 3217.2 90.3342 1367.69 251.388 48.7524 42.5064 3126.86 157.746 38.6776 34.2741 2969.12 32.4849 7.52844 202.636 58.585 42.2371 23.3366 21.999 123.472 17.2003 51.6565 6.98253 122.906 36.6401 2968.05 24.9564 2966.8 15.0164 13.2731 10.0215 4.53761 10.8015 11.8375 5.03908 121.982 2962.27 10.4776 2.37012 5.08491 18.9005 2951.79 116.897 3.85435 22.4766 21.245 3.65229
internal_count=165594 159027 2002 6567 2025 1064 1027 157025 6582 1735 629 150443 922 180 961 352 279 190 542 5953 156 267 88 5950 1724 150437 742 150406 454 411 105 121 85 388 137 5935 150285 461 101 177 89 149824 5758 137 709 688 130
is_linear=0
shrinkage=0.04


Tree=14
num_leaves=41
num_cat=0
split_feature=1 10 23 13 10 2 20 8 10 0 20 6 8 19 21 24 6 6 9 9 10 21 1 24 8 6 18 0 24 10 9 10 20 0 2 6 18 6 19 18
split_gain=8118.61 257.112 141.022 46.3034 89.9036 39.1539 80.0392 33.2887 35.2786 31.2384 31.0121 14.7032 13.6049 12.1625 11.3788 11.9481 20.1715 16.624 8.22328 8.07456 6.36312 5.56056 5.55745 8.17155 4.93912 4.90603 4.7533 4.37956 3.92764 2.17849 1.84251 1.45244 0.947908 0.917767 0.905919 0.831625 0.814135 0.66911 0.619372 0.421172
threshold=0.1178606152534485 0.64583334326744091 0.30320054292678839 1.0000000180025095e-35 0.44949495792388922 0.53885021805763256 0.78319624066352855 0.17267081141471866 0.44949495792388922 1.0000000180025095e-35 0.50112107396125805 0.83047896623611461 0.89699381589889537 0.68599441647529613 0.5577777922153474 1.0000000180025095e-35 0.74133810400962841 0.2152509689331055 0.99230769276618969 0.69504830241203319 0.30384616553783422 0.3514705896377564 0.099711906164884581 1.0000000180025095e-35 0.99438202381134044 0.85313725471496593 0.615800440311432 0.48814642429351812 1.0000000180025095e-35 0.087121214717626586 0.93440860509872448 0.76388889551162731 0.6926884949207307 0.76780930161476146 0.53278529644012462 0.83047896623611461 0.39588621258735662 0.84680575132370006 0.68599441647529613 0.37939876317977911
decision_type=2 2 2 2 2 2 2 2 2 2 2 2 2 2 2 2 2 2 2 2 2 2 2 2 2 2 2 2 2 2 2 2 2 2 2 2 2 2 2 2
left_child=1 3 31 4 12 6 7 -2 13 -5 -4 18 30 21 15 16 17 -8 19 -6 29 39 26 32 -13 33 -11 -21 -10 -19 35 -3 36 -14 -29 -1 -24 -37 -17 -9
right_child=5 2 10 9 11 -7 14 8 28 22 -12 24 25 -15 -16 38 -18 20 -20 27 -22 -23 23 -25 -26 -27 -28 34 -30 -31 -32 -33 -34 -35 -36 37 -38 -39 -40 -41
leaf_value=-0.039571612946667702 0.097357946025004027 0.059247423623258834 -0.039560312552220693 0.097414122872433048 0.059386889331296031 0.082630470744793488 0.059257180877522415 -0.0037638385030952181 0.02852697494894171 -0.040745586125938725 0.061887882845112679 0.088460691120549662 -0.028146101027892119 0.031617163866678219 0.083579715613405076 0.084752400075101098 0.092560924654449914 -0.0023869695396457652 0.051657592129578572 0.03001654550035545 0.029575782715485287 0.014180664363646144 0.0001760870541126169 0.045895250923017356 0.032887236159999035 0.038714416403499173 0.016933325493167169 -0.032138958298143838 0.0875542238271734 -0.038169176695012644 0 0.085471965929724655 0 0.0048119537271149888 0 0.0044941637573497565 -0.03589462759570422 -0.02449965757588712 0.060703713922547142 -0.036764189195750516
leaf_weight=100.08126012794673 6.176960475742816 21.210270037874579 34.199515070766211 1.6960640251636494 1.7341141626238847 1122.8419543094933 9.8803033828735369 1.166383221745497 4.8298699762672168 2849.8551115356386 4.6464912295341483 8.3061136007308942 2.4937009084969746 5.8092978503555051 124.95049916952848 24.436250664293766 8.0355455800890905 5.6174064278602582 5.4313739463686934 1.7597725819796313 4.7979404143989077 3.5693127941340199 0.87016331963240912 2.1019133273512116 6.441566500812768 4.4047351479530334 1.6885509155690659 8.0683181155472976 5.4362213052809238 5.1273481473326683 1.8926472309976805 26.773582341149449 1.7849707938730706 1.4985108245164154 1.9143049828708161 1.5608223509043448 7.9053748156875372 1.7005582451820371 22.476926818490028 21.648054037243128
leaf_count=5171 35 127 1745 9 37 4542 52 39 78 150337 79 71 104 58 512 104 37 64 38 56 34 61 38 56 39 33 57 258 27 63 64 128 40 32 32 51 366 59 95 766
internal_value=-0.00148554 -0.0373832 0.0301801 -0.0393409 -0.017259 0.0793077 0.0643343 0.0176456 0.00398356 -0.0404679 -0.0260768 0.039316 -0.0342471 -0.0167717 0.0752353 0.0613457 0.0407122 0.0212899 0.0143943 -0.00287834 -0.00472672 -0.0283378 -0.0405849 -0.0124391 0.0680708 0.0130819 -0.0407041 -0.0163265 0.0651359 -0.0215987 -0.0381489 0.0754078 -0.0273613 -0.016488 -0.0268495 -0.0388585 -0.0322566 -0.0118868 0.0748212 -0.0354739
internal_weight=4476.82 3100.02 86.8299 3013.19 147.288 1376.8 253.958 48.6361 42.4591 2865.9 38.846 33.6556 113.632 32.193 205.322 80.3717 33.4585 25.423 18.9079 13.4765 15.5427 26.3838 2864.21 12.6624 14.7477 8.39695 2851.54 11.7424 10.2661 10.7448 105.235 47.9839 10.5605 3.99221 9.98262 103.343 8.77554 3.26138 46.9132 22.8144
internal_count=165594 159027 2079 156948 6045 6567 2025 1064 1029 150903 1824 531 5514 924 961 449 250 213 421 383 161 866 150894 500 110 169 150394 346 105 127 5345 255 444 136 290 5281 404 110 199 805
is_linear=0
shrinkage=0.04


Tree=15
num_leaves=46
num_cat=0
split_feature=1 7 13 23 10 20 2 20 7 10 0 9 6 22 19 24 6 9 0 6 2 0 1 0 2 6 1 19 5 10 6 10 2 7 20 9 7 6 6 6 10 7 0 7 7
split_gain=7566.66 262.59 121.207 38.6881 84.7235 38.4882 37.0958 71.5749 30.6207 33.0416 18.4114 16.3591 12.3231 19.5757 10.6296 17.1494 15.2098 17.6654 6.58257 13.3021 6.04544 7.11452 5.83755 14.6613 5.04854 4.4737 4.29053 3.62697 3.15235 3.11353 3.39628 3.03662 2.15386 1.68444 1.23009 1.17618 1.36281 2.25111 0.608035 0.536402 0.516137 0.287016 0.266365 0.231821 0.0987635
threshold=0.1178606152534485 0.8941769301891328 1.0000000180025095e-35 0.19785943627357486 0.44949495792388922 0.51732715964317333 0.53885021805763256 0.78319624066352855 0.21164613962173465 0.44949495792388922 1.0000000180025095e-35 0.95861870050430309 0.69804355502128612 0.26794873178005224 0.82972848415374767 1.0000000180025095e-35 0.75905716419219982 0.1702898591756821 0.51247477531433117 0.72065573930740368 0.58757218718528759 1.0000000180025095e-35 0.099711906164884581 0.65562933683395397 0.48888546228408819 0.48331478238105779 0.21894425153732303 0.64174234867095958 1.0000000180025095e-35 0.64583334326744091 0.83047896623611461 0.58571431040763866 0.53278529644012462 0.55848154425621044 0.84764185547828685 0.93440860509872448 0.62801122665405285 0.53694942593574535 0.83047896623611461 0.84680575132370006 0.095454547554254546 0.57932874560356151 1.0000000180025095e-35 0.65648320317268383 0.29679679870605474
decision_type=2 2 2 2 2 2 2 2 2 2 2 2 2 2 2 2 2 2 2 2 2 2 2 2 2 2 2 2 2 2 2 2 2 2 2 2 2 2 2 2 2 2 2 2 2
left_child=1 3 31 4 20 -4 7 8 -2 12 -5 18 24 -14 15 16 17 -9 19 33 21 -1 27 40 42 44 -11 28 -12 30 32 -3 41 -6 -17 38 37 -37 -23 -40 -24 -20 -10 -44 -19
right_child=6 2 5 10 11 -7 -8 14 9 26 22 -13 13 -15 -16 34 -18 25 29 -21 -22 35 23 -25 -26 -27 -28 -29 -30 -31 -32 -33 -34 -35 -36 36 -38 -39 39 -41 -42 -43 43 -45 -46
leaf_value=0.050737756948538978 0.090458725895278327 0.038985782867441782 -0.039573493331593892 0.078677466089663278 0.020867848461531745 0.073793153868707745 0.079155669092083922 0.064683993258228767 -0.0067569503418440438 0.019867060915751453 -0.040711555364951357 0.067253298821681767 -0.033011207664498769 0.082705412597457548 0.079755935390136978 0.051980668780398788 0.084788308025031511 -0.014655325470398944 -0.0032201975730505763 0.11973801969295997 0.037329040033387578 -0.039596854824025585 -0.0023678900430585438 0.062025784778289579 0.016526387435435424 0.012406742511410516 0.080153825270812329 0.021733574885795019 0.014669473717023101 0.030243852680910874 0.018942588012055301 0.074087443518945723 0.01224455638763762 -0.024477123551882862 0.077552057052895085 -0.021181737191389629 -0.029216425987166061 0.036816248389610465 0 -0.025621025724815893 -0.036512939275231464 -0.031332327557486044 -0.040159663969138205 -0.0093952461697129515 -0.034967699730638437
leaf_weight=0.60391223430633445 6.70283019542694 9.0284545347094518 33.357064455747604 1.167075753211974 1.5195785835385351 4.6081523299217215 1125.2284050807357 6.5238255560398164 1.2284040749073124 3.9051945898681861 2731.0346228219569 13.314055804163216 3.9137720875442019 3.5676556974649429 124.7998631298542 15.195852734148501 5.5626424551010123 4.1266609765589219 1.2413815110921875 1.4363330751657484 0.96336936019360919 104.75734097696841 1.1948801316320885 2.3733079042285672 2.4925590120255938 7.2933623157441607 6.5798863731324673 0.83145156502723594 1.0794355776160944 3.1896934639662495 4.0761623978614798 42.96052685379982 1.8869122453033913 1.7034244183450935 39.462515085935593 1.2707010544836514 2.6873198933899403 1.0152849368751047 1.8460668083280318 1.9087022114545105 8.7965543679892999 7.3647739198058844 18.622564835473899 1.4878769349306811 4.2125867418944836
leaf_count=3 37 52 1724 6 42 43 4542 30 21 71 149881 87 142 38 515 65 26 37 44 25 15 5621 52 62 33 69 34 21 30 35 52 183 33 65 162 55 84 38 64 73 391 246 638 50 57
internal_value=-0.00147537 -0.037269 0.0297524 -0.0393608 -0.0193933 -0.0241699 0.0759224 0.0614245 0.0171434 0.00345394 -0.0404481 0.0336953 -0.0172435 0.0249439 0.0716394 0.0584861 0.0309409 0.0141714 0.0115738 0.049145 -0.0360639 -0.0370374 -0.0405288 -0.0114979 -0.0311198 -0.00928967 0.061733 -0.0406545 -0.0406829 -0.000164639 -0.00859393 0.0689179 -0.0203563 -0.00227181 0.0715763 -0.0379785 -0.0136662 0.00672487 -0.0389213 -0.0148684 -0.0333804 -0.0284511 -0.037355 -0.0386259 -0.0279899
internal_weight=4368.12 2987.22 89.9542 2897.26 150.785 37.9652 1380.91 255.678 48.5007 41.7979 2746.48 35.7323 31.3128 7.48143 207.177 82.3774 27.7191 22.1564 22.4183 4.65934 115.053 114.089 2745.31 12.3647 23.8314 15.6326 10.4851 2732.95 2732.11 17.7589 14.5692 51.989 10.4931 3.223 54.6584 113.485 4.97331 2.28599 108.512 3.75477 9.99143 8.60616 21.3388 20.1104 8.33925
internal_count=165594 159027 2002 157025 6582 1767 6567 2025 1064 1027 150443 629 922 180 961 446 219 193 542 132 5953 5938 150437 505 742 163 105 149932 149911 410 375 235 323 107 227 5935 177 93 5758 137 443 290 709 688 94
is_linear=0
shrinkage=0.04


Tree=16
num_leaves=46
num_cat=0
split_feature=1 10 13 13 10 20 20 10 28 0 8 6 0 6 0 6 24 21 6 0 1 19 18 0 6 5 0 6 20 8 8 11 19 10 20 1 0 18 6 10 6 11 21 0 1
split_gain=7069.74 239.096 109.558 46.8132 80.5723 35.1299 29.7963 60.2058 30.2974 28.691 12.8649 11.5551 8.25518 7.08507 6.44762 6.31131 19.3248 20.8229 13.3193 14.7124 5.66611 7.70819 4.72705 4.61029 4.26444 3.54447 2.83789 2.54913 2.51836 2.36245 2.09097 2.03432 1.94057 1.85009 1.43494 1.09063 0.869825 0.567735 0.479673 0.987506 0.470156 0.895236 0.28918 0.219626 0.163111
threshold=0.1178606152534485 0.64583334326744091 1.0000000180025095e-35 1.0000000180025095e-35 0.44949495792388922 0.50112107396125805 0.7353600561618806 0.44949495792388922 1.0000000180025095e-35 1.0000000180025095e-35 0.89699381589889537 0.81530213356018078 1.0000000180025095e-35 0.85313725471496593 0.73316389322280895 0.63453349471092235 1.0000000180025095e-35 0.5419580638408662 0.2152509689331055 0.57170113921165477 0.099711906164884581 0.38901458680629736 0.615800440311432 0.7269541621208192 0.85313725471496593 1.0000000180025095e-35 0.4629503339529038 0.48331478238105779 0.6926884949207307 0.3260560035705567 0.82972848415374767 0.64051282405853283 0.68599441647529613 0.76388889551162731 0.84764185547828685 0.039113517850637443 0.76780930161476146 0.40455932915210729 0.83047896623611461 0.30384616553783422 0.68133461475372326 0.89379698038101207 0.36602871119976049 0.73316389322280895 0.32986950874328619
decision_type=2 2 2 2 2 2 2 2 2 2 2 2 2 2 2 2 2 2 2 2 2 2 2 2 2 2 2 2 2 2 2 2 2 2 2 2 2 2 2 2 2 2 2 2 2
left_child=1 3 33 4 10 35 7 8 12 -5 38 14 -2 32 26 16 17 18 -8 27 22 -22 -11 -13 36 -7 -6 44 37 -19 -9 -28 42 -3 -18 -4 -12 -23 -1 -40 41 -33 43 -14 -20
right_child=6 2 5 9 11 25 15 30 -10 20 24 23 13 -15 -16 -17 34 29 19 -21 21 28 -24 -25 -26 -27 31 -29 -30 -31 -32 40 -34 -35 -36 -37 -38 -39 39 -41 -42 -43 -44 -45 -46
leaf_value=-0.038594900520864929 0.05265531577819986 0.052095816853522957 -0.039445716432872556 0.088896265043870062 0.029760203258919166 0.017786516896612047 0.056387523973779857 0.04128999109755354 0.062411057369147177 -0.040680437975641734 -0.027768361469178191 0.086042249644272747 -0.038793094936861477 0.043292345322818282 0.041065897069572373 0.076089471353321544 0.054983327166826454 0.089964301334792621 -0.013750896188786516 0.051387814839020073 0.053947046628944478 -0.00078238584197185489 0.016829142684179229 0.03643464325858748 0.035102028975189499 0.089471206607144541 0.010800708742241061 0.00050938642163611005 0.012457213109662449 0.051939693361822581 0.0797943179187314 -0.022608680106348467 0.0074154721840828646 0.077417048176119885 0.075306239604875563 0.001959663354441441 0.0044154491378122817 -0.035943523347924895 -0.02784199227048232 0.0064486630871002336 -0.033235352718224573 0.012690544935351419 -0.0070604752409474374 -0.0057584318046585217 -0.036860576767185654
leaf_weight=93.976349979639053 1.371432745829227 21.39367351680994 31.810872197151184 1.8224555104970921 1.7649887222796703 2.6453876234590998 11.103858865797518 6.5633953548967829 9.3316121716052276 2635.064004259184 2.4009407237172113 6.0993998982012299 16.597611524164691 1.256038213148712 6.2546313852071753 1049.1176610086113 21.530495166778564 11.185262829065325 3.2202721536159533 6.1471891794353715 1.4204339366406191 1.1052406672388304 1.6903728861361731 11.088070333003996 4.5828788243234158 2.8452497106045485 2.5870268177241069 6.869575858116149 1.7635867483913887 12.956689164042471 42.332754151895642 1.427709883078933 1.2999586071819056 26.888970613479614 172.15173175930977 0.76602181419730087 1.5163612104952333 8.0061459932476264 2.3636728040874 1.4578827805817125 4.4750495441257954 1.1524222418665884 1.3925879299640644 1.0130808316171158 5.244225112721324
leaf_count=5216 16 113 1734 9 47 67 57 80 78 150337 104 53 709 15 67 4245 93 48 49 32 34 47 57 77 33 17 46 77 36 55 178 55 19 118 693 30 32 383 79 50 151 35 28 13 82
internal_value=-0.00146468 -0.0371563 0.0281143 -0.0391857 -0.0165327 -0.0222668 0.0729132 0.048093 0.00520857 -0.0403837 -0.0338008 0.0355009 -0.019538 -0.0264382 0.0114356 0.074422 0.0671453 0.0449484 0.0227957 0.00351799 -0.0405077 -0.0117603 -0.0406357 0.058022 0.0118569 0.0636113 -0.00648882 -0.0173986 -0.0244997 0.0725936 0.0756371 -0.0156729 -0.0327695 0.0675633 0.0733616 -0.0383236 -0.0161324 -0.0325732 -0.0378895 -0.0153065 -0.0260127 -0.00658409 -0.0359516 -0.0375192 -0.0308731
internal_weight=4259.06 2878.37 86.3502 2792.02 141.147 38.0675 1380.69 81.1585 32.2623 2650.87 106.298 34.8493 22.9307 21.5593 17.6618 1299.53 250.409 56.7271 32.5851 21.4813 2649.05 12.2954 2636.75 17.1875 8.50018 5.49064 11.4072 15.3341 10.875 24.142 48.8961 9.64221 20.3032 48.2826 193.682 32.5769 3.9173 9.11139 97.7979 3.82156 7.05518 2.58013 19.0033 17.6107 8.4645
internal_count=165594 159027 2079 156948 6045 1848 6567 1136 878 150903 5514 531 800 784 401 5431 1186 400 297 240 150894 500 150394 130 169 84 334 208 466 103 258 287 769 231 786 1764 136 430 5345 129 241 90 750 722 131
is_linear=0
shrinkage=0.04


Tree=17
num_leaves=47
num_cat=0
split_feature=20 2 23 21 13 10 2 24 21 9 7 7 18 7 21 11 10 9 24 2 0 11 9 2 10 0 7 9 9 2 10 20 5 7 18 7 9 20 18 18 21 24 20 7 11 18
split_gain=6592.98 269.673 54.8715 61.8237 54.6913 91.3135 34.5896 59.5779 45.4695 26.9278 32.8153 15.9717 13.9972 13.8619 7.98519 7.71275 7.0217 6.19018 4.31427 4.29078 7.27153 4.56514 3.79645 3.33802 3.58539 3.08552 2.53307 6.56227 2.51087 1.62971 1.50671 1.4172 1.29384 1.2721 0.991227 0.958156 0.848687 0.730016 2.96091 1.12429 0.51121 0.482576 0.435568 0.329406 0.300379 0.0394253
threshold=0.6253834366798402 0.62731361389160167 0.19785943627357486 0.16172623634338382 1.0000000180025095e-35 0.44949495792388922 0.56336912512779247 1.0000000180025095e-35 0.48529411852359777 0.12132352963089944 0.82426470518112194 0.89699381589889537 0.73375529050827037 0.85145786404609691 0.2788888961076737 0.64051282405853283 0.76388889551162731 0.33687943220138555 1.0000000180025095e-35 0.53278529644012462 0.51094213128089916 0.87138131260871898 0.92206478118896495 0.11427757143974306 0.44949495792388922 0.49784198403358465 0.21164613962173465 0.48074074089527136 0.93440860509872448 0.18297153711318973 0.240384615957737 0.82078272104263317 1.0000000180025095e-35 0.82078272104263317 0.52011558413505565 0.63453349471092235 0.88730159401893627 0.60326328873634349 0.43379870057106024 0.615800440311432 0.24068965017795566 1.5000000000000002 0.87559524178504955 0.84292763471603405 0.97849214076995861 0.38605175912380224
decision_type=2 2 2 2 2 2 2 2 2 2 2 2 2 2 2 2 2 2 2 2 2 2 2 2 2 2 2 2 2 2 2 2 2 2 2 2 2 2 2 2 2 2 2 2 2 2
left_child=1 4 16 18 5 11 7 8 9 -2 12 28 22 15 17 -7 -3 -6 34 20 21 -17 23 -11 36 -26 -9 -28 43 -10 -30 -29 37 44 -4 -32 42 39 45 41 -27 -19 -25 -1 -22 -39
right_child=6 2 3 -5 14 13 -8 26 29 10 -12 -13 -14 -15 -16 19 -18 32 -20 -21 33 -23 -24 24 25 40 27 31 30 -31 35 -33 -34 -35 -36 -37 -38 38 -40 -41 -42 -43 -44 -45 -46 -47
leaf_value=-0.03895023234155133 0.09005371267657869 0.040777651149804264 -0.039196850727019103 0.078232459692539238 0.033092872286628737 0.046517138938202959 0.073646516814296362 0.076862389622747704 0.036808906703756888 0.013681119198265802 0.085035236834401465 0.049660885965943272 0.032214368353101298 0.077966231559209759 0.026840282525200078 -0.008320649479017379 0.075352313771404972 -0.040635227743396625 0.024557904899689849 0.032037511290300719 -0.035703508209458147 0.072759605688578949 0.021174013593020215 -0.036707389264754163 0.031691598640370952 -0.028462794713832396 0.035449898029200802 0.049445384192869854 -0.026759024260483013 0.073008295952693605 0.028326351525905308 0.071774652357582236 0.0041486758367098022 0.003457376129728493 0.0013466883749743022 -0.0077622618975109149 -0.0032096062987912446 0.02081561285026555 -0.034175540861427871 0.00060179768184469642 -0.0012440060290766809 -0.0078479097695094962 -0.010138232568632386 -0.0090079130151173269 -0.0053276264532298072 0.0011271590739977894
leaf_weight=91.656964913010597 4.9528237804770461 23.725193843245506 25.945005955174572 9.6736628040671331 1.0709000024944533 11.274886062368752 1086.134221047163 92.45788312703371 6.290325501933693 2.7896885722875586 5.505224108695983 2.6432003155350676 9.0040592513978464 9.3663434498012048 2.1104617808014146 1.5761115420609741 25.221826508641243 2540.393219133839 1.1481227297335852 5.1347817592322818 6.319679379463194 1.4146003089845178 2.409995160996913 24.286997800692923 2.0809147506952277 2.2776456754654646 16.274646192789078 17.859199050813913 2.1221261341124764 26.577064141631126 1.2615207843482497 65.732236571609974 0.69671238586306472 1.5139778666198251 0.73594100028276344 1.5210480131208894 1.9447600804269303 0.8922157548367966 5.5822670385241508 0.8387739509344091 2.3027611970901489 1.5572174247354258 2.4437704496085635 1.6431110147386778 1.3337914180010555 0.82884596474468708
leaf_count=5260 23 109 1446 47 26 119 4393 373 41 25 34 17 73 59 41 49 104 150706 20 56 193 34 40 775 32 60 69 112 78 122 48 268 21 18 14 43 48 42 268 31 21 75 26 57 37 41
internal_value=-0.0014527 -0.036864 0.0323622 -0.00400079 -0.0390992 -0.0144655 0.0702855 0.0572588 0.0303936 0.00923343 0.000413104 -0.0343153 -0.0104079 0.0377286 -0.04043 0.0222102 0.0598256 -0.0404977 -0.0344468 0.00446694 -0.00842288 0.03765 -0.0205192 -0.0237307 -0.0270895 0 0.069986 0.0628811 -0.0370937 0.0674898 -0.00661397 0.0676922 -0.0405431 -0.0260714 -0.0379258 0.0107048 -0.0330436 -0.0405585 -0.0211365 -0.0406044 -0.0181706 -0.0406198 -0.0348758 -0.0385665 -0.0320995 0.0167027
internal_weight=4150.53 2779.2 86.4498 37.5027 2692.75 138.782 1371.32 285.19 92.866 59.9986 55.0458 100.848 49.5406 37.9342 2553.97 28.5678 48.947 2551.86 27.8291 17.2929 12.1582 2.99071 40.5365 38.1265 35.3368 6.66132 192.324 99.8661 98.2048 32.8674 4.90469 83.5914 2550.79 9.16745 26.6809 2.78257 28.6755 2550.09 7.30333 2542.79 4.58041 2541.95 26.7308 93.3001 7.65347 1.72106
internal_count=165594 159059 1740 1527 157319 6068 6535 2142 1320 1157 1134 5503 1100 565 151251 506 213 151210 1480 387 331 83 1027 987 962 113 822 449 5486 163 169 380 151184 248 1460 91 849 151163 351 150812 81 150781 801 5317 230 83
is_linear=0
shrinkage=0.04


Tree=18
num_leaves=45
num_cat=0
split_feature=1 10 23 13 10 2 24 19 9 0 18 6 6 6 1 1 24 9 9 6 19 1 18 18 10 0 9 0 6 0 21 28 6 21 10 10 11 2 6 11 19 2 21 10
split_gain=6211.33 223.236 96.5187 47.1587 71.9875 33.9583 50.5369 58.1396 35.8073 26.3435 25.7379 19.3409 11.8936 9.48949 7.3144 5.8198 7.28299 5.56542 7.20758 5.4544 9.21754 4.76631 7.32785 4.71671 4.59379 3.74557 3.29082 2.87468 2.7828 6.17502 15.6222 3.83168 2.48833 2.31766 1.68156 1.44125 0.688318 0.684375 0.673194 0.465268 0.45498 0.413606 0.410003 0.271378
threshold=0.1178606152534485 0.64583334326744091 0.30320054292678839 1.0000000180025095e-35 0.44949495792388922 0.55470266938209545 1.0000000180025095e-35 0.74175426363945018 0.12132352963089944 1.0000000180025095e-35 0.53532215952873241 0.82426470518112194 0.84292763471603405 0.83047896623611461 0.086183592677116408 0.099711906164884581 1.0000000180025095e-35 0.99230769276618969 0.69504830241203319 0.69504830241203319 0.84918582439422619 0.25371789932250982 0.5914268195629121 0.615800440311432 0.30384616553783422 0.48814642429351812 0.93440860509872448 0.78874963521957409 0.2152509689331055 0.22152718156576159 0.62202382087707531 1.0000000180025095e-35 0.54201978445053112 0.36038962006568914 0.76388889551162731 0.240384615957737 0.56711712479591381 0.53278529644012462 0.83047896623611461 0.65881377458572399 0.39787761867046362 0.1600352078676224 0.10435571894049646 0.58571431040763866
decision_type=2 2 2 2 2 2 2 2 2 2 2 2 2 2 2 2 2 2 2 2 2 2 2 2 2 2 2 2 2 2 2 2 2 2 2 2 2 2 2 2 2 2 2 2
left_child=1 3 34 4 12 6 7 8 -2 -5 14 21 26 17 -4 23 40 18 -6 20 36 33 -23 -11 -14 -20 38 -15 -8 30 -30 -31 -24 41 -3 -28 -9 39 -1 -27 -17 -10 -42 -43
right_child=5 2 10 9 13 -7 28 19 11 15 -12 -13 24 27 -16 16 -18 -19 25 -21 -22 22 32 -25 -26 37 35 -29 29 31 -32 -33 -34 -35 -36 -37 -38 -39 -40 -41 42 43 -44 -45
leaf_value=-0.039284399595762583 0.096923829970887262 0.047181168320471464 -0.03940749669013429 0.081368654876751392 0.054102357370238441 0.071046118944270292 0.073176794154907437 0.0054513781391649675 -0.0054305192354602199 -0.040620022927684726 0.080142683255036859 0.065931672276396 -0.017598144438114815 0.072690616293348026 0.037890666728690618 0 0.042786665953063213 0.040439568652035851 0.025059306949335242 0.085066395509307932 0.06676406447086948 0.03944468863986627 -0.032209591734510185 0.016836754878081832 0.038832870310217683 -0.0020245489874876686 -0.023800485732313765 0.031715087524533614 0.00081930049748042048 0.037421537680538866 0.066244517287406046 0.069870456544973425 0.0065345702760956238 0.010502486495861552 0.069988739137620298 0.01550459207120003 0.026857836788975395 -0.002293607404992471 -0.0028273397452042476 -0.035322328696374521 0 -0.040078082428691826 -0.031411138158411726 -0.0098587933533720966
leaf_weight=86.878014883026481 4.1546646580100051 22.803790187463164 30.704723676666621 1.9322696328163136 1.8771689329296375 1095.9742777459323 91.737869374454021 5.5332055315375346 1.287780150771147 2436.4183947052807 2.4550991039723149 3.3187566865235558 3.3523045368492594 7.4234391674399403 1.2648226302117098 0.94931106828153033 2.1834999043494454 6.1155320256948462 1.9545949138700951 13.640722155570982 16.973695859313011 3.4403265528380862 7.58247511833906 1.6890935506671656 4.0102693326771259 1.1652239244431237 1.6069016028195608 9.0879619717597944 10.580090444535019 11.413467613980172 12.460413813591002 59.765873223543167 3.1895085610449314 1.2095877416431893 28.134563950821757 2.4650515727698803 5.8903841935098171 2.0688112415373325 1.2199379373341788 6.3600714206695557 0.85615273378789236 19.493130888789896 7.8372268658131361 1.6495427228510369
leaf_count=5205 19 127 1785 9 37 4466 371 37 48 150337 23 30 65 58 16 32 56 38 56 58 72 48 124 57 54 37 65 52 62 82 50 279 33 22 128 82 43 32 43 221 35 689 377 34
internal_value=-0.00144073 -0.0369294 0.0264407 -0.039031 -0.0158623 0.0678053 0.054584 0.0289245 -0.00255205 -0.0403036 -0.0248044 -0.0147455 -0.033351 0.0319085 -0.0351715 -0.0404344 -0.0108524 0.0117837 -0.00289032 0.0622265 0.0485988 -0.0234369 -0.00433294 -0.0405717 0.0136287 -0.016046 -0.0372527 0.0534649 0.0663984 0.0590574 0.0376517 0.0653133 -0.0208173 -0.0341178 0.0609604 -0.000852002 0.0180846 -0.0263729 -0.0388619 -0.0314779 -0.0262534 -0.0370403 -0.0288416 -0.0384527
internal_weight=4042.11 2672.81 85.363 2587.45 135.585 1369.3 273.321 87.3638 45.3258 2451.87 34.4246 41.1711 99.5325 36.0528 31.9695 2449.93 11.8262 19.5414 13.4259 42.038 28.3973 37.8524 14.2123 2438.11 7.36257 11.5487 92.1699 16.5114 185.958 94.2198 23.0405 71.1793 10.772 23.64 50.9384 4.07195 11.4236 9.59411 88.098 7.5253 9.64269 22.4305 8.69338 21.1427
internal_count=165594 159027 2079 156948 6045 6567 2101 1257 1047 150903 1824 1028 5514 531 1801 150894 500 421 383 210 152 998 205 150394 119 346 5395 110 844 473 112 361 157 793 255 147 80 290 5248 258 444 771 412 723
is_linear=0
shrinkage=0.04


Tree=19
num_leaves=49
num_cat=0
split_feature=1 7 23 23 10 2 20 6 10 20 6 6 19 9 2 1 10 2 7 2 6 10 19 1 24 19 21 1 9 10 6 6 7 21 19 19 21 9 9 9 6 6 9 6 7 2 19 2
split_gain=5837.59 228.691 84.4938 39.8718 68.84 32.9468 49.5551 29.4611 50.5993 25.1988 24.6446 15.7685 15.6592 11.4155 7.19103 6.37569 20.866 8.68693 5.68516 5.58535 13.6126 4.65268 4.34413 4.15051 3.85253 10.0318 3.85381 3.1582 2.30889 2.08429 2.33301 2.09053 4.72594 1.60632 1.58894 1.45737 1.25271 1.11987 1.11342 0.89787 0.857865 0.662444 0.659279 0.571408 0.326771 0.193054 0.129724 0.282068
threshold=0.1178606152534485 0.8941769301891328 0.30320054292678839 0.19785943627357486 0.44949495792388922 0.56336912512779247 0.84764185547828685 0.2152509689331055 0.4083333313465119 0.51732715964317333 0.68801230192184459 0.069570478051900878 0.58470535278320324 0.95861870050430309 0.60462343692779552 0.078810192644596114 0.44949495792388922 0.49171780049800878 0.21164613962173465 0.35861176252365118 0.7454303801059724 0.58571431040763866 0.80608585476875316 0.21894425153732303 1.0000000180025095e-35 0.84918582439422619 0.45227272808551794 0.43283110857009893 0.71209660172462474 0.64583334326744091 0.83047896623611461 0.72255688905715953 0.70521390438079845 0.17752101272344592 0.55701982975006115 0.74175426363945018 0.30384616553783422 0.4248871803283692 0.93440860509872448 0.9574275314807893 0.2152509689331055 0.83047896623611461 0.88730159401893627 0.84680575132370006 0.57932874560356151 0.53278529644012462 0.38875724375247961 0.40903526544570928
decision_type=2 2 2 2 2 2 2 2 2 2 2 2 2 2 2 2 2 2 2 2 2 2 2 2 2 2 2 2 2 2 2 2 2 2 2 2 2 2 2 2 2 2 2 2 2 2 2 2
left_child=1 3 21 4 14 6 7 -2 10 -4 22 -5 42 19 18 -13 46 33 -1 20 28 -3 27 34 25 26 -8 37 -6 30 31 32 44 -18 -10 36 -14 -9 41 -40 -27 -20 -12 -43 -21 -41 47 -17
right_child=5 2 9 11 13 -7 24 8 23 -11 12 15 35 -15 -16 16 17 -19 38 29 -22 -23 -24 -25 -26 40 -28 -29 -30 -31 -32 -33 -34 -35 -36 -37 -38 -39 39 45 -42 43 -44 -45 -46 -47 -48 -49
leaf_value=0.038368373526782185 0.074089262748555859 0.02680450509161994 -0.039167434457382154 0.066767466740385917 0.024774226991472574 0.068911869658246999 0.0055136300581969796 -0.0039967458945334043 0.047015390251299617 0.056987764435583003 -0.033787639503327041 -0.040607249198713363 0.003683128624292376 0.053473426053042894 0.050498374953825288 -0.019232654576511809 -0.023358359164721287 0.096882490134980487 -0.039296260312644632 0 0.11377719009144795 0.061381756398910955 0.024619723195722441 0.072633762329504137 0.067856946525096468 0.082685701893687749 0.042324527380840186 -0.0021299767708386937 -0.027188743971233477 0.021394644514056448 0.012256269722764787 -0.034592551159893355 0.049084305139223953 0.026266830200684526 0.0074388545338382487 0.072112995075170286 0.044911859152271631 -0.039572931276545174 0.0081359697899073529 -0.027956318289388077 0.051553176707549844 0.0013625365698977368 -0.00065550741138897155 -0.025113340140948796 -0.028497005525551965 -0.0021176421951143152 -0.03688476779015408 0.0030402852943336705
leaf_weight=0.7921379990875711 16.628319373354316 10.364354463294147 27.697279592975978 1.3131666630506504 1.3629752676934033 1075.811189994216 9.1845712549984473 2.0266395937651458 2.9692420456558493 4.2042634319514027 3.0264876354485741 2321.7719260770828 2.4016433954238874 14.855608109384773 0.67622984200715919 1.0761136505752862 1.5683980295434587 2.0481431363150477 90.063134476542473 1.0397362690418979 1.5012321583926675 45.588602067902684 1.578800432384013 17.238535860553384 151.42818999290466 9.7474206387996691 9.4293386824429017 5.3333007432520381 2.2201149649918079 3.6518652252852908 4.616173952817916 5.2793664392083883 1.166628463193774 0.74029556475579728 4.0089935902506113 5.81918565928936 2.550682045519352 23.259597023949027 1.3730719443410624 2.4491541944444184 14.732057504355906 1.7533392496407025 1.6472609005868433 1.8227909561246631 2.5271755699068308 1.1493968199938533 20.186331121250987 0.74326365254819382
leaf_count=10 83 74 1695 6 31 4420 64 46 44 40 90 149075 65 87 7 59 87 34 5618 38 18 193 9 80 616 40 49 59 83 35 52 155 26 37 56 25 16 712 47 106 62 64 31 74 104 27 1113 32
internal_value=-0.00142736 -0.0368149 0.0263452 -0.0390567 -0.0179493 0.0656235 0.0529104 0.0275624 0.0158722 -0.0250268 -0.00814399 -0.0402893 0.0319829 0.0271668 -0.0353172 -0.0403793 -0.019408 0.052462 -0.036438 0.00876864 0.0420052 0.0556302 -0.0278966 0.0617292 0.0642209 0.0501043 0.0255722 -0.0314239 -0.00545702 -0.00196685 -0.0090503 -0.0194573 0 -0.00310742 0.0285623 0.0570656 0.0295677 -0.0371343 -0.0374582 -0.0136764 0.0668654 -0.0385208 -0.0249889 -0.0137973 -0.0226432 -0.0228283 -0.035473 -0.0108638
internal_weight=3934.42 2575.6 87.8545 2487.75 138.3 1358.82 283.01 88.4887 71.8604 31.9015 47.6436 2349.45 15.4453 38.2209 100.079 2348.13 26.3625 4.35684 99.403 23.3653 5.08432 55.953 32.1983 24.2168 194.522 43.0934 18.6139 30.6195 3.58309 18.2809 14.6291 10.0129 4.73354 2.30869 6.97824 10.7715 4.95233 25.2862 98.6109 4.97162 24.4795 93.6393 4.67375 3.57613 3.56691 3.59855 22.0057 1.81938
internal_count=165594 159027 2002 157025 6582 6567 2147 1316 1233 1735 1053 150443 227 629 5953 150437 1362 158 5946 542 132 267 826 180 831 215 113 817 114 410 375 323 168 124 100 106 81 758 5936 180 102 5756 121 138 142 133 1204 91
is_linear=0
shrinkage=0.04


Tree=20
num_leaves=53
num_cat=0
split_feature=1 7 23 23 10 18 1 8 0 0 6 24 21 9 18 0 9 19 18 0 6 5 0 7 21 10 1 6 6 1 20 21 24 7 6 8 10 8 8 0 21 9 20 8 8 9 6 6 7 1 19 0
split_gain=5494.45 220.53 77.4692 40.1606 65.6546 25.7649 23.3993 35.0757 24.6906 15.247 10.9917 21.5914 19.8767 13.8685 10.823 10.6911 9.98239 8.12069 7.30229 6.36471 6.07463 5.4509 5.20724 13.203 4.80581 4.34563 4.18299 3.62444 3.0352 4.4508 2.83501 2.81788 2.65798 2.34183 2.14296 2.11531 1.93889 2.92135 5.53271 1.97548 1.80058 1.1584 1.15017 2.11741 10.32 0.850674 0.674664 0.556006 0.535149 0.360573 0.527508 0.189076
threshold=0.1178606152534485 0.8941769301891328 0.30320054292678839 0.19785943627357486 0.44949495792388922 0.5914268195629121 0.19251272827386859 0.90521115064620983 1.0000000180025095e-35 1.0000000180025095e-35 0.63224515318870556 1.0000000180025095e-35 0.5419580638408662 0.12132352963089944 0.73375529050827037 0.57170113921165477 0.95861870050430309 0.68599441647529613 0.35097050666809088 0.85118389129638683 0.069570478051900878 1.0000000180025095e-35 0.51247477531433117 0.75905716419219982 0.18019481003284457 0.58571431040763866 0.10454145446419717 0.2152509689331055 0.48331478238105779 0.29179082810878759 0.58656641840934765 0.32738095521926885 1.0000000180025095e-35 0.29679679870605474 0.65648320317268383 0.68614074587821972 0.64583334326744091 0.88067796826362621 0.84680575132370006 0.65834742784500133 0.1863425895571709 0.93440860509872448 0.87559524178504955 0.17267081141471866 0.51471862196922313 0.9574275314807893 0.83047896623611461 0.84680575132370006 0.5673658847808839 0.29179082810878759 0.60723635554313671 0.74562552571296703
decision_type=2 2 2 2 2 2 2 2 2 2 2 2 2 2 2 2 2 2 2 2 2 2 2 2 2 2 2 2 2 2 2 2 2 2 2 2 2 2 2 2 2 2 2 2 2 2 2 2 2 2 2 2
left_child=1 3 25 4 19 24 7 8 -2 -5 11 12 13 -8 18 27 22 21 -10 20 -1 26 23 35 -4 -3 -11 -15 49 -30 -28 32 -20 -14 -34 -6 37 38 39 48 -32 46 43 -13 -45 -43 -22 -48 -24 50 -29 -47
right_child=6 2 5 9 16 -7 10 -9 14 17 -12 42 33 15 -16 -17 -18 -19 31 -21 41 -23 36 -25 -26 -27 30 28 29 -31 40 -33 34 -35 -36 -37 -38 -39 -40 -41 -42 45 -44 44 -46 51 47 -49 -50 -51 -52 -53
leaf_value=0.043405433542639191 0.093174143862394074 0.025528055057352953 -0.039271290652781649 0.064521476331585254 0.022246193698186777 0.083241361123528507 0.070903483597828082 0.071256353134410463 0.043314641351487951 -0.040545972131739244 0.066676935544409122 0.065881844858826255 0.076439833471320467 0.013027510396963211 0.064582184640717952 0.044454657599558092 0.050141635034304757 0.053983434380108934 -0.038811086293120835 0.04235912385491921 -0.039219230527391152 0.026271545140555776 0 0.11051223944259421 0.028592191069923785 0.058682672096763734 -0.030843332192060344 -0.024308842881541139 -0.031047883205810384 0.026845502996068665 0.032989583848939408 0.015045361059146155 -0.025945483302490767 0.04221016498623871 0.023183060922777159 -0.027061365989087784 0.020484248234524455 -0.03399088092106195 0.039512071655583951 0.012740385412357159 -0.011588742158304022 0.0079119020694111506 0.065102183420305049 0.00070671064670953829 0.058220505091011628 -0.027541996050852557 0.0013267232151529054 -0.024849790836336899 -0.033004134534732825 -0.038318738352470766 0.0018493412605253244 -0.002044489420845634
leaf_weight=0.67599080502986808 3.2212155461311367 10.494551658630369 27.698690057732172 1.3387953639030445 1.4591615553945332 2.2556844279170027 4.7118976265192023 22.1692551728338 1.6861040592193663 2248.6580389402807 1043.1320782974362 12.508573621511458 11.64342547953129 6.7481009364128175 1.7035656571388234 6.5025788061320773 15.26668521016836 0.60626887530088325 15.012245454825466 0.83398514613509078 86.757868686690927 1.2554564829915751 0.99330971948802638 1.5411526709794996 1.0111274011433113 45.818915285170078 3.5221637878566971 1.5937367202714106 2.7966119898483148 3.8128267303109169 2.0653866305947308 1.589709524065255 1.763524400070309 12.998234130442141 1.918226884678006 2.1798320505768061 3.7049372214823952 4.0101158525794736 3.2908504214137793 1.8935277201235292 1.8465804718434808 1.3835836593061674 160.03854948282242 7.7626060843467739 13.881284955888985 2.3089030701667075 1.7555898595601314 1.7799135781824587 4.3067985894158483 6.9740002527832985 1.6184292063117025 1.1626229751855133
leaf_count=3 15 74 1715 6 37 11 20 102 32 150066 4380 51 48 41 10 34 87 6 607 10 5622 31 36 15 9 193 202 51 68 32 61 24 49 57 31 80 35 62 45 60 71 47 656 36 63 101 64 74 172 130 30 32
internal_value=-0.00141449 -0.0367021 0.0254916 -0.0389803 -0.0175783 -0.0247306 0.0636382 0.0351686 0.00379001 -0.0402519 0.0646844 0.0562427 0.0340456 0.0137317 -0.0114937 0.00264209 0.0259663 -0.0403443 -0.0201216 -0.0351171 -0.0362632 -0.0403953 0.00860689 0.0403688 -0.0358646 0.053127 -0.0404458 -0.010084 -0.0198047 0.00096275 -0.00845861 -0.0273701 -0.031761 0.0608903 -1.01553e-05 -0.0058943 -0.0018569 -0.0087791 0.00263569 -0.0165093 0.0130574 -0.0373164 0.0628027 0.050368 0.0387119 -0.0130991 -0.038417 -0.013543 -0.0279575 -0.0325189 -0.0128695 -0.0222643
internal_weight=3827.66 2481.88 87.279 2394.6 135.305 30.9655 1345.79 49.0638 26.8946 2259.29 1296.72 253.591 59.3998 34.7582 23.6734 30.0463 38.6464 2257.95 21.9698 96.6585 95.8245 2257.35 23.3797 5.18015 28.7098 56.3135 2256.09 23.5437 16.7956 6.60944 7.43413 20.2837 18.694 24.6417 3.68175 3.63899 18.1995 14.4946 10.4845 7.19364 3.91197 95.1485 194.191 34.1525 21.6439 4.85511 90.2934 3.5355 5.30011 10.1862 3.21217 3.47153
internal_count=165594 159027 2002 157025 6582 1735 6567 870 768 150443 5697 1317 511 406 753 386 629 150437 743 5953 5943 150431 542 132 1724 267 150400 352 311 100 334 711 687 105 80 117 410 375 313 268 132 5940 806 150 99 180 5760 138 208 211 81 133
is_linear=0
shrinkage=0.04


Tree=21
num_leaves=50
num_cat=0
split_feature=1 7 23 23 10 2 20 6 10 18 6 6 19 9 19 2 6 1 2 2 7 1 28 6 7 19 19 10 9 1 1 10 18 6 2 6 7 19 21 9 9 9 6 10 9 6 7 2 2
split_gain=5178.09 212.866 71.0145 40.4228 62.6074 31.9201 43.1144 25.1384 44.4996 24.5171 21.9831 14.7514 14.0336 8.77281 7.94321 6.83059 5.93604 5.05054 11.0888 4.86562 11.8321 4.71388 4.46758 4.46211 18.3875 4.17235 4.13062 4.07855 3.84326 3.46151 3.04703 2.78246 1.94455 1.90666 6.19075 4.81549 1.53432 1.43098 1.398 1.15004 1.11383 0.852635 0.686379 0.608487 0.603878 0.54101 0.348378 0.275047 0.186638
threshold=0.1178606152534485 0.8941769301891328 0.30320054292678839 0.19785943627357486 0.44949495792388922 0.56336912512779247 0.84764185547828685 0.2152509689331055 0.4083333313465119 0.5914268195629121 0.68801230192184459 0.069570478051900878 0.58470535278320324 0.95861870050430309 0.68599441647529613 0.60462343692779552 0.069570478051900878 0.099711906164884581 0.49171780049800878 0.35861176252365118 0.75905716419219982 0.086183592677116408 1.0000000180025095e-35 0.69504830241203319 0.29679679870605474 0.82972848415374767 0.80608585476875316 0.58571431040763866 0.69804355502128612 0.21894425153732303 0.43283110857009893 0.86607143282890331 0.48019607365131384 0.72255688905715953 0.44330103695392614 0.83047896623611461 0.55848154425621044 0.74175426363945018 0.32738095521926885 0.4248871803283692 0.93440860509872448 0.9574275314807893 0.83047896623611461 0.095454547554254546 0.88730159401893627 0.84680575132370006 0.53093111515045177 0.56336912512779247 0.53278529644012462
decision_type=2 2 2 2 2 2 2 2 2 2 2 2 2 2 2 2 2 2 2 2 2 2 2 2 2 2 2 2 2 2 2 2 2 2 2 2 2 2 2 2 2 2 2 2 2 2 2 2 2
left_child=1 3 27 4 15 6 7 -2 10 21 26 -5 44 19 17 16 -1 31 43 20 36 -4 23 24 25 -8 30 -3 -26 32 39 -13 -10 34 46 -35 -6 38 -14 -9 42 -42 -18 -19 -12 -44 -21 -15 -43
right_child=5 2 9 11 13 -7 22 8 29 -11 12 14 37 47 -16 -17 40 18 -20 33 -22 -23 -24 -25 28 -27 -28 -29 -30 -31 -32 -33 -34 35 -36 -37 -38 -39 -40 -41 41 48 45 -45 -46 -47 -48 -49 -50
leaf_value=0.042510837144385534 0.068161362258325892 0.024329784892090114 -0.039164515046694021 0.062423860276684486 0.016121239848880978 0.065103975245058676 0.036450461016404305 -0.0033903120862897097 0.047658550313551019 0.080335309346112216 -0.033723954239656566 -0.040536306638653673 0.0017892890612681664 0.030662240429666303 0.052428497674878269 0.047609767579442429 -0.03914134178945932 0 0.054002355541364414 0 0.10313689339133253 0.028293968198864487 0.064845158134054989 0.069229658531757887 -0.01323881823252354 0.07227009558521276 0.023479943555699087 0.056206092184122654 0.023691477342258276 0.067316031670490703 -0.0022036173012898773 0.010124589532551269 0.0054385167372713083 -0.035135191157279075 0.050473351695384083 0.011621061953482082 -0.025606039851391676 0.067328836309826376 0.043282633657181338 -0.03941787967597684 0.0076942872148665414 -0.027613436270888983 0.0012918635835423521 -0.035743825328040581 -0.0012930991256273696 -0.024587763708884804 -0.026886692381990693 0.056300905622067361 -0.0020632865900982716
leaf_weight=0.68349665403365989 16.874842638149858 10.617629230022429 26.694471558555968 1.3615566045045842 1.7183075286448031 1050.4215081296861 13.636509202420713 1.9827484209090567 2.8599607143551138 2.2794521376490584 2.9411491891369215 2158.537136040628 2.5295925317332131 7.3067612182348958 0.62848187237977882 0.7233489453792562 83.552720924839377 1.0606089532375316 2.1888826433569184 0.93540111742914023 1.6544009856879709 1.0020094029605378 130.54436895251274 15.057086437940596 8.1299641244113428 17.20962430536747 1.5981431528925885 45.965054640546441 7.8647764734923831 17.309969574213028 5.2835306823253623 1.2495838757604349 4.1819329150021076 5.6618363568559271 2.823632774874568 6.5389631073921919 1.8957147244364021 5.8310581892728806 2.5397660695016384 22.275280814617872 1.3938776906579722 2.3699814612045889 1.7577839195728295 7.5368566885590553 1.6534677240997551 1.7384250350296495 2.175347313284874 8.3414322510361654 1.1471078414469955
leaf_count=3 83 74 1716 6 44 4420 65 46 34 11 90 149890 66 44 6 7 5623 52 59 29 15 8 539 63 51 71 9 193 42 80 59 40 66 163 53 64 73 25 15 712 47 108 64 390 31 74 101 43 27
internal_value=-0.00139922 -0.0365885 0.0247358 -0.0389029 -0.0172138 0.0618189 0.0493064 0.0255877 0.0146054 -0.0244235 -0.00834068 -0.0402144 0.0292883 0.0248201 -0.0403094 -0.0349141 -0.0361027 -0.0403622 -0.0112465 0.00841896 0.0388361 -0.0356837 0.0599264 0.0486231 0.0406069 0.0582023 -0.0275179 0.0508204 0.00501036 0.0573014 -0.0310862 -0.0405005 0.026877 -0.00177623 0.0150649 -0.0107913 -0.0057055 0.0527253 0.0269429 -0.0368823 -0.037181 -0.0133764 -0.0383114 -0.0321713 -0.0250852 -0.0132932 -0.0205622 0.0471303 -0.0224673
internal_weight=3722.27 2391.54 86.5586 2304.98 132.419 1330.73 280.304 87.8614 70.9866 29.9759 46.6347 2172.56 15.495 39.0518 2171.2 93.3667 92.6434 2170.57 10.7863 23.4036 5.26842 27.6965 192.442 61.898 46.8409 30.8461 31.1397 56.5827 15.9947 24.3519 29.5416 2159.79 7.04189 18.1352 5.93438 12.2008 3.61402 10.9004 5.06936 24.258 91.9599 4.91097 87.0489 8.59747 4.59462 3.49621 3.11075 15.6482 3.51709
internal_count=165594 159027 2002 157025 6582 6567 2147 1316 1233 1735 1053 150443 227 629 150437 5953 5946 150431 501 542 132 1724 831 292 229 136 826 267 93 180 817 149930 100 410 183 227 117 106 81 758 5943 182 5761 442 121 138 130 87 135
is_linear=0
shrinkage=0.04


Tree=22
num_leaves=50
num_cat=0
split_feature=1 7 23 23 10 2 24 21 18 6 6 0 1 10 2 2 18 6 8 8 20 21 10 0 20 8 6 10 6 7 2 7 21 1 18 21 10 8 0 7 7 0 6 28 23 10 6 0 2
split_gain=4885.74 205.513 65.2013 40.6868 59.7814 31.2715 40.427 30.9068 23.3552 21.6889 26.3173 14.28 6.81344 19.6827 6.70912 6.64544 6.38529 5.33626 5.31746 4.88199 4.74575 4.65314 3.8434 3.83582 3.53842 4.4728 10.0454 2.41596 6.9743 2.07351 1.98648 1.82247 1.58017 1.55368 3.22014 1.93383 1.37472 2.32183 1.20195 1.09491 1.08707 0.495511 0.494111 0.289242 0.232778 0.173822 0.15276 1.82349 0.656542
threshold=0.1178606152534485 0.8941769301891328 0.30320054292678839 0.19785943627357486 0.44949495792388922 0.56336912512779247 1.0000000180025095e-35 0.48529411852359777 0.5914268195629121 0.75905716419219982 0.2152509689331055 1.0000000180025095e-35 0.078810192644596114 0.44949495792388922 0.49171780049800878 0.60462343692779552 0.65240275859832775 0.2152509689331055 0.81661397218704235 0.86391696333885204 0.78319624066352855 0.18019481003284457 0.58571431040763866 0.39977015554904943 0.84764185547828685 0.17267081141471866 0.44353370368480688 0.30384616553783422 0.2152509689331055 0.65648320317268383 0.11427757143974306 0.55848154425621044 0.18019481003284457 0.25371789932250982 0.615800440311432 0.3514705896377564 0.76388889551162731 0.87026646733284008 0.80084761977195751 0.81120249629020702 0.52404069900512706 0.65834742784500133 0.7454303801059724 1.0000000180025095e-35 0.9723496437072755 0.58571431040763866 0.83047896623611461 0.6076345443725587 0.53885021805763256
decision_type=2 2 2 2 2 2 2 2 2 2 2 2 2 2 2 2 2 2 2 2 2 2 2 2 2 2 2 2 2 2 2 2 2 2 2 2 2 2 2 2 2 2 2 2 2 2 2 2 2
left_child=1 3 22 4 15 6 7 9 21 10 -2 -5 -13 43 32 17 20 -1 23 30 -11 -4 -3 -6 25 -8 -27 28 -9 40 -12 -25 -15 44 -35 -36 37 39 42 -20 -28 -33 -39 -14 45 -32 48 -48 -19
right_child=5 2 8 11 18 -7 24 27 -10 16 19 12 13 14 -16 -17 -18 46 36 -21 -22 -23 -24 31 -26 26 29 -29 -30 -31 33 41 -34 34 35 -37 -38 38 -40 -41 -42 -43 -44 -45 -46 -47 47 -49 -50
leaf_value=0.036311283690300587 0.044521291078601401 0.023203024964846893 -0.039102532337329292 0.060461381418301194 0.041328013451496198 0.063437484486742371 0.068283880938623379 0.064848544020440227 0.07767820693316671 -0.014486370568330093 0.014670264882864555 -0.040529056900908175 -0.036432725829096055 -0.022457986526965068 0.08759177930677009 0.046130777235249588 0.080883408811328106 -0.038173176022557438 0.019694598062654042 0.028294353094857675 0.046984889569726684 0.027764687360623735 0.053921702862589571 0.011243057177900003 0.061755204168417434 -0.006821067551837247 0.040415710700523758 0.074657877067884848 0.019099215218601088 0.058112054693285731 -0.039617109161434433 -0.032457868421700523 0.027583915168941646 0.018082189113614061 -1.3495036330332642e-05 -0.038956767713453175 0.053855959377947418 -0.0011847260094175567 0.026545916205683362 0.062980571670572666 0.010940462659911965 0 0.015096043972638227 -0.007114688371128529 -0.005635699792838289 -0.010983957025623945 0.015535460021530053 -0.031155351871024754 -0.0021147428298051879
leaf_weight=0.80747822299599548 11.224211839959024 10.734018057584761 25.701850433833904 1.381558671593665 1.372889431193469 1035.2270511984825 10.255830049514769 11.754574425518515 2.2969534099102011 2.9781915005296451 1.0141766369342828 2063.3270552176982 18.545732087455697 1.4476510873064392 2.2274113316088915 0.74822739139199157 5.6313537154346704 82.901176962070167 3.4532293817028465 1.8409265279769886 3.2667209804058075 1.0174602828919876 46.036508472636342 1.9829258434474466 147.53732231259346 6.8646050486713674 4.8597520962357539 10.099718779325483 11.74648445099592 13.033399090170859 16.632390383631002 4.243408877402544 0.70669303275644768 2.639303805306553 3.2664675656706077 5.5437492001801729 4.1449180208146563 5.8082383591681737 10.241593744605778 3.0036945715546608 5.3398190177977085 0.99313929304480542 4.1624888218939304 1.4793025497347105 1.0592286465689529 1.7133839484304179 1.0648899031803001 3.4959257654845715 1.1754217436537135
leaf_count=10 59 74 1715 6 35 4420 43 49 11 71 14 149075 1136 88 34 7 30 5722 79 22 15 9 193 61 616 46 36 43 71 71 646 198 36 50 55 76 25 48 71 30 60 34 48 68 42 32 38 133 43
internal_value=-0.0013846 -0.0364743 0.0240193 -0.0388249 -0.0168456 0.060156 0.0477516 0.0252869 -0.0241201 0.00692352 -0.00598598 -0.0401778 -0.0402752 -0.0179063 0.0510619 -0.0347075 0.0527489 -0.0359306 0.0237848 -0.0237167 0.019164 -0.0355022 0.0486849 -0.00335369 0.0583491 0.0446068 0.0344738 0.0551214 0.0438578 0.0466182 -0.0276123 -0.0163315 -0.00123387 -0.0295445 -0.0151953 -0.0263991 0.0313455 0.0258824 0.0173619 0.0461128 0.0276963 -0.0275431 0.00600391 -0.0348986 -0.0366554 -0.0378557 -0.0370311 -0.0187011 -0.0377469
internal_weight=3618.03 2304.5 85.7868 2218.72 129.6 1313.53 278.302 90.4109 29.0163 56.8101 44.9338 2089.12 2087.73 24.4068 4.38176 90.1931 11.8763 89.4449 39.4065 33.7096 6.24491 26.7193 56.7705 8.59236 187.891 40.3534 30.0976 33.6008 23.5011 23.233 31.8687 7.21947 2.15434 30.8545 11.4495 8.81022 30.8142 26.6692 20.2123 6.45692 10.1996 5.23655 9.97073 20.025 19.405 18.3458 88.6374 4.56082 84.0766
internal_count=165594 159027 2002 157025 6582 6567 2147 1275 1735 1112 996 150443 150437 1362 158 5953 116 5946 629 937 86 1724 267 328 872 256 213 163 120 167 915 293 124 901 181 131 301 276 167 109 96 232 96 1204 720 678 5936 171 5765
is_linear=0
shrinkage=0.04


Tree=23
num_leaves=45
num_cat=0
split_feature=20 7 13 13 9 20 2 24 19 9 2 6 0 6 20 6 20 24 6 2 6 2 8 2 5 21 8 8 6 6 6 2 0 6 7 5 8 18 9 7 7 7 20 7
split_gain=4601.23 215.527 50.0578 40.1267 41.3087 36.7313 29.8584 40.1234 41.8765 24.885 15.531 14.1919 13.7162 9.61754 12.6722 9.55944 8.29856 16.6947 7.34426 4.9038 4.5489 4.07862 3.13051 15.9113 3.08097 2.87864 2.69903 3.24802 2.33381 1.63649 1.61566 1.38836 1.28459 1.63466 1.24599 1.22524 3.66846 0.98847 0.908492 2.32506 0.764586 0.298836 0.275018 0.0394991
threshold=0.6253834366798402 0.8941769301891328 1.0000000180025095e-35 1.0000000180025095e-35 0.93440860509872448 0.5071096420288087 0.56336912512779247 1.0000000180025095e-35 0.68599441647529613 0.12132352963089944 0.66425621509552013 0.81530213356018078 0.53940528631210338 0.64346247911453258 0.96168524026870739 0.83910790085792553 0.58656641840934765 1.0000000180025095e-35 0.2152509689331055 0.53278529644012462 0.56980520486831676 0.44189286231994634 0.17267081141471866 0.25621344149112707 1.0000000180025095e-35 0.44097222387790685 0.48074074089527136 0.4248871803283692 0.81530213356018078 0.79784947633743297 0.83424907922744762 0.11427757143974306 0.87729144096374523 0.80810147523880016 0.33568075299263006 1.0000000180025095e-35 0.96922349929809581 0.49238499999046331 0.87841832637786876 0.84889996051788341 0.34330357611179357 0.30368906259536749 0.82078272104263317 0.32200460135936743
decision_type=2 2 2 2 2 2 2 2 2 2 2 2 2 2 2 2 2 2 2 2 2 2 2 2 2 2 2 2 2 2 2 2 2 2 2 2 2 2 2 2 2 2 2 2
left_child=1 3 35 4 11 37 7 8 9 -2 16 19 -13 14 18 25 24 28 -10 40 -6 34 -9 -24 -5 26 27 31 -18 -28 -14 -11 33 -22 -20 36 -3 -4 -32 -40 41 -1 -25 -43
right_child=6 2 5 10 20 -7 -8 22 13 15 -12 12 30 -15 -16 -17 17 -19 21 -21 32 -23 23 42 -26 -27 29 -29 -30 -31 38 -33 -34 -35 -36 -37 -38 -39 39 -41 -42 43 -44 -45
leaf_value=-0.019208940382413948 0.07776365141787818 0.061705379906085031 -0.038965348695058404 -0.040450248569475829 -0.0076903719737386935 0.053454207329483028 0.062012310486277644 0.064432252554335462 0.037884719196700341 0.0045396130980756861 0.03871453744035757 0.089407530204682631 -0.029887877186326049 0.069300329892952414 0.065391268755821172 0.052560553948480346 -0.036687622477968064 0.065587311201352111 -0.0034836525854315577 0.01053708826881185 0.039154480267251858 0.018401102453931863 0.013296795152132973 0.043140166497624713 0.014559056459771489 0.020603974717964314 -0.037471349403270737 0.033411741303488708 0.015587063936317773 -0.0010314832344986273 0.016858440334269687 -0.032711601816953269 0.062446997528392729 0.0076457716572113652 -0.03669041979131888 0.058204460935427735 0.029284650572888933 0.0031254814769044463 -0.029850301593735244 0.018095691756727476 -0.035611886795062983 0.0060000640549851911 0.060511147121510102 -0.0016533051410690075
leaf_weight=1.0855413153767579 3.7834052145481101 9.2951170876622182 24.583827137015763 2001.6316651646048 3.2661000415682819 8.6967053767293674 1012.06215829961 84.943879649043083 10.230931326746942 1.9325159322470487 3.2051658714190117 1.9044757476076473 2.7304276553913933 19.523964948952198 11.285625413060187 1.7835776340216387 9.9337186999618972 2.7668914189562193 3.6622044928371889 3.4335891734808675 9.7262134533375519 5.5108103640377522 16.334299154579639 16.400301268324256 1.0638085883110751 1.2962702959775914 21.287733128294352 1.5889336718246339 0.88612065743655044 2.4757180893793693 2.8516887091100216 3.3053690511733294 3.9984699487686148 4.7188658937811843 3.9767951630055904 21.113342002034187 24.611354932188988 0.59613594133406778 2.5016705300658941 2.0088723637163639 78.109714152291417 0.64086120948195446 67.619470924139023 1.1713390201330183
leaf_count=76 16 47 1705 150223 70 67 4393 358 47 19 38 25 88 89 46 11 625 52 40 68 113 28 79 97 30 20 766 43 31 42 40 103 20 63 50 86 102 12 57 30 5270 41 288 80
internal_value=-0.00136924 -0.0361845 0.0245929 -0.0387242 -0.0158312 -0.0133489 0.0587465 0.0466174 0.0245021 -0.00785793 -0.0400531 -0.0270663 0.0125445 0.0466773 0.0322381 -0.0195598 -0.0401994 -0.00799856 0.0140457 -0.0328219 0.0328951 -0.00558567 0.0573433 0.050727 -0.0404118 -0.0251911 -0.027849 -0.00421912 -0.0311115 -0.0340315 -0.00835141 -0.0198021 0.0403138 0.0302818 -0.0234798 0.047847 0.0398002 -0.0377347 0.00177646 -0.00836184 -0.0348145 -0.00867314 0.0577147 0.000802001
internal_weight=3515.54 2226.53 88.8965 2137.64 118.148 33.8767 1289 276.942 91.6439 37.4535 2019.49 96.4382 11.9971 54.1903 34.6664 33.6701 2016.28 13.5867 23.3807 84.441 21.7096 13.1498 185.298 100.354 2002.7 31.8865 30.5903 6.82682 10.8198 23.7635 10.0927 5.23788 18.4435 14.4451 7.639 55.0198 33.9065 25.18 7.36223 4.51054 81.0075 2.89774 84.0198 1.8122
internal_count=165594 159059 2019 157040 6041 1784 6535 2142 1320 1020 150999 5775 240 300 211 1004 150961 708 165 5535 266 118 822 464 150253 993 973 165 656 808 215 122 196 176 90 235 149 1717 127 87 5467 197 385 121
is_linear=0
shrinkage=0.04


Tree=24
num_leaves=48
num_cat=0
split_feature=1 13 10 2 24 19 1 8 9 8 6 9 7 11 7 19 18 8 2 0 8 28 6 21 10 0 10 18 9 0 2 8 1 18 21 2 0 8 7 6 10 18 18 10 6 10 6
split_gain=4363.52 192.842 133.533 30.1682 32.4148 36.3965 27.0885 35.2514 26.2551 15.3356 13.6286 10.966 10.5437 5.84672 5.69328 8.30359 5.58652 5.42037 13.6299 5.18627 4.89928 4.36202 4.1899 3.71725 3.69773 3.64182 3.63033 3.14308 2.98107 2.8825 2.71163 2.23504 2.01693 6.07541 3.15397 1.72354 1.65856 1.62365 1.33503 2.1608 1.27394 0.628231 0.503429 0.406203 0.365851 0.275101 0.105565
threshold=0.1178606152534485 1.0000000180025095e-35 0.44949495792388922 0.53885021805763256 1.0000000180025095e-35 0.74175426363945018 0.078810192644596114 0.90521115064620983 0.12132352963089944 0.47140522301197058 0.82426470518112194 0.91476997733116161 0.84292763471603405 0.88516482710838329 0.63453349471092235 0.82972848415374767 0.65240275859832775 0.17267081141471866 0.25621344149112707 0.52051407098770153 0.84680575132370006 1.0000000180025095e-35 0.68133461475372326 0.48529411852359777 0.68333333730697643 1.0000000180025095e-35 0.30384616553783422 0.3802234828472138 0.93440860509872448 0.62502539157867443 0.62731361389160167 0.6900656819343568 0.25371789932250982 0.5914268195629121 0.32738095521926885 0.17782925814390185 0.23879840224981311 0.17267081141471866 0.86526826024055492 0.78319624066352855 0.240384615957737 0.65240275859832775 0.5914268195629121 0.58571431040763866 0.83047896623611461 0.240384615957737 0.74133810400962841
decision_type=2 2 2 2 2 2 2 2 2 2 2 2 2 2 2 2 2 2 2 2 2 2 2 2 2 2 2 2 2 2 2 2 2 2 2 2 2 2 2 2 2 2 2 2 2 2 2
left_child=1 2 12 4 5 8 16 9 -2 27 23 13 28 22 15 -7 25 -6 35 -15 46 -20 29 32 38 -3 -14 -8 44 31 -24 -4 41 -34 -35 -19 -29 -17 39 -13 -30 43 -27 -10 -1 -44 -21
right_child=3 6 11 -5 17 14 7 -9 10 -11 -12 24 26 19 -16 37 -18 18 21 20 -22 -23 30 -25 -26 42 -28 36 40 -31 -32 -33 33 34 -36 -37 -38 -39 -40 -41 -42 -43 45 -45 -46 -47 -48
leaf_value=-0.03878303562932927 0.077928126850864129 0.0295613596625992 0.028927426262485238 0.06032101918262326 0.062521808085178668 0.0047651319330711548 0.069213347701635897 0.079808485049693761 -0.039243116847441625 -0.038531945439777199 0.056007377594926772 0.034564500064206867 -0.016989979067840326 0.073173247172331146 0.074943067208443792 0.065679202766546096 0.034345278712194997 0.025570927521001936 0.025455715545866248 -0.0032777845627904702 0.033504802198461164 0.058042902781648857 -0.03217259755699528 0.019626321061719128 0.058770287200318981 -0.040448131285440406 0.033782836231156958 -0.021031060805489773 -0.023750446571293979 0.058001407454897604 0.012224451661319594 -0.024960561891484781 0.030146110304015861 0.00630234904984368 -0.041925201340915194 3.7443882631392148e-05 0.032158165159681402 0.033702481598334132 0.04380720508683135 0.0025209479576384715 0.012799882239707057 -0.0092556650033188571 -0.016864434901854103 -0.0065799564449225967 -0.0082069291718945125 0.0052944556719095358 -0.026074985334904533
leaf_weight=69.409980107098818 4.5471853613853446 0.45761454105377097 1.2312951125204592 1025.7570386175066 82.425691157579422 9.0705716516822594 1.8177635539323156 5.7380244405940166 15.729078164324173 18.916437784209847 2.9125552773475638 9.109745789319275 3.0516289565712205 2.9410553323104969 11.099963858723639 9.5087969601154345 0.83534475788473983 7.0883239507675198 10.518224233761428 1.2418653201311811 6.7037402093410492 57.659634342417121 6.1697965720668417 2.2362863942980757 29.330784946680069 1938.2650784971192 4.1690294276922941 1.2578706899657843 1.6027280017733563 1.3480668272823093 2.3897315561771393 1.7429213002324102 3.0662786345928899 2.5790517805144173 6.1954118069261312 9.5381808690726739 0.60037537105381478 10.209127716720102 18.738088630139828 5.725556105375289 2.6302509345114231 2.658364860340952 0.87677444051951059 1.4122124854475249 1.5864322558045376 0.66064324509352446 1.8651954093948004
leaf_count=5198 19 2 37 4542 353 65 17 60 675 1203 25 52 52 45 47 39 11 41 77 48 53 276 131 23 121 151254 46 76 69 21 11 65 46 43 93 51 36 47 80 45 87 74 57 31 62 35 53
internal_value=-0.00135505 -0.0362394 0.00446301 0.0572227 0.0442247 0.0229973 -0.0397757 -0.00077261 -0.00330293 -0.0239234 -0.0152455 0.038387 -0.0319413 0.0152991 0.0497642 0.0377318 -0.0403422 0.0543133 0.0456527 0.0334816 0.015545 0.0535139 -0.00352702 -0.0229164 0.0473461 -0.0403941 0.0123819 0.0425591 -0.0363546 0.0248525 -0.0193768 0 -0.026555 -0.0115671 -0.0281461 0.0119831 0 0.0517419 0.0358386 0.0233903 -0.00216878 -0.0343387 -0.0404279 -0.0372836 -0.0382788 -0.00743218 -0.0209537
internal_weight=3414.63 2140.41 170.988 1274.21 248.455 81.2249 1969.43 28.3305 41.3364 22.5924 36.7892 88.5378 82.45 25.6337 39.8885 28.7885 1941.1 167.23 84.8044 12.7519 9.8108 68.1779 12.8818 33.8767 62.9042 1940.26 7.22066 3.67601 75.2294 4.32228 8.55953 2.97422 31.6404 11.8407 8.77446 16.6265 1.85825 19.7179 33.5734 14.8353 4.23298 19.7997 1939.8 17.1413 70.9964 1.53742 3.10706
internal_count=165594 159027 6276 6567 2025 1227 152751 1392 1029 1332 1010 762 5514 464 198 151 151359 798 445 199 154 353 265 985 298 151348 98 129 5416 123 142 102 962 182 136 92 112 86 177 97 156 780 151346 706 5260 92 101
is_linear=0
shrinkage=0.04


Tree=25
num_leaves=50
num_cat=0
split_feature=1 13 10 20 24 8 21 10 0 18 0 10 7 9 6 21 1 10 8 6 9 7 7 10 10 21 9 18 9 9 0 21 21 10 7 6 10 20 6 0 6 7 0 7 11 18 6 7 10
split_gain=4129.22 191.724 125.017 35.1716 21.3861 38.3665 32.2947 19.6617 17.7937 15.0875 12.8713 12.5718 10.2663 10.0602 8.538 6.6765 5.78365 5.54665 15.6995 8.41587 3.95483 5.96373 4.19928 3.66254 3.36532 3.24334 2.9595 2.93941 2.73772 8.4258 3.46014 2.02418 1.47576 1.26296 1.24571 1.61678 1.21799 0.982647 0.924506 0.881691 0.776933 3.56146 9.71091 1.4342 0.416396 1.20007 0.370362 0.331749 0.207798
threshold=0.099711906164884581 1.0000000180025095e-35 0.44949495792388922 0.58656641840934765 1.0000000180025095e-35 0.84680575132370006 0.48529411852359777 0.080128207802772536 0.73316389322280895 0.5914268195629121 1.0000000180025095e-35 0.4083333313465119 0.84292763471603405 0.91476997733116161 0.75134408473968517 0.39009661972522741 0.43283110857009893 0.86607143282890331 0.91366460919380199 0.84680575132370006 0.86391696333885204 0.70678734779357921 0.57932874560356151 0.68333333730697643 0.30384616553783422 0.1863425895571709 0.93440860509872448 0.65240275859832775 0.1702898591756821 0.7243877947330476 1.0000000180025095e-35 0.5419580638408662 0.26201373338699346 0.58571431040763866 0.86526826024055492 0.77694860100746166 0.240384615957737 0.7353600561618806 0.81120249629020702 0.66339215636253368 0.57321429252624523 0.21164613962173465 0.22152718156576159 0.28035087883472448 0.89699381589889537 0.615800440311432 0.83047896623611461 0.51191151142120372 0.76388889551162731
decision_type=2 2 2 2 2 2 2 2 2 2 2 2 2 2 2 2 2 2 2 2 2 2 2 2 2 2 2 2 2 2 2 2 2 2 2 2 2 2 2 2 2 2 2 2 2 2 2 2 2
left_child=1 2 12 8 5 6 7 15 38 10 -3 -11 26 17 16 28 33 18 19 20 21 22 47 34 -14 -6 46 -16 -5 30 -30 -8 48 44 35 -15 -28 -7 -2 -22 41 -27 43 -43 -9 -46 -1 -4 -12
right_child=3 9 13 4 25 37 31 14 -10 11 32 -13 24 23 27 -17 -18 -19 -20 -21 39 -23 -24 -25 -26 40 36 -29 29 -31 -32 -33 -34 -35 -36 -37 -38 -39 -40 -41 -42 42 -44 -45 45 -47 -48 -49 -50
leaf_value=-0.038695311861379152 -0.036640845332149438 0.054491446628126571 0.0057696346879882437 0.071018119387326092 0.087579217961475053 0.037166791348232121 0.029605359006402251 -0.041651111252810527 0.045818725263585831 -0.027064432788584662 -0.040440687245868537 0.091179908923471373 -0.016617025346736293 0.032531021589915519 -0.002405499353123538 0.00063098343816663416 0.022353416476827852 0.056189377040383494 -0.040250712810659318 0.083336035979127254 -0.029130926973612078 0.063137032293253029 -0.02948862132125802 0.056821834160514853 0.032206784036767439 0.060061051481065962 -0.02349436814176421 0.044448620022341054 0.025887990312566962 0.066917233393745848 -0.030181570871738575 0.056470091153664276 0.0091578044320091475 -0.0064430301765324802 0.041902046648833409 0.0046518594680344102 0.012320764948198049 0.057865228310089674 0.0030758701892353458 0.0032766381374682635 0.059619893637493128 0.031804367765170656 0.054263239296774311 0.0094709465527735015 -0.031149553656547455 0.0047032937021195508 -0.0080445151093298407 0.039524474076933637 -0.024587474241784046
leaf_weight=66.838763518258929 9.6068654023110867 1.4361546635627735 1.4734535533934887 5.1681885644793537 10.06065298616886 12.137725530192254 10.552323712036012 14.346893968060625 6.502252645790576 2.2566209528595205 1866.3968760268763 1.7194156618788836 3.0184385403990737 8.8290605880320054 3.9759846199303857 7.2484189160168162 2.6156243216246358 3.3773154318332663 6.8866255320608607 2.5602379962801924 2.4549289839342228 3.0913963187485933 2.8740691291168332 29.160741865634918 4.245453393086791 84.101721599698067 1.5670133661478747 3.0950241684913635 2.1588372774422151 3.7398529034107924 2.9567494271323085 31.268953759223223 0.49508653208613296 3.2609326820820561 18.849532410502434 6.1717510595917693 2.6614714227616787 166.97952389717102 0.66627482604235488 1.5704744327813385 807.42339491844177 9.328874886035921 52.900910947471857 11.816925551742314 2.8089132541790596 1.7967866407707331 1.5741631649434555 1.431534534320235 8.1389057878404838
leaf_count=5198 580 6 39 23 47 82 64 463 40 130 151556 22 52 49 74 63 21 15 63 16 62 65 129 121 46 366 69 19 21 37 114 137 21 50 80 48 87 746 22 34 3648 39 244 60 95 34 62 41 494
internal_value=-0.00134074 -0.0364308 0.0043817 0.0554116 0.0561834 0.0457787 0.0247698 0.00379346 -0.00178762 -0.0400933 -0.0402633 0.0313136 -0.0316763 0.0368889 -0.0158446 0.032812 -0.0267658 0.0147995 0.00623255 0.0283741 0.0119626 0.0261846 0 0.0454708 0.0118787 0.0590527 -0.0361882 0.0205734 0.0480301 0.0283633 -0.00550151 0.0506347 -0.040367 -0.0334357 0.0342277 0.0223183 -0.00214177 0.056699 -0.0336658 -0.0175554 0.0586611 0.0533969 0.045075 0.0204956 -0.0373238 -0.0181051 -0.0381737 0.0292897 -0.0403871
internal_weight=3315.6 2049.08 168.636 1266.52 1249.74 274.111 94.9935 53.1722 16.7754 1880.44 1876.47 3.97604 79.9053 88.7311 31.9002 21.272 24.8292 25.72 22.3427 15.4561 12.8959 8.87045 5.77906 63.0111 7.26389 975.632 72.6414 7.07101 14.0236 8.85544 5.11559 41.8213 1875.03 22.2135 33.8503 15.0008 4.22848 179.117 10.2731 4.0254 965.572 158.148 74.0467 21.1458 18.9526 4.6057 68.4129 2.90499 1874.54
internal_count=165594 158505 6276 7089 6447 2043 1215 1014 642 152229 152077 152 5514 762 756 258 663 464 449 386 370 274 209 298 98 4404 5416 93 195 172 135 201 152071 642 177 97 156 828 602 96 4357 709 343 99 592 129 5260 80 152050
is_linear=0
shrinkage=0.04


Tree=26
num_leaves=48
num_cat=0
split_feature=1 13 10 2 20 8 10 18 6 0 10 7 18 9 9 7 24 21 5 8 6 28 6 7 2 9 7 11 10 21 10 9 21 23 1 23 21 9 10 7 6 6 0 18 2 10 6
split_gain=3910.46 187.776 117.225 40.2084 45.0058 26.3597 38.3689 14.7236 14.0394 12.488 11.6623 9.99562 9.93288 10.7592 9.18163 5.52358 6.79672 5.31064 5.17501 14.774 7.58445 5.07337 3.74907 15.3475 8.188 3.69247 5.27172 4.35815 3.62642 3.19211 3.12233 2.93717 2.67146 2.74538 2.12409 1.62791 1.48957 1.29102 1.1649 1.16311 1.45655 0.94054 0.914369 0.536422 0.426403 0.840684 0.374635
threshold=0.099711906164884581 1.0000000180025095e-35 0.44949495792388922 0.55470266938209545 0.84764185547828685 0.17267081141471866 0.4083333313465119 0.5914268195629121 0.84292763471603405 1.0000000180025095e-35 0.4083333313465119 0.84292763471603405 0.65240275859832775 0.71209660172462474 0.91476997733116161 0.81284341216087352 1.0000000180025095e-35 0.31698563694953924 1.0000000180025095e-35 0.91366460919380199 0.84680575132370006 1.0000000180025095e-35 0.70521390438079845 0.29679679870605474 0.42397989332675939 0.86391696333885204 0.70678734779357921 0.63373982906341564 0.68333333730697643 0.5419580638408662 0.30384616553783422 0.93440860509872448 0.44097222387790685 0.38814750313758856 0.19251272827386859 0.88939857482910167 0.26491229236125952 0.69504830241203319 0.240384615957737 0.86526826024055492 0.77694860100746166 0.69504830241203319 0.67507311701774608 0.38444744050502783 0.70000678300857555 0.86607143282890331 0.83047896623611461
decision_type=2 2 2 2 2 2 2 2 2 2 2 2 2 2 2 2 2 2 2 2 2 2 2 2 2 2 2 2 2 2 2 2 2 2 2 2 2 2 2 2 2 2 2 2 2 2 2
left_child=1 2 11 4 5 -2 8 9 12 -3 -9 31 32 35 18 16 17 34 19 20 25 22 23 29 -25 26 27 -4 39 -6 -13 46 33 -7 -8 -14 44 -29 -33 40 -16 -15 -27 -35 -11 -46 -1
right_child=3 7 14 -5 21 6 15 10 -10 36 -12 30 13 41 28 -17 -18 -19 -20 -21 -22 -23 -24 24 -26 42 -28 37 -30 -31 -32 38 -34 43 -36 -37 -38 -39 -40 -41 -42 -43 -44 -45 45 -47 -48
leaf_value=-0.038606027136354387 0.062966011051893173 0.052997758778491291 0.047560272119865958 0.058010480312049556 0.030101754087728538 0.00094323349910870893 -0.032378025317106103 -0.026800245212409771 0.058560895431177658 -0.040397131750712287 0.086903339915221936 -0.016250919696459667 -0.0055487545906480144 0.014291266494627801 0.030914638977571709 0.072163314346088595 0.055467322378352092 0.04674359911248499 0.054353504685571263 -0.039667701127263311 0.07856278394080872 0.05717366135806172 0.060240504979773735 -0.031448750443809098 0.02518705749679279 -0.02901687084344784 0.058863298679041345 0.0082059381956760633 0.055009985529793401 0.061320137265643546 0.030727871031794252 -0.023240182632839734 0.017618523367164362 -0.0042333111594758614 0.010595702791712689 -0.038612000793698031 0.0095034300754106727 -0.030351553897869633 0.011862096473597917 0.040120801707227739 0.0044816059377145055 0.047505393055229835 0.0040465660479783849 -0.039086891711277411 -0.027237275972650341 0.0060438040017049511 -0.0078850580265314094
leaf_weight=64.365799118764699 15.517754375934599 1.4455501586198796 1.2134031560272029 976.04867574945092 13.559104871004822 2.9956200886517825 3.7657096767798084 2.1987427612766619 3.1743648657575241 1798.7699679341167 1.7798090958967803 2.9861701391637316 5.7248547505587357 3.9667753297835571 8.9684112258255464 9.1080117560923082 6.9145140238106251 2.0153094157576561 3.3853302597999564 6.7262834906578055 2.6656740978360167 118.305296048522 13.159390814602373 6.5500216037034971 7.8897168263792992 2.4404519507661457 3.2523849103599787 1.3411822933703659 28.953429326415062 16.794542074203491 4.3183937408030033 1.5324253290891636 1.0084481500089157 1.259488883428278 2.1842641104012728 4.2367235319688916 0.48410035390406747 3.2056740643456578 2.6918433308601379 18.941367864608765 6.1876243110746136 4.6578215062618256 1.5271927025169132 25.386619151569903 2.2143424889072767 1.1962413061410191 1.5622236393392075
leaf_count=5198 73 6 36 4488 65 78 129 130 21 151884 22 52 77 52 49 43 37 11 15 63 16 522 58 51 37 63 65 28 121 71 46 69 6 61 24 71 20 145 87 80 48 34 33 1080 130 37 62
internal_value=-0.00132502 -0.036321 0.00431319 0.0541885 0.0400995 0.0170883 0.00702498 -0.0400601 -0.0121527 -0.0402347 0.0305004 -0.0314075 -0.0178663 0.00491385 0.0355154 0.0478956 0.0291804 0.0022734 0.0144033 0.00612005 0.0272452 0.0519129 0.0403179 0.0331901 -0.000617429 0.0115547 0.0250825 0 0.0437181 0.0489072 0.0113966 -0.0360182 -0.0315253 -0.0338482 -0.016772 -0.0222153 -0.040341 -0.0188282 -0.00211724 0.0327217 0.021316 0.0357167 -0.0172325 -0.0377969 -0.0403619 -0.0159336 -0.0380665
internal_weight=3218.58 1974.35 166.265 1244.22 268.174 91.9163 76.3985 1808.09 52.4107 1804.11 3.97855 77.4569 49.2364 18.5862 88.8084 23.9878 14.8798 7.96528 25.7576 22.3722 15.646 176.258 57.9528 44.7934 14.4397 12.9803 9.01264 5.76026 63.0508 30.3536 7.30456 70.1523 30.6502 29.6417 5.94997 9.96158 1802.66 4.54686 4.22427 34.0974 15.156 8.6246 3.96764 26.6461 1802.18 3.41058 65.928
internal_count=165594 158505 6276 7089 2601 1797 1724 152229 1480 152077 152 5514 1459 234 762 244 201 164 464 449 386 804 282 224 88 370 274 209 298 136 98 5416 1225 1219 153 148 152071 173 156 177 97 86 96 1141 152051 167 5260
is_linear=0
shrinkage=0.04


Tree=27
num_leaves=45
num_cat=0
split_feature=1 13 10 2 24 19 9 18 0 10 7 6 20 7 6 6 20 10 6 6 1 11 2 0 2 21 9 10 10 9 9 21 6 10 10 7 6 7 2 10 6 2 23 6
split_gain=3706.4 183.905 110.001 39.2722 42.176 39.6467 20.3106 14.3647 12.1212 10.8354 9.73139 8.96056 11.8236 8.42578 8.11882 6.91076 4.38125 6.04748 14.4159 8.61923 4.99465 4.28693 4.13196 3.48675 5.34919 3.42363 2.9141 2.89922 2.28626 4.56746 2.20515 1.48045 1.21956 1.12768 1.1145 0.888289 0.739047 0.610524 0.444402 0.816647 0.378668 0.370308 0.210523 0.158284
threshold=0.099711906164884581 1.0000000180025095e-35 0.44949495792388922 0.56336912512779247 1.0000000180025095e-35 0.68599441647529613 0.12132352963089944 0.5914268195629121 1.0000000180025095e-35 0.4083333313465119 0.84292763471603405 0.64346247911453258 0.96168524026870739 0.84292763471603405 0.79784947633743297 0.2152509689331055 0.84764185547828685 0.4083333313465119 0.2152509689331055 0.598850578069687 0.32986950874328619 0.66987180709838878 0.44189286231994634 0.51094213128089916 0.53278529644012462 0.42481203377246862 0.93440860509872448 0.30384616553783422 0.080128207802772536 0.7243877947330476 0.8989795744419099 0.26491229236125952 0.598850578069687 0.58571431040763866 0.240384615957737 0.63453349471092235 0.83047896623611461 0.21164613962173465 0.70000678300857555 0.86607143282890331 0.83047896623611461 0.18297153711318973 0.77435165643692028 0.72255688905715953
decision_type=2 2 2 2 2 2 2 2 2 2 2 2 2 2 2 2 2 2 2 2 2 2 2 2 2 2 2 2 2 2 2 2 2 2 2 2 2 2 2 2 2 2 2 2
left_child=1 2 10 4 5 6 -2 8 -3 -9 26 12 15 21 25 -7 17 18 -6 42 -21 32 41 -23 36 28 40 -12 29 37 -15 38 -4 -30 -28 -36 -25 -8 -10 -40 -1 -17 -20 -34
right_child=3 7 13 -5 16 11 14 9 31 -11 27 -13 -14 30 -16 22 -18 -19 19 20 -22 23 -24 24 -26 -27 34 -29 33 -31 -32 -33 43 -35 35 -37 -38 -39 39 -41 -42 -43 -44 -45
leaf_value=-0.038515069559778799 0.067479475069376058 0.051587607681923685 0.0080025125899389499 0.056978068586814229 0.058638580693104167 0.031973111290909996 -0.00031182200337778932 -0.026536598170293375 -0.040374154247924857 0.082943218269162206 -0.015891585264746641 0.061653664491976283 0.058572529759891287 0.019951422861799076 0.02323240322805039 -0.012603126032788388 0.05458736609067362 0.059559453004414065 -0.011597542719871094 -0.0026874024310412146 0.053716945908218829 0.033951758562747 0.014298207064311593 -0.034589286452720407 0.020755988800797751 0.014433027611532716 -0.022987937192807752 0.029337738783996203 -0.040379621739654467 0.038312033653574946 0.046790329327840344 0.0093557769747638873 0.046337892550932507 -0.0055803427200573482 0.028057452301904321 -0.00700217217582552 -0.0030900258723608564 -0.032602136124971766 -0.026964900739992019 0.0059000922523654714 -0.0077285187323095838 -0.037728727838475529 -0.031891326486161067 0.022919539786654741
leaf_weight=61.98742278944701 3.6467665880918494 1.4528408497571934 3.9985334668308523 946.53189078904688 11.03635221719742 10.411328405141832 1.4853709861636186 2.1428334377706046 1729.2035281360149 1.8367442814633248 2.9547987300902596 19.261592736467719 11.034118592739103 8.4281182661652547 4.8634186889976254 3.9373817145824415 137.74583573639393 12.940143067389725 3.9581739287823456 4.2765816655009967 4.4170014411211014 3.1098758913576594 5.5664962008595467 5.6262944089248759 5.1803163066506386 2.1119095999747506 1.4989236313849676 4.3880198709666729 21.407663066871468 1.4290935210883615 49.055729955434799 0.48777824733406205 5.5183333093300444 2.2633157111704341 1.2695255465805533 1.4518580865114925 2.0665743872523308 4.0658012330532074 2.1584756411612025 1.2006310522556307 1.5506036262959231 3.5433806069195271 4.7194406017661095 5.8224305957555771
leaf_count=5198 15 6 49 4441 49 47 9 130 151884 22 52 89 46 48 78 47 618 65 45 74 19 76 29 212 49 34 69 46 999 43 211 20 54 60 48 39 22 180 130 37 62 44 58 41
internal_value=-0.00131039 -0.0362106 0.0042472 0.0530636 0.0393743 0.0175156 -0.0117614 -0.0400276 -0.0402069 0.029699 -0.0311347 0.0398722 0.0262018 0.0342269 -0.0210931 0.00903987 0.0507888 0.0370496 0.0249832 0.00135545 0.0281428 0.0165692 -0.00994879 0.00148039 -0.00795751 -0.0282846 -0.0358446 0.0109345 -0.0317173 -0.00913095 0.0433321 -0.0403159 0.0309936 -0.0375755 -0.00209496 0.0114228 -0.0279165 -0.025939 -0.0403376 -0.0156417 -0.0379571 -0.0280214 -0.0252028 0.0374704
internal_weight=3123.04 1902.39 163.907 1220.65 274.121 95.0276 41.2733 1738.48 1734.5 3.97958 75.1012 53.7543 34.4927 88.8062 37.6266 23.4586 179.094 41.3477 28.4075 17.3712 8.69358 31.3224 13.0473 15.9831 12.8732 32.7632 67.7583 7.34282 30.6512 6.98027 57.4838 1733.05 15.3393 23.671 4.22031 2.72138 7.69287 5.55117 1732.56 3.35911 63.538 7.48076 8.67761 11.3408
internal_count=165594 158505 6276 7089 2648 1720 1418 152229 152077 152 5514 302 213 762 1403 167 928 310 245 196 93 503 120 359 283 1325 5416 98 1291 232 259 152071 144 1059 156 87 234 189 152051 167 5260 91 103 95
is_linear=0
shrinkage=0.04


Tree=28
num_leaves=49
num_cat=0
split_feature=1 13 10 2 24 19 9 6 0 8 19 10 6 21 1 9 8 6 5 21 8 2 28 10 1 6 9 8 9 9 11 21 9 21 6 0 0 6 6 0 0 10 2 6 9 8 8 10
split_gain=3515.04 180.028 102.981 38.4066 39.7494 36.7623 22.2058 12.6936 11.7267 9.31718 8.72385 7.77849 4.64547 6.664 5.99969 4.48612 11.6555 6.64174 4.433 6.34732 4.37913 14.4777 4.19531 4.70052 3.74469 5.50936 3.41206 4.10618 4.64459 3.10283 2.55499 2.46946 1.92608 1.37131 1.28071 2.63551 0.933123 0.900302 0.858248 1.79829 1.35866 0.751252 0.666747 0.63851 0.549583 0.428257 0.832141 0.0702325
threshold=0.099711906164884581 1.0000000180025095e-35 0.44949495792388922 0.56336912512779247 1.0000000180025095e-35 0.74175426363945018 0.12132352963089944 0.81530213356018078 1.0000000180025095e-35 0.89699381589889537 0.68599441647529613 0.76388889551162731 0.69504830241203319 0.54772728681564342 0.43283110857009893 0.91476997733116161 0.91366460919380199 0.84680575132370006 1.0000000180025095e-35 0.070197045803070082 0.17267081141471866 0.25621344149112707 1.0000000180025095e-35 0.43650794029235845 0.25371789932250982 0.49253065884113317 0.86391696333885204 0.75931033492088329 0.69504830241203319 0.9607692062854768 0.56711712479591381 0.36602871119976049 0.93440860509872448 0.2788888961076737 0.90070420503616344 0.76780930161476146 0.68757459521293651 0.83047896623611461 0.88067796826362621 0.80084761977195751 0.99999997019767772 0.30384616553783422 0.11427757143974306 0.29679679870605474 0.97014260292053234 0.81661397218704235 0.78192934393882763 0.76388889551162731
decision_type=2 2 2 2 2 2 2 2 2 2 2 2 2 2 2 2 2 2 2 2 2 2 2 2 2 2 2 2 2 2 2 2 2 2 2 2 2 2 2 2 2 2 2 2 2 2 2 2
left_child=1 2 9 4 5 6 -2 24 -3 32 18 15 13 14 -7 16 17 26 33 -20 -6 30 23 -23 31 42 27 28 -4 -11 -22 43 37 47 35 -31 -28 -1 39 -17 -40 -39 -26 -8 -45 46 -29 -10
right_child=3 8 11 -5 20 12 7 -9 10 29 -12 -13 -14 -15 -16 38 -18 -19 19 -21 21 22 -24 -25 25 -27 36 45 -30 34 -32 -33 -34 -35 -36 -37 -38 41 40 -41 -42 -43 -44 44 -46 -47 -48 -49
leaf_value=-0.038406015811371215 0.068486351912743854 0.050254164968870953 0.040468949472532358 0.055934773737743256 0.057647792715408645 0.033810823102451704 0 0.040224006326762714 -0.040351880431557512 0.031890185880806735 0.052103725019832979 0.051171583306789191 0.062632384364494018 0.04813671976822554 -0.016674197721366423 0.0071033253036928848 -0.037247675435447922 0.073115325579676468 -0.031712268084725923 0.042549007243303114 0.022685354997713826 0.0034729847154545547 0.053707835503627691 0.05092528316836803 -0.0050110119526945726 0.020983034494044026 -0.02881171932301704 0.033829326082349502 -0.029885771823146653 -0.023853924678029104 -0.006853835722489203 0.015699593778158754 0.0026051783166338729 0.0071905324668365524 -0.029389787294633513 0.033045370221695521 0.004688172334807921 -0.023477141807515159 0.047350209308151592 0.034642770172974957 0.023377228813319884 0.0078235641617299453 -0.033224217505800159 -0.036686454076805319 0 0.05888471070121009 -0.0030644603845775002 -0.015203859555813937
leaf_weight=59.298611369915307 4.6462724208831778 1.4581536352634419 1.3907045088708416 926.05224191956222 77.610951244831085 6.623522402718665 0.8325314661487998 4.8107287203893057 1660.6232042815536 3.4539579320698959 0.79187129437923331 26.510450065135956 14.354450255632399 16.724079772830009 6.4581537656486034 8.5839201286435145 5.454280048608779 2.7878625318408004 3.9178803600370875 1.9365499820560215 8.2466231519356388 7.8162934072315675 68.803666761144996 5.3398580010980368 2.6587834339588863 6.0571996066719285 2.4058493673801418 1.0822283718734982 3.0127721326425672 1.6289023049175742 8.4904424389824253 1.0061054024845351 1.6763992868363846 0.54940149560570617 2.2655895762145519 1.5621795803308485 1.489371472969651 1.5569677036255591 13.115947455167772 7.8336660191416732 11.588358119130133 1.3882461134344337 5.4949134578928351 23.458216591738168 0.86429784912615915 2.4403743539005518 1.2304738890379665 2.2641398943960658
leaf_count=5171 19 6 26 4441 356 41 31 50 151699 59 4 118 63 72 43 63 54 16 294 42 38 81 364 26 21 63 65 36 129 75 63 19 64 22 11 24 31 62 56 38 47 48 122 1158 18 32 51 162
internal_value=-0.00129871 -0.0360981 0.00415003 0.0520106 0.0383948 0.0170697 -0.00642981 -0.0155364 -0.0399956 -0.0308568 -0.0401068 0.0328895 0.0432297 0.0320258 0.00918916 0.0243768 0.00866161 0.0259809 -0.0401841 -0.0039405 0.0495801 0.0426814 0.0495479 0.0252525 -0.0230891 -0.00565655 0.0111415 0.0239269 -0.00354873 0.00645984 0.0079335 -0.0318545 -0.0361398 -0.0403068 -0.0114636 0.00428494 -0.0168445 -0.0372712 0.0320207 0.021708 0.0376075 -0.00946608 -0.0260138 -0.0344369 -0.0355701 0.0462693 0.0179929 -0.0403292
internal_weight=3029.65 1833.3 161.757 1196.35 270.297 93.9893 49.829 45.1828 1671.54 72.8309 1670.08 88.9263 44.1602 29.8058 13.0817 62.4158 21.2939 15.8396 1669.29 5.85443 176.308 98.6969 81.9598 13.1562 40.372 14.2109 13.0518 9.15655 4.40348 8.91063 16.7371 26.1612 63.9202 1663.44 5.45667 3.19108 3.89522 62.2438 41.1219 16.4176 24.7043 2.94521 8.1537 25.155 24.3225 4.75308 2.3127 1662.89
internal_count=165594 158505 6276 7089 2648 1720 1501 1482 152229 5514 152223 762 219 156 84 644 440 386 152219 336 928 572 471 107 1432 206 370 274 155 169 101 1226 5345 151883 110 99 96 5281 204 101 103 110 143 1207 1176 119 87 151861
is_linear=0
shrinkage=0.04


Tree=29
num_leaves=49
num_cat=0
split_feature=1 13 10 2 20 24 18 19 9 28 6 6 10 7 7 19 21 7 21 1 11 23 2 2 9 18 19 11 9 23 20 21 6 2 6 10 18 23 7 9 6 2 10 6 10 10 7 7
split_gain=3334.88 176.439 96.6566 37.7888 37.4194 16.6848 14.0751 13.3583 13.0887 12.3202 11.8342 11.4324 9.75963 9.32105 7.39003 4.65732 4.49215 4.3847 6.54001 4.50559 3.85788 3.20618 3.20322 4.92802 2.86805 2.82888 4.33269 2.51505 1.99829 1.83139 1.82062 1.54742 1.1703 6.67081 1.13677 1.06654 0.961295 2.04802 0.868432 0.801517 0.683427 0.46274 0.729596 0.386429 0.210973 0.174534 0.0368711 0.466784
threshold=0.099711906164884581 1.0000000180025095e-35 0.44949495792388922 0.56336912512779247 0.6926884949207307 1.0000000180025095e-35 0.5914268195629121 0.74175426363945018 0.12132352963089944 1.0000000180025095e-35 0.82426470518112194 0.069570478051900878 0.4083333313465119 0.84292763471603405 0.84292763471603405 0.68599441647529613 0.36602871119976049 0.63453349471092235 0.54772728681564342 0.43283110857009893 0.66987180709838878 0.36256869137287145 0.35746769607067114 0.53278529644012462 0.93440860509872448 0.5265987515449525 0.491376742720604 0.98936170339584362 0.8989795744419099 0.73743686079978954 0.84764185547828685 0.2788888961076737 0.2152509689331055 0.4462836235761643 0.598850578069687 0.240384615957737 0.65240275859832775 0.82063376903533947 0.63453349471092235 0.37668919563293463 0.83047896623611461 0.70000678300857555 0.86607143282890331 0.83047896623611461 0.68333333730697643 0.64583334326744091 0.34330357611179357 0.3310502320528031
decision_type=2 2 2 2 2 2 2 2 2 2 2 2 2 2 2 2 2 2 2 2 2 2 2 2 2 2 2 2 2 2 2 2 2 2 2 2 2 2 2 2 2 2 2 2 2 2 2 2
left_child=1 2 13 4 9 7 11 8 -6 15 25 -3 -8 24 20 16 21 18 19 -9 34 -2 -22 40 43 26 -10 -15 -16 -11 32 41 -7 -34 -4 -26 -27 -38 -37 -23 -24 -13 -43 46 -30 -36 47 -1
right_child=3 6 14 -5 5 30 12 17 10 29 -12 31 -14 27 28 -17 -18 -19 -20 -21 22 39 23 -25 35 36 -28 -29 44 -31 -32 -33 33 -35 45 38 37 -39 -40 -41 -42 42 -44 -45 -46 -47 -48 -49
leaf_value=-0.023469313622852886 0.02365785545611597 0.048991275954054551 0.0070339231128006361 0.054960976056384551 0.063061823907038642 0.051422391246749861 -0.025891435391947333 0.029019037031462989 -0.025080754739842125 0.05578568207265662 0.055066409526240381 -0.040330158997249115 0.078771504934249642 -0.0090876660800598714 0.018267332312354393 0.041021643279916302 0.03104350053336058 0.060951745688117794 0.046491360754580005 -0.013717144828653218 0.031631439723926284 0.00044160027373086935 -0.034347965840571489 0.018989383639838538 -0.022720577128378921 -0.034579302902683969 0.030818387573135392 0.032594981719413718 0.034948099774053935 0.012825641448943343 0.052297946564552424 0.010976286679349521 0.003812300044748584 0.048516912874862823 0.02157526578872937 0.027422987347468303 0.002694185816012233 -0.030507522585588434 -0.0071002254729028861 -0.038486249834095994 -0.0035971876762341264 -0.026285474325394031 0.0049626496535317517 -0.0074173364132011687 0.049162989805678514 0.043786264263781495 -0.038952785277727629 0.0048422954378002396
leaf_weight=1.6145127117633813 0.77095516398550401 1.4616130888462056 4.0630933716893223 905.20139082707465 4.4576539397239676 9.2142050564289111 2.0133129311725493 7.1579414661973733 3.067569828592247 2.827960178256034 3.5294021200388661 1598.1255940990523 1.8851785548031328 4.1803003679960957 8.4727122634649259 0.79290887527167697 1.0899172984063614 12.667595222592352 16.789105527102947 6.6552943289279938 3.2217963458970216 0.652802605181935 5.4317476889118534 5.2897325940430164 1.4636049810796965 7.1533258799463537 3.8588606733828783 3.2259811200201511 22.165325738489628 4.6688134074211121 132.9246689081192 0.43732463102787633 9.9752935618162173 11.558005101978777 6.1418141517788154 1.289825910702348 5.7783059105277044 4.4568407014012337 1.4568127691745756 16.576394770294428 2.0951627418398857 2.0263585299253455 1.2258880808949473 1.5277405120432366 26.572213411331177 5.4397607147693634 55.232069480232894 0.68738417886197556
leaf_count=137 29 6 49 4441 18 42 130 42 72 36 20 151888 22 63 48 9 19 56 73 44 76 15 212 49 69 147 64 35 97 56 618 16 53 53 64 48 63 76 39 1043 22 130 37 62 114 31 5003 58
internal_value=-0.00128437 -0.0359822 0.00408832 0.0510118 0.0374338 0.0424874 -0.0399632 0.0262628 0.00634086 -0.00652383 -0.00447251 -0.0401534 0.0296522 -0.0305573 0.0317127 -0.0229563 -0.0277224 0.0405655 0.0303385 0.00862248 0.0153168 -0.0329378 0.000993536 -0.00815055 -0.0354892 -0.0151067 0.0055163 0.01031 0.0403049 0.0341602 0.0497494 -0.0402677 0.0373055 0.0290733 0.0288184 -0.00203917 -0.0233923 -0.0128359 0.0110365 -0.0368486 -0.0276831 -0.0402911 -0.0151692 -0.0377334 0.0436113 0.0349765 -0.0383296 -0.0148975
internal_weight=2938.57 1766.75 159.572 1171.83 266.624 239.244 1607.18 75.5719 32.302 27.3798 27.8443 1603.28 3.89849 70.6782 88.8934 19.883 19.0901 43.2699 30.6023 13.8132 31.6831 18.0002 16.0384 12.8166 63.272 24.3149 6.92643 7.40628 57.2103 7.49677 163.672 1601.82 30.7475 21.5333 15.6447 4.21024 17.3885 10.2351 2.74664 17.2292 7.52691 1601.38 3.25225 59.0617 48.7375 11.5816 57.534 2.3019
internal_count=165594 158505 6276 7089 2648 1441 152229 675 460 1207 442 152077 152 5514 762 1115 1106 215 159 86 503 1087 359 283 5416 422 136 98 259 92 766 152071 148 106 144 156 286 139 87 1058 234 152055 167 5260 211 95 5198 195
is_linear=0
shrinkage=0.04


Tree=30
num_leaves=47
num_cat=0
split_feature=1 13 8 2 24 19 6 18 6 9 0 9 6 19 6 8 8 2 11 22 28 6 7 6 2 2 11 6 9 7 1 22 11 6 8 8 7 11 11 0 7 2 11 11 11 24
split_gain=3165.94 172.77 75.653 37.1675 35.2754 31.9312 17.1516 13.7209 11.6071 12.5396 11.1085 10.8225 7.81054 8.41495 7.49574 6.3195 4.5918 13.9062 4.56703 4.32542 3.96314 3.96105 3.73219 3.92231 3.46702 3.04511 2.31872 2.29498 2.20499 2.11383 1.79019 1.53745 1.17809 1.12146 1.04036 5.13072 1.01 1.01653 0.933801 0.894571 0.489193 0.479613 0.148327 1.05922 0.0431178 0.011422
threshold=0.099711906164884581 1.0000000180025095e-35 0.89699381589889537 0.56336912512779247 1.0000000180025095e-35 0.68599441647529613 0.069570478051900878 0.5914268195629121 0.81530213356018078 0.87841832637786876 1.0000000180025095e-35 0.8989795744419099 0.74133810400962841 0.80608585476875316 0.79784947633743297 0.90259328484535228 0.17267081141471866 0.25621344149112707 0.46720430254936224 0.42481203377246862 1.0000000180025095e-35 0.2152509689331055 0.85145786404609691 0.96824595332145702 0.53278529644012462 0.62731361389160167 0.56711712479591381 0.56980520486831676 0.93440860509872448 0.33568075299263006 0.32986950874328619 0.2788888961076737 0.92637759447097789 0.78319624066352855 0.48074074089527136 0.43534001708030706 0.34330357611179357 0.57294833660125744 0.80707195401191723 0.81607216596603405 0.48683299124240881 0.70000678300857555 0.53001201152801525 0.5039682686328889 0.52419984340667736 1.0000000180025095e-35
decision_type=2 2 2 2 2 2 2 2 2 2 2 2 2 2 2 2 2 2 2 2 2 2 2 2 2 2 2 2 2 2 2 2 2 2 2 2 2 2 2 2 2 2 2 2 2 2
left_child=1 2 8 4 5 6 -2 10 24 -10 -3 25 13 18 19 40 -6 26 -7 34 30 -15 27 -24 28 39 -18 -13 36 -20 -19 41 -11 -29 35 -8 37 -1 -39 -4 -9 -12 43 -38 -45 -5
right_child=3 7 11 45 16 12 14 15 9 32 31 22 -14 21 -16 -17 17 20 29 -21 -22 -23 23 -25 -26 -27 -28 33 -30 -31 -32 -33 -34 -35 -36 -37 42 38 -40 -41 -42 -43 -44 44 -46 -47
leaf_value=-0.021586068973434222 0.054355538324192432 0.047793370889065878 -0.003496352786724573 0.050000601024295419 0.055580134128675573 -0.028608139595270036 -0.034314676101579643 0.0058645076459044104 0.061691188430136441 0 -0.040308942093756843 -0.008678172758593233 0.061851279587925641 0.057524681224937486 0.02111588008262549 0.070804651501439789 0.020464719886100258 0.0072810211974916206 0.034128328774620909 0.020917204963171926 0.051285674502859355 0.021791703900129394 0.0610474800555207 0.033392932078348862 0.017982998511587956 0.015951658237883543 -0.0076844170921078342 0.032915228280090296 0.011892748450445951 0 0.038219653283676019 0.010814527797101429 -0.033125214098715119 0.0076260076378282839 -0.037047383871469268 0.034939377927419593 -0.027441049386445551 0.035185308764067225 -0.010640733186924279 -0.035507111632512002 -0.023257154421023083 -0.01489261114996198 -0.03542366703463494 0 0.0091690493539708911 0.05493848764332613
leaf_weight=1.3517794366925948 4.5877192020416251 1.463340789079665 2.9499906878918392 170.22970991581678 74.540952205657959 4.329525798559188 4.4247654937207761 0.64219869021326248 4.0229532029479724 2.7367336759343743 1536.2546616224572 3.2099521895870593 13.800854265689848 11.048629462718965 4.8991776304319492 1.6990993656218054 8.2254132265225071 6.9855350451543909 4.4925048686563951 1.8597105927765358 66.773770184256136 12.748791411519049 14.254377767443655 37.364120006561279 1.5884526185691346 4.7656107395887375 8.4511000486090762 10.032944071106611 1.1916771810501803 6.5094085466116667 5.941143810749054 0.44099459331482549 3.5388284586369991 5.3930974360555402 21.729332751594484 1.5286344867199657 5.4607593473047009 0.53679077140986897 0.49067243468016386 3.104161599650979 1.5560207292437551 3.2062674993649116 53.895580370910466 1.0210463488474486 0.53390639461576928 713.85770020633936
leaf_count=114 19 6 52 853 356 37 170 37 68 77 151888 60 65 47 78 16 38 79 31 33 364 60 68 159 36 21 63 92 43 62 28 16 92 47 1065 53 494 41 42 33 99 167 4615 82 40 3588
internal_value=-0.00126977 -0.0358669 0.00400447 0.0500738 0.0365328 0.0162455 -0.0109858 -0.0399319 -0.0243722 0.0137896 -0.040127 0.0307543 0.0362309 0.0257787 -0.0210904 0.0288512 0.0472667 0.0402911 0.00206749 -0.0286829 0.0471776 0.0401938 0.0364286 0.0421208 -0.030497 -0.00571639 0.00634567 0.0191165 -0.0320088 0.0158502 0.0235111 -0.0402441 -0.0206266 0.0253199 -0.0327675 -0.0134898 -0.0330697 -0.00371535 0.0168736 -0.0231832 -0.0143252 -0.0402683 -0.0340732 -0.0200746 0.00484477 0.0540498
internal_weight=2849.67 1702.71 157.443 1146.96 262.877 91.9591 39.0293 1545.26 76.3692 10.2985 1541.37 81.0743 52.9297 39.1289 34.4416 3.89732 170.918 96.377 15.3314 29.5424 79.7004 23.7974 70.2545 51.6185 66.0707 10.8198 16.6765 18.636 64.4822 11.0019 12.9267 1539.9 6.27556 15.426 27.6827 5.9534 63.2905 2.37924 1.02746 6.05415 2.19822 1539.46 60.9113 7.01571 1.55495 884.087
internal_count=165594 158505 6276 7089 2648 1720 1418 152229 5744 237 152077 532 302 237 1399 152 928 572 130 1321 471 107 426 227 5507 106 101 199 5471 93 107 152071 169 139 1288 223 5428 197 83 85 136 152055 5231 616 122 4441
is_linear=0
shrinkage=0.04


Tree=31
num_leaves=51
num_cat=0
split_feature=1 13 10 2 20 8 10 19 18 0 10 7 10 28 7 8 8 11 7 9 1 19 9 8 8 11 0 9 11 21 21 10 9 7 0 11 0 10 7 2 18 2 5 2 0 7 25 8 7 7
split_gain=3006.57 169.293 86.6228 36.7165 33.4366 19.5326 33.7705 14.2703 13.4026 10.7972 8.75668 8.60127 7.24328 5.5996 4.29833 4.085 4.74535 3.53979 3.99605 16.8832 3.25746 3.34624 3.11839 11.3308 4.56816 4.64908 4.82846 2.78438 2.26286 1.90992 1.52759 1.49863 2.90276 1.38434 1.52387 1.21304 1.21052 1.00933 0.823438 0.771419 0.538393 0.504745 0.717114 0.461916 0.46019 0.262058 0.136414 0.0412214 0.0225722 0.45345
threshold=0.099711906164884581 1.0000000180025095e-35 0.44949495792388922 0.56336912512779247 0.84764185547828685 0.17267081141471866 0.44949495792388922 0.74175426363945018 0.5914268195629121 1.0000000180025095e-35 0.4083333313465119 0.84292763471603405 0.76388889551162731 1.0000000180025095e-35 0.84680575132370006 0.82097071409225475 0.71834936738014232 0.40778534114360815 0.29679679870605474 0.7243877947330476 0.40217100083827978 0.38901458680629736 0.91476997733116161 0.91366460919380199 0.84680575132370006 0.64051282405853283 0.51094213128089916 0.93440860509872448 0.98936170339584362 0.29520697891712194 0.2788888961076737 0.080128207802772536 0.76123407483100902 0.86526826024055492 0.99999997019767772 0.89379698038101207 0.80084761977195751 0.240384615957737 0.63453349471092235 0.15667484700679782 0.38377965986728674 0.70000678300857555 1.0000000180025095e-35 0.13020028173923495 0.68757459521293651 0.68614074587821972 1.0000000180025095e-35 0.76817703247070324 0.34330357611179357 0.3310502320528031
decision_type=2 2 2 2 2 2 2 2 2 2 2 2 2 2 2 2 2 2 2 2 2 2 2 2 2 2 2 2 2 2 2 2 2 2 2 2 2 2 2 2 2 2 2 2 2 2 2 2 2 2
left_child=1 2 11 4 5 -2 7 14 9 -3 -10 27 22 17 20 16 -8 -6 -19 -20 21 -7 23 24 25 -4 35 48 -13 47 41 32 43 36 -35 -27 -24 -29 -39 -33 -41 -11 -43 -23 -28 -21 -5 -18 49 -1
right_child=3 8 12 46 13 6 15 -9 10 30 -12 28 -14 -15 -16 -17 29 18 19 45 -22 31 33 -25 -26 26 44 37 -30 -31 -32 39 -34 34 -36 -37 -38 38 -40 40 -42 42 -44 -45 -46 -47 -48 -49 -50 -51
leaf_value=-0.02312174638627475 0.055870891175165367 0.046655410274637731 0.056770691645110713 0.049047310432552504 0.0070852928063044641 0.014131444986491968 0.047343196274831752 0.025488961045364716 -0.025536400776743476 -0.040288239163045948 0.073588636023912996 -0.0095228766639461823 0.047632112627949745 0.051716895511718812 0.03472911404700757 0.062258871897076455 -0.025006474742615314 0.051127291844942427 -0.019715610351319614 0.030186632115132134 0.0052258174732771976 0 0.005115211599978361 -0.037213136945389011 0.051487339678511601 0 -0.032882737571212593 -0.022559767027432485 0.02965137743138269 0.020034423504655421 0.010654687594361608 0 0.02299898735174942 0.043808338383158826 0.019994450065087061 0.043170072761847027 0.027721657565961327 0.026075175112078255 -0.0072533436565748741 -0.0043859800103976465 -0.039629121730427264 -0.025863583288467749 0.0051976784133966501 -0.032791392351089743 0 0.053374493439219017 0.054113986968352318 -0.0052012150183592797 -0.038138752532201711 0.0048018838097256804
leaf_weight=1.5635608760640018 14.945336319506167 1.4634545892477024 1.4115788340568567 166.68815294094384 7.4994456358253947 1.9716873327270139 5.8430666141212004 11.936029484495519 1.9459569584578269 1476.7609639521688 1.9481671154499052 4.203065648674964 25.841363504528999 111.46870428323746 1.0996180614456523 11.841210746206341 1.6201467020437124 22.837380584329367 8.2757713608443755 7.9279019609093693 4.3975734263658515 0.90278403554111619 8.8097525332123059 5.3735280893743029 5.6286135241389266 1.8249949291348442 4.1867166757583618 1.4429857376962889 3.325912106782198 2.5457490831613541 0.44463391695171495 0.90871513355523603 1.7551000090315936 13.702372327446939 11.508680790662764 1.7156894486397503 7.5021018683910361 1.3346401862800124 1.4672539159655569 1.2529172925278569 23.663757218979299 1.9491498041898003 1.2186404410749674 3.532692520879209 1.0305749922990797 11.333996802568434 696.11900748312473 1.5589294666424391 53.019976020790637 0.68886917829513539
leaf_count=137 73 6 42 853 39 46 64 73 130 151888 22 63 118 541 10 66 43 106 55 41 54 33 64 54 55 54 178 69 35 14 16 28 37 58 47 29 35 48 39 56 1018 130 37 160 28 53 3588 38 5065 58
internal_value=-0.00125585 -0.0357455 0.00390688 0.0491839 0.0356503 0.0156085 0.00688369 -0.0112487 -0.0399003 -0.0401007 0.0281404 -0.0301094 0.0297599 0.0460978 -0.0228084 0.0457067 0.0248394 0.0345125 0.0383004 0.026104 -0.0253982 -0.029511 0.0216984 0.00838934 0.0254304 0.007332 -0.0052277 -0.0351561 0.00876085 -0.00115886 -0.0402206 -0.0326664 -0.0114805 0.0280334 0.0342676 0.026214 0.0167441 -0.00231328 0.0102529 -0.0369785 -0.0382489 -0.0402458 -0.0145746 -0.027581 -0.0279931 0.045989 0.0531977 -0.0198202 -0.0375214 -0.0145012
internal_weight=2763.24 1641.31 155.582 1121.93 259.119 89.7753 74.83 51.4209 1485.73 1481.84 3.89412 67.0463 88.536 169.343 39.4848 23.4091 11.5679 57.8745 50.3751 27.5377 38.3852 33.9877 62.6946 21.1717 15.7982 10.1696 8.75798 59.5173 7.52898 5.72483 1480.37 32.016 6.19058 41.5229 25.2111 3.54068 16.3119 4.24488 2.80189 25.8254 24.9167 1479.93 3.16779 4.43548 5.21729 19.2619 862.807 3.17908 55.2724 2.25243
internal_count=165594 158505 6276 7089 2648 1813 1740 1515 152229 152077 152 5514 762 835 1442 225 159 294 255 149 1432 1378 644 440 386 331 289 5416 98 95 152071 1332 230 204 105 83 99 156 87 1102 1074 152055 167 193 206 94 4441 81 5260 195
is_linear=0
shrinkage=0.04


Tree=32
num_leaves=51
num_cat=0
split_feature=1 13 10 2 20 8 10 18 19 0 7 10 10 28 7 24 22 19 11 7 1 9 9 9 23 11 7 1 7 0 0 7 11 11 2 22 20 19 23 2 22 0 10 7 24 2 5 11 7 7
split_gain=2856.34 165.884 81.3583 36.3524 31.8459 18.8327 29.4621 13.065 11.7486 10.4979 8.39197 8.18342 6.88681 5.33629 3.91097 4.60604 5.23093 3.54502 5.23396 3.06103 3.16608 2.86178 5.09563 2.76391 2.15034 2.10371 2.0399 1.80248 1.69942 4.48835 2.82486 3.67517 2.22744 2.2233 2.08952 1.51786 1.22194 1.04727 3.60236 1.12141 1.13982 1.04723 0.969791 0.775265 0.701769 0.520997 0.696564 0.108148 0.0315822 0.442269
threshold=0.099711906164884581 1.0000000180025095e-35 0.44949495792388922 0.55470266938209545 0.84764185547828685 0.17267081141471866 0.4083333313465119 0.5914268195629121 0.74175426363945018 1.0000000180025095e-35 0.84292763471603405 0.4083333313465119 0.76388889551162731 1.0000000180025095e-35 0.81284341216087352 1.0000000180025095e-35 0.39009661972522741 0.84918582439422619 0.49489796161651617 0.83752354979515087 0.43283110857009893 0.81725418567657482 0.69504830241203319 0.93440860509872448 0.38814750313758856 0.98936170339584362 0.29679679870605474 0.19251272827386859 0.84680575132370006 0.87729144096374523 0.61911734938621532 0.73765182495117199 0.66987180709838878 0.88516482710838329 0.53278529644012462 0.2788888961076737 0.91458967328071605 0.58470535278320324 0.60829037427902233 0.43200097978115087 0.3514705896377564 0.5078147053718568 0.240384615957737 0.63453349471092235 1.0000000180025095e-35 0.70000678300857555 1.0000000180025095e-35 0.74322345852851879 0.34330357611179357 0.3310502320528031
decision_type=2 2 2 2 2 2 2 2 2 2 2 2 2 2 2 2 2 2 2 2 2 2 2 2 2 2 2 2 2 2 2 2 2 2 2 2 2 2 2 2 2 2 2 2 2 2 2 2 2 2
left_child=1 2 10 4 5 -2 8 9 19 -3 23 -9 21 17 15 16 27 18 -6 20 24 22 -4 48 -7 -12 -19 -8 30 -30 33 34 -33 -23 -32 45 -20 -26 -39 -40 -41 -24 -25 -44 -5 -11 -47 -43 49 -1
right_child=3 7 12 44 13 6 14 11 -10 35 25 -13 -14 -15 -16 -17 -18 26 36 -21 -22 28 41 42 37 -27 -28 -29 29 -31 31 32 -34 -35 -36 -37 -38 38 39 40 -42 47 43 -45 -46 46 -48 -49 -50 -51
leaf_value=-0.022875667758319854 0.054074594425191254 0.045572828987465661 0.040143670289261031 0.047711446380416293 -0.0057731422989762927 0.0024209021323773924 -0.031739592099614709 -0.0252765307863283 0.022252452573988321 -0.040268018245335713 -0.0092598376190200747 0.070602127156613737 0.04624479327464763 0.050648705227965982 0.063152539141870148 0.047607172834107744 0.048289826402195882 0.055310290593944135 0.018231717829507853 0.026852823524777546 0.0080428518531995112 -0.031118729507671809 0.0050948210851937967 -0.022312913140488097 -0.040031178339262133 0.028432124966087057 0.027730601156572429 0.0082994472961683691 0.053079691921911483 0.018844069535834215 0.014698412754785164 0.021873171571633602 -0.012040387329212877 0.018032282063083608 0.05796191006364125 0.010496764275514478 0.041967160678553113 0.020608666594309221 -0.03864510413244792 -0.023157328303108571 0.0095770426351296928 -0.0067937099748809409 0.025116686688684497 -0.007108837633997455 0.053349062760615351 -0.025596598294570141 0.0050746343538119257 -0.032649871999056106 -0.038036633385846792 0.0047143227014776442
leaf_weight=1.5286311479285353 14.859089769423006 1.4620684087276448 2.3256628159433586 166.3274730425328 7.5025572739541557 2.8355978699401012 3.4593886053189653 1.8985673319548362 11.313380416482685 1419.5550716621801 4.1784744206815949 1.9907635245472191 25.587098263204098 105.51874244213104 8.6918299868702871 6.6579522956162691 1.8278971984982488 14.404977381229402 10.042390421032907 1.0528847090899933 3.5760401543229809 2.649703633971515 1.4696394139900801 1.4122782181948412 15.447169590741398 3.3717221524566412 12.530189104378222 2.2333553303033113 9.3016287200152892 21.842725396156311 4.7267121775075811 4.7756586987525207 5.621410584077239 1.5191288227215407 3.9908027350902557 0.44824227225035329 10.494800411164759 2.0002362271770826 7.2331312522292119 3.1198102226480842 1.9522100538015363 1.4247555350884793 1.3676280751824381 1.4577189944684503 683.68997246026993 1.9020864199846974 1.2224306641146541 3.1906980387866497 51.077701631002128 0.6921048667281865
leaf_count=137 73 6 39 872 41 78 130 130 70 151888 63 22 118 522 43 37 9 65 67 13 43 81 44 69 853 35 57 25 45 91 69 27 69 29 22 16 52 42 274 94 13 34 48 39 3616 130 37 94 5065 58
internal_value=-0.00124117 -0.0356258 0.00383956 0.0483392 0.0344953 0.0145933 0.00568834 -0.0398695 -0.011925 -0.040075 -0.0298127 0.0273838 0.0287107 0.0450106 0.0421648 0.0257223 0.0025649 0.0334059 0.0218542 -0.0227295 -0.0249643 0.0208958 -0.000341328 -0.0349623 -0.0288371 0.00846127 0.0440754 -0.0165409 0.0241966 0.0305266 0.0146565 0.0210821 0.00373847 -0.0124106 0.0388422 -0.0401978 0.031932 -0.0319281 -0.020873 -0.0289588 -0.0103969 -0.0198609 -0.00225856 0.00993255 0.052308 -0.0402239 -0.014306 -0.0280118 -0.0373994 -0.0142412
internal_weight=2678.76 1581.99 153.512 1096.77 246.754 86.26 71.4009 1428.48 48.5305 1424.59 65.0863 3.88933 88.4256 160.494 22.8704 14.1786 7.52064 54.9749 28.0397 37.2171 36.1642 62.8385 8.41076 57.5361 32.5882 7.5502 26.9352 5.69274 54.4278 31.1444 23.2834 19.1146 10.3971 4.16883 8.71751 1423.13 20.5372 29.7526 14.3054 12.3052 5.07202 6.08509 4.23763 2.82535 850.017 1422.68 3.12452 4.61545 53.2984 2.22074
internal_count=165594 158505 6276 7089 2601 1797 1724 152229 1480 152077 5514 152 762 804 244 201 164 282 160 1410 1397 644 211 5416 1354 98 122 155 433 136 297 187 96 110 91 152071 119 1276 423 381 107 172 156 87 4488 152055 167 128 5260 195
is_linear=0
shrinkage=0.04


Tree=33
num_leaves=58
num_cat=0
split_feature=1 13 7 2 25 19 2 6 18 6 0 1 6 20 6 20 7 6 2 5 2 7 11 18 21 1 18 11 7 0 0 11 7 11 6 0 2 21 21 6 7 21 0 23 6 2 5 7 25 2 2 11 0 11 7 20 28
split_gain=2714.68 162.533 57.1483 35.9985 30.8876 26.3644 18.2846 13.4409 12.7353 11.0287 10.2099 5.85947 4.65751 6.75554 4.56352 4.28834 4.14504 3.62697 9.87656 3.23989 4.29818 3.23764 2.92465 2.78317 6.91053 2.54641 4.99106 3.95101 2.51294 9.77616 3.72961 3.60267 2.33923 2.08391 1.73847 1.72452 1.51497 1.50826 1.49032 1.92214 1.44689 1.25843 0.880361 0.623886 0.574316 0.536911 0.676588 0.464584 0.387954 0.36528 0.364093 4.27374 0.316927 0.260079 0.253218 0.184856 0.0813529
threshold=0.099711906164884581 1.0000000180025095e-35 0.84292763471603405 0.56336912512779247 1.0000000180025095e-35 0.74175426363945018 0.52799281477928173 0.069570478051900878 0.5914268195629121 0.76833632588386547 1.0000000180025095e-35 0.16783953458070758 0.69504830241203319 0.95270055532455455 0.2152509689331055 0.84764185547828685 0.71209660172462474 0.2152509689331055 0.30161525309085851 1.0000000180025095e-35 0.52298858761787426 0.73623713850975048 0.69883719086647045 0.501101315021515 0.29520697891712194 0.32986950874328619 0.43379870057106024 0.88516482710838329 0.75905716419219982 0.50300902128219616 0.60961154103279125 0.70412456989288341 0.34330357611179357 0.4246212244033814 0.94494947791099559 0.32731349766254431 0.48625682294368749 0.2788888961076737 0.19292803853750232 0.6291005313396455 0.89699381589889537 0.48529411852359777 0.6152867078781129 0.52512624859809887 0.85313725471496593 0.70000678300857555 1.0000000180025095e-35 0.47413024306297308 1.0000000180025095e-35 0.51369920372962963 0.39411346614360815 0.51564025878906261 0.62708222866058361 0.57294833660125744 0.83047896623611461 0.6569296419620515 1.0000000180025095e-35
decision_type=2 2 2 2 2 2 2 2 2 2 2 2 2 2 2 2 2 2 2 2 2 2 2 2 2 2 2 2 2 2 2 2 2 2 2 2 2 2 2 2 2 2 2 2 2 2 2 2 2 2 2 2 2 2 2 2 2
left_child=1 2 6 4 5 7 28 -2 10 23 -3 55 13 14 -7 17 47 -6 -19 20 40 -8 -23 24 38 26 -20 -28 30 -30 32 33 35 -32 -22 -1 52 45 -9 -40 -4 43 -33 -25 -44 -12 -47 -10 -5 54 -34 -52 -35 -37 -31 -11 -17
right_child=3 8 19 48 15 12 21 9 16 11 37 -13 -14 -15 -16 56 -18 18 25 -21 34 22 -24 41 -26 -27 27 -29 29 49 31 42 50 36 -36 53 -38 -39 39 -41 -42 -43 44 -45 -46 46 -48 -49 -50 -51 51 -53 -54 -55 -56 -57 -58
leaf_value=-0.021867396695986249 0.040962400884150901 0.044541487863093102 0.020634057373456503 0.047272444258352739 0.051559378087635922 0.032028027410768371 0.042559100831748929 -0.033305405517323299 0.0070099440097646749 -0.00058174801464437695 -0.040248243831363224 0.045129203549081981 0.056758996522110174 0.0509780793621211 -0.0056496937312021846 0.035925819966683106 0.057254255887116384 -0.018113707341604463 0.052801706736865642 0.046578788904626953 0.0041950651878766712 0.021314336966464068 -0.019242455852855639 -0.010438036404203497 0.056852783619768914 0.048512799566562431 -0.021650310858923789 0.028673709047013718 0.064510062561694156 -0.033307527707165427 -0.01804655981492775 0.0060451185193853788 -0.03763453846594373 0.0033192544437957391 0.023771143279440028 0.0006360638067391505 0 0.010340752108965377 -0.022295224693366738 0.030441829531001764 0.061605451692762339 0.00017580237501167465 -0.034786673830876101 -0.038399770015682122 0 -0.025330893067260961 0.0049545490005659136 -0.021553189669120024 0.052620975274573177 0 0.034986287795504216 -0.033508857595297002 0.047791585936624456 0.036809010572880427 -0.0042593196844400386 -0.025069140683976442 0.049826963123154155
leaf_weight=1.3876763777807348 7.1382453590631476 1.4592918008565892 4.0692946473136526 159.62425762973726 10.106411322951315 8.0544310659170204 5.7437069015577427 4.7500073611736315 0.60157467797398512 1.1009539430960997 1364.5506715970114 5.4752386007457972 13.495373070240019 10.378933817148207 11.017248369753359 15.970846518874167 1.9531587716192005 6.6775831738486913 3.4161942386999753 19.321676418185234 11.889274228364227 6.1591802993789297 3.696972775273025 2.786209821701056 1.2586324792355297 10.865982409566639 4.7950067101046425 3.3850269168615341 1.5268532671034316 4.5869465479627252 2.0641727047041041 0.63862766325473774 39.836256311275065 0.68662432581186328 23.058209717273712 0.75017833616584517 2.9103951454162598 0.45181938726454873 1.3530302084982397 1.0700611742213366 5.5206345617771149 1.4470252916216839 6.2383020017296076 18.553509633056819 0.90148704033344973 1.8565693562850347 1.2261384455487132 1.3292274465784428 660.4818311855197 0.83621748536825169 0.95859582163393398 5.3605427453294396 1.6337329307571051 0.50409124977886677 1.2460523694753645 1.6079734684899447 106.75851541757584
leaf_count=120 31 6 68 853 49 35 64 311 36 62 151888 38 63 46 75 77 30 72 42 88 80 48 65 69 13 52 63 32 43 319 44 49 3786 46 96 47 46 16 66 33 25 19 496 822 17 130 37 86 3588 19 30 512 95 38 35 37 541
internal_value=-0.00122634 -0.035504 0.00376491 0.0475382 0.0339816 0.0148245 -0.0171043 -0.00596328 -0.0398389 -0.0153669 -0.0400496 0.0236952 0.0370664 0.0263436 0.0108661 0.0443849 0.0266394 0.0309762 0.022231 0.0322981 0.0251281 0.0210374 0.00536211 -0.026149 -0.00514663 0.034656 0.0185336 0 -0.0255903 -0.00365763 -0.0282433 -0.00964116 -0.0336002 0.00961442 0.0175245 0.0011711 0.0223165 -0.0401752 -0.0221399 0.00191497 0.0481879 -0.0332093 -0.0271936 -0.0355587 -0.0310355 -0.0402024 -0.0140421 -0.0119337 0.0516437 -0.0261622 -0.0356579 -0.0192113 0.0407994 0.0268279 -0.0292191 -0.0190357 0.0483553
internal_weight=2596.52 1524.95 151.526 1071.57 251.462 89.4869 87.6666 46.5409 1373.43 39.4026 1369.54 8.18417 42.946 29.4506 19.0717 161.976 3.88396 39.2462 29.1398 63.8591 44.5374 15.5999 9.85615 31.2185 8.43173 22.4622 11.5962 8.18003 72.0668 8.19607 63.8707 15.0733 48.7973 7.29493 34.9475 2.64195 5.23075 1368.09 7.1731 2.42309 9.58993 22.7867 7.77842 21.3397 7.13979 1367.63 3.08271 1.9308 820.106 6.66922 46.1554 6.31914 2.32036 1.25427 5.833 2.70893 122.729
internal_count=165594 158505 6276 7089 2648 1720 5919 1501 152229 1470 152077 137 219 156 110 928 152 310 261 357 269 177 113 1333 423 189 137 95 5742 416 5326 793 4533 231 176 205 187 152071 410 99 93 910 562 891 513 152055 167 122 4441 373 4328 542 141 85 354 99 618
is_linear=0
shrinkage=0.04


Tree=34
num_leaves=51
num_cat=0
split_feature=20 14 10 2 25 19 9 1 30 21 9 8 18 10 6 2 9 8 8 2 21 10 9 9 9 8 11 0 2 28 10 11 18 9 2 2 21 6 0 10 0 10 6 11 6 8 10 6 25 10
split_gain=2582.3 158.906 73.0258 34.6694 33.9939 27.5266 15.6267 15.1876 8.19001 9.28088 8.23555 7.7208 6.41211 6.2438 6.24238 5.89085 5.2876 10.5977 3.85126 13.6518 3.06488 2.83251 3.69846 2.78947 2.59594 5.16421 3.18425 3.03255 2.52503 2.34469 2.30032 2.2457 2.01435 1.89589 1.89439 1.67939 1.56371 1.33538 2.46895 1.18885 1.38 1.0693 0.898184 1.22231 0.79862 0.533651 0.418019 0.276999 0.231889 0.0025407
threshold=0.58656641840934765 1.0000000180025095e-35 0.44949495792388922 0.56336912512779247 1.0000000180025095e-35 0.68599441647529613 0.12132352963089944 0.13631390780210498 1.0000000180025095e-35 0.54772728681564342 0.79743590950965892 0.89699381589889537 0.5914268195629121 0.86607143282890331 0.79784947633743297 0.60462343692779552 0.94392031431198131 0.99438202381134044 0.17267081141471866 0.25621344149112707 0.48529411852359777 0.080128207802772536 0.7243877947330476 0.9607692062854768 0.86899313330650341 0.81661397218704235 0.64051282405853283 0.43307398259639746 0.14141153544187549 1.0000000180025095e-35 0.36931818723678594 0.89379698038101207 0.43259048461914068 0.93440860509872448 0.17782925814390185 0.11427757143974306 0.2788888961076737 0.90070420503616344 0.76780930161476146 0.68333333730697643 0.96444573998451244 0.58571431040763866 0.83047896623611461 0.9529346525669099 0.75582656264305126 0.68801230192184459 0.76388889551162731 0.75716626644134533 1.0000000180025095e-35 0.30384616553783422
decision_type=2 2 2 2 2 2 2 2 2 2 2 2 2 2 2 2 2 2 2 2 2 2 2 2 2 2 2 2 2 2 2 2 2 2 2 2 2 2 2 2 2 2 2 2 2 2 2 2 2 2
left_child=1 7 11 4 5 6 -2 12 49 10 28 33 36 16 20 47 17 24 -6 34 21 22 35 -13 25 26 -4 -28 -10 30 -21 -26 -16 42 -20 -8 46 38 -25 40 44 -23 -3 -44 -18 -29 -1 -9 -5 -7
right_child=3 2 13 48 18 8 14 15 9 -11 -12 23 -14 -15 32 -17 39 -19 19 29 -22 41 -24 37 31 -27 27 45 -30 -31 -32 -33 -34 -35 -36 -37 -38 -39 -40 -41 -42 -43 43 -45 -46 -47 -48 -49 -50 -51
leaf_value=-0.040260577656782648 0.056415757899984986 -0.037846492681640545 0.045977496493729446 0.046780211089682985 0.052641512224199605 0.038762547833811903 0.0075007503531488821 -0.027637312556433459 2.5154335812046709e-05 0.040655424561346562 0.033122154122058899 0.027661043571572539 0.026124914426746401 0.046611765698074008 0.038801012955809649 0.041521902150728637 0.017205354432391129 -0.041395369992571387 0.018353412868294065 0.0049565047387369896 0.021619574554142876 -0.039859246902137026 0.03530745777466561 -0.023923493631505491 -0.021756649057931735 0.058722621215321784 0.031741916916940463 0 -0.037461030742472784 0.048737511292120506 0.040411892527835794 0.014559824437059084 -0.0053770943308253339 0.0032927703726735465 -0.0076771049427515215 -0.033723030555131345 0.011579030573861455 -0.03105222031892816 0.030720765123266328 0.04298725597486918 0.011526460629206784 -0.0056255434099268479 -0.024991235305095536 0.015629600983177793 0.039049329254171629 -0.030816914811228367 -0.021304073617351982 0 0.051973081217799505 0.061029731702841657
leaf_weight=1307.2114024842158 3.8201221972703925 48.080373246222734 1.2515549957752279 154.77951339725405 69.458047285676003 11.966244673356416 1.6588834524154723 2.2842804286628957 4.4241830725222879 14.049268335103987 5.5660250894725314 3.60271950624883 1.6322303321212519 20.079515337944031 2.374098850414156 4.3804697245359421 8.2667966969311255 4.933186959475278 7.0379563886672285 5.9793270509690029 1.1831829603761423 19.538508539088074 1.5103628775104878 1.6367043005302551 2.9144679810851795 4.7988785039633512 1.1248545087873933 0.89303298015147436 6.2186324242502451 60.835033243522048 6.1639874344691634 7.8340227445587516 2.5558529729023576 1.6351980911567796 8.967404153198002 3.9611290907487273 0.41668418701738019 2.298619082197547 1.6342847086489198 10.00113472342491 12.268233969807627 2.2592356931418172 1.797522735781967 1.0599016807973383 10.17160804197192 3.3330937251448631 6.2868801318109027 0.8105743322521447 639.70472617447376 9.6540544591844064
leaf_count=151297 16 5171 36 854 361 72 16 135 30 65 27 59 76 93 29 21 41 51 37 54 15 1189 52 75 67 49 21 38 59 338 33 71 65 64 50 192 14 11 24 43 50 88 73 37 48 154 493 17 3573 50
internal_value=-0.00120973 -0.0353146 0.00371174 0.046897 0.0335632 0.013768 -0.0114593 -0.0397304 0.0326003 0.0180124 -0.00260332 -0.0293221 -0.0400558 0.0270379 -0.0203298 0.0150369 0.0205888 0.00636653 0.0447173 0.0379712 -0.0271448 -0.0299287 -0.00623909 0.00380784 0.0185054 0.0310402 0.00531623 -0.00930628 -0.0228708 0.0452266 0.0249635 0.0033584 0.0181786 -0.0351401 0.00394012 -0.0216557 -0.0401609 -0.0128746 0.00324236 0.0295755 0.0238631 -0.0368889 -0.0364905 -0.00874109 0.0308504 -0.0249804 -0.0401892 -0.0224586 0.0510265 0.0511407
internal_weight=2516.3 1472.64 149.616 1043.67 249.182 90.7398 38.8614 1323.02 51.8784 30.2581 16.2088 61.7453 1315.55 87.8704 35.0413 7.47532 67.7909 27.0831 158.442 88.9837 30.1113 28.9281 7.13038 9.17233 22.1499 11.4014 6.60254 5.35098 10.6428 72.9783 12.1433 10.7485 4.92995 52.573 16.0054 5.62001 1313.91 5.56961 3.27099 40.7078 30.7066 21.7977 50.9378 2.85742 18.4384 4.22613 1313.5 3.09485 794.484 21.6203
internal_count=165594 158329 6276 7265 2838 1965 1662 152053 303 181 116 5514 151880 762 1646 173 669 487 873 512 1552 1537 260 169 436 298 249 213 89 425 87 138 94 5345 87 208 151804 110 99 182 139 1277 5281 110 89 192 151790 152 4427 122
is_linear=0
shrinkage=0.04


Tree=35
num_leaves=48
num_cat=0
split_feature=20 14 10 2 24 1 21 6 6 7 7 2 0 18 10 2 2 7 2 9 1 6 11 2 28 7 20 2 9 11 2 0 11 2 10 1 21 9 9 10 7 0 6 24 10 7 7
split_gain=2455.97 155.753 68.644 34.3454 32.1263 21.2283 14.7662 12.5503 12.1338 7.63478 6.96086 6.33561 10.578 6.16297 6.04612 5.41949 5.38805 3.15607 10.9016 2.69177 2.69033 2.4708 3.53688 2.95508 2.18283 3.73386 2.1622 1.94824 1.90021 1.8478 1.83638 1.7605 1.33648 1.09031 1.00787 4.17453 1.00564 1.0674 0.958728 0.919003 0.756902 0.463261 0.462351 0.361396 0.194498 0.105035 0.434651
threshold=0.58656641840934765 1.0000000180025095e-35 0.44949495792388922 0.56336912512779247 1.0000000180025095e-35 0.16783953458070758 0.24068965017795566 0.74133810400962841 0.2152509689331055 0.84292763471603405 0.33568075299263006 0.35861176252365118 0.42639465630054479 0.5914268195629121 0.76388889551162731 0.60462343692779552 0.46273414790630346 0.21164613962173465 0.25621344149112707 0.93440860509872448 0.16783953458070758 0.82807883620262157 0.64051282405853283 0.31266012787818914 1.0000000180025095e-35 0.7320508360862733 0.96168524026870739 0.1600352078676224 0.69504830241203319 0.98936170339584362 0.53278529644012462 0.83118847012519848 0.52419984340667736 0.13020028173923495 0.76388889551162731 0.059397457167506225 0.30384616553783422 0.97014260292053234 0.71209660172462474 0.240384615957737 0.63453349471092235 0.48814642429351812 0.83047896623611461 1.0000000180025095e-35 0.095454547554254546 0.34330357611179357 0.3310502320528031
decision_type=2 2 2 2 2 2 2 2 2 2 2 2 2 2 2 2 2 2 2 2 2 2 2 2 2 2 2 2 2 2 2 2 2 2 2 2 2 2 2 2 2 2 2 2 2 2 2
left_child=1 6 9 4 5 10 13 8 27 19 -2 26 -13 20 21 -8 -14 -6 32 42 34 22 -4 -24 25 -20 33 -7 -25 -11 41 -23 -19 -10 -1 -36 37 44 -35 -21 -41 -30 45 -5 -12 46 -3
right_child=3 2 14 43 17 7 15 -9 11 29 36 12 16 -15 -16 -17 -18 18 24 39 -22 31 23 28 -26 -27 -28 -29 30 -31 -32 -33 -34 38 35 -37 -38 -39 -40 40 -42 -43 -44 -45 -46 -47 -48
leaf_value=-0.040250294628853482 0.035736008438777875 -0.022128670045450854 0.023556767967922953 0.045981640515782775 0.050922213822449332 0.021648483430590212 -0.02496562314312651 0.052978081407276799 0 -0.0095098880330659139 -0.01012308528637808 0.065808960130676275 -0.032737189634415319 0.024148743534643219 0.042923661669623463 0.046387792345615297 0.013713266139609895 0.018131908304289512 0 -0.021975435029618125 0.0093400217360709286 0.039423783929390707 0.035657686256583825 0.021662883040533695 0.047380386304311975 0.043365198922452483 0.011947961768445878 0.049936202307523027 -0.00040387841356217435 0.025481085162589817 0.00022985684477717415 0.018289827509787228 -0.0044191728631994475 -0.037480305364134582 -0.033467428859668663 0.031687543392345488 0.006094042764277695 0.0055967113124452076 -0.0011459400904492158 0.024494956299238493 -0.0072167253031685478 -0.034379234651899314 -0.005490989862549798 0.051340060909653248 -0.037902972210647444 -0.038517168288327311 0.0052743308944519464
leaf_weight=1257.2209390886128 1.9187762066721941 1.4279565587639802 12.875508509576322 151.25780246406794 70.794651612639427 11.792722104117276 1.8070025658234943 16.670412369072437 1.6865890873596061 4.1939997114241114 1.7503020484000487 3.6302541904151466 5.1984240002930155 1.7045245878398407 24.665434889495373 3.6869165077805519 10.188908486627041 6.4275047779083243 5.820203526876865 1.3701598560437549 1.2859866991639126 11.041094068437813 1.4946170952171076 1.4066079482436169 57.693531086668372 6.261668412014842 1.8712306320667256 9.6443302035331708 1.0105800926685313 3.4904581774026155 5.0816420316696167 24.777573470026255 8.5483757024630886 8.4814040949568135 5.227071661502122 1.1751586478203533 0.59969049785286088 0.61780680157244283 1.6600685510784376 1.3887302372604611 1.4626883119344709 5.2918442133814096 1.3942282749339927 622.05783198773861 13.91683103982359 44.609889516606927 0.67160802986472834
leaf_count=151280 50 137 111 854 376 58 140 91 33 63 126 24 119 78 118 21 67 28 53 69 40 70 27 24 328 34 9 44 28 35 44 111 54 208 485 9 13 21 45 48 39 229 62 3573 1057 5003 58
internal_value=-0.00119463 -0.0351884 0.00365218 0.0461764 0.03282 0.0134736 -0.0396991 0.0234907 0.013545 -0.0289977 -0.0233357 -0.00182162 0.0127503 -0.0399874 0.0261273 0.0220725 -0.00277547 0.0437849 0.037252 -0.0343958 -0.040096 0.0189185 0.00909866 -0.00435952 0.0438277 0.0242322 -0.0218139 0.0362116 -0.0115722 0.0070272 -0.0174194 0.0258068 0.00553828 -0.027982 -0.0401568 -0.0183024 -0.031895 -0.033797 -0.0325284 -0.00217291 0.00953916 -0.0302805 -0.0370404 0.0503579 -0.035833 -0.0377635 -0.0131989
internal_weight=2438.25 1419.76 147.655 1018.49 245.174 89.6278 1272.11 70.8243 54.1539 60.0097 18.8034 32.7169 19.0176 1266.61 87.6449 5.49392 15.3873 155.546 84.7513 52.3253 1264.91 62.9795 27.1608 14.2853 69.7754 12.0819 13.6993 21.4371 12.7907 7.68446 11.3841 35.8187 14.9759 11.8281 1263.62 6.40223 16.8846 16.2849 10.1415 4.22158 2.85142 6.30242 48.1037 773.316 15.6671 46.7095 2.09956
internal_count=165594 158329 6276 7265 2838 1965 152053 698 607 5514 1267 505 210 151892 762 161 186 873 497 5416 151814 644 463 352 415 87 295 102 325 98 301 181 82 286 151774 494 1217 1204 253 156 87 257 5260 4427 1183 5198 195
is_linear=0
shrinkage=0.04


Tree=36
num_leaves=51
num_cat=0
split_feature=20 13 10 2 24 19 1 6 30 21 8 18 8 10 2 11 8 2 18 21 6 11 8 28 10 0 2 1 0 2 21 6 10 11 11 6 6 23 11 0 24 10 6 18 6 6 10 10 11 11
split_gain=2336.31 152.61 64.4493 34.0969 30.4531 24.2445 14.3702 14.1236 7.44201 8.53507 7.39886 6.16477 6.08291 5.8938 5.37055 4.52584 4.02512 12.5954 3.19717 11.8958 2.62642 2.63569 2.31838 2.22707 2.16667 2.09314 3.0649 1.90363 1.81526 1.75209 1.74028 1.38731 1.26291 1.99304 1.67423 1.41583 1.24025 1.08392 0.998372 2.32688 0.49352 0.477304 0.407964 0.282502 0.11846 0.0581764 3.36263 0.0504465 0.0354867 0.646113
threshold=0.58656641840934765 1.0000000180025095e-35 0.44949495792388922 0.56336912512779247 1.0000000180025095e-35 0.68599441647529613 0.13631390780210498 0.069570478051900878 1.0000000180025095e-35 0.54772728681564342 0.89699381589889537 0.5914268195629121 0.90521115064620983 0.86607143282890331 0.60462343692779552 0.54226192831993114 0.17267081141471866 0.25621344149112707 0.46192501485347753 0.21240601688623431 0.85145786404609691 0.64051282405853283 0.9607692062854768 1.0000000180025095e-35 0.36931818723678594 0.51094213128089916 0.53278529644012462 0.40217100083827978 0.87729144096374523 0.17782925814390185 0.29520697891712194 0.69804355502128612 0.30384616553783422 0.57735043764114391 0.98936170339584362 0.82097071409225475 0.54653680324554454 0.42008402943611151 0.82807883620262157 0.76780930161476146 1.0000000180025095e-35 0.76388889551162731 0.83047896623611461 0.4226078093051911 0.64565756916999828 0.72255688905715953 0.58571431040763866 0.30384616553783422 0.92052632570266735 0.92940199375152599
decision_type=2 2 2 2 2 2 2 2 2 2 2 2 2 2 2 2 2 2 2 2 2 2 2 2 2 2 2 2 2 2 2 2 2 2 2 2 2 2 2 2 2 2 2 2 2 2 2 2 2 2
left_child=1 2 10 4 5 7 11 -2 47 15 32 30 18 20 43 -10 -6 29 19 -9 21 45 -12 24 -19 31 42 37 -22 -18 41 -23 -1 36 48 -36 -34 -20 39 -24 -5 -3 44 -8 -27 46 -4 -7 -35 -50
right_child=3 6 13 40 16 8 14 12 9 -11 22 -13 -14 -15 -16 -17 17 23 27 -21 28 25 38 -25 -26 26 -28 -29 -30 -31 -32 -33 33 34 35 -37 -38 -39 -40 -41 -42 -43 -44 -45 -46 -47 -48 -49 49 -51
leaf_value=-0.038303210016386556 0.047155316172389432 -0.040225376019707604 0 0.045211615012999772 0.051111563341431625 0.036594805201905736 0 -0.035562310354791474 -0.028483886068038929 0.038812200345745521 0.024934339880413568 0.024412581726704703 0.039782029849247114 0.044510572719171242 0.040025491703539473 0.012756046334576839 0.017333535480888899 0.0042495125754178934 0.0032960195391685742 0.051097061974085416 0.040772339244473016 0 -0.024349954866718228 0.046749287655239578 0.038698482437632159 -0.0063404025156364816 0.010256567687267007 0.0006800920052013594 0.018945941097036872 -0.0076845370615747678 0.015619041656092051 0.042573132557717525 -0.010693810445199528 -0.034108400222568246 -0.015780445131196103 0.036917273896658782 0.044511432778323583 -0.038298782958373308 -0.028596472383212741 0.027862761943234199 0.050744582165242504 -0.020566144668604222 -0.0034775441603909149 -0.02728467228652548 -0.032643084106867878 0.012030203856162158 0.045819203078482008 0.058216629930024133 0.012588678913458331 -0.02163152396797325
leaf_weight=39.167689054273069 4.7461911141872397 1207.8650302793831 4.5674600414931756 147.768530045636 66.074073061347008 11.882493654266002 0.816059573553502 5.888825894333424 5.9088331758976009 13.682094261050223 3.6970730358734709 1.6818116279318918 1.5667489450424898 19.482678443193436 4.2483795434236526 10.035657316446303 7.0627940595150021 5.9610372381284815 0.71026241593063488 3.004320272244513 10.700480312108992 1.9753263080492645 1.7084246445447209 58.549142303876579 6.044872073456645 1.3278013179078678 7.617797028273344 2.1777545455843201 24.178121507167816 8.9497160725295526 0.31070221029221912 1.6791063314303754 0.49538641795515914 5.9895180296152812 0.80511371698230483 0.49834277294576168 0.3694746121764183 19.397022685036063 2.0618541268631816 1.7388076037168501 604.54913133382797 6.0139548527076832 2.0234377384185791 2.1657970873638988 4.0886504212394357 4.9658842235803595 4.9320037346333265 9.5408157072961313 0.44133655633777369 1.3548138132318852
leaf_count=4335 20 151304 52 854 361 72 27 416 40 65 46 76 26 93 21 76 37 54 21 62 58 55 84 338 33 46 61 41 104 50 7 28 57 633 94 18 33 1076 11 28 3573 493 20 125 178 32 35 50 47 128
internal_value=-0.00118144 -0.0350596 0.00356657 0.0454844 0.0320909 0.0131585 -0.0396686 -0.0110333 0.0308725 0.0167771 -0.0286886 -0.0400053 -0.0207334 0.0251849 0.0144564 -0.00306997 0.0428897 0.0360566 -0.0250405 -0.00367664 0.0190301 0.0103011 0.00351953 0.0432406 0.0235437 0 -0.00666307 -0.0328702 0.0267034 0.00348554 -0.0401179 0.0237984 -0.0347545 -0.0182034 -0.0242207 0.00991086 0.0219673 -0.0365534 -0.01186 0.00143027 0.0497246 -0.0401483 -0.0236238 -0.0218716 -0.0288116 0.0225207 0.0259556 0.0485692 -0.0308679 -0.0102976
internal_weight=2362.47 1368.97 145.867 993.5 241.183 88.541 1223.1 37.4911 51.0499 29.6266 58.3278 1215.87 32.7449 87.5387 7.23024 15.9445 152.642 86.5676 31.1782 8.89315 68.0561 33.1775 9.20616 70.5551 12.0059 18.7121 15.0577 22.285 34.8786 16.0125 1214.19 3.65443 49.1217 9.95399 9.08912 1.30346 0.864861 20.1073 5.50909 3.44723 752.318 1213.88 7.43989 2.98186 5.41645 14.4653 9.49946 21.4233 7.78567 1.79615
internal_count=165594 158329 6276 7265 2838 1965 152053 1662 303 181 5514 151880 1642 762 173 116 873 512 1616 478 669 507 169 425 87 388 305 1138 162 87 151804 83 5345 1010 920 112 90 1097 123 112 4427 151797 244 152 224 119 87 122 808 175
is_linear=0
shrinkage=0.04


Tree=37
num_leaves=51
num_cat=0
split_feature=20 13 10 10 20 10 21 21 7 8 18 10 8 6 28 9 8 8 9 7 19 28 23 19 9 1 9 8 7 11 11 9 8 10 10 1 10 6 7 24 6 6 6 18 6 7 7 1 7 7
split_gain=2222.99 149.594 60.5326 27.647 42.0234 26.7848 13.9652 12.6671 7.33277 6.46748 5.93668 5.70535 5.70279 18.4175 4.91171 4.75568 9.98284 4.53186 4.40426 15.5543 4.3795 3.75035 2.70743 4.38062 2.68345 2.62984 2.61705 4.29073 3.50268 2.79344 1.72234 1.36183 3.97661 1.23422 1.06148 4.02881 0.877563 0.742824 0.725593 0.599083 0.596791 0.485184 0.448894 0.423182 0.20923 0.145965 0.429984 0.0467975 0.0167228 0.285346
threshold=0.58656641840934765 1.0000000180025095e-35 0.44949495792388922 0.43650794029235845 0.84764185547828685 0.080128207802772536 0.24068965017795566 0.42481203377246862 0.84292763471603405 0.90521115064620983 0.5914268195629121 0.86607143282890331 0.17267081141471866 0.54201978445053112 1.0000000180025095e-35 0.94392031431198131 0.99438202381134044 0.86526826024055492 0.7243877947330476 0.28801843523979193 0.82972848415374767 1.0000000180025095e-35 0.85462316870689403 0.68599441647529613 0.93440860509872448 0.16783953458070758 0.86899313330650341 0.81661397218704235 0.85145786404609691 0.91547620296478283 0.98936170339584362 0.69504830241203319 0.75931033492088329 0.68333333730697643 0.76388889551162731 0.059397457167506225 0.240384615957737 0.99438202381134044 0.63453349471092235 1.0000000180025095e-35 0.75582656264305126 0.83047896623611461 0.83827373385429393 0.73375529050827037 0.79784947633743297 0.34330357611179357 0.3310502320528031 0.43283110857009893 0.40224719047546392 0.37590579688549047
decision_type=2 2 2 2 2 2 2 2 2 2 2 2 2 2 2 2 2 2 2 2 2 2 2 2 2 2 2 2 2 2 2 2 2 2 2 2 2 2 2 2 2 2 2 2 2 2 2 2 2 2
left_child=1 2 8 4 5 12 10 9 24 21 25 15 -2 22 18 16 26 -8 19 20 -6 43 23 -14 41 34 27 29 42 31 -10 -4 -33 37 -3 -36 -26 40 -38 -5 -17 45 44 48 -28 46 -1 -20 49 -7
right_child=3 6 11 39 14 7 17 -9 30 -11 -12 -13 13 -15 -16 33 -18 -19 47 -21 -22 -23 -24 -25 36 -27 28 -29 -30 -31 -32 32 -34 -35 35 -37 38 -39 -40 -41 -42 -43 -44 -45 -46 -47 -48 -49 -50 -51
leaf_value=-0.021485661408278851 0.051582882628474949 -0.040216235452380879 0.046224499752133885 0.044661182776395518 0.016593047392572051 -0.02207092279762576 -0.023770997608214755 0.032472917935376253 -0.0092894026701604727 0.012888445366633541 0.022576991387172774 0.043493811331848868 -0.028177170136711366 0.050462347028186277 0.047811764311714501 0.014746950874765272 -0.04136938429630032 0.043077847213168124 0.029839970932361261 -0.024009911499827796 0.050974672951620031 0.00257242654471044 -0.037480226142701738 0.032392475306067106 -0.021508930689659971 0.0090775666512417884 -0.01218112871910656 0.053735055875498226 0.023335204909967679 -0.026252038479410263 0.024441669705527743 -0.026416839959374321 0.042818794105278758 0.040211765145800195 -0.033119843736338202 0.03121402560210854 0.02404442808332825 0.011395636076535761 -0.0070064487722291367 0.050364505664082425 0.033484592608899903 -0.0048714035003926187 -0.0299130282466132 -0.0091349622718017824 0.0031939652075967644 -0.038356735422467682 0.0058276514712296877 0.049686824412737716 -0.041031459954000954 0.0010428726514292331
leaf_weight=1.347280210815369 14.742997743189333 1161.5793484225869 1.2321293726563505 146.54711093753576 12.515716403722765 1.2354948068969047 1.6178818279877294 6.7835936155170193 4.1628620373085132 5.5533280223608008 1.7530401060357679 19.170340105891228 2.9902155799791235 12.127082619816063 143.24621443450451 8.4539500623941439 4.9387926422059527 3.6734455330297351 7.8442269340157535 8.1370286755263788 14.633805781602858 3.9700881177559486 5.0236547412350774 2.6612536255270243 1.3150268699973811 1.2731371242552985 1.8543448718264683 4.9962002988904715 5.2450333908200264 1.9627054650336502 3.5339155774563551 2.0674065649509434 1.3296371987089513 9.8448111563920957 4.960098802112042 1.1736829765141008 1.4043737165629866 11.963176339864733 1.4464915934950111 539.85081634297967 10.544692885130642 1.3541390802711237 2.1754002459347248 1.8467212952673424 1.57094763033092 41.495806414633989 0.65183120593428601 18.517801284790039 19.810637843329459 0.74966044444590796
leaf_count=137 74 151280 22 983 64 69 134 53 63 50 78 93 124 117 827 41 51 27 48 57 71 40 112 17 69 40 58 49 26 81 35 95 51 43 485 9 48 49 39 3277 49 62 22 16 32 5003 58 105 1120 41
internal_value=-0.00116683 -0.0349278 0.00349765 0.0448211 0.0339803 0.00868188 -0.0396372 -0.0139051 -0.0283572 -0.0241809 -0.0399349 0.0243115 0.0325563 0.0184361 0.0434405 0.0183094 0.00496362 0.0214728 0.0326185 0.0220968 0.0364196 -0.0319658 -0.0188096 0.000325354 -0.0339778 -0.0400513 0.0166646 0.0291013 0.00170405 0.005285 0.00676763 0.0216551 0.00334795 0.026833 -0.040116 -0.0175991 -0.00176604 0.0213289 0.00952268 0.0492194 0.0265011 -0.0367788 -0.0184137 -0.0377969 -0.00509743 -0.0375505 -0.0122725 0.0452338 -0.0395426 -0.0145771
internal_weight=2288.88 1320.09 144.061 968.787 282.39 77.4947 1176.03 39.9495 56.7117 33.1659 1170.74 87.3496 37.5452 22.8022 204.895 68.1792 27.3726 5.29133 61.6486 35.2866 27.1495 27.6126 10.6751 5.65147 49.0149 1168.99 22.4338 11.5881 10.8457 6.59188 7.69678 4.62917 3.39704 40.8066 1167.71 6.13378 4.16589 30.9618 2.85087 686.398 18.9986 44.8491 5.60069 23.6425 3.42529 43.4949 1.99911 26.362 21.7958 1.98516
internal_count=165594 158329 6276 7265 3005 1833 152053 1389 5514 1336 151892 762 444 370 1172 669 487 161 345 192 135 1286 253 141 5416 151814 436 298 138 249 98 168 146 182 151774 494 156 139 87 4260 90 5260 112 1246 90 5198 195 153 1230 110
is_linear=0
shrinkage=0.04


Tree=38
num_leaves=55
num_cat=0
split_feature=1 13 10 10 20 10 21 18 0 7 10 28 10 28 11 9 8 9 8 19 8 0 11 7 9 9 8 7 11 0 10 1 11 0 10 0 18 24 8 8 18 0 10 7 7 9 7 0 0 10 7 7 7 1
split_gain=2115.75 147.066 56.9511 28.1558 42.7921 23.892 11.9892 11.7703 8.75108 7.14764 6.78694 5.91015 5.50132 4.94217 4.53367 4.4672 14.7097 4.40539 9.45074 4.09662 3.74949 15.3795 3.97179 3.22406 2.65691 2.41921 3.81444 3.29629 2.74403 3.1594 1.63339 4.70245 1.60499 1.44281 1.20129 1.12868 0.944483 0.877356 4.45842 1.25305 0.876821 0.898255 0.843102 0.77881 0.683503 0.543771 0.526699 0.466912 0.460755 0.172801 1.01 0.2486 0.246979 0.0091137
threshold=0.099711906164884581 1.0000000180025095e-35 0.44949495792388922 0.43650794029235845 0.84764185547828685 0.080128207802772536 0.42481203377246862 0.5914268195629121 1.0000000180025095e-35 0.84292763471603405 0.4083333313465119 1.0000000180025095e-35 0.86607143282890331 1.0000000180025095e-35 0.33045977354049688 0.7243877947330476 0.32071428000926977 0.94392031431198131 0.99438202381134044 0.82972848415374767 0.17267081141471866 0.29973532259464269 0.44543650746345526 0.90366768836975109 0.93440860509872448 0.86899313330650341 0.81661397218704235 0.85145786404609691 0.64051282405853283 0.39328017830848699 0.76388889551162731 0.04337779805064202 0.98936170339584362 0.58311393857002269 0.68333333730697643 0.96444573998451244 0.73375529050827037 1.0000000180025095e-35 0.76277056336402904 0.71834936738014232 0.38377965986728674 0.17322261631488803 0.240384615957737 0.75582656264305126 0.63453349471092235 0.69804355502128612 0.57932874560356151 0.67195799946784984 0.19947480410337451 0.30384616553783422 0.40224719047546392 0.77459675073623668 0.80229884386062633 0.43283110857009893
decision_type=2 2 2 2 2 2 2 2 2 2 2 2 2 2 2 2 2 2 2 2 2 2 2 2 2 2 2 2 2 2 2 2 2 2 2 2 2 2 2 2 2 2 2 2 2 2 2 2 2 2 2 2 2 2
left_child=1 2 9 4 5 14 11 8 -3 24 -9 23 17 15 -2 16 19 18 25 -6 -16 22 -22 36 49 26 28 47 -4 -30 -10 -32 -11 -13 35 43 40 38 39 -5 46 -42 -26 -19 -44 -31 -7 -27 -24 -1 -51 -52 -53 -17
right_child=3 7 12 37 13 6 -8 10 30 32 -12 33 -14 -15 20 53 -18 34 -20 -21 21 -23 48 -25 42 27 -28 -29 29 45 31 -33 -34 -35 -36 -37 -38 -39 -40 -41 41 -43 44 -45 -46 -47 -48 -49 -50 50 51 52 -54 -55
leaf_value=-0.039094590341229737 -0.011918388253772876 0.039406337521629878 0.041733842536499137 0.025264315536854855 0.015858115537609293 0.0080447046639297946 0.031472225194693816 -0.024599866933756293 -0.04019021282208142 -0.0090319525171216261 0.063255706719699253 -0.0084818641491981248 0.042515798094921051 0.047143423516952117 0.052386919665211522 0.029497014091640527 -0.023958592122887003 0.014149013167127534 -0.040895240784194938 0.049354810963487622 0.020873443792348029 0.048906960777184393 -0.039788254073820077 0.016278557915551221 -0.021271190919422416 -0.029050742387795554 0.05072947193097322 0.022460868325813371 0.033730866930286478 0 -0.032774158743382797 0.035587035033098346 0.023483361419467212 0.022622068432047063 0.03905755887375411 0.0093614802281435702 -0.0047821546869570384 0.049807205335999374 0.045758093970183808 -0.0016551732928720832 0 -0.042817930828604987 0.023170151280548442 0.034412695899819531 -0.0068666572397481172 -0.030674005251086701 -0.020376833365420573 -0.0041319014435531312 -0.004709137322381509 0.012518001743198844 -0.029754964083887496 0.0076406023838040465 -0.013961440511532849 0.049007348026723706
leaf_weight=34.623108524829149 3.0438606115058056 1.4235537350177754 1.3620564006269029 6.4758780458942038 12.301342017948629 1.0238517289981346 6.751765774562954 1.782585131004452 1117.5248296987265 4.1392513094469896 2.0329638849943876 4.0605448307469478 18.856273636221886 139.55491146445274 12.325420603156088 7.7267828062176731 7.9973206967115393 8.5000634007155913 4.8104087859392157 14.467822916805742 2.0763561045750993 12.347179460339246 4.6750328224152327 1.3695734664797772 1.2882552249357093 2.3362173959612829 5.1367939319461584 5.2696518003940582 1.0625439584255216 0.85421404242515553 4.7143633849918833 1.276073965243995 3.5710369162261486 3.4745546048507094 9.7615552842617017 12.196902796626093 2.0391115359961978 526.70300928130746 133.52977688796818 3.7871619621291757 0.97649712488055485 19.204651766456664 1.4361458420753481 10.365860950201748 1.4374444782733915 3.3171361396089196 1.1115270107984541 3.1996993133798242 1.3039598148316143 0.44412474427372117 6.9589579319581372 0.58940784540027358 0.66676012706011534 18.046967901289463
leaf_count=4263 33 6 36 70 64 35 53 130 151576 63 22 62 93 827 63 45 55 41 51 72 30 115 122 7 69 60 49 26 17 21 481 14 35 26 43 50 17 3289 825 56 38 975 48 48 39 175 45 52 60 52 838 64 43 105
internal_value=-0.00115437 -0.0348619 0.00342885 0.0440981 0.0330441 0.00725869 -0.0137732 -0.0396875 -0.0399316 -0.0280401 0.0247949 -0.0237252 0.0235096 0.0427055 0.0306272 0.0318107 0.0212149 0.0176561 0.00479453 0.0352314 0.0349388 0.022256 -0.0190424 -0.0325959 -0.0337606 0.0160392 0.0278799 0.00157125 0.00522265 -0.00880777 -0.0400706 -0.0146321 0.00653547 0.00636206 0.0258559 0.0204938 -0.0360356 0.0485843 0.0437644 0.0157106 -0.0383922 -0.041 -0.00173681 0.026656 0.00921852 -0.0248442 -0.00725429 -0.0180958 -0.034482 -0.0366407 -0.0233835 -0.0269063 -0.0031586 0.0446279
internal_weight=2217.31 1270.94 142.184 946.375 275.879 75.7839 40.0121 1128.75 1124.94 55.1545 3.81555 33.2603 87.0294 200.095 35.7718 60.5402 34.7665 68.1731 27.3487 26.7692 32.7279 20.4025 8.05535 25.7252 47.4442 22.5383 11.7327 10.8056 6.59595 5.23389 1123.52 5.99044 7.71029 7.5351 40.8244 31.0628 24.3556 670.496 143.793 10.263 22.3165 20.1811 4.16185 18.8659 2.87359 4.17135 2.13538 5.53592 5.97899 43.2824 8.65925 8.21513 1.25617 25.7738
internal_count=165594 158505 6276 7089 2849 1681 1258 152229 152077 5514 152 1205 762 1168 423 341 191 669 487 136 390 327 212 1117 5416 436 298 138 249 213 152071 495 98 88 182 139 1110 4240 951 126 1093 1013 156 89 87 196 80 112 182 5260 997 945 107 150
is_linear=0
shrinkage=0.04


Tree=39
num_leaves=62
num_cat=0
split_feature=20 13 10 2 28 6 6 21 10 6 10 10 2 19 10 18 9 0 11 7 19 10 11 10 6 31 2 0 9 6 11 9 2 6 19 21 23 11 2 10 18 11 6 10 0 2 7 7 7 9 9 28 10 1 7 10 7 6 6 0 1
split_gain=2014.33 143.605 53.6123 33.97 24.4885 15.3339 24.692 13.421 10.7424 7.09854 7.05891 8.37503 13.2112 5.30498 5.29672 5.121 4.06798 7.06279 3.99745 4.26822 3.98151 3.79589 3.55653 3.35235 3.16247 3.10166 2.51043 2.44446 3.23515 2.36926 3.90732 4.24025 2.24766 12.0324 2.22081 2.18645 1.89036 1.78578 1.75964 1.60809 2.74569 1.3572 1.29943 1.16917 1.02533 0.965044 0.960368 0.841948 0.712296 0.673559 0.597908 0.524489 0.43234 2.91856 0.38167 0.363717 0.886405 0.318767 0.0985726 0.0620538 0.0318135
threshold=0.58656641840934765 1.0000000180025095e-35 0.44949495792388922 0.56336912512779247 1.0000000180025095e-35 0.2152509689331055 0.76506900787353527 0.18019481003284457 0.44949495792388922 0.78086888790130626 0.4083333313465119 0.080128207802772536 0.25783495604991918 0.60723635554313671 0.86607143282890331 0.5914268195629121 0.94392031431198131 0.83118847012519848 0.88516482710838329 0.81120249629020702 0.93127068877220165 0.240384615957737 0.40778534114360815 0.44949495792388922 0.72481885552406322 1.0000000180025095e-35 0.12405638396739961 0.63326683640480053 0.69504830241203319 0.9607692062854768 0.98936170339584362 0.94494947791099559 0.21376482397317889 0.2152509689331055 0.68599441647529613 0.41421568393707281 0.45291082561016088 0.91779279708862316 0.62731361389160167 0.30384616553783422 0.73375529050827037 0.96362435817718517 0.69504830241203319 0.68333333730697643 0.96444573998451244 0.53885021805763256 0.48050633072853094 0.29679679870605474 0.76253134012222301 0.75716626644134533 0.37668919563293463 1.0000000180025095e-35 0.76388889551162731 0.059397457167506225 0.77015754580497753 0.30384616553783422 0.40224719047546392 0.87570226192474376 0.93419912457466137 0.54280850291252147 0.40217100083827978
decision_type=2 2 2 2 2 2 2 2 2 2 2 2 2 2 2 2 2 2 2 2 2 2 2 2 2 2 2 2 2 2 2 2 2 2 2 2 2 2 2 2 2 2 2 2 2 2 2 2 2 2 2 2 2 2 2 2 2 2 2 2 2
left_child=1 2 9 4 5 22 10 15 38 45 11 12 26 23 16 52 17 18 24 37 39 58 -2 54 27 35 -7 28 -4 30 31 57 33 -6 36 49 -27 -20 -9 50 42 -39 -41 44 48 55 -14 -28 -18 -12 -13 -5 -3 -54 -8 -1 -57 -23 -11 -15 -24
right_child=3 7 14 51 32 6 13 8 -10 21 25 20 46 59 -16 -17 43 -19 19 -21 -22 29 60 -25 -26 34 47 -29 -30 -31 -32 -33 -34 -35 -36 -37 -38 41 -40 40 -42 -43 -44 -45 -46 -47 -48 -49 -50 -51 -52 -53 53 -55 -56 56 -58 -59 -60 -61 -62
leaf_value=-0.039033280406435132 0.012083224186313753 -0.040219935943932611 0.033060535551828696 0.044258811094027781 0.045655072448544429 0.012151284916863748 0 -0.034319296073568921 0.04490224274366713 -0.031706098699116572 -0.036942814554799544 0 0.05728018059187525 0.059097586379241202 0.041573028950643041 0.023414240301237968 0.014486332614123758 -0.036565657113221267 0.026656992541322318 0.044664542920940173 0.026955852873882257 -0.02840750004736799 0.05639191370047647 0.036357325544692544 -0.032988612709477567 0.029129443297162827 -0.0090498930266497586 0.039624097325645126 -0.029138096996175564 -0.02155484802383922 0.061032021142588412 0.040590976561730531 0.045855747346894973 -0.010098642810153099 0.050957543114243532 0.01802541674431906 -0.015350698917323373 -0.02913681825023064 0.016112944618488299 -0.038306744233418212 0.019424607922004258 0.008193683289364118 0.0037391833418534684 0.037951366001360273 0.0090244265870272188 0.0018831729043458352 0.019046938810725257 -0.04275733954054356 0.033795432144826006 -0.0011152746190018054 -0.042953879329142089 0.049343468449384247 -0.032638222610698348 0.026298499759686504 -0.024777631881216525 0.011507627592442542 -0.025099126728578749 0 -0.0035585444129702503 0.033661048569636247 0.036536503174980979
leaf_weight=32.850390648003668 7.5269979797303703 1069.1203846633434 1.0888615995645579 185.87702835630625 20.477179974317554 1.6981888497248308 1.2834041607566207 6.0241381828673166 4.6758119333535433 3.2983372425660482 1.6372423199936732 0.57659583445639384 3.4637834187597027 9.8281165454536694 18.541619405150414 1.3509367108345021 9.4878700263798255 4.4182387255132189 1.8323882101103643 7.7745978534221649 1.0022625029087056 2.4824580796994256 9.3593291779980081 2.1554933530278504 3.2475549289956689 1.9820834835991261 2.6963454959914088 1.8545431317761538 2.7081659203395247 1.4337682873010633 1.8980485927313564 1.7284255735576151 91.706267578527331 8.1103043491020781 3.5001693703234196 2.5743371620774269 2.1173907606862485 2.3133335830643773 0.59065779112279404 3.7268175766803315 1.8455437347292898 2.0607601627707481 1.1259757131338117 9.6751463413238508 12.183964714407923 0.77993172127753396 3.9246753104962409 5.1821312252432108 9.4889076054096204 1.6809728080406783 16.091862079687417 504.89139097929001 4.623753714375197 0.87141157127916802 2.20105368969962 0.47196963243186374 7.1201040288433433 0.73989172652363766 0.85472995042800892 6.9807180175557724 14.839659949764608
leaf_count=4140 38 150765 18 1163 116 33 47 656 74 205 40 9 28 51 93 63 46 35 44 48 5 170 49 30 76 35 43 30 122 6 47 19 556 41 18 12 54 63 4 192 9 51 58 43 50 27 68 167 43 47 897 3264 484 7 61 53 834 9 4 57 77
internal_value=-0.0011403 -0.0346676 0.00336562 0.0435782 0.029948 0.0159381 0.00607174 -0.0395789 0.0032076 -0.0277193 -0.00842031 -0.0165922 0.00470299 0.0404857 0.0227515 -0.0400342 0.0170444 0.00465861 0.0139845 0.0266974 -0.031176 -0.000764542 0.0389275 0.00493777 -0.00626341 0.0157562 -0.0250548 0.011143 -0.0072941 0.014286 0.0240891 0.00137751 0.0423736 0.0298958 0.0312024 -0.00522133 0.00686587 0.000560863 -0.0277661 -0.0348375 -0.0142688 -0.012553 -0.0288955 0.0249193 0.0196944 -0.0355453 0.0421396 -0.0339904 0.0255501 -0.0241806 -0.0416014 0.048047 -0.0401393 -0.0200663 -0.0173797 -0.0363917 -0.0212834 -0.0233406 -0.0285041 0.0512417 0.0463077
internal_weight=2147.65 1227.59 140.334 920.063 229.295 109.001 77.2752 1087.26 11.2906 53.6581 54.8264 41.3342 16.9651 22.4488 86.676 1075.97 68.1343 27.2984 22.8802 13.9811 24.3691 12.4357 31.726 5.63995 8.89913 13.4922 9.57667 5.65157 3.79703 8.28259 6.84882 4.95078 120.294 28.5875 7.59964 5.89255 4.09947 6.20648 6.6148 23.3668 6.69834 4.37409 4.85279 40.8359 31.1607 41.2224 7.38846 7.87848 18.9768 3.31822 16.6685 690.768 1074.62 5.49517 3.48446 40.4425 7.59207 3.22235 4.15307 16.8088 24.199
internal_count=165594 158329 6276 7265 2838 2125 1961 152053 734 5514 1715 1509 339 246 762 151319 669 487 452 206 1170 460 164 138 246 206 243 170 140 251 245 198 713 157 107 99 89 158 660 1165 259 114 250 182 139 5054 96 210 89 87 906 4427 151256 491 108 5027 887 179 209 108 126
is_linear=0
shrinkage=0.04


Tree=40
num_leaves=54
num_cat=0
split_feature=20 13 10 2 24 19 21 9 10 7 30 21 9 8 18 10 8 2 8 0 10 2 2 9 2 9 10 18 11 2 0 28 6 2 2 9 7 10 7 19 7 24 20 6 10 19 6 6 10 20 0 7 7
split_gain=1917.96 140.706 50.567 33.7015 25.7385 19.1098 13.1459 12.2934 10.1439 9.93 6.75404 7.922 6.77318 5.29316 5.03472 4.4975 4.36992 11.4059 3.60426 4.34969 3.34134 5.99202 2.34441 6.4676 2.244 2.18665 1.9495 3.07369 1.93658 2.01636 4.42299 1.89904 3.74169 1.82899 1.72079 1.56069 1.43739 1.4013 1.27758 1.27564 1.19235 0.957566 5.23066 0.547017 0.451335 0.384041 0.251038 0.136727 0.121898 0.094776 0.0921071 0.0154678 0.308166
threshold=0.58656641840934765 1.0000000180025095e-35 0.30384616553783422 0.56336912512779247 1.0000000180025095e-35 0.68599441647529613 0.18019481003284457 0.12132352963089944 0.44949495792388922 0.84292763471603405 1.0000000180025095e-35 0.54772728681564342 0.79743590950965892 0.90521115064620983 0.5914268195629121 0.44949495792388922 0.17267081141471866 0.25621344149112707 0.64241620898246776 0.46906732022762304 0.080128207802772536 0.36545780301094061 0.52298858761787426 0.94494947791099559 0.14141153544187549 0.92718276381492626 0.44949495792388922 0.46192501485347753 0.64051282405853283 0.53278529644012462 0.51094213128089916 1.0000000180025095e-35 0.7320508360862733 0.17782925814390185 0.62731361389160167 0.95119047164917003 0.69504830241203319 0.68333333730697643 0.77459675073623668 0.64174234867095958 0.80229884386062633 1.0000000180025095e-35 0.7353600561618806 0.83047896623611461 0.76388889551162731 0.50112107396125805 0.63859337568283092 0.63224515318870556 0.30384616553783422 0.84764185547828685 0.99999997019767772 0.40224719047546392 0.37590579688549047
decision_type=2 2 2 2 2 2 2 2 2 2 2 2 2 2 2 2 2 2 2 2 2 2 2 2 2 2 2 2 2 2 2 2 2 2 2 2 2 2 2 2 2 2 2 2 2 2 2 2 2 2 2 2 2
left_child=1 2 25 4 5 7 14 -2 34 15 48 12 24 20 44 18 -6 33 19 -4 21 39 -11 -24 -12 -1 51 -28 47 30 36 32 -19 -18 -8 -27 -30 -25 -20 45 -40 42 -5 -32 -3 -9 -37 -17 -7 -33 -39 52 -22
right_child=3 6 9 41 16 10 8 13 -10 22 11 -13 -14 -15 -16 28 17 31 38 -21 26 -23 23 37 -26 35 27 -29 29 -31 43 49 -34 -35 -36 46 -38 50 40 -41 -42 -43 -44 -45 -46 -47 -48 -49 -50 -51 -52 -53 -54
leaf_value=-0.039234350184483832 0.050467599264469733 -0.040205226518667578 -0.01769609046462561 0.012730257948490316 0.048635094347628589 0.033057357171362364 -0.034117519397844007 -0.00014070114232711452 0.043652182385774813 0.048695949667726793 -0.00017969936743714846 0.035925003397462692 0.028217003728125516 0.037422861193524212 0.022625341734408663 0.0097699386238508188 0.015882485224678999 -0.0013956408790330717 -0.035038629606410292 0.07922490631541465 -0.021462736958233607 0.050588157154888722 -0.0061918549081793582 0.020379021568917754 -0.03754940218076034 0.019525376362201217 0.024452782798950246 -0.027942193857419959 -0.0010805599867126222 0.016950381816624848 -0.033824416728955073 0.03257375627073688 0.041709933215413567 -0.009948662826220131 0.015914806727953378 -0.00089789004417656164 0.041070553617893218 0.047189053396748913 0.025056288719787857 0.0034715369542437625 -0.019654434942935967 0.048697638898651308 0.044766172406272176 -0.0048490842283079386 -0.019718120868083052 -0.035157365603797598 -0.028746993611606927 0.023840380957679569 0.05377057125378433 0.046739726794536002 0.029372984600510483 -0.039485873591233504 0.0023298849289079063
leaf_weight=33.19965251442045 3.647795930504798 1027.5682040597312 0.95902134664356598 10.141977726481853 59.782519280910492 11.602025274187328 5.8272713627666217 0.83826878527179882 4.6465614000335336 8.4633694784715754 4.4344294145703333 12.924569845199583 5.3161209821701041 1.5482688462361682 1.3764604041352857 4.8825374953448764 6.9735925532877436 5.7599479621276242 7.0716919344849867 0.30705864075571299 1.2401077491231323 1.6633741185069082 8.6856897231191379 19.070573449134827 5.9679089691489935 1.4219724563881744 1.9727769144810725 3.4965378721244633 2.0649407636374257 6.7053084298968306 4.8357769194990396 15.601753523573278 5.6928792539983988 8.6693717157468182 0.58662253990769375 1.1208004392683508 1.6825885931029914 8.5698505043983477 0.76785406749695528 2.1418531769886613 1.0654234471730886 536.90011814236641 123.79748327843845 2.1560257598757744 5.3551443666219702 3.3611434199847281 1.5862136101350186 10.273334546014665 9.2540748314931971 38.143497452139854 13.617833778262137 14.6384334792383 0.69744493439793576
leaf_count=4277 16 150765 123 68 361 72 656 42 74 59 30 65 27 26 63 54 37 51 772 35 72 32 54 81 59 44 59 106 58 57 220 105 36 50 4 61 25 42 67 44 51 3573 786 22 491 156 38 67 50 233 69 1067 42
internal_value=-0.00112481 -0.0345336 0.00330339 0.0429921 0.0293233 0.0116533 -0.0395491 -0.0106105 0.00321762 0.0180038 0.0274817 0.0138935 -0.00504804 -0.0191161 -0.0400129 0.0031247 0.0397862 0.0326793 -0.0188197 0.028633 -0.0232694 -0.000437853 0.0285964 0.0242229 -0.0233827 -0.0358677 -0.0310073 -0.00756656 0.0104465 0.000909526 -0.0093559 0.0399417 0.0213385 0.00158885 -0.0274726 -0.00564638 0.0216668 0.0307154 -0.0281798 -0.0194351 0 0.0475277 0.0424824 -0.0271147 -0.0401221 -0.0303082 -0.0216482 0.0204404 0.0444707 0.0433707 0.0381652 -0.0376435 -0.013659
internal_weight=2080.08 1183.87 138.508 896.208 225.369 84.7451 1045.36 35.246 11.0605 101.179 49.4991 28.643 15.7185 31.5982 1034.3 42.7716 140.624 80.841 10.171 1.26608 30.0499 8.00464 58.4073 49.9439 10.4023 37.3286 22.0453 5.46931 32.6005 17.4446 10.7393 65.1981 11.4528 15.643 6.41389 4.12899 3.74753 41.2583 8.90497 6.34127 1.83328 670.84 133.939 6.9918 1032.92 4.19941 2.70701 15.1559 20.8561 53.7453 22.1877 16.576 1.93755
internal_count=165594 158329 6276 7265 2838 1965 152053 1662 734 1856 303 181 116 1646 151319 1551 873 512 1048 158 1620 274 305 246 89 4420 1346 165 503 382 325 425 87 87 660 143 83 192 890 242 118 4427 854 242 151256 198 99 121 122 338 111 1181 114
is_linear=0
shrinkage=0.04


Tree=41
num_leaves=59
num_cat=0
split_feature=1 13 8 8 28 20 18 21 0 6 0 5 21 8 6 6 21 7 0 6 11 20 7 1 0 18 6 6 21 0 11 0 0 8 6 21 0 0 7 6 23 20 0 11 11 7 7 11 11 7 8 0 0 23 5 6 6 24
split_gain=1826.85 138.477 35.8691 25.8014 30.7842 18.677 11.2094 8.53461 7.97111 7.7161 9.39028 4.86752 4.67472 4.02204 3.6587 6.47669 3.80577 3.35993 2.7841 2.58296 2.3333 2.13094 1.95669 1.9486 8.43188 3.37958 1.87905 1.8321 1.76335 1.63373 1.57158 2.06641 1.31309 3.84398 3.98993 1.22443 1.45428 1.22339 1.22019 2.47398 1.18666 0.878337 0.86578 0.837461 1.80288 0.643919 2.39896 0.694786 0.63294 0.488098 0.453429 0.379579 0.360935 0.251941 0.687906 0.186075 3.52426 0.135882
threshold=0.099711906164884581 1.0000000180025095e-35 0.89699381589889537 0.84680575132370006 1.0000000180025095e-35 0.7353600561618806 0.5914268195629121 0.5419580638408662 1.0000000180025095e-35 0.81530213356018078 0.5189686417579652 1.0000000180025095e-35 0.36602871119976049 0.90259328484535228 0.2152509689331055 0.7320508360862733 0.36602871119976049 0.21164613962173465 0.65834742784500133 0.72481885552406322 0.97530490159988414 0.84764185547828685 0.70678734779357921 0.40217100083827978 0.29973532259464269 0.73375529050827037 0.56980520486831676 0.78830561041831981 0.29520697891712194 0.99999997019767772 0.81530213356018078 0.87729144096374523 0.55062541365623485 0.17267081141471866 0.39455153048038488 0.30384616553783422 0.42807969450950628 0.83118847012519848 0.34330357611179357 0.51191151142120372 0.38814750313758856 0.58656641840934765 0.67195799946784984 0.89379698038101207 0.93405798077583324 0.75905716419219982 0.76253134012222301 0.53001201152801525 0.52419984340667736 0.59611794352531444 0.56562754511833202 0.76780930161476146 0.65834742784500133 0.19785943627357486 1.0000000180025095e-35 0.56980520486831676 0.2152509689331055 1.0000000180025095e-35
decision_type=2 2 2 2 2 2 2 2 2 2 2 2 2 2 2 2 2 2 2 2 2 2 2 2 2 2 2 2 2 2 2 2 2 2 2 2 2 2 2 2 2 2 2 2 2 2 2 2 2 2 2 2 2 2 2 2 2 2
left_child=1 2 9 4 5 12 8 14 -3 18 -11 20 17 50 16 23 -7 -2 38 22 26 32 49 25 -25 35 -4 40 53 -22 31 37 33 -6 -35 36 -16 51 39 -1 -19 -5 -21 -12 -45 47 -47 48 -40 -20 -8 -28 -46 54 -10 56 -9 -43
right_child=3 6 11 41 21 7 13 55 28 10 43 -13 -14 -15 15 -17 -18 27 19 42 29 -23 -24 24 -26 -27 30 -29 -30 -31 -32 -33 -34 34 -36 -37 -38 -39 45 -41 -42 57 -44 44 52 46 -48 -49 -50 -51 -52 -53 -54 -55 -56 -57 -58 -59
leaf_value=-0.023017307580462353 0.027253111723263612 0.036751809253329597 -0.01531716547944326 0.023248473208060751 0.04682513784768802 0.045217619995341789 0.0063108416410519938 0.044463276887980532 -0.024312939699336768 0.070698285485881487 -0.02752202360200412 0.039363152513540098 0.026282074461238675 0.055824132186099454 0.010254300596989268 0.028785149224200519 0.0068563452517187507 0.006072058779500825 0.012285810029362979 0.0090895499830387239 0.035650748558605366 0.045424420784087663 0.049636560840620549 -0.034691118597668623 0.035133386108682101 0.013673479930062873 0.0062344976171603561 0.0025572686235176617 0.016886044991004764 0.013130112594807914 -0.0013912885379485441 0.036215911119846365 0.04433205779933766 -0.016326382542022601 0.024567438404204701 -0.03897330705288448 -0.024085353460543441 -0.0065165517340845724 -0.018760975662626279 0.043376415509887564 -0.037301958961778403 0.042824857094194098 -0.029428760532457476 0.024663853948682216 0 0.034748157943086451 -0.026483113944366334 -0.035614232804894959 0.011814472191838874 -0.018112549207103867 -0.021877696048821501 0.023047015580617877 -0.021714896286739584 -0.040116294814015262 0.010452918954326833 0.046928254451133265 0.008565667038484763 0.048115896981562857
leaf_weight=1.5525405798107375 0.93432848900557175 1.3854435831308354 3.8684790693223468 6.0720331417396656 5.9788572639226976 8.2811534926295298 0.6192391309887163 11.749369144439699 4.1753396992571643 2.0364653645083299 2.0719066835008544 17.317837432026863 2.2955811247229567 1.7735312981531024 2.4798101605847496 11.156038492918013 8.7463906034827215 0.63700012955814855 0.43959990888833933 0.54001554101705584 11.111760176718237 126.77984662353992 1.1152750467881558 3.6670534629374725 5.7872399520128965 3.9497452452778807 6.2115823309868627 2.0156512167304745 0.26676760520785947 13.735008507966993 10.088999537751077 5.689797692000865 8.5369377844035608 5.2201101984828702 8.9171863757073861 5.2243458284065127 3.6341231716796756 5.0426777955144635 4.7180026601999989 0.38507325947284687 14.510309645906089 125.65864346083254 2.7297868896275759 1.7946584373712537 1.7155629252083597 0.51913009909912888 2.1182337012141943 32.63160778908059 0.45126463007181872 0.96117066778242588 1.3743635183200238 5.1887617744505405 2.7549538295716047 993.43802811345086 0.3431248515844344 12.889713570475577 8.0160929486155492 481.24657693505287
leaf_count=168 5 6 71 72 35 41 38 64 542 19 73 90 35 16 60 72 41 41 45 53 49 810 40 61 33 29 80 57 4 59 69 27 61 30 82 57 65 41 577 31 1094 828 199 43 45 17 205 4047 40 85 98 46 57 151523 2 80 40 3296
internal_value=-0.00110835 -0.0344548 0.0032521 0.0423594 0.0315406 0.0146622 -0.0395975 0.0228463 -0.0398636 -0.0202015 0.0100466 0.0208796 -0.0189587 0.0237256 0.0124268 0.00475989 0.0272082 -0.0259826 -0.0268698 -8.91749e-05 0.0150114 0.0428554 0.0247892 -0.00661483 0.00694006 -0.0151544 0.00799383 -0.0304418 -0.0400106 0.024346 0.0112897 0.0170534 0.0302048 0.0222045 0.00912237 -0.0258152 -0.0101114 0.00849713 -0.0303478 0 -0.0349671 0.0469077 -0.0214916 -0.0103252 -0.00108216 -0.0317988 -0.00709128 -0.0331924 -0.013961 -0.0057628 -0.0126025 0.0154506 -0.0147681 -0.0400467 -0.0195323 0.0387437 0.0312108 0.0470992
internal_weight=2014.55 1140.17 136.79 874.384 261.407 105.974 1003.38 85.5811 999.609 58.5352 10.3735 78.2549 20.3929 3.76713 52.9259 35.8984 17.0275 18.0973 48.1617 5.78585 60.9371 155.433 2.51605 24.7423 9.45429 15.288 36.0903 17.163 998.223 24.8468 32.2218 22.1328 28.6531 20.1162 14.1373 11.3383 6.11393 16.443 42.3759 1.93761 15.1473 612.977 3.2698 8.33708 6.26518 40.4382 2.63736 37.8009 5.16927 1.40077 1.9936 11.4003 4.47052 997.956 4.51846 32.6552 19.7655 606.905
internal_count=165594 158505 6276 7089 2893 1875 152229 643 152077 5744 237 532 1232 152 459 377 82 1197 5507 422 442 1018 170 305 94 211 334 1192 152071 108 263 194 208 147 112 182 125 167 5085 199 1135 4196 252 218 145 4886 222 4664 617 130 136 126 102 152067 544 184 104 4124
is_linear=0
shrinkage=0.04


Tree=42
num_leaves=60
num_cat=0
split_feature=1 13 10 10 21 10 18 28 7 0 9 8 21 11 1 10 21 1 6 10 8 6 18 23 18 9 6 0 9 10 9 10 1 11 0 0 7 10 10 24 7 7 18 7 0 0 23 10 8 11 8 8 8 23 10 11 7 9 18
split_gain=1739.53 135.898 46.2704 27.69 33.9431 32.0672 10.9589 8.908 8.41062 7.7714 6.8948 11.8835 7.61764 5.9929 6.6162 5.951 5.03654 4.57815 4.02456 4.01614 3.60484 4.23456 3.42163 2.48455 2.39653 4.42251 3.98141 2.2146 5.35987 2.8673 2.17306 1.77897 4.26663 1.70311 1.73864 3.18828 2.4327 1.52228 1.35657 1.32649 7.27984 1.25728 1.20071 1.14962 1.07251 0.616242 0.62459 0.372387 0.339894 0.360959 0.145529 0.133898 0.254449 0.0962148 0.0771426 2.17375 0.068746 0.0612019 0.0560065
threshold=0.099711906164884581 1.0000000180025095e-35 0.30384616553783422 0.43650794029235845 0.40588235855102545 0.080128207802772536 0.5914268195629121 1.0000000180025095e-35 0.84292763471603405 1.0000000180025095e-35 0.74133810400962841 0.17267081141471866 0.8603896200656892 0.7670542597770692 0.58753976225852977 0.4083333313465119 0.37980769574642187 0.53663355112075817 0.90366768836975109 0.44949495792388922 0.64241620898246776 0.58102023601531994 0.73375529050827037 0.52966317534446727 0.73375529050827037 0.1702898591756821 0.70521390438079845 0.73969104886055004 0.92422503232955944 0.58571431040763866 0.92718276381492626 0.76388889551162731 0.04337779805064202 0.64051282405853283 0.44352366030216223 0.7590814232826234 0.82078272104263317 0.240384615957737 0.30384616553783422 1.0000000180025095e-35 0.58578637242317211 0.77459675073623668 0.45727097988128668 0.80229884386062633 0.99999997019767772 0.17322261631488803 0.23603308200836184 0.76388889551162731 0.70320320129394542 0.98936170339584362 0.71148777008056652 0.8521554470062257 0.79705882072448742 0.97515434026718151 0.64583334326744091 0.54226192831993114 0.52404069900512706 0.9574275314807893 0.38377965986728674
decision_type=2 2 2 2 2 2 2 2 2 2 2 2 2 2 2 2 2 2 2 2 2 2 2 2 2 2 2 2 2 2 2 2 2 2 2 2 2 2 2 2 2 2 2 2 2 2 2 2 2 2 2 2 2 2 2 2 2 2 2
left_child=1 2 30 4 5 16 9 18 19 -3 11 17 13 14 -13 -8 23 -6 22 20 21 -4 45 -2 25 -25 42 -10 -29 -30 -1 -11 -33 54 -35 36 48 57 -9 40 50 -22 -27 -43 -31 -7 -47 -46 -36 -50 -5 52 -42 58 55 -21 -44 -32 -48
right_child=3 6 8 39 10 7 15 38 27 31 -12 12 -14 -15 -16 -17 -18 -19 -20 33 41 -23 -24 24 -26 26 -28 28 29 44 37 32 -34 34 35 -37 -38 -39 -40 -41 51 43 56 -45 47 46 53 -49 49 -51 -52 -53 -54 -55 -56 -57 -58 -59 -60
leaf_value=-0.039137265576505868 0.051595235413099946 0.03608192473670075 -0.017279821238704415 0.0080491723266375506 0.013345831543959444 -0.0038220493818555594 -0.024086870075480032 -0.0035884013964338269 0.047274439520359042 -0.040126935006315492 0.047716106703291468 0.010138846073680026 0.040399495887081562 0.023792791631419986 -0.037681258507875612 0.058657602792564427 -0.0072326197813690953 0.047474838381374299 0.019500580557573671 -0.006010118105859553 -0.034742097064914997 0.078907917395573665 0.0045477426179628046 0.045767791372836986 0.04930561123425977 0.0089855406684386328 0.036019043739006336 -0.0073587245736526051 0.0058512793977314546 0.042751659229857318 -0.0034390141508471961 -0.03193175037185951 0.033790702874322655 0.03165125637418971 -0.001671575030645237 0.015464329248775653 0.019443318931084135 0.018877589250176709 0.025518707701048481 0.047956641694506107 0.035882019904952933 0.024559359633741278 -0.029742360023038983 -0.019370486100640162 0.014547151003493526 0 -0.014773579391571777 0.030359063474932699 -0.034954010631728427 -0.0028644792217279243 -0.0013284202686173719 0.044669014687398451 0.014539202235593261 -0.0067567638892074488 0.024889259992785503 0.030373512668526545 -0.0050528711893110777 -0.026360197085907814 -0.044929565990004888
leaf_weight=31.090734536293894 14.682342315092685 1.3735246062278736 0.92408974142745026 3.7550038928166023 8.7251953631639463 1.1915382565930581 1.6985671999864274 3.6491550495848042 7.7589011751115313 954.09671907778829 89.872387506067753 8.728257138282066 10.451318383216856 10.541973508894442 7.9359671473503104 2.0544023513793945 3.7659808304160824 47.717415243387222 1.6570524647831906 4.4074110537767393 6.6823836071416718 0.31044469028711319 2.7639368008822194 3.3901390582323065 3.8856469690799704 1.2523831720463912 1.9486035732552407 7.397346591576933 8.41260728985071 14.672615081071852 1.0596122015267602 4.1824043472297481 1.2993887262418864 1.5922820083797002 1.151709308847783 6.8271650560200206 1.3530690893530843 1.4755322076380251 5.1528525352478027 466.8167170509696 6.6445259088650328 0.78069544304162253 4.0099475989118218 1.0397873832844196 9.134895995259285 0.61255021113902586 1.7770919310860396 10.354427367448807 5.1678899973630905 1.1351095456629989 4.159978749230504 111.87301818747073 4.3716581743210554 0.79071098286658426 6.5893267802894107 4.2657221630215645 1.1129372236318884 1.5604966543614864 18.2207704000175
leaf_count=4277 104 6 123 43 47 46 130 53 55 151576 607 73 61 79 38 22 29 302 9 40 772 35 21 18 19 30 15 45 41 69 39 481 14 26 58 58 14 40 43 3289 86 67 145 51 39 11 67 56 192 34 44 738 40 50 35 46 37 64 945
internal_value=-0.00108945 -0.0343081 0.00321044 0.0418051 0.0304525 0.00652697 -0.039566 -0.0195763 0.0171247 -0.039839 0.0394322 0.0310599 0.0130158 0.00129513 -0.0132519 0.0231779 0.0338747 0.0425928 -0.0307367 0.00331608 -0.0179303 0.0296064 -0.0347867 0.0391826 0.0248546 0.0131892 -0.00313596 0.0269284 0.0228254 0.0282103 -0.0355877 -0.0399893 -0.0129263 0.0101485 0.00107186 -0.00351741 -0.0187151 -0.0054647 0.0139084 0.0465615 0.0412259 -0.0276423 -0.0189071 7.8379e-05 0.0332796 -0.0397572 -0.0413194 0.0242147 -0.0275947 -0.0309063 0.00307563 0.0436061 0.0296601 -0.04244 0.0194517 0.012761 -0.0267332 -0.021706 -0.0432715
internal_weight=1951.31 1099.85 135.144 851.457 253.836 69.8636 964.705 35.8157 99.9579 960.952 183.973 94.1001 37.6575 27.2062 16.6642 3.75297 34.048 56.4426 27.0137 42.2271 9.7374 1.23453 25.3566 30.282 15.5997 11.714 8.32387 57.7308 49.9719 42.5745 35.1864 959.579 5.48179 32.4897 17.2272 15.6349 8.80778 4.09564 8.80201 597.621 130.804 8.50287 6.37527 1.82048 34.1619 22.5927 21.4011 19.4893 7.45471 6.303 7.91498 122.889 11.0162 20.7886 15.2625 8.67313 5.12288 2.62011 19.9979
internal_count=165594 158505 6276 7089 2849 1642 152229 1245 1856 152077 1207 600 251 190 111 152 397 349 1149 1551 1048 158 1140 368 264 245 227 305 250 205 4420 152071 495 503 382 356 298 143 96 4240 951 890 212 118 164 1119 1073 95 284 226 87 864 126 1062 121 86 182 103 1012
is_linear=0
shrinkage=0.04


Tree=43
num_leaves=61
num_cat=0
split_feature=20 13 10 2 24 19 21 9 10 7 30 21 18 8 8 2 9 10 8 0 2 10 2 1 18 18 0 9 10 9 21 2 2 9 24 20 7 19 10 0 7 18 2 7 2 10 7 8 0 2 1 10 1 10 19 6 6 10 7 7
split_gain=1657.81 132.885 43.9211 33.2091 22.6962 15.9098 12.5644 10.7337 8.98212 7.8086 6.25481 7.17745 4.82675 4.7642 4.51421 10.4544 4.02738 3.73388 3.52848 4.12901 3.33766 3.10753 5.44166 2.41632 5.14739 2.32119 2.19031 6.14688 2.82316 2.16784 2.0127 1.7513 1.59653 1.46375 1.24148 5.38079 1.23811 1.22952 1.1554 1.15482 1.10447 1.10314 0.854283 2.82117 2.65555 2.95601 1.42359 0.940138 0.817622 2.1222 0.658685 0.523091 2.67204 0.366215 0.286159 0.285841 0.24809 0.236789 0.119677 0.291821
threshold=0.58656641840934765 1.0000000180025095e-35 0.30384616553783422 0.56336912512779247 1.0000000180025095e-35 0.68599441647529613 0.18019481003284457 0.12132352963089944 0.44949495792388922 0.84292763471603405 1.0000000180025095e-35 0.54772728681564342 0.5914268195629121 0.90521115064620983 0.17267081141471866 0.25621344149112707 0.7679487168788911 0.44949495792388922 0.64241620898246776 0.47354473173618322 0.13020028173923495 0.080128207802772536 0.36545780301094061 0.32986950874328619 0.43542900681495672 0.615800440311432 0.73316389322280895 0.92206478118896495 0.58571431040763866 0.92718276381492626 0.45804196596145635 0.17782925814390185 0.62731361389160167 0.95119047164917003 1.0000000180025095e-35 0.7353600561618806 0.77459675073623668 0.64174234867095958 0.58571431040763866 0.99999997019767772 0.80229884386062633 0.46192501485347753 0.52799281477928173 0.76506900787353527 0.28770673274993902 0.64583334326744091 0.80901724100112926 0.69504830241203319 0.61911734938621532 0.46114827692508703 0.36960017681121832 0.76388889551162731 0.059397457167506225 0.76388889551162731 0.50757750868797313 0.54950982332229625 0.63859337568283092 0.30384616553783422 0.40224719047546392 0.37590579688549047
decision_type=2 2 2 2 2 2 2 2 2 2 2 2 2 2 2 2 2 2 2 2 2 2 2 2 2 2 2 2 2 2 2 2 2 2 2 2 2 2 2 2 2 2 2 2 2 2 2 2 2 2 2 2 2 2 2 2 2 2 2 2
left_child=1 2 29 4 5 7 12 -2 32 17 57 16 51 21 -6 31 20 18 19 -4 -12 22 37 24 -17 -26 -11 -28 -29 -1 38 -16 -8 -31 35 -5 -20 54 50 -30 -38 -40 44 -44 -19 46 47 -46 -49 -50 58 -3 -53 -41 -9 -25 -35 -7 59 -23
right_child=3 6 9 34 14 10 8 13 -10 26 11 -13 -14 -15 15 23 -18 42 36 -21 -22 30 -24 55 25 -27 27 28 39 33 -32 -33 -34 56 -36 -37 40 -39 41 53 -42 -43 43 -45 45 -47 -48 48 49 -51 -52 52 -54 -55 -56 -57 -58 -59 -60 -61
leaf_value=-0.03906881344720959 0.04767358051123266 -0.040165012413624031 -0.017204276963333587 0.010436719338170083 0.04704543848981859 0.030440537283228018 -0.033563064768388724 -0.0017378648103162405 0.041858587688649786 0.046281085150126806 0.007266003016509686 0.033551755827081267 0.021091941408257608 0.03533111822634076 0.014812532102887641 0.051635971243005223 0.018510153092926755 0.039370606869456225 -0.034553726352591123 0.077521164183793678 -0.037274854295003643 -0.019914956683544042 0.04752856168457454 0.032833383383827429 -0.012075359387018788 0.021888291518185207 -0.010484808642067979 0.0056362680648622231 0.042421261921296971 0.0187802174502473 0.017970315475958721 -0.010604815379929952 0.015238455158529743 -0.00064868731996818498 0.047430408124653364 0.04317242014461118 0.023879620849760769 0.0034107149225855917 0.016412382184257245 0.014068252773013172 -0.019150621072767989 -0.022735155397894162 0.031510081635331484 -0.0024052099072524565 0.0085625428258661214 0.026251344298564169 0.017311020114663182 -0.033309758243775009 0.018426368475466283 -0.023426791564808126 0 -0.031793857713565236 0.025136576449560438 0.029680433982703605 -0.034677484567620119 0.047829116142604468 -0.028247957835952339 0.051068716835397952 -0.03965818636417396 0.0032244603622385471
leaf_weight=29.924660434480757 3.5104699581861487 912.68218889040872 0.91797771072015055 9.7953896382823569 55.198789447546005 11.404461702331902 5.3100866973400098 0.88704251311720028 4.4824027484282851 7.7244198601692906 3.6762610618025082 12.352366626262663 1.411454808898269 1.5321841309778381 6.9224851019680491 4.9092179043218485 5.6673982776701441 1.82757889851928 6.4600082263350469 0.32568799797445536 6.0867561474442482 1.0761033520102632 1.7059061219915745 18.260491095483303 5.6589624742045981 5.1819618605077267 7.2384392619132987 8.4221393913030607 14.733172103762625 1.4388768146745849 0.61488207429647346 8.5393858840689045 0.56725276261568058 1.1073146518319847 489.01088145375252 114.21295702084899 0.79889355320483435 2.1204513991251588 1.1821701810695224 9.1027270257472992 1.0215076366439459 1.3925731172785161 7.9009190481156093 6.4172402247786522 1.3412557374686027 3.3684926051646462 1.4366341941058625 3.9549779249355179 2.0929920962080359 4.1948727322742343 0.62101906631141801 4.1060154410079113 0.87338471971452225 10.193679258227348 3.1401613298803568 27.407690048217773 1.5357602909207342 9.0118813365697843 15.08773337304592 0.66157274739816774
leaf_count=4277 16 150765 124 68 361 72 656 48 74 54 22 65 63 26 37 39 29 27 772 34 65 67 32 110 65 30 45 41 70 44 7 50 4 61 3573 786 67 44 39 39 51 56 46 54 54 23 18 165 47 69 14 484 7 56 150 181 38 50 1121 42
internal_value=-0.00107108 -0.034103 0.00316959 0.0413774 0.0275283 0.0107111 -0.0394578 -0.0101927 0.0036605 0.0166176 0.0252468 0.0119943 -0.0399517 -0.0184066 0.0377461 0.0304997 -0.00601114 0.00328264 -0.0174605 0.0293143 -0.0210146 -0.0225324 -0.000406504 0.0377955 0.0214942 0.00429892 0.0260943 0.0220262 0.0277754 -0.0354043 -0.0303601 0.000740416 -0.0267405 -0.00535117 0.0461486 0.0407228 -0.0273185 -0.0190562 -0.0328189 0.0328232 8.64307e-05 -0.00407887 0.00981373 0.0168838 0.00345918 -0.00234911 -0.011378 -0.0163467 -0.0204357 -0.00832982 -0.0363925 -0.0400728 -0.0186055 0.0235688 -0.0300067 0.0427508 -0.0211352 0.0416921 -0.0378111 -0.0116843
internal_weight=1889.74 1062.91 133.48 826.83 213.81 81.7314 929.433 33.5323 10.3597 99.4736 48.1991 27.7828 919.073 30.0218 132.079 76.8802 15.4304 42.059 9.52408 1.24367 9.76302 28.4896 7.85356 61.4183 15.7501 10.8409 57.4146 49.6902 42.4517 34.0066 20.6361 15.4619 5.87734 4.08195 613.019 124.008 8.28041 6.14766 20.0212 34.0296 1.8204 2.57474 32.535 14.3182 18.2168 16.3892 13.0207 11.5841 10.2428 6.28786 17.4464 917.662 4.9794 19.2964 4.0272 45.6682 2.64307 20.4163 16.8254 1.73768
internal_count=165594 158329 6276 7265 2838 1965 152053 1662 734 1856 303 181 151319 1646 873 512 116 1551 1048 158 87 1620 274 425 134 95 305 251 206 4420 1346 87 660 143 4427 854 890 242 1339 165 118 95 503 100 403 376 353 335 281 116 1244 151256 491 95 198 291 99 122 1230 109
is_linear=0
shrinkage=0.04


Tree=44
num_leaves=60
num_cat=0
split_feature=20 13 10 2 24 19 21 9 10 10 7 18 30 20 9 7 7 2 11 9 11 0 0 11 11 0 6 2 10 2 6 1 21 10 0 9 23 2 10 2 24 20 0 2 23 9 9 6 10 1 18 11 11 6 2 11 9 7 7
split_gain=1579.38 130.407 41.7023 32.9478 21.5911 14.9868 12.3063 11.8707 8.48578 7.74428 7.24511 4.74985 4.14675 4.8423 6.53432 3.79207 3.65334 8.32889 3.61659 3.52343 2.89335 3.06598 2.69627 4.02865 2.65943 2.83191 4.05347 2.63752 2.59606 5.9432 3.07698 2.43262 4.53593 2.24173 4.62056 2.16455 2.07969 1.56102 1.4573 1.38077 1.34981 5.31616 1.10089 1.02588 0.996801 0.720106 0.701978 0.600321 0.540616 2.59061 0.458932 0.369822 0.348342 0.337745 0.269836 0.20326 0.0432347 0.0149888 0.325391
threshold=0.58656641840934765 1.0000000180025095e-35 0.30384616553783422 0.56336912512779247 1.0000000180025095e-35 0.74175426363945018 0.18019481003284457 0.12132352963089944 0.44949495792388922 0.44949495792388922 0.84292763471603405 0.5914268195629121 1.0000000180025095e-35 0.95270055532455455 0.7679487168788911 0.77015754580497753 0.21164613962173465 0.27728973329067236 0.66987180709838878 0.76533168554306041 0.4246212244033814 0.53636872768402111 0.7269541621208192 0.53001201152801525 0.88516482710838329 0.51094213128089916 0.75905716419219982 0.53278529644012462 0.080128207802772536 0.36545780301094061 0.90366768836975109 0.32986950874328619 0.23303167521953586 0.76388889551162731 0.73316389322280895 0.92718276381492626 0.85236588120460521 0.62731361389160167 0.240384615957737 0.54586797952651989 1.0000000180025095e-35 0.7353600561618806 0.37768925726413732 0.11427757143974306 0.54011493921279918 0.70320320129394542 0.93063354492187511 0.84680575132370006 0.76388889551162731 0.059397457167506225 0.73375529050827037 0.91042780876159679 0.61620295047760021 0.54950982332229625 0.48381753265857702 0.97530490159988414 0.9574275314807893 0.40224719047546392 0.37590579688549047
decision_type=2 2 2 2 2 2 2 2 2 2 2 2 2 2 2 2 2 2 2 2 2 2 2 2 2 2 2 2 2 2 2 2 2 2 2 2 2 2 2 2 2 2 2 2 2 2 2 2 2 2 2 2 2 2 2 2 2 2 2
left_child=1 2 35 4 5 7 11 -2 37 28 18 48 -7 14 -14 19 -6 36 20 -11 -4 52 23 -23 39 26 51 45 29 43 50 32 -19 34 -12 -1 -18 -8 56 42 41 -5 -20 -9 -45 -27 47 -47 -3 -50 57 -26 -22 -33 -21 -36 -37 58 -30
right_child=3 6 10 40 16 12 8 9 -10 15 33 -13 13 -15 -16 -17 17 31 24 54 21 22 -24 -25 25 27 -28 -29 30 -31 -32 53 -34 -35 55 38 -38 -39 -40 -41 -42 -43 -44 44 -46 46 -48 -49 49 -51 -52 -53 -54 -55 -56 -57 -58 -59 -60
leaf_value=-0.038999029231241572 0.049766215956062683 -0.040151435953414118 -0.01395389036997619 0.01007971808975985 0.045358015967935053 0.044360588675773575 -0.033350571367420083 0 0.040720755081142944 0.027884140213812227 0.044354060499966125 0.020398917952338867 -0.018474841532831441 0.040334343471007915 0.030509008964667423 0.047173652077841015 0.016991679039601391 0.046382414260328277 0.0076792362699122253 -0.031961842984394355 -0.022850061374587585 0.084506271000744509 0.015772746185834699 0.0015384144737125818 0.0071693682663697437 0.0095421936479784409 0.067903330917058413 0.02672685743663716 -0.021672677822662908 0.045696788947629997 0.025653045408787642 0.031384170725576074 0.0023507768926745616 0.036673449970406169 0.0042260819287152744 -0.0036778526966855974 -0.010172415847087155 0.015056160673896287 0.018363510397160616 -0.00096679528726204445 0.04704659987616383 0.042646190248032532 -0.035108573921304079 0 -0.036756882770157262 -0.032641257002345603 0.0056758067202965969 0.00041882962213758576 -0.031562119308061035 0.02461510442355834 -0.0029870706427175256 -0.018672476988134467 0.0019782513529347577 0.047337966667457813 -0.0038798826859180588 0.012759296609073947 -0.025808001080761901 -0.039621523909756311 0.0027557464461183479
leaf_weight=28.803473368287086 4.3922133445739737 877.18627564329654 3.5342896473594037 9.7725191954523307 56.296515494585037 15.07844305038452 5.1399764413945359 2.5549479098990577 4.4519154196605086 2.5564294620417041 7.7798931039869776 1.4345280034467567 9.066834822297098 7.6780844777822486 6.6641468256711951 3.0055337157100439 8.3825978576205653 5.5225318977609268 0.57225465588271784 2.2221476039849226 1.461072667967531 1.897076343186199 10.595594734884797 1.5880233794450758 0.58571046916767799 0.51576835568994273 1.3557821162976322 1.7780244108289478 1.2683252533897853 1.7426393423229445 0.61975286900997062 15.546862483024595 9.542198393493889 19.460688441991806 9.4251000080257672 1.0683331848122171 7.6024581156671038 0.5633427295833825 1.4943020157516 4.2329517183825374 473.59983140230179 111.07338772341609 6.3393890857696533 1.5560858375392852 4.5437139323912561 4.3231651913374662 0.61127675883471955 0.74082516413182009 3.9805981740355483 0.87731635384261597 1.0779878199100483 0.99680883251130581 0.77167650265619148 26.453697443008423 1.4675359851680694 20.416508167982101 1.5082207415252924 14.522500600200145 0.67856400972232211
leaf_count=4277 20 150765 50 68 376 80 656 21 74 60 54 63 63 41 35 27 49 67 48 76 110 26 74 80 33 27 14 29 76 32 3 96 64 105 56 39 41 4 40 37 3573 786 527 44 202 352 9 9 484 7 15 78 48 180 25 90 64 1103 42
internal_value=-0.00105186 -0.0339534 0.00313254 0.0408732 0.0269826 0.0104962 -0.0394273 -0.00586978 0.003655 -0.0135504 0.0161331 -0.0399306 0.0282397 0.0163 0.00262043 0.0167353 0.037078 0.0301166 0.00326142 -0.0018481 0.0153348 0.0223506 0.0291563 0.056365 -0.00762543 0.00595261 0.0340372 -0.00659699 -0.0237291 -0.00643326 -0.032567 0.0371689 0.0206236 0.0252936 0.0185063 -0.0352137 0.00399871 -0.0264397 -0.00523285 -0.0206397 0.045721 0.0401498 -0.0305375 -0.0209899 -0.0288152 -0.0191094 -0.0233519 -0.0278737 -0.0400562 -0.0182638 -0.0361112 -0.00848661 -0.0150741 0.0423927 -0.0248545 0.0104183 -0.0213443 -0.0377552 -0.0137552
internal_weight=1829.98 1025.49 131.856 804.488 210.043 80.6959 893.634 42.2084 10.1552 37.8162 98.9819 883.479 38.4875 23.4091 15.731 9.25165 129.347 73.0503 41.8997 6.24611 19.8477 16.3134 14.0807 3.4851 22.052 10.9074 2.9383 7.96906 28.5645 10.3974 18.1671 57.0653 15.0647 57.0822 37.6215 32.8743 15.9851 5.70332 4.07086 11.1446 594.446 120.846 6.91164 8.65475 6.0998 6.19104 5.67527 5.06399 882.044 4.85791 17.5474 1.58252 2.23275 42.0006 3.68968 29.8416 2.57655 16.4694 1.94689
internal_count=165594 158329 6276 7265 2838 1965 152053 1746 734 1726 1856 151319 219 139 98 188 873 497 1551 161 388 338 180 106 1163 551 125 426 1538 299 1239 407 131 305 200 4420 90 660 143 612 4427 854 575 267 246 397 370 361 151256 491 1236 111 158 276 101 146 103 1221 118
is_linear=0
shrinkage=0.04


Tree=45
num_leaves=59
num_cat=0
split_feature=20 13 10 2 24 1 21 6 20 10 7 8 31 18 8 2 2 23 11 23 21 11 0 11 0 6 0 11 1 18 11 2 10 0 0 7 2 2 24 20 2 21 31 11 8 0 18 11 6 7 10 1 8 0 2 6 23 11
split_gain=1504.78 127.945 39.5893 32.6992 20.4604 12.1235 12.0554 9.70179 8.54651 8.01644 6.69588 5.65687 5.5881 4.6756 4.59878 9.78433 4.49643 4.11312 3.3457 2.91529 2.96706 2.7019 2.86449 2.56504 2.65091 3.76887 2.50314 3.64727 2.49399 4.69978 2.75933 2.48796 2.19781 4.24954 1.74178 2.08853 1.61698 1.52619 1.45951 5.25227 1.34156 1.18584 1.1433 1.14317 1.12735 1.11247 1.01724 0.668676 0.566553 0.563883 0.557705 2.51139 0.529965 0.473829 0.387626 0.368751 0.299736 0.187469
threshold=0.58656641840934765 1.0000000180025095e-35 0.30384616553783422 0.56336912512779247 1.0000000180025095e-35 0.16783953458070758 0.18019481003284457 0.74133810400962841 0.96168524026870739 0.44949495792388922 0.84292763471603405 0.47413024306297308 1.0000000180025095e-35 0.5914268195629121 0.17267081141471866 0.25621344149112707 0.11427757143974306 0.76755931973457348 0.66987180709838878 0.52966317534446727 0.48529411852359777 0.4246212244033814 0.53636872768402111 0.88516482710838329 0.51094213128089916 0.75905716419219982 0.7269541621208192 0.53001201152801525 0.32986950874328619 0.43542900681495672 0.88516482710838329 0.53278529644012462 0.76388889551162731 0.73316389322280895 0.66915929317474376 0.61620295047760021 0.17782925814390185 0.62731361389160167 1.0000000180025095e-35 0.7353600561618806 0.54586797952651989 0.31698563694953924 1.0000000180025095e-35 0.98936170339584362 0.99438202381134044 0.37313063442707067 0.55747640132904064 0.92403846979141246 0.85313725471496593 0.31662489473819738 0.76388889551162731 0.059397457167506225 0.58123165369033825 0.60961154103279125 0.32195149362087255 0.54950982332229625 0.65868008136749279 0.97530490159988414
decision_type=2 2 2 2 2 2 2 2 2 2 2 2 2 2 2 2 2 2 2 2 2 2 2 2 2 2 2 2 2 2 2 2 2 2 2 2 2 2 2 2 2 2 2 2 2 2 2 2 2 2 2 2 2 2 2 2 2 2
left_child=1 2 34 4 5 11 13 8 12 37 18 42 16 50 -6 36 -7 46 21 -18 56 -4 52 40 25 54 27 -24 29 -17 -31 47 33 -12 -1 -36 -16 -8 39 -5 45 44 -2 -37 -13 -20 -14 53 -49 -19 -3 -52 -23 -26 -25 -30 -21 -35
right_child=3 6 10 38 14 7 9 -9 -10 -11 32 41 17 -15 15 28 19 49 23 20 -22 22 26 24 31 -27 -28 -29 55 30 -32 -33 -34 57 35 43 -38 -39 -40 -41 -42 -43 -44 -45 -46 -47 -48 48 -50 -51 51 -53 -54 -55 -56 -57 -58 -59
leaf_value=-0.038818267490829526 -0.0012318587501324761 -0.040138094915604806 -0.013601099795153324 0.009734406976774624 0.04603297096002356 0.023358737454491303 -0.033135582674140636 0.04544838317742677 0.040088643194429369 0.039608535258218128 0.042536262276771167 -0.0372539158335276 0.0065948771378331536 0.01973114387962728 0.013969569039661227 0.049140553652121478 0.017753914556886817 0.039397050811767892 0.0081796049346477429 -0.0093827312841065231 -0.0052100726955660818 0.0067180373483562029 0.08024152408307908 -0.018809346662404365 -0.014571220236800433 0.065086635769240189 0.015119842834661381 0.0014995116093456174 0.031495193678351567 -0.012215365234412686 0.025167855198036305 0.025702444957968366 0.035844915842892421 0.0040685874865660707 0.031813892804618632 -0.03183426117560105 -0.010442801783616345 0.014876713149439105 0.046681421367895874 0.042133780316741254 -0.00093584989746318059 0.009964056982510008 0.041765006657267831 0.0069766045487521956 0.0060428300218725419 -0.034911622620324483 -0.025037872713639917 -0.031465806389290613 0.00065824822885121874 0.015896593484791496 -0.03132834001067706 0.024105700014419307 -0.023803236918751511 0.013656853075396538 0.0076778090200806228 0.046890393514861073 -0.042795902767015066 0.012297379167324315
leaf_weight=27.272976447828118 1.318032822571694 843.066206199117 3.5074148415587869 9.7503469446673972 52.126390606164932 3.7121365349739817 4.9761946815997344 14.694987416267393 10.024401642382143 4.4225350408814847 7.8295617233961812 11.452204173896456 2.0344234481453922 1.4571319511160243 6.9406523890793315 4.8503587730228892 2.040639320388439 5.5115457409992796 0.55574022373184728 1.4879975114017749 7.6376149207353583 0.59148740163073243 1.9696084237657481 0.99153370829298937 0.70924303727224458 1.4002250125631688 10.652989190071819 1.5899567650631068 17.634675305336714 6.3420719103887659 4.510010801255703 1.8140441440045831 19.14368087798357 9.4368135817348975 0.60613690782338281 2.786188384052366 8.5437123645097 0.55947302095592011 458.52494188398123 108.0016886908561 4.2311075301840901 0.46704328339546997 1.3456643880344927 1.1182810799218716 0.59611581731587726 6.1536756423301995 2.6849806406535208 3.4934501913376153 0.74519409332424391 6.4102129759266973 3.8597987447865298 0.88107665628194798 1.6115136411972342 1.119028221350163 0.57755577890202403 25.819945752620697 8.1368866395205242 20.374490909278393
leaf_count=4165 78 150765 50 68 361 24 656 91 53 74 54 1118 43 63 37 39 26 37 45 37 54 25 26 71 67 14 74 80 110 63 32 29 105 56 48 180 50 4 3573 786 37 7 44 27 20 530 52 259 10 78 484 7 133 61 40 181 203 90
internal_value=-0.00103341 -0.0338012 0.00308831 0.0403827 0.0264482 0.0102975 -0.0393964 0.017897 0.00893273 0.00364602 0.0156546 -0.0207997 0.000166397 -0.0399095 0.0363926 0.0290878 -0.012297 0.0173504 0.00324633 -0.0201636 -0.0255917 0.0147964 0.0215262 -0.00732406 0.00599103 0.0329718 0.0280269 0.0539897 0.0363877 0.0201455 0.00379588 -0.00629211 0.0244864 0.017828 -0.0350225 -0.00846633 0.000440684 -0.0261373 0.0453103 0.0395892 -0.0202601 -0.0319363 0.0248686 -0.0207468 -0.0345062 -0.0302255 -0.0119335 -0.018708 -0.026007 0.0292787 -0.0400399 -0.0179249 -0.0148207 1.18448e-05 -0.00830928 0.0415817 -0.039376 0.010039
internal_weight=1772.1 989.504 130.282 782.6 206.323 79.5549 859.222 64.3758 49.6808 9.9582 98.4983 15.1791 39.6564 849.264 126.768 74.6414 23.0153 16.6412 41.7138 19.3031 17.2625 19.923 16.4156 21.7908 10.8503 2.96931 14.2126 3.55957 59.1571 15.7024 10.8521 7.88096 56.7845 37.6409 31.7836 4.51061 15.4844 5.53567 576.277 117.752 10.9405 12.5154 2.6637 3.90447 12.0483 6.70942 4.7194 6.06692 4.23864 11.9218 847.807 4.74088 2.203 1.82827 1.56909 43.4546 9.62488 29.8113
internal_count=165594 158329 6276 7265 2838 1965 152053 698 607 734 1856 1267 554 151319 873 512 344 210 1551 320 294 388 338 1163 551 125 180 106 425 134 95 426 305 200 4420 255 87 660 4427 854 612 1145 122 207 1138 575 95 397 269 115 151256 491 158 128 111 291 240 146
is_linear=0
shrinkage=0.04


Tree=46
num_leaves=59
num_cat=0
split_feature=20 13 10 2 24 19 21 9 10 10 7 8 2 18 6 20 31 7 9 10 8 6 1 19 10 2 6 9 10 10 2 24 20 2 2 9 7 7 2 23 8 2 9 2 9 7 10 6 10 1 18 6 7 6 2 7 7 7
split_gain=1433.69 125.54 37.5378 32.5033 19.5156 13.4032 11.8118 10.9968 7.57256 7.24881 6.20492 4.60893 9.40532 4.6039 3.85222 5.10819 8.15746 3.43328 3.3563 3.1473 3.45236 4.17417 2.49929 4.962 2.48621 5.61633 2.91801 2.20837 2.19203 2.15142 3.91249 1.57062 5.18879 1.50331 1.49201 1.37904 1.23566 1.06078 0.937544 0.944861 0.878949 3.60468 3.89996 3.45815 1.49157 1.3257 1.71799 0.853392 0.574355 2.43434 0.441327 0.414741 0.640251 0.312881 0.252707 0.164007 0.0154227 0.359821
threshold=0.58656641840934765 1.0000000180025095e-35 0.30384616553783422 0.56336912512779247 1.0000000180025095e-35 0.74175426363945018 0.18019481003284457 0.12132352963089944 0.44949495792388922 0.44949495792388922 0.84292763471603405 0.17267081141471866 0.25621344149112707 0.5914268195629121 0.69504830241203319 0.95270055532455455 1.0000000180025095e-35 0.77015754580497753 0.76533168554306041 0.44949495792388922 0.64241620898246776 0.58380147814750682 0.32986950874328619 0.41797162592411047 0.080128207802772536 0.36545780301094061 0.90366768836975109 0.92718276381492626 0.4083333313465119 0.76388889551162731 0.51369920372962963 1.0000000180025095e-35 0.7353600561618806 0.17782925814390185 0.62731361389160167 0.95119047164917003 0.77459675073623668 0.80229884386062633 0.11427757143974306 0.54011493921279918 0.86729559302330028 0.44330103695392614 0.86899313330650341 0.28638668358325964 0.75716626644134533 0.70926907658576976 0.5634920895099641 0.93813776969909679 0.76388889551162731 0.059397457167506225 0.73375529050827037 0.54950982332229625 0.38924963772296911 0.6291005313396455 0.48381753265857702 0.79469618201255809 0.40224719047546392 0.37884436547756201
decision_type=2 2 2 2 2 2 2 2 2 2 2 2 2 2 2 2 2 2 2 2 2 2 2 2 2 2 2 2 2 2 2 2 2 2 2 2 2 2 2 2 2 2 2 2 2 2 2 2 2 2 2 2 2 2 2 2 2 2
left_child=1 2 27 4 5 7 13 -2 34 24 19 -6 33 48 15 16 -7 18 -11 20 21 -4 23 -14 25 38 50 -1 -25 30 -12 32 -5 -13 -8 -29 -22 -38 -9 -40 41 43 -43 -21 -45 -42 -47 -32 -3 -50 56 52 -24 -37 -20 -46 57 -26
right_child=3 6 10 31 11 14 8 9 -10 17 29 12 22 -15 -16 -17 -18 -19 54 40 36 -23 51 28 26 -27 -28 35 -30 -31 47 -33 -34 -35 -36 53 37 -39 39 -41 45 42 -44 44 55 46 -48 -49 49 -51 -52 -53 -54 -55 -56 -57 -58 -59
leaf_value=-0.038860900944862282 0.048353076369652651 -0.040124961131448388 -0.017165800070979006 0.0094004287819846079 0.045548984366647997 -0.017042245739565955 -0.032918132396545209 0 0.038520696386871313 0.027231474854287407 0.040817626941585042 0.013465857486160393 0.051939604427050465 0.01908759211856138 0.046640919003868381 0.041231241395226013 0.034512299306645157 0.045415481318738814 -0.031492845436861983 0.037582603215318103 -0.034186543139673023 0.07837302938256302 0.038660988233970878 -0.010294980783671739 -0.021772195165555012 0.044047632351784528 0.024692106719936161 0.01861792686984998 0.022199677194461972 0.035037154630421362 0 0.046333572898180811 0.041633840077214435 -0.01006059929737632 0.014700048746965896 0 0.023687725844760355 -0.018637319030341607 0 -0.0363555264997764 0.0146503121011754 0.072156770061877179 0 0.0097157141016126509 -0.03045538585377694 0.010912005313951256 -0.017289457314827693 0.014212994924488229 -0.031092594677459 0.023608004708453194 -0.0030490849918980308 0.046451273289161453 0.017437345230518483 -0.027852535289622234 -0.0038587762427779899 -0.0024040754714398692 -0.039431148358504101 0.0039107279693288326
leaf_weight=26.729836068116132 4.2924741953611365 810.26919607166201 0.91506136581301489 9.7288589468225819 50.614293619990349 10.750293575227266 4.8185008750297111 2.5762894777581113 4.3943534484133124 2.5664852387271804 7.8740259502083054 6.9494889713823786 4.2287079663947216 1.4792687986046065 10.89611019939184 8.5546681433916074 7.4189269356429568 2.9471167968586087 2.1360807819291954 1.8649117071181516 6.0402930807322264 0.31567086325958371 9.5478886365890521 6.5040070908144099 1.2821061839349628 1.7618885720148671 0.61185085773467918 1.4395849029533558 4.9108592933043838 18.831068642437458 9.7623912468552607 443.79374027997255 104.99951827153563 8.5513873649761063 0.55564432032406319 1.01296425703913 0.80271955020725705 0.97767866449430585 1.5588465849868951 4.3631886532530189 8.7837526854127663 2.0567569592967634 1.8615613738074896 1.9566682195290921 3.1459753699600697 5.1925464384257776 6.7229743767529726 20.018433257937431 3.7434398848563424 0.88467303849756707 1.0751059846952546 25.046563237905502 7.7793347910046569 1.5316006252542136 1.457979643717408 0.91505815275013436 13.723785320296882 0.62898959731683124
leaf_count=4277 20 150765 127 68 361 71 656 21 74 60 54 37 31 63 63 46 39 27 76 26 772 31 59 69 81 32 3 44 34 105 60 3573 786 50 4 58 67 51 44 202 51 50 38 64 166 46 51 86 484 7 15 181 51 41 25 11 1103 37
internal_value=-0.00101498 -0.0336455 0.00304467 0.0399009 0.0259153 0.01007 -0.0393651 -0.00565731 0.00363357 -0.0131976 0.0151787 0.0357561 0.0284397 -0.0398884 0.0270094 0.0174671 0.00450228 0.0162384 -0.00155411 0.00320672 -0.0163758 0.0296941 0.0357237 0.0195597 -0.0232854 -0.00631663 -0.0322249 -0.0348176 0.00402466 0.0237068 0.0171772 0.0449149 0.0390399 0.000421432 -0.0258334 -0.00453427 -0.0266237 0.000663106 -0.0207175 -0.0283843 0.00910596 0.0174729 0.0443533 0.000171769 -0.0145553 0.00356611 -0.00479678 0.00967371 -0.0400236 -0.0175889 -0.0358114 0.0410104 0.0308219 -0.0203183 -0.0244335 -0.0266489 -0.037505 -0.0135055
internal_weight=1716.15 954.897 128.752 761.257 202.735 78.6022 826.145 40.9822 9.7685 36.6897 98.0375 124.133 73.5182 816.377 37.62 26.7239 18.1692 9.10766 6.16055 41.5516 9.05142 1.23073 58.0174 15.6436 27.5821 10.2602 17.3218 30.714 11.4149 56.4859 37.6549 558.522 114.728 15.5009 5.37415 3.98415 7.82069 1.7804 8.49832 5.92204 32.5002 11.8009 3.91832 7.88261 6.0177 20.6993 11.9155 29.7808 814.897 4.62811 16.71 42.3738 17.3272 2.54456 3.59406 4.06103 15.6349 1.9111
internal_count=165594 158329 6276 7265 2838 1965 152053 1746 734 1726 1856 873 512 151319 219 156 110 188 161 1551 1048 158 425 134 1538 299 1239 4420 103 305 200 4427 854 87 660 143 890 118 267 246 503 355 88 267 241 148 97 146 151256 491 1236 291 110 99 101 177 1221 118
is_linear=0
shrinkage=0.04


Tree=47
num_leaves=62
num_cat=0
split_feature=1 23 10 2 22 2 10 10 18 2 6 10 7 10 0 28 22 6 11 0 9 6 9 0 0 18 9 9 9 24 22 0 11 0 1 9 0 6 18 18 22 28 23 10 6 7 7 2 9 6 2 8 11 22 22 9 1 22 1 9 22
split_gain=1366.01 124.19 36.3105 32.7553 17.397 11.969 15.8001 17.7782 10.2902 9.52351 12.5636 7.1932 5.85638 5.2219 5.01933 4.75158 5.61769 4.37877 4.56882 3.74984 3.7574 2.6883 2.66465 2.59134 2.51238 2.47205 2.21794 5.25154 2.02487 1.84855 5.34916 1.77458 2.74433 1.90268 1.77084 1.72535 2.28701 2.9407 2.0599 2.19053 1.71508 1.53489 1.4409 1.35064 1.18225 0.754461 0.700346 9.57385 0.626696 0.592136 1.26121 0.589511 0.576026 0.202729 1.43146 0.179518 0.116559 1.06925 0.635452 0.0868699 0.0280799
threshold=0.099711906164884581 0.19785943627357486 0.30384616553783422 0.56336912512779247 0.5577777922153474 0.11427757143974306 0.30384616553783422 0.080128207802772536 0.5914268195629121 0.31741622090339666 0.2152509689331055 0.76388889551162731 0.80901724100112926 0.4083333313465119 1.0000000180025095e-35 1.0000000180025095e-35 0.48529411852359777 0.82807883620262157 0.66987180709838878 0.67507311701774608 0.94392031431198131 0.96824595332145702 0.66228070855140697 0.33583191037178045 0.53636872768402111 0.65240275859832775 0.70064935088157665 0.69028213620185863 0.92718276381492626 1.0000000180025095e-35 0.22401433438062671 0.66339215636253368 0.42997199296951299 0.80084761977195751 0.25371789932250982 0.95861870050430309 0.42639465630054479 0.54950982332229625 0.73375529050827037 0.41189093887805944 0.36602871119976049 1.0000000180025095e-35 0.92511683702468883 0.240384615957737 0.069570478051900878 0.87570226192474376 0.270728349685669 0.28329823911190039 0.91476997733116161 0.81530213356018078 0.53278529644012462 0.58123165369033825 0.53001201152801525 0.45227272808551794 0.42481203377246862 0.7243877947330476 0.082333475351333632 0.18019481003284457 0.090113021433353438 0.95119047164917003 0.22401433438062671
decision_type=2 2 2 2 2 2 2 2 2 2 2 2 2 2 2 2 2 2 2 2 2 2 2 2 2 2 2 2 2 2 2 2 2 2 2 2 2 2 2 2 2 2 2 2 2 2 2 2 2 2 2 2 2 2 2 2 2 2 2 2 2
left_child=1 2 28 4 5 34 7 9 14 10 25 17 15 -10 -3 16 35 18 24 -19 45 -22 53 -20 51 -7 27 -25 44 30 -5 32 -26 -33 -2 36 37 -8 39 -38 56 48 -41 59 -1 -21 -6 -48 -9 50 -28 -4 -34 54 60 -49 -16 -58 -59 -30 -12
right_child=3 8 11 29 46 6 12 41 13 -11 22 -13 -14 -15 40 -17 -18 19 23 20 21 -23 -24 26 31 -27 49 -29 43 -31 -32 33 52 -35 -36 -37 38 -39 -40 42 -42 -43 -44 -45 -46 -47 47 55 -50 -51 -52 -53 -54 -55 -56 -57 57 58 -60 -61 -62
leaf_value=0.011127532171493204 0.05859498191834428 0.027543246784163242 0.0055541267549134056 0.0018902022961278209 0.043843650052602844 0.038426141059102102 -0.017705415374904911 -0.042500289183495542 -0.023430242744302339 0.046590558500121268 -0.0078658323002221506 0.034399419554824291 0.047452622521049981 0.054896559305956182 -0.040103057152631121 0.038483944500389007 0.050694599919142713 0.043639572945507472 0.02627771647600767 -0.02108689307946426 0.035136258432464984 0.0080538863691885162 0.008607637872542569 -0.025609162451345324 -0.0048386131170865499 0.0068883335367999178 -0.036264969691905111 0.061509549216557713 -0.0023518845613308623 0.045965627751516316 0.040429361810538501 -0.0028245252487194387 0.080440238726154051 0.026655999843526828 0.024038032928876615 0.024068688539713036 0.010348692620842467 0.043619892208842763 0.013049374363000629 -0.040356875350622261 0.016820442976339337 -0.0086174839922194234 0.0014498510503517246 0.01723420971268377 -0.038873339003522883 0.00074724965733092555 -0.011108548734426934 0.028721876899000968 -0.0043920181542343902 -0.003944852217923899 -0.0051216626139223001 -0.026562597101637234 0.014703848535828314 -0.048898535888202699 0.0041049965933099893 0.045804705195344846 -0.030671794289650129 0.021785019059994234 -0.013012141308279233 -0.025629201866646134 -0.037814760209998736
leaf_weight=0.24718597531319275 8.8889764817431551 1.0449140220880497 0.62927884515375199 6.4274626262485972 45.752268970012665 7.1803667787462535 1.5147796128876554 14.185257588978859 1.5983167281374329 8.4197719809599203 1.0670585590414683 21.509987210854888 14.683913476765154 2.0497290641069412 779.33335447311401 8.5446653943508881 2.3557668626308432 6.3707360476255408 1.279174003284427 4.2206468000076693 9.1269786469638365 17.225134029984474 1.8818914769217361 1.7922956505790382 1.0699983537197106 9.5451878756284696 8.867575691547243 0.84013032307848323 0.99456155626103204 431.90272755175829 106.08879596740007 7.4527013232000154 0.8670205664820968 5.0353860594332218 6.7737626228481522 1.6540934797376401 1.5781141431070853 1.590973795391619 1.8985543064773072 6.8486512848176044 0.24645401909947295 4.0710886400192967 1.2856982769444583 1.5389340524561701 27.450040848460048 4.1378483595326543 6.2729075103998175 11.010928548872473 1.2305498155765224 2.5701581705361596 3.5087576778605571 1.997301706112921 1.0693578007631002 4.021303802728653 1.7212074995040891 20.035792641341686 3.2907428792677811 0.69666844047605969 0.61441950080916286 1.5400689863599837 3.2012139586731791
leaf_count=1 54 5 29 46 323 49 55 810 130 80 79 123 102 22 150875 65 12 64 73 72 44 77 44 126 15 51 929 25 38 3588 807 79 16 33 49 13 38 38 10 251 2 54 39 45 4595 26 29 73 39 49 43 164 80 34 26 148 512 61 77 75 83
internal_value=-0.000994857 -0.033538 0.00243174 0.03937 0.0251406 0.0147445 0.00928241 -0.00447994 -0.0395273 0.0117032 7.74552e-05 0.0143573 0.0275897 0.022061 -0.0398462 0.0154531 0.00332362 0.00841878 -0.00148561 0.0172527 0.0112112 0.0185217 -0.0298375 -0.014979 0.0123964 0.0220573 -0.0194493 0.0103725 -0.0341189 0.0444616 0.0382991 0.0186487 0.0425809 0.00986088 0.0462295 -0.00578874 -0.010717 0.0157079 -0.0187874 -0.0260214 -0.039976 -0.0345037 -0.0338758 -0.00513138 -0.0379155 -0.0109257 0.0390322 0.032039 -0.0401549 -0.0252735 -0.0287777 -0.0183553 0.0628703 -0.0375533 -0.0234576 0.0409563 -0.0400204 -0.020645 0.00517284 -0.0208766 -0.0340011
internal_weight=1661.85 920.216 131.341 741.634 197.215 114.143 98.4801 56.5249 788.875 37.038 28.6182 99.5705 41.9552 3.64805 785.227 27.2713 18.7266 78.0605 36.9791 41.0813 34.7106 26.3521 11.8927 18.8581 18.121 16.7256 17.5789 2.63243 31.7708 544.419 112.516 15.4945 3.00638 12.4881 15.6627 16.3709 14.7168 3.10575 11.611 9.71246 784.182 19.4869 8.13435 4.07356 27.6972 8.3585 83.0719 37.3196 15.4158 14.9465 12.3763 2.62658 1.93638 10.0108 5.98948 31.0467 783.935 4.60183 1.31109 2.53463 4.26827
internal_count=165594 158505 6821 7089 2648 2075 1972 1349 151684 446 366 2067 623 152 151532 521 456 1944 1661 283 219 121 266 1245 416 100 1172 151 4754 4441 853 223 111 112 103 444 431 93 338 328 151527 903 290 158 4596 98 573 250 849 1021 972 193 96 222 188 221 151525 650 138 113 162
is_linear=0
shrinkage=0.04


Tree=48
num_leaves=56
num_cat=0
split_feature=20 13 10 2 24 21 1 6 20 10 10 8 9 8 2 8 2 18 6 0 11 0 1 18 21 10 10 21 9 0 2 9 9 18 23 24 20 23 2 10 10 0 11 11 21 9 20 10 1 8 1 6 18 9 0
split_gain=1302.65 120.937 33.8368 31.6834 17.8299 11.3679 10.2341 8.53353 7.33437 6.97583 5.64772 5.18025 4.88603 6.76248 4.73365 4.57259 8.7023 4.47905 3.01337 5.99751 3.58547 4.40756 2.32913 4.06459 2.30415 2.74923 3.61019 3.54004 2.1931 2.07658 2.32382 2.19244 3.7077 2.03086 1.81716 1.78831 5.18403 1.64989 1.39639 1.39439 1.31507 1.19413 1.30743 1.17413 1.16586 1.15292 0.84033 0.6026 2.27549 0.55195 0.407928 0.29935 0.151193 0.090171 0.0806786
threshold=0.58656641840934765 1.0000000180025095e-35 0.30384616553783422 0.56336912512779247 1.0000000180025095e-35 0.18019481003284457 0.16783953458070758 0.74133810400962841 0.96168524026870739 0.44949495792388922 0.86607143282890331 0.47413024306297308 0.93440860509872448 0.99438202381134044 0.11427757143974306 0.17267081141471866 0.27728973329067236 0.5914268195629121 0.81530213356018078 0.60574254393577587 0.63733074069023143 0.53636872768402111 0.32986950874328619 0.43842941522598272 0.54772728681564342 0.30384616553783422 0.080128207802772536 0.37980769574642187 0.92718276381492626 0.33583191037178045 0.53278529644012462 0.70064935088157665 0.68614074587821972 0.615800440311432 0.86081454157829296 1.0000000180025095e-35 0.7353600561618806 0.85462316870689403 0.62731361389160167 0.68333333730697643 0.240384615957737 0.96444573998451244 0.73123827576637279 0.92940199375152599 0.31698563694953924 0.99230769276618969 0.6569296419620515 0.76388889551162731 0.059397457167506225 0.64241620898246776 0.40217100083827978 0.54950982332229625 0.47646732628345495 0.95119047164917003 0.80084761977195751
decision_type=2 2 2 2 2 2 2 2 2 2 2 2 2 2 2 2 2 2 2 2 2 2 2 2 2 2 2 2 2 2 2 2 2 2 2 2 2 2 2 2 2 2 2 2 2 2 2 2 2 2 2 2 2 2 2
left_child=1 2 28 4 6 17 11 8 14 38 12 46 13 18 -8 -6 34 47 20 -20 21 49 23 -18 25 26 27 50 -1 -22 31 32 -31 -25 -17 36 -5 -27 -7 41 53 42 54 -21 45 -13 52 -3 -49 -4 -16 -24 -2 -30 -14
right_child=3 5 10 35 15 9 7 -9 -10 -11 -12 44 39 -15 24 16 22 -19 19 43 29 -23 51 33 -26 37 -28 -29 40 30 -32 -33 -34 -35 -36 -37 -38 -39 -40 -41 -42 -43 -44 -45 -46 -47 -48 48 -50 -51 -52 -53 -54 -55 -56
leaf_value=-0.038710754053610311 0.0061387050366144003 -0.040100503435016206 0.010468322007746819 0.0083407226488226675 0.044672255309793352 -0.032524924665850261 0.033560289545835759 0.04319394008751469 0.037793783940480122 0.037353363809234714 0.035406659674083442 -0.036939046917933607 0.005232017884849195 -0.040583201967689039 0.0016809797265362892 0.013821473953651584 0.047070601770417983 0.018173378205566502 0.053938367449781567 0.014974197757226068 0.021422159114056222 0.068854850332053477 0.030102189404978285 -0.011926367710727899 0.014857123311663728 -0.0066254729736150023 -0.041826588556639649 -0.021628109947603055 -0.001992945510264142 -0.02438081573908555 0.011481686509118148 -0.0358612183334319 0.052520088207646677 0.020238971509911285 -0.010865212059408713 0.045685326557846774 0.040691699777940411 0.024369164503782681 0.014060179517072075 0.032112559122714421 0.017623471235867744 0.0030313317410532591 0.029994095571187183 -0.012441541946893847 0.01010718533521438 0.0070512784453188402 0.035761695081621026 -0.030578833736974335 0.022662570059849448 -0.021175748515497417 0.026997857813626465 0.045646202844783358 -0.011335546849005685 -0.025079355171615005 0.013545065305960578
leaf_weight=24.77005668357015 0.46258280845358912 748.60353516321629 0.48025879589841425 9.5902100605890137 47.831537552177906 4.5434786365367454 4.8001500554382792 13.960505838505922 9.5166426450014097 4.2831954946741462 16.069768682122231 10.543178134132171 8.1015793588012475 4.977438334375619 2.0893410132266634 8.9809437552467006 4.4990614904090753 1.5010292315855611 4.1811955147422841 3.322493833024053 1.4462132202461351 1.1391741968691347 15.611167110502718 5.4117889027111215 6.1437562070786944 5.5633519999682886 6.1705498103983691 7.3971656113862991 0.97654727753251758 1.6483182650990778 2.455667662434279 8.0624198461882752 0.60806228267028917 5.0972282402217388 8.0667040385305864 415.39349965751171 99.28206055238843 3.6956576518714428 0.53797275200486172 9.0527056455612165 1.5175873078405855 12.665398970246313 9.6038510594516975 4.889461827930063 0.4622421972453602 0.56002791877836067 1.6410458642058072 3.5016812346875659 0.88403565250337113 1.2688183113932607 2.7380309635773301 23.447297237813473 0.52712399419397116 1.4660489289090037 7.1315770260989657
leaf_count=4277 25 150765 30 68 361 656 31 91 53 74 93 1118 67 64 72 53 38 63 36 41 68 61 104 64 33 73 220 78 35 123 36 841 27 30 43 3573 786 27 4 43 40 53 60 68 7 20 39 484 7 108 20 180 58 68 37
internal_value=-0.000975483 -0.0333257 0.00296056 0.0390129 0.0249931 -0.0393046 0.00964756 0.0166782 0.00818036 0.00373077 0.014296 -0.0199062 0.00968023 -0.00163317 7.87451e-06 0.0346372 0.0273063 -0.0398483 0.00592221 0.020228 -0.00476436 0.0295105 0.0350437 0.0191014 -0.00546996 -0.0104864 -0.0191503 -0.00510437 -0.0344093 -0.01347 -0.018979 -0.0269553 0.00487886 0.00373032 0.00196367 0.0441682 0.0379803 0.00652538 -0.0254342 0.0180014 -0.00431787 0.0137456 0.0187257 -0.000493718 -0.0312456 -0.0339905 0.0237185 -0.0399932 -0.0168889 -0.0103846 0.0188956 0.0404399 -0.00217742 -0.0202713 0.00996494
internal_weight=1609.17 889.69 125.835 719.483 195.217 763.855 76.2714 62.0752 48.1146 9.36465 97.1044 14.1962 81.0346 34.4795 38.598 118.946 71.1142 754.49 29.5021 12.3932 17.1089 2.88825 54.0665 15.0081 33.7979 27.6541 18.3951 12.2245 28.7302 14.2207 12.7745 10.3188 2.25638 10.509 17.0476 524.266 108.872 9.25901 5.08145 46.5551 3.96018 37.5024 24.837 8.21196 11.5654 11.1032 2.63075 752.989 4.38572 1.74908 4.82737 39.0585 0.989707 2.4426 15.2332
internal_count=165594 158329 6276 7265 2838 152053 1965 698 607 734 1856 1267 1763 1503 554 873 512 151319 1439 145 1294 199 416 132 523 490 390 170 4420 1095 1027 991 150 94 96 4427 854 100 660 260 143 217 164 109 1145 1138 122 151256 491 138 92 284 83 103 104
is_linear=0
shrinkage=0.04


Tree=49
num_leaves=62
num_cat=0
split_feature=20 13 10 2 25 19 21 9 10 10 10 8 2 9 8 18 7 20 31 7 9 6 0 10 9 6 0 28 6 9 10 2 6 25 20 23 7 9 2 10 9 0 7 8 10 0 20 2 23 9 7 10 7 18 6 2 0 10 0 7 7
split_gain=1241.32 118.651 32.1667 31.4723 16.9741 11.3801 11.1407 9.7292 6.64709 6.59087 5.35699 4.58496 8.3829 4.47822 6.49745 4.41343 3.52208 3.87543 5.96021 2.91411 3.15377 2.76287 5.54264 3.21334 3.19915 3.18822 2.3264 2.29087 3.03966 2.18064 2.1703 5.13547 2.66203 1.90307 5.1142 1.68877 1.67463 1.52978 1.36513 1.3372 1.28069 1.10117 1.424 1.09864 1.13694 1.81441 1.0656 0.751979 0.900169 0.729125 1.41537 0.617851 0.588656 0.453992 0.334866 0.232245 0.180039 0.0880335 0.0556477 0.0418913 0.360065
threshold=0.58656641840934765 1.0000000180025095e-35 0.30384616553783422 0.56336912512779247 1.0000000180025095e-35 0.74175426363945018 0.18019481003284457 0.12132352963089944 0.44949495792388922 0.44949495792388922 0.86607143282890331 0.17267081141471866 0.27728973329067236 0.93440860509872448 0.99438202381134044 0.5914268195629121 0.68614074587821972 0.95270055532455455 1.0000000180025095e-35 0.77015754580497753 0.76533168554306041 0.81530213356018078 0.60574254393577587 0.64583334326744091 0.70064935088157665 0.52885684370994579 0.33583191037178045 1.0000000180025095e-35 0.71209660172462474 0.92718276381492626 0.080128207802772536 0.36545780301094061 0.90366768836975109 1.0000000180025095e-35 0.7353600561618806 0.86081454157829296 0.87570226192474376 0.89512962102890026 0.62731361389160167 0.68333333730697643 0.95119047164917003 0.96444573998451244 0.85145786404609691 0.65648320317268383 0.58571431040763866 0.65834742784500133 0.82078272104263317 0.11427757143974306 0.54011493921279918 0.69028213620185863 0.5388936996459962 0.76388889551162731 0.40224719047546392 0.73375529050827037 0.62823921442031871 0.48381753265857702 0.80084761977195751 0.81666666269302379 0.73316389322280895 0.40224719047546392 0.37884436547756201
decision_type=2 2 2 2 2 2 2 2 2 2 2 2 2 2 2 2 2 2 2 2 2 2 2 2 2 2 2 2 2 2 2 2 2 2 2 2 2 2 2 2 2 2 2 2 2 2 2 2 2 2 2 2 2 2 2 2 2 2 2 2 2
left_child=1 2 29 4 5 7 15 -2 30 38 13 -6 35 14 21 51 17 18 -7 20 -10 23 -23 24 25 52 -26 28 -14 -1 31 47 53 34 -5 -13 37 -24 -8 41 -31 42 56 -28 -45 -46 -29 -9 -49 50 -27 -3 -4 59 -42 -22 58 -53 -15 60 -32
right_child=3 6 10 33 11 16 9 8 19 -11 -12 12 27 39 -16 -17 -18 -19 -20 -21 55 22 36 -25 26 49 43 46 -30 40 32 -33 -34 -35 -36 -37 -38 -39 -40 -41 54 -43 -44 44 45 -47 -48 48 -50 -51 -52 57 -54 -55 -56 -57 -58 -59 -60 -61 -62
leaf_value=-0.038633299070487931 0.046267093297423234 -0.040087866064306421 0.0085492947339996274 0.0080531194060707526 0.044234297608848581 -0.011516925548851616 -0.032300345953681579 -0.00073700290644660761 0.026761555892414354 0.036329281990279128 0.034666862877274517 0.013321097658130911 -0.0072074802956975659 0.007389737481279017 -0.040138716971430989 0.017589984395225678 0.047566595424843518 0.039091408548521417 0.030648655575752914 0.042962992077066463 -0.030686717256284812 0.051739840512234833 0.0078309939440706564 0.047478028258911696 0.026506312138364133 0.035849608421901817 0.013304482082223113 0.023151923807769977 0.033289599465511098 0.017770405179749309 -0.021186956357093719 0.040824614115678427 0.02317392603999624 0.045382634359222254 0.040222121389560918 -0.010467628742093846 0.016876799286436633 -0.031798301199620703 0.013897131060456763 0.031257036974900641 0 0.002920303188474237 0.031015936199526455 -0.035801683388042654 -0.025801567439049121 0.020899196851022765 0.042932774039108751 0 -0.035953354606810727 0.06213162895069467 -0.01671864225190154 -0.00094421769216570172 -0.023814295988540814 -0.0023988989165326683 -0.027460526663548732 -0.0036601754566297825 0.014467317440189739 -0.019481459964708129 0.00027874135265646479 -0.039063005590447446 0.0045159126873598084
leaf_weight=23.847536835353825 4.1104154735803595 719.47283512912691 0.53494988149033007 9.571499730460344 46.411551676690578 11.482559427618984 4.4018849418498558 2.6294792909175175 2.5633355015888792 4.2565163634717464 15.783379793167112 8.9830775735899824 4.8516085189767164 4.4400188848376327 4.8450133176520458 1.5215238528326143 8.2484048157930356 8.048979699611662 8.389458242803812 2.8505495768040419 2.0140527253970508 4.2260584998875848 1.9626085055060665 0.72976793721318145 0.68778675375506182 0.51012484170496486 0.42172700213268299 11.099584322422741 5.2325003761798143 1.4666523477062576 1.2148656235076476 1.8127169581130136 0.59706974774599153 401.72036691009998 96.491763688623905 8.0759601974859816 3.6551813371479511 2.5814362890087068 0.53431962989270676 8.9577761888504011 0.96998316328972611 12.659200772643088 8.325765058398245 7.5232175304554385 1.9419030621647837 1.4078217111527918 31.83134751021862 1.5519406655803321 4.168823673389852 0.81790699809789646 0.79161129053682089 1.0989530631341029 1.5479925884865222 1.0414816159754998 1.5126257697120307 1.4296982632949946 7.5496665872633448 3.1865591667592525 4.6057987790554762 12.548378480598329 0.60691922996193159
leaf_count=4277 20 150765 25 68 361 77 656 21 60 74 93 53 48 53 64 63 51 46 45 27 76 36 37 9 27 32 44 85 38 44 81 32 3 3573 786 43 19 53 4 43 55 53 39 820 115 32 245 44 202 25 53 138 112 15 44 25 39 353 33 1103 37
internal_value=-0.000955661 -0.0331628 0.00292934 0.0385658 0.0244994 0.00945091 -0.0392722 -0.00539304 -0.0126819 0.00370905 0.0139063 0.0340311 0.0266898 0.00942365 -0.00146961 -0.0398268 0.0253344 0.0172107 0.00670819 0.0157651 -0.000859716 0.00589658 0.019536 -0.00443062 -0.00963045 0.0172179 -0.019956 0.0344158 0.0145526 -0.0342018 -0.0226827 -0.00676607 -0.0315601 0.0438123 0.0374588 0.0018817 -0.00044774 -0.0156354 -0.0251272 0.0173721 -0.00423514 0.0132344 0.0180046 -0.0250364 -0.0278557 -0.00496219 0.038553 -0.0207863 -0.0279258 0.0439581 0.00876907 -0.0399771 -0.014128 -0.0352072 -0.0197536 -0.0237152 0.00985785 -0.0165627 0.00455542 -0.0370139 -0.0126408
internal_weight=1558.35 858.776 124.304 699.578 191.795 75.3091 734.473 39.1397 35.0293 9.19272 96.5067 116.486 70.0741 80.7233 34.1851 725.28 36.1694 27.921 19.872 8.85764 6.00709 29.3401 12.4253 16.9148 16.185 4.20259 11.9825 53.015 10.0841 27.7968 26.1717 10.163 16.0087 507.784 106.063 17.059 8.19923 4.54404 4.9362 46.5382 3.94926 37.5805 24.9212 11.2947 10.8729 3.34972 42.9309 8.35024 5.72076 2.11964 1.30174 723.758 2.08294 15.4116 2.48261 3.44375 16.5955 4.28551 9.04582 14.3702 1.82178
internal_count=165594 158329 6276 7265 2838 1965 152053 1746 1726 734 1856 873 512 1763 1503 151319 219 168 122 188 161 1439 145 1294 1285 247 1038 416 86 4420 1538 299 1239 4427 854 96 109 90 660 260 143 217 164 1011 967 147 330 267 246 110 85 151256 137 1236 99 101 125 491 86 1221 118
is_linear=0
shrinkage=0.04


Tree=50
num_leaves=59
num_cat=0
split_feature=20 13 2 10 24 21 19 9 10 10 6 30 20 8 2 18 9 8 18 21 8 6 0 11 0 10 20 18 18 9 24 20 0 2 9 9 7 9 7 2 2 10 10 19 21 0 7 8 10 8 8 6 6 7 8 8 10 9
split_gain=1182.93 116.419 31.2158 30.6044 16.0868 10.9195 10.7118 7.86426 6.22655 5.06696 4.95891 5.83141 8.29239 4.61241 8.0822 4.34978 4.09212 6.25485 3.8243 5.33485 2.85368 2.51586 5.12594 3.41593 3.99859 2.24198 3.63449 4.98068 2.24036 2.1728 2.01923 5.04412 1.91005 2.17476 2.11798 3.65664 1.57896 1.56417 1.52987 1.33445 1.31796 1.27812 1.25861 1.17167 1.07654 1.02007 1.32057 0.959475 0.650242 0.58342 0.567332 0.398175 0.320779 0.177171 0.143886 1.39565 0.082802 0.0705522
threshold=0.58656641840934765 1.0000000180025095e-35 0.56336912512779247 0.30384616553783422 1.0000000180025095e-35 0.18019481003284457 0.68599441647529613 0.12132352963089944 0.44949495792388922 0.86607143282890331 0.74133810400962841 1.0000000180025095e-35 0.96168524026870739 0.17267081141471866 0.25621344149112707 0.5914268195629121 0.93440860509872448 0.99438202381134044 0.52011558413505565 0.21240601688623431 0.90521115064620983 0.81530213356018078 0.60574254393577587 0.63733074069023143 0.53636872768402111 0.43650794029235845 0.84764185547828685 0.65240275859832775 0.46192501485347753 0.92718276381492626 1.0000000180025095e-35 0.7353600561618806 0.33583191037178045 0.53278529644012462 0.70064935088157665 0.69028213620185863 0.87570226192474376 0.88730159401893627 0.36491677165031439 0.62731361389160167 0.17782925814390185 0.68333333730697643 0.240384615957737 0.78024387359619152 0.48529411852359777 0.96444573998451244 0.85145786404609691 0.48074074089527136 0.76388889551162731 0.86874485015869152 0.6308579444885255 0.6900656819343568 0.38924963772296911 0.69804355502128612 0.46709956228733068 0.37089946866035467 0.81666666269302379 0.95119047164917003
decision_type=2 2 2 2 2 2 2 2 2 2 2 2 2 2 2 2 2 2 2 2 2 2 2 2 2 2 2 2 2 2 2 2 2 2 2 2 2 2 2 2 2 2 2 2 2 2 2 2 2 2 2 2 2 2 2 2 2 2
left_child=1 3 4 29 6 15 7 -2 39 16 11 38 43 -6 40 48 17 21 19 20 47 23 -23 24 50 26 27 -16 -21 -1 31 -4 -25 34 35 -34 37 -24 -8 -7 -15 45 57 -13 49 46 53 -9 -3 54 -5 52 -28 -18 55 -20 -50 -31
right_child=2 5 30 9 13 8 10 18 -10 -11 -12 12 -14 14 25 -17 41 -19 44 28 -22 22 36 32 -26 -27 51 -29 -30 42 -32 -33 33 -35 -36 -37 -38 -39 -40 -41 -42 -43 -44 -45 -46 -47 -48 -49 56 -51 -52 -53 -54 -55 -56 -57 -58 -59
leaf_value=-0.038554109081616675 0.042377923910830277 -0.040075355902453133 0.0077750571347381938 0.011313915568439871 0.043809705894823837 -0.0320735003011983 0.044580797011618975 0.0051085121204427009 0.035325840986416703 0.033942965585976502 0.044897359959809917 -0.029438012982180229 0.035477799231322743 0.012508112380803493 -0.019923204888565457 0.017027242387979633 0.0024711210675151347 -0.039701263159572127 -0.028853081956088229 0.047129893740440652 0.031640883295869414 0.049664665401891267 0.0085883359452291613 0.020221856281932321 0.065616603772480173 0.043668401735049031 0.031591574890308907 0.031471271190443073 -0.0052385355333828473 -0.0022939095491843853 0.045093002288298899 0.039760631976118212 -0.024278436291573068 0.010875341105451894 -0.035544194113030989 0.052229662175541723 0.01631604075709717 -0.031606632042532334 0.014100208703448105 0.013736519178388787 -0.0095555953312376259 0.030427805977903174 0.017145868788885538 -0.0056334521336728581 0.0045290503931560214 0.0028133089573682568 0.029884599663306647 -0.034847561782253435 -0.0009248742619053531 0 -0.020905578815517547 0.043104328537065306 0.013097936614123793 0.012520501154881679 -0.0378582151720614 0.012154270718362151 -0.019108062624345962 -0.02454281678464915
leaf_weight=22.960597720928494 3.1540171056985882 691.47367660328746 9.5533952731639129 0.4555605305358833 45.024670265614986 4.2655304912477714 7.3101836256682855 0.66075311088934707 4.2312544025480747 15.502257049083708 10.303317528218029 5.9057413609698441 6.0375573039054862 6.9214478582143775 5.5046378248371202 1.5415730569511641 5.9412241335958305 4.7160951737314454 3.1567135415971235 3.0044827228412032 0.553527905140072 4.2674493044614783 1.9141869456507246 1.4882832230068732 1.1995581998489795 22.405942091718316 6.2720419913530367 4.6058799102902412 1.4795842813327906 0.98737571993842688 388.40396282076836 93.773977626115084 1.6393603016622349 2.4802782004699102 7.5824383469298482 0.60187752125784744 3.6637624055147171 2.5778787867166102 6.5362832378596067 0.53070970065891732 8.5321308979764563 8.8630130141973478 1.5353880450129507 8.5314886011183244 0.98086492158472616 12.653182014822958 8.3330111205577833 5.3196137011982501 1.0979954130016256 0.67444514110684473 1.2417723741382358 8.5601203441619855 6.2637768760323524 10.705296836793421 9.5111233717761916 1.1201641820371149 3.1393818929791451 1.4152456931769848
leaf_count=4277 16 150765 68 26 361 656 41 46 74 93 65 63 35 37 73 63 59 64 95 64 10 36 34 68 61 174 42 26 71 35 3573 786 129 36 841 21 19 56 48 4 50 43 40 51 14 53 39 557 138 24 112 68 42 66 701 64 353 68
internal_value=-0.000935787 -0.0329968 0.0381322 0.00291346 0.024025 -0.0392376 0.00928289 -0.00909591 0.00368398 0.0135563 0.0214998 0.0132903 -0.000340373 0.033419 0.0260595 -0.0398035 0.00920362 -0.00128244 -0.0166967 0.0010948 -0.0205185 0.00592017 0.0188958 -0.00403484 0.0292361 0.0332871 0.0245848 0.00385499 0.0313164 -0.0339853 0.0434673 0.0369445 -0.0127975 -0.0183119 -0.0263746 0.00480865 -0.000432789 -0.0153051 0.0323806 -0.0248191 0.000242936 0.0167835 -0.004124 -0.0169063 -0.0289279 0.0127621 0.0173453 -0.0297605 -0.0399594 -0.0316018 -0.0097865 0.0337147 0.0242967 0.00950379 -0.0332768 -0.0170868 -0.0162364 -0.0199363
internal_weight=1509.07 829.005 680.062 122.725 188.331 706.28 74.2399 29.6153 9.02749 95.8265 44.6246 34.3213 20.4748 114.091 69.066 697.253 80.3242 33.8285 26.4613 11.018 6.53389 29.1124 12.4233 16.6891 2.89689 53.6124 31.2065 10.1105 4.48407 26.8986 491.731 103.327 13.7922 12.304 9.82368 2.24124 8.15583 4.49207 13.8465 4.79624 15.4536 46.4957 3.93801 14.4372 15.4433 37.6327 24.9795 5.98037 695.711 14.4624 1.69733 21.0959 12.5358 16.6465 13.788 4.27688 4.23738 2.40262
internal_count=165594 158329 7265 6276 2838 152053 1965 1662 734 1856 303 238 149 873 512 151319 1763 1503 1646 748 613 1439 145 1294 199 425 251 99 135 4420 4427 854 1095 1027 991 150 109 90 89 660 87 260 143 114 898 217 164 603 151256 884 138 152 84 125 860 159 491 103
is_linear=0
shrinkage=0.04


Tree=51
num_leaves=60
num_cat=0
split_feature=20 14 2 10 24 21 19 6 10 10 6 20 31 18 6 21 6 11 0 7 2 11 1 18 11 0 0 0 11 0 7 6 0 2 2 23 21 24 20 11 6 6 2 6 0 11 10 21 11 7 10 1 11 0 0 7 18 18 7
split_gain=1127.5 114.167 30.9694 29.0972 17.4942 10.7048 10.6337 6.98173 5.88178 4.80471 4.79913 6.22004 5.76246 4.28822 4.08827 3.99792 2.76649 3.52344 2.85555 2.65326 7.32726 2.35168 2.26837 4.04689 2.67172 2.24332 2.13565 2.22901 3.20471 1.9533 1.72169 1.65848 1.67832 1.3375 1.30437 1.2131 2.39304 1.09314 4.12177 1.03304 0.971665 2.98213 1.82778 1.66565 1.55948 1.07079 0.922179 0.91768 0.816265 0.748661 0.682241 2.22534 0.315193 0.27801 0.239463 0.235561 0.143513 0.27957 0.0114761
threshold=0.58656641840934765 1.0000000180025095e-35 0.58757218718528759 0.30384616553783422 1.0000000180025095e-35 0.18019481003284457 0.68599441647529613 0.069570478051900878 0.44949495792388922 0.86607143282890331 0.64346247911453258 0.96168524026870739 1.0000000180025095e-35 0.5914268195629121 0.79784947633743297 0.41885964572429663 0.82807883620262157 0.66987180709838878 0.67507311701774608 0.21164613962173465 0.27728973329067236 0.4246212244033814 0.32986950874328619 0.43542900681495672 0.88516482710838329 0.33583191037178045 0.53636872768402111 0.7269541621208192 0.53001201152801525 0.66915929317474376 0.6308579444885255 0.92940199375152599 0.85118389129638683 0.17782925814390185 0.62731361389160167 0.52512624859809887 0.19292803853750232 1.0000000180025095e-35 0.7353600561618806 0.98936170339584362 0.72065573930740368 0.63859337568283092 0.53278529644012462 0.64565756916999828 0.48814642429351812 0.69883719086647045 0.30384616553783422 0.48529411852359777 0.4803846031427384 0.55848154425621044 0.76388889551162731 0.059397457167506225 0.61620295047760021 0.61718857288360607 0.99999997019767772 0.48528139293193823 0.45478595793247228 0.44494949281215673 0.67017546296119701
decision_type=2 2 2 2 2 2 2 2 2 2 2 2 2 2 2 2 2 2 2 2 2 2 2 2 2 2 2 2 2 2 2 2 2 2 2 2 2 2 2 2 2 2 2 2 2 2 2 2 2 2 2 2 2 2 2 2 2 2 2
left_child=1 5 4 29 6 13 7 -2 34 16 11 12 47 50 15 35 17 21 -18 -6 33 -5 23 -22 -25 -19 52 28 -28 -3 -31 32 -20 -21 -7 36 -9 38 -4 -32 41 -27 43 -43 -42 -46 -16 -8 -24 -45 -1 -52 -23 -12 -33 -38 57 -37 -30
right_child=2 3 37 9 19 8 10 14 -10 -11 53 -13 -14 -15 46 -17 18 25 31 20 22 26 48 24 -26 40 27 -29 58 30 39 54 -34 -35 -36 56 55 -39 -40 -41 44 42 -44 49 45 -47 -48 -49 -50 -51 51 -53 -54 -55 -56 -57 -58 -59 -60
leaf_value=-0.040062957335253335 0.034151254864414962 -0.038396114972784036 0.0094329447214738568 -0.014076920373129184 0.041974073082894039 -0.031844448510954845 -0.025715280985702634 -0.031370041243599982 0.034342585538498831 0.03323395135974478 0.04364545416357566 0.038857065713030083 0.022708864900751097 0.016484329409634877 -0.0034982777937192355 0.021990130560610797 0.038810843603816647 0.025955871193698372 -0.014655788619931373 0.016251958243782387 0.047289975589596897 -0.021400202144653036 0.019778975132707943 -0.011450639420028727 0.024637472039105414 -0.030240428630750521 0.071562392941912051 0.011713614558760526 0.0031925244061407243 0.029250758373097031 -0.03002266192360746 0.02274747109365376 0.01119425289525156 -0.0058257843848746362 0.013578294481355222 -0.018069626728689975 0.01855210185966168 0.044780748118260022 0.040214323944395405 0.0074151122568165027 0.012146623886770869 0.033108874995443266 0.043889641542698844 0.009877204751796733 -0.00069511601585775366 -0.03773009430761131 0.027339878358590846 -0.0038028546734548891 0.042569046963078262 -0.026149247425265226 -0.030102967731043068 0.022736299918559709 0.0022518236182892098 0.021607283091577504 0.011261923886340858 0 -0.03879319477658532 0.0049470969614114693 -0.00059363748088823607
leaf_weight=664.56241263309494 4.0807430148124721 21.922517186962072 8.7083491515368205 3.4857760677114156 46.12284267693758 4.1342147705145162 7.1234028013423121 3.5505635878071287 4.207426305860281 15.226626858115194 10.695596726611258 7.9866888523101798 9.1078309724107385 1.5611816830933083 2.0613894974812856 1.9022731818258751 6.4323894320987156 1.2785777049139166 6.1245238455012432 6.507932672277092 4.5511337956413618 1.286694900132715 6.3139100074768058 6.3800896974280459 4.872544982470572 2.966644931118938 2.1155415857210751 10.076042430475352 0.74183477181941249 0.66396001167595287 2.3638354642316699 9.7769362479448336 8.217245899140833 9.388916081748901 0.52714311704039563 0.98071427876129635 1.5160608296282592 367.84249126911163 87.803727895021439 1.085538565181196 0.91564434813335349 0.47561030276119742 1.1733391201123593 0.51113398512825403 1.8368646730668841 6.0303958845324814 2.5063624591566622 6.3380229715257883 35.113990388810635 2.0987095786258578 3.3030973812565199 0.88784975744783867 0.75657812785357226 5.7750177700072518 12.753143072128294 1.6403487324714658 11.608797633554785 0.51514141028746963 0.91746301576495171
leaf_count=150765 20 4165 57 50 376 656 69 323 74 93 65 47 62 63 49 34 57 60 75 35 40 110 46 64 36 257 26 71 63 55 173 44 43 55 4 139 35 3504 760 27 28 31 11 51 14 390 50 41 290 260 484 7 48 41 57 49 956 22 17
internal_value=-0.000915414 -0.0328279 0.0377134 0.00287893 0.0241565 -0.0392022 0.00911067 -0.00907476 0.00365559 0.0131905 0.0208797 0.010709 -0.000308183 -0.0397799 -0.0169389 -0.0240942 0.00896144 0.000699842 0.0156928 0.0337304 0.0279809 0.0122175 0.0345635 0.0192035 0.00458497 -0.0119556 0.0187129 0.0243163 0.0476201 -0.0337696 -0.00564303 0.0106359 0 0.00340271 -0.0245101 -0.0295554 -0.0121532 0.0433816 0.0376031 -0.0183232 -0.0165668 -0.00411082 0.0156195 -0.00226348 -0.0249375 -0.0305877 0.0145757 -0.0166513 0.039738 -0.0172038 -0.0399416 -0.0159149 -0.0134658 0.0378263 0.017171 0.0108475 -0.0366851 -0.00973422 0.000158904
internal_weight=1461.41 800.417 660.995 121.234 196.64 679.183 77.389 30.3624 8.86878 95.1977 47.0266 30.5559 22.5693 670.315 26.2817 21.7139 79.9711 36.6669 43.3042 119.251 73.1285 19.3799 57.2317 15.8038 11.2526 17.2869 15.8942 13.8509 3.77484 26.0359 4.11333 36.8718 14.3418 15.8968 4.66136 19.8116 6.70697 464.355 96.5121 3.44937 16.0083 7.22544 4.25879 3.08545 8.7829 7.86726 4.56775 13.4614 41.4279 2.60984 668.753 4.19095 2.04327 16.4706 22.5301 3.15641 13.1047 1.49586 1.6593
internal_count=165594 158329 7265 6276 2944 152053 2002 1677 734 1856 325 219 172 151319 1657 1558 1763 1487 276 942 566 385 476 140 100 1102 335 177 106 4420 255 219 118 90 660 1524 407 4321 817 200 1042 610 353 342 432 404 99 110 336 311 151256 491 158 106 101 84 1117 161 80
is_linear=0
shrinkage=0.04


Tree=52
num_leaves=63
num_cat=0
split_feature=20 14 10 10 20 10 21 10 28 10 21 10 9 7 18 19 8 6 9 8 8 9 23 19 6 0 11 0 24 7 0 18 0 9 9 0 7 9 1 10 9 7 9 1 0 7 11 1 10 1 23 8 18 1 0 6 8 7 9 8 1 8
split_gain=1074.4 112.02 27.6211 26.121 26.5567 15.9783 10.4974 7.89359 5.75364 5.55554 5.54428 4.5626 4.34817 12.4629 4.2289 3.8826 3.77561 11.7196 3.56539 6.00712 2.92797 2.19899 2.18886 3.41067 2.1257 4.89625 3.14744 3.49139 2.07169 5.71252 2.03463 1.97235 1.72557 2.02034 4.56602 2.08658 1.52713 1.45185 1.34173 1.23773 1.20482 1.18349 1.90581 1.16061 0.972528 1.21778 0.922603 0.784927 0.696618 2.15549 0.61336 0.580336 0.538715 0.491095 0.410803 0.293264 0.286334 2.58733 0.753922 0.277877 1.76912 0.250656
threshold=0.58656641840934765 1.0000000180025095e-35 0.30384616553783422 0.43650794029235845 0.84764185547828685 0.080128207802772536 0.18019481003284457 0.30384616553783422 1.0000000180025095e-35 0.44949495792388922 0.42481203377246862 0.86607143282890331 0.7243877947330476 0.29679679870605474 0.5914268195629121 0.82972848415374767 0.17267081141471866 0.54201978445053112 0.93440860509872448 0.99438202381134044 0.90521115064620983 0.92718276381492626 0.85462316870689403 0.68599441647529613 0.81530213356018078 0.55387207865715038 0.63733074069023143 0.53636872768402111 1.0000000180025095e-35 0.58578637242317211 0.17322261631488803 0.77158385515213024 0.33583191037178045 0.70064935088157665 0.69028213620185863 0.7590814232826234 0.46247655153274542 0.73942822217941295 0.43283110857009893 0.68333333730697643 0.95119047164917003 0.87570226192474376 0.8841681480407716 0.25371789932250982 0.96444573998451244 0.86526826024055492 0.98936170339584362 0.43283110857009893 0.76388889551162731 0.059397457167506225 0.94764256477355968 0.61435899138450634 0.50802230834960949 0.43283110857009893 0.80084761977195751 0.6291005313396455 0.47140522301197058 0.32200460135936743 0.33687943220138555 0.8521554470062257 0.21894425153732303 0.76817703247070324
decision_type=2 2 2 2 2 2 2 2 2 2 2 2 2 2 2 2 2 2 2 2 2 2 2 2 2 2 2 2 2 2 2 2 2 2 2 2 2 2 2 2 2 2 2 2 2 2 2 2 2 2 2 2 2 2 2 2 2 2 2 2 2 2
left_child=1 6 21 4 5 16 14 31 12 43 20 18 13 15 48 -6 -2 22 19 24 30 -3 23 -18 26 -26 27 51 29 47 -9 38 -28 34 -34 -35 -32 -38 46 44 -23 42 -27 -8 45 54 50 -5 -1 -50 -7 -4 -48 -14 -20 -42 57 58 -10 60 61 -31
right_child=3 2 11 28 8 7 9 10 56 -11 -12 -13 53 -15 -16 -17 17 -19 39 -21 -22 40 -24 -25 25 41 32 -29 -30 59 36 -33 33 35 -36 -37 37 -39 -40 -41 55 -43 -44 -45 -46 -47 52 -49 49 -51 -52 -53 -54 -55 -56 -57 -58 -59 -60 -61 -62 -63
leaf_value=-0.040050647737600462 0.040341344940484331 -0.038396719395781646 0.01206948063529102 -0.01185241835240493 0.0080494499765572866 -0.046823825487008482 -0.031480825436426746 0.021421110030084921 0.041661920218230702 0.033379165162717793 0.04256517834044405 0.032538911255808302 0.020758557166275751 -0.030784101980638801 0.015960460185717586 0.042352335248885334 -0.02811817354744145 0.041004574944534494 0.0027229952818494121 -0.039228334552890369 0.017073538498562787 0.017587987913616054 -0.036989268213417109 0.02715244778146499 0.054896664338092781 0.014802670719316799 0.018788772899229561 0.060809421357684974 0.04470001847615189 0.007506273598670613 0.0069635966208022714 0.0083968111034180889 -0.025018610350920695 -0.035224753849400589 0.055667133331045567 0.0058761404565458118 0.0028500004397509354 -0.044249080837510273 0.0059615441117028406 0.029256571512625933 0 0.01637428851251533 -0.026149140627326588 0.01116536059755654 0.0021893672133140229 0.030001665184447499 0.0099690121906274558 0.011754809912475859 -0.029858168846904933 0.02227096575763798 -0.0076143848496522479 -0.020651952338828824 -0.020209719845538269 0.043100326839654576 0.015472392330088926 -0.026541981122425447 0.045016839877771685 0.0074975260183125694 0.020447363546539324 0.040165055591426128 0.034430433912564715 -0.010647838777988743
leaf_weight=638.69715137872845 11.965252891182901 21.324575674720112 0.43429249431938588 3.024022478144615 10.898508122190838 11.947694458998741 3.9426580951549095 0.65019822260364701 33.100908435881138 4.1850365726277232 3.5099594369530669 14.956672266125677 6.3907966660335687 7.1807815209031096 1.5803548898547877 11.24450136721134 2.5527016343548912 9.2919663693755847 9.3376455400139147 4.6016038651578119 3.5296309972181916 1.4676923281513148 4.3610780006274581 2.5919632371515036 2.9993325956165782 2.1635819491930288 1.5409365356899787 1.2962495344690976 335.69647895265371 1.3429923057556137 1.0424417755566535 1.1042229421436776 1.7113540000282221 7.1375199095346016 0.91858612978830922 2.0647878348827362 0.94311914034187783 4.9108724049292505 0.6547072948887952 8.7159431874752027 0.99085519835352931 3.934058390557766 3.3114167675375938 0.58870666241273273 12.614469811320303 6.913420930504798 0.83849103050306506 4.0507192835211754 3.2071147705428293 0.89097482152283181 1.3918150691315521 1.2167410734109578 0.88798481971025467 12.481243044137953 8.7823603041470033 1.403872334398329 48.359144225716591 5.7646954059600821 7.1493154987692824 85.41726740822196 6.8679701648652554 1.4124179217033086
leaf_count=150765 74 4277 23 73 66 799 652 10 285 74 26 93 48 55 63 71 124 117 89 64 30 44 112 17 21 37 68 61 3277 48 47 13 131 838 23 35 49 223 12 43 58 21 66 8 53 31 42 27 484 7 96 115 42 105 44 41 460 42 40 740 46 49
internal_value=-0.000895335 -0.0326535 0.00284572 0.0372917 0.0252329 0.00326846 -0.0391679 -0.0164729 0.0346942 0.00362395 0.00480316 0.0128188 0.022461 0.011955 -0.0397576 0.0267191 0.0234357 0.0109786 0.00871083 -0.00116717 -0.00936582 -0.0335379 -0.0191007 0 0.00590914 0.0177822 -0.00339248 0.0281623 0.0428515 0.0363615 -0.0227506 -0.034377 -0.0121006 -0.0175858 0.00963318 -0.0259385 -0.029607 -0.0367688 -0.0379432 0.0157712 -0.00350962 0.00142965 -0.00956145 -0.0242003 0.0118694 0.0163222 -0.0403524 0.0009506 -0.0399254 -0.0155946 -0.0438281 -0.00922993 -0.00580519 0.0371612 0.00959758 -0.0189903 0.0405986 0.0350114 0.0385778 0.0389184 0.0247377 -0.00109173
internal_weight=1415.49 772.93 119.838 642.556 204.744 62.1741 653.092 31.4111 142.57 8.7164 14.5862 94.651 48.1958 29.3238 644.376 22.143 30.763 18.7977 79.6943 33.3305 11.0763 25.187 9.50574 5.14466 28.7289 12.4084 16.3205 2.94728 437.812 102.115 7.54663 16.8249 13.3732 11.8322 2.62994 9.20231 6.89643 5.85399 15.7207 46.3638 3.86242 9.40906 5.475 4.53136 37.6479 25.0334 15.066 7.07474 642.795 4.09809 13.3395 1.65103 1.72648 18.872 18.12 2.39473 94.3741 46.0149 40.2502 95.0406 9.62338 2.75541
internal_count=165594 158329 6276 7265 3005 1833 152053 1389 1172 734 385 1856 345 192 151319 137 444 370 1763 1503 359 4420 253 141 1439 145 1294 199 4260 983 329 1004 1095 1027 154 873 319 272 991 260 143 124 103 660 217 164 979 100 151256 491 895 138 84 153 133 99 827 367 325 883 143 97
is_linear=0
shrinkage=0.04


Tree=53
num_leaves=62
num_cat=0
split_feature=1 23 2 10 21 2 10 10 10 2 6 10 21 6 30 6 18 8 6 11 0 9 0 18 18 0 6 6 9 9 9 0 21 1 11 21 28 11 8 10 6 0 28 2 0 6 21 9 8 8 2 2 6 9 23 11 9 9 0 21 21
split_gain=1024.12 113.736 35.2408 26.8703 17.3542 11.3622 17.9011 7.74047 9.64489 9.08021 9.97633 5.42883 4.35417 3.91695 3.59798 3.31156 3.02153 2.78394 2.66302 3.4582 2.69976 2.69998 2.32345 2.87561 2.20606 2.08507 2.04432 2.02611 2.01488 1.98129 4.11985 1.96817 1.92384 1.86161 1.65691 1.6293 1.29669 1.19142 2.82599 1.17197 1.14144 1.02503 0.772302 0.763731 0.678008 0.611007 0.566287 2.01746 9.08349 0.5421 0.49304 0.653756 0.577147 0.306767 0.280632 0.257086 0.159307 0.20276 0.0671481 0.0592306 1.48642
threshold=0.078810192644596114 0.19785943627357486 0.58757218718528759 0.30384616553783422 0.5577777922153474 0.11427757143974306 0.4083333313465119 0.080128207802772536 0.30384616553783422 0.3364559412002564 0.2152509689331055 0.76388889551162731 0.42481203377246862 0.56980520486831676 1.0000000180025095e-35 0.75905716419219982 0.5914268195629121 0.90399384498596203 0.82807883620262157 0.66987180709838878 0.67507311701774608 0.94392031431198131 0.3525752872228623 0.73375529050827037 0.65240275859832775 0.33583191037178045 0.96824595332145702 0.82097071409225475 0.92718276381492626 0.70064935088157665 0.69028213620185863 0.53636872768402111 0.42481203377246862 0.25371789932250982 0.47673159837722784 0.17519181966781619 1.0000000180025095e-35 0.73123827576637279 0.82097071409225475 0.240384615957737 0.67017546296119701 1.0000000180025095e-35 1.0000000180025095e-35 0.44931989908218389 0.75352597236633312 0.069570478051900878 0.69397994875907909 0.66228070855140697 0.27842378616333013 0.58123165369033825 0.28770673274993902 0.53278529644012462 0.82097071409225475 0.91476997733116161 0.71483516693115245 0.91042780876159679 0.75615617632865917 0.73375529050827037 0.80084761977195751 0.45227272808551794 0.42481203377246862
decision_type=2 2 2 2 2 2 2 2 2 2 2 2 2 2 2 2 2 2 2 2 2 2 2 2 2 2 2 2 2 2 2 2 2 2 2 2 2 2 2 2 2 2 2 2 2 2 2 2 2 2 2 2 2 2 2 2 2 2 2 2 2
left_child=1 3 4 28 5 33 7 9 36 10 24 18 17 59 37 32 45 22 19 31 -20 44 -10 56 -7 -21 -23 -18 41 30 -27 49 43 -2 -33 -4 53 -8 55 58 -36 -1 -37 -16 -22 -3 47 48 -6 -5 -31 52 -52 -9 -38 -39 57 -24 -30 60 -12
right_child=2 16 35 11 46 6 14 8 12 -11 13 -13 -14 -15 15 -17 27 -19 20 25 21 26 23 -25 -26 29 -28 -29 39 50 -32 34 -34 -35 40 42 54 38 -40 -41 -42 -43 -44 -45 -46 -47 -48 -49 -50 -51 51 -53 -54 -55 -56 -57 -58 -59 -60 -61 -62
leaf_value=0.0094302767614658865 0.055183557842067146 0.0039424767486336467 0.016183389255283835 0.0053963504974396601 0.038841775631223541 0.034922832491434672 0.057482942155591583 -0.041887700589674115 0.017794765919187806 0.043665654268124819 -0.034430705489768558 0.030621201657810619 0.038685889374361689 0.018543703303464387 0 0.035201467831743292 -0.020361323100790554 0.033891839141417045 0.036159831086252682 0.022494892830811079 0.0018109470732223399 0.029435426994289894 -0.015541882147776073 0.017294579243161471 0.0041472306087612784 -0.024208131076711902 0.0058127712732872821 0.03715010423500268 -0.023535153798861824 0.0032668121130157331 0.052617160246916386 -0.005643974153334925 0.01781390981578615 0.020448069482329689 0.041408910417756635 0.038397929075230056 -0.018483113733780105 -0.0032135443663773677 0.042605254818853015 0.016201415197511167 0.012487018567919372 -0.038422457573077065 0.044656909410389273 -0.032134778265892151 -0.019218167596875141 -0.040030252081611033 0.040518509606194776 0.042368274764565922 -0.017651859521681641 -0.025477886874583411 -0.035322233719163786 -0.0094634268547644992 0 -0.0085840161860560975 0 0.011465742862723369 -0.039144696298834665 0.0044483444411456997 -0.0015208646704547336 -0.048153502152943645 0.0042878635607995876
leaf_weight=0.23832376301289215 8.9215676859021169 0.16889375448226829 5.7221860522404304 0.63310574274510445 11.24697114527226 6.233556543011221 6.4984340630471733 14.714395131915813 1.8255390473641435 7.9504256029613307 4.7746822903864068 19.582129869610071 3.8244880530983201 1.6849522562697519 1.7273122384212927 4.0064524533227086 1.1987147857435037 1.2614212464541186 6.5006172824650994 1.3974087159149373 3.5943806753493828 9.1079163923859614 0.73887243214994647 1.3682947829365728 9.0459992885589582 1.5899494779296213 16.885395232588053 0.75448132585734118 1.4974793484434483 0.54486697679385443 0.97200272697955359 3.5524386819452038 2.2012973129749298 6.2744918260723344 3.2373835421167305 120.16635827813298 1.7788145756348956 2.4192310543730846 9.0519980899989587 1.5729928691871462 8.9825830608606321 21.893310288898647 313.25057014077902 2.5289201997220516 4.4651371827349067 614.06040685530752 48.323625452816486 11.143217615783213 6.3918854445219031 1.7994192340411244 7.2921599461697024 4.7849563490599385 0.76676120841875661 1.3860323415137816 2.26833719573915 2.9702663673087955 4.9982992564328015 0.45844591129571199 0.86550214700400818 4.0038806032389402 1.6705064373090861
leaf_count=1 59 1 46 29 86 50 76 1257 60 91 243 123 27 41 66 49 97 17 64 73 49 44 77 7 51 126 77 6 101 39 25 49 14 49 92 1103 34 50 77 45 81 4595 3204 47 49 150711 410 95 34 164 905 56 21 63 46 57 284 27 12 36 26
internal_value=-0.000874978 -0.0328749 0.0364265 0.00240669 0.0219912 0.0120362 0.00694435 -0.00432791 -0.017567 0.00865044 -0.00254321 0.0122797 0.00692601 -0.0285169 0.0315475 0.010505 -0.0398456 -0.00647652 0.00717262 -0.000737295 0.0140543 0.00880913 -0.0150249 -0.0245659 0.0183223 -0.0132365 0.015022 0.00555683 -0.0328019 -0.0177452 0.0104053 0.0110343 -0.00694678 0.0432362 0.0163617 0.0427201 -0.034849 0.0409224 0.0299713 -0.00403762 0.0230045 -0.0373488 0.0430232 -0.0214666 -0.0102334 -0.0400053 0.0366455 0.0288664 0.0183066 -0.0170459 -0.0237586 -0.0253472 -0.0322509 -0.0399242 -0.00995619 0.00477881 -0.0354854 -0.0075263 -0.0195112 -0.0374118 -0.0246301
internal_weight=1370.77 737.939 632.832 121.756 193.693 116.587 101.391 69.9869 34.6229 35.364 27.4136 95.6886 14.4754 12.134 31.4039 10.464 616.182 10.6509 76.1065 35.553 40.5534 34.0528 9.38945 7.56391 15.2796 17.3481 25.9933 1.9532 26.0676 15.9507 2.56195 18.2049 6.45753 15.1961 15.7724 439.139 20.1476 20.9399 14.4415 3.93597 12.22 22.1316 433.417 4.25623 8.05952 614.229 77.1057 28.7821 17.6389 2.43252 13.3887 12.8439 8.05892 16.1004 4.04715 5.3895 6.19562 1.19732 2.36298 10.4491 6.44519
internal_count=165594 157635 7959 6820 3606 2981 2873 2437 1899 538 447 2066 499 346 436 176 150815 472 1943 1660 283 219 455 395 101 1245 121 103 4754 1172 151 415 127 108 222 4353 1400 260 184 158 173 4596 4307 113 98 150712 625 215 120 193 1021 982 926 1320 80 107 388 104 113 305 269
is_linear=0
shrinkage=0.04


Tree=54
num_leaves=63
num_cat=0
split_feature=20 13 2 10 24 21 19 9 10 6 30 20 18 10 8 8 2 9 8 10 9 9 1 18 11 9 6 8 11 0 10 21 6 9 23 24 20 10 10 2 18 10 9 7 0 7 23 7 11 0 10 1 7 8 0 6 9 7 7 0 21 21
split_gain=976.347 107.775 30.0918 24.9294 15.6353 10.0545 8.90777 6.69774 5.06666 4.51327 5.81365 7.89163 4.16227 4.12971 3.63123 3.51922 8.38221 3.08285 5.79228 2.30728 4.02155 2.16819 2.03896 3.89537 2.44948 1.94642 4.78085 4.24131 3.17832 3.77609 1.91182 2.38069 1.53687 3.49856 1.50548 1.42261 4.41144 1.39063 1.30774 1.19521 1.18709 1.17593 1.16213 1.02075 0.857312 1.10877 0.849004 0.844936 0.760379 0.741634 0.735936 2.02202 0.691468 0.48 0.371979 0.318499 0.225507 0.13183 0.371877 0.10964 0.0696872 0.075071
threshold=0.58656641840934765 1.0000000180025095e-35 0.58757218718528759 0.30384616553783422 1.0000000180025095e-35 0.18019481003284457 0.68599441647529613 0.12132352963089944 0.44949495792388922 0.71209660172462474 1.0000000180025095e-35 0.96168524026870739 0.5914268195629121 0.86607143282890331 0.90521115064620983 0.17267081141471866 0.27728973329067236 0.93440860509872448 0.99438202381134044 0.080128207802772536 0.71209660172462474 0.92718276381492626 0.32986950874328619 0.43542900681495672 0.88516482710838329 0.86729559302330028 0.81530213356018078 0.89699381589889537 0.64051282405853283 0.53636872768402111 0.44949495792388922 0.29520697891712194 0.63859337568283092 0.75147059559822094 0.86081454157829296 1.0000000180025095e-35 0.7353600561618806 0.58571431040763866 0.087121214717626586 0.62731361389160167 0.52011558413505565 0.68333333730697643 0.95119047164917003 0.85145786404609691 0.96444573998451244 0.86526826024055492 0.42919799685478216 0.40224719047546392 0.4803846031427384 0.76780930161476146 0.76388889551162731 0.059397457167506225 0.32495285570621496 0.6308579444885255 0.80084761977195751 0.62823921442031871 0.84028983116149913 0.40224719047546392 0.38165266811847692 0.73316389322280895 0.27525253593921667 0.24068965017795566
decision_type=2 2 2 2 2 2 2 2 2 2 2 2 2 2 2 2 2 2 2 2 2 2 2 2 2 2 2 2 2 2 2 2 2 2 2 2 2 2 2 2 2 2 2 2 2 2 2 2 2 2 2 2 2 2 2 2 2 2 2 2 2 2
left_child=1 3 4 21 6 12 7 -2 39 10 52 38 50 17 19 -6 34 18 25 20 40 -1 23 -18 -25 26 28 43 29 53 57 46 47 -34 -17 36 -4 -35 -12 -7 -9 44 -23 49 45 54 -32 -30 -24 -27 -3 -52 -8 -5 59 -44 -39 58 -21 -19 61 -42
right_child=2 5 35 13 15 8 9 14 -10 -11 11 -13 -14 -15 -16 16 22 41 -20 30 -22 42 48 24 -26 27 -28 -29 32 -31 31 -33 33 37 -36 -37 -38 56 -40 -41 60 -43 55 -45 -46 -47 -48 -49 -50 -51 51 -53 -54 -55 -56 -57 -58 -59 -60 -61 -62 -63
leaf_value=-0.038224891885585643 0.04004597095910125 -0.040027154740330834 0.0070324421420153299 0.011137372078816305 0.042315250938687855 -0.031179464619514867 0.040022229708049757 0.008092371440636778 0.032135295377553587 0.039205453622724644 -0.0072442460761187998 0.033242581543224702 0.015549273780154551 0.031213608907535766 0.028609247487719949 0.011900757035392666 0.04600699530543402 0.0063673162080954164 -0.038826110129328323 -0.019674902331875847 0.032443361399575606 0.017244663613695362 0.019376970166445646 -0.011494794343588646 0.023572142392606868 -0.035051900510971075 0.050789657633766618 0.022176797659275237 0.0066834982852138234 0.069929392838008003 0.0053345340971905067 0.0291727128209682 0.041246886189602518 -0.028998172827087498 -0.010739051797327441 0.044022301769289438 0.039000466170390963 -0.0021277232929408892 -0.033000382925378852 0.012896777706994343 -0.011570713610910218 0.027987738863238267 0 0.0011370844542601187 0.0019066682664669707 0.028264891318775635 -0.029828602965500828 -0.03140322851651859 0.041592088151549751 0.00093435170050845152 -0.02931421595931356 0.021452852497407339 0.015808728798305933 -0.018770913639434308 0.014374427349039843 -0.026451161334208332 0.016817125665056692 -0.038393449899091665 0.0065764612987936405 -0.001190585314253005 -0.034994665734768803 0.0002581667078173922
leaf_weight=19.773822156246755 2.965053707361224 590.08187794010155 8.4269763836637122 0.45954536693171322 40.130989529192448 3.776264639105646 6.7364949192851764 1.049724627751863 4.0810415763407946 12.383069030940531 8.8233710611239093 5.7210528999567023 1.5867191851139058 14.444341570138929 1.7772094383835781 8.8698182217776793 4.5907820677384725 4.4780448554083758 4.4911470008082679 1.0654069576412464 2.5695311850868165 1.4765857155434781 6.3400166258215895 6.181188981048761 4.6884063985198736 5.0362573964521271 3.3764588315971187 4.3514948654919863 0.58784731803461721 1.103523153811693 0.93327330891042892 1.2534243613481519 1.7002988457679746 2.7256332547403872 7.9181641200557342 331.96470780670643 80.46146684885025 1.0404129540547726 5.3696880154311648 0.50616317801177491 0.53759966790676139 8.5676419436931592 0.9533347645774487 1.780235545709729 12.596895620226858 6.8771849870681754 2.7317246207967401 3.4644872178323567 32.872824862599373 0.76920887362211932 3.0037313783541317 0.8964514173567294 6.3164800377562642 1.0275411112233994 8.8403274156153184 1.4110396793112157 0.95029828744009126 10.331164352595804 0.5349947721697389 4.8838398028165102 2.6507236110046506 0.5511471563950181
leaf_count=4277 16 150765 57 26 361 656 37 54 74 88 66 36 63 93 30 53 41 53 64 80 70 44 49 64 36 282 32 32 29 43 35 9 83 385 43 3504 760 46 49 4 60 43 55 17 53 31 123 312 295 18 484 7 49 97 44 44 37 1076 34 36 66 24
internal_value=-0.000855023 -0.0323003 0.0365018 0.00275828 0.0228508 -0.0391019 0.00840209 -0.00865943 0.00360807 0.0193321 0.0108151 -0.00277037 -0.0397134 0.0121017 -0.0156431 0.0322756 0.0260762 0.00821601 -0.00104838 -0.0200564 -0.000568484 -0.033082 0.0335498 0.0187576 0.00400533 0.00591345 0.0145553 -0.0058814 0.00195647 0.0348951 -0.0278345 -0.00460604 -0.0081775 0.00374824 0.000994249 0.0424536 0.0361262 -0.0139214 -0.0187826 -0.0237574 -0.0215158 0.0147675 -0.00335225 -0.023151 0.0110118 0.0151833 -0.0207929 -0.0248572 0.038671 -0.0302594 -0.0398937 -0.0148325 0.0305484 -0.0071583 0.00881796 -0.0187066 0.00817765 -0.0360037 -0.0102068 0.00230414 -0.0306251 -0.00641086
internal_weight=1327.85 721.1 606.746 117.167 185.893 603.932 74.3011 28.951 8.36347 45.3502 32.9671 19.9141 595.569 93.5527 25.9859 111.592 71.4612 79.1083 32.8644 24.2087 7.35873 23.6148 54.6732 15.4604 10.8696 28.3732 16.436 11.9372 13.0596 2.59061 16.85 4.91842 10.469 6.41664 16.788 420.853 88.8884 4.71634 14.1931 4.28243 4.7892 46.2439 3.84096 7.5857 37.6763 25.0794 3.665 4.05233 39.2128 5.80547 593.982 3.90018 13.053 1.48709 18.2022 2.36437 1.99071 11.9316 1.6004 9.36188 3.73947 1.08875
internal_count=165594 158329 7265 6276 2944 152053 2002 1677 734 325 237 151 151319 1856 1661 942 581 1763 1503 1631 274 4420 485 141 100 1439 1090 349 1058 166 1357 167 892 551 96 4321 817 468 115 660 204 260 143 317 217 164 158 341 344 300 151256 491 86 123 133 99 83 1190 114 89 150 84
is_linear=0
shrinkage=0.04


Tree=55
num_leaves=59
num_cat=0
split_feature=1 23 2 10 21 7 2 10 10 2 6 10 10 31 19 19 6 11 6 11 0 9 9 0 9 9 25 20 6 11 1 0 2 0 11 19 1 23 10 6 28 0 0 0 21 9 8 8 6 0 8 11 21 0 21 21 5 7
split_gain=930.635 109.671 34.3058 24.2459 16.1187 11.1784 14.4924 8.82834 9.70381 8.3215 9.11142 5.28097 4.89311 4.74964 3.87985 4.25281 3.68819 3.3219 2.28732 3.09749 2.4879 2.42402 1.98387 1.96855 1.90096 3.78415 1.85412 4.60927 1.81024 1.81024 1.77197 1.75103 1.72129 1.65497 2.35655 1.45179 1.25379 1.43841 1.12306 1.07928 1.06904 0.987998 0.657717 0.640023 0.599787 2.03402 8.55087 0.468449 2.36457 1.46394 0.447937 0.411977 0.188037 0.0723682 0.0404452 1.43209 0.0299353 0.012344
threshold=0.078810192644596114 0.19785943627357486 0.58757218718528759 0.30384616553783422 0.5577777922153474 0.83910790085792553 0.11427757143974306 0.43650794029235845 0.080128207802772536 0.3364559412002564 0.2152509689331055 0.30384616553783422 0.76388889551162731 1.0000000180025095e-35 0.64174234867095958 0.38875724375247961 0.56980520486831676 0.77346038818359386 0.82807883620262157 0.66987180709838878 0.67507311701774608 0.94392031431198131 0.92718276381492626 0.33583191037178045 0.70064935088157665 0.69028213620185863 1.0000000180025095e-35 0.7353600561618806 0.96824595332145702 0.42997199296951299 0.25371789932250982 0.53636872768402111 0.1600352078676224 0.69808298349380504 0.53001201152801525 0.56928694248199474 0.36960017681121832 0.72509542107582103 0.240384615957737 0.90070420503616344 1.0000000180025095e-35 1.0000000180025095e-35 0.58311393857002269 0.75352597236633312 0.69397994875907909 0.66228070855140697 0.27842378616333013 0.81661397218704235 0.70926907658576976 0.55062541365623485 0.58123165369033825 0.69883719086647045 0.24068965017795566 0.80084761977195751 0.45227272808551794 0.42481203377246862 1.0000000180025095e-35 0.65419578552246105
decision_type=2 2 2 2 2 2 2 2 2 2 2 2 2 2 2 2 2 2 2 2 2 2 2 2 2 2 2 2 2 2 2 2 2 2 2 2 2 2 2 2 2 2 2 2 2 2 2 2 2 2 2 2 2 2 2 2 2 2
left_child=1 3 4 22 5 6 30 8 9 10 32 40 18 36 15 -13 54 -15 19 29 -20 43 41 -21 25 -25 27 -4 -23 -5 -2 50 -8 34 -33 56 37 -9 53 52 -10 -1 -19 -22 45 46 -6 -26 -49 -50 -31 -51 -37 -24 55 -12 -3 -36
right_child=2 35 26 12 44 -7 7 13 11 -11 16 14 -14 17 -16 -17 -18 42 20 23 21 28 38 24 47 -27 -28 -29 -30 31 -32 33 -34 -35 57 39 -38 -39 -40 -41 -42 -43 -44 -45 -46 -47 -48 48 49 51 -52 -53 -54 -55 -56 -57 -58 -59
leaf_value=0.0090547022651935108 0.053832790271337902 -0.040004961771911048 0.0082198298662188706 -0.015103410978843757 0.037899346808426458 0.045036036016263215 0.0040432579692748815 0.0047465750013754547 -0.040314895133183565 0.041881352162466627 -0.033996881452191346 0.029743496755732374 0.029297271088905345 0.055229790385785467 0.018377628991772355 -0.037765700860907338 0.017633498949541634 0.020811483232576707 0.034340361050444572 0.021796444385332122 0.0016765434157797554 0.02756154826459449 -0.023295953969113169 -0.023687509783798692 -0.033230565844589027 0.049934072823573948 0.043839661228178076 0.038584510365521414 0.0052952478596977786 0.0059434106637403748 0.019568487039718398 0.069598751438617559 0.031672026761486546 0.011005462616282187 0.0043849831192586388 -0.022641098912452626 0.015202539981315275 -0.034715125056452613 0.015781892741228942 0.022844263214321699 -0.011162686003986174 -0.03825561597506906 -0.0023096031778801645 -0.018816177172966485 0.03970376425209958 0.04169381720278597 -0.017359323740238318 0.023624859122292074 0.012323705859909356 -0.0053618825806079819 -0.022192011812595031 -0.036305937551352252 0.00047956649926570068 -0.0012703142324706354 -0.047374189563958224 0.0041305184098517946 -0.015435645116414343 0
leaf_weight=0.23552370071411743 8.6065762373618764 564.85330141638406 9.9788077711127681 2.7435788800939944 10.722179785370832 13.035395607119424 8.6383691914379614 2.2227094834670433 15.038715666625654 7.634031781461089 4.6397175472229701 1.0914437759201954 19.019301930442452 6.4074740102514625 6.3908746521919966 5.107210012152791 1.6814794945530582 4.1688727950677276 6.503239538986235 1.4177772942930484 3.5802839654497793 9.0876846406608838 1.4650998711585996 1.5241220849566155 5.0656318985857052 1.013306103646755 323.30645070225 77.995150402188301 16.804553788155317 0.61348374048247878 6.1349136698991051 1.3581518577411764 6.2533098575659087 10.56979978783056 0.69857294717803575 1.5009317584335797 2.3115129321813583 1.9763230015523729 1.5889718541875479 0.52847776096314181 3.8674996867775908 20.301619574427605 2.4268609439022839 4.3979371385648847 45.73465570807457 10.554856605827807 6.3824009001255027 1.2799976647365836 0.87279349635355163 1.6295534595847128 1.399936798494309 4.110963549464941 0.25641798018477846 0.85605454072356213 3.9104123171418905 1.6688758097589014 2.2645336110144845 0.88866580929607153
leaf_count=1 59 150194 73 51 86 117 58 65 1308 90 243 26 123 76 57 433 41 50 64 73 49 44 101 126 719 25 3521 759 77 26 49 23 43 78 63 275 15 48 45 4 77 4595 64 49 410 95 34 50 36 13 148 203 13 12 36 26 329 26
internal_value=-0.000834679 -0.0325229 0.0356391 0.00235064 0.0211937 0.0115107 0.00670668 0.000159596 -0.00683322 0.007685 -0.00307117 -0.0225735 0.0116007 0.0231595 -0.00181091 -0.0228426 -0.028065 0.0363324 0.00676951 -0.000602774 0.0131505 0.00809918 -0.0323274 -0.0126624 -0.0171877 0.0103868 0.0421163 0.0353163 0.0139933 0.0104308 0.0419762 0.015825 0.0171598 0.0210286 0.0440777 -0.0398112 -0.0039522 -0.016162 -0.00385443 -0.00398815 -0.0354127 -0.0371321 0.0125935 -0.0100119 0.0357208 0.0278399 0.0172393 -0.0232308 -0.0133486 -0.0231933 -0.0131644 -0.030214 -0.0188664 -0.0192056 -0.0368425 -0.0241782 -0.0399412 0.0022338
internal_weight=1286.32 688.43 597.887 119.027 186.607 113.213 100.177 85.4357 65.9219 34.4262 26.7922 31.4957 94.5793 19.5138 12.5895 6.19865 11.9005 13.0032 75.56 35.1863 40.3737 33.8705 24.4473 16.9141 15.4964 2.53743 411.28 87.974 25.8922 18.2722 14.7415 15.5286 14.8917 13.5152 2.94539 569.404 6.51055 4.19903 3.91013 2.28583 18.9062 20.5371 6.59573 7.97822 73.3941 27.6594 17.1046 12.9589 7.89331 6.61331 2.01342 5.74052 1.75735 2.32115 10.219 6.30859 567.118 1.58724
internal_count=165594 157635 7959 6820 3606 2981 2864 2756 2438 537 447 1901 2066 318 516 459 346 190 1943 1660 283 219 4754 1245 1172 151 4353 832 121 415 108 364 101 190 112 150815 128 113 158 292 1385 4596 114 98 625 215 120 1021 302 252 174 216 288 113 305 269 150523 89
is_linear=0
shrinkage=0.04


Tree=56
num_leaves=63
num_cat=0
split_feature=20 13 2 10 24 21 19 9 10 10 18 10 8 2 6 20 30 9 8 7 9 9 10 28 10 2 6 20 9 6 8 11 0 28 20 6 9 10 2 9 2 10 7 7 2 21 21 0 7 10 2 18 8 18 0 11 9 7 7 10 0 0
split_gain=886.758 103.697 29.5608 22.5033 14.4929 9.76107 8.01493 7.49592 6.04072 4.66278 4.13355 3.73506 3.50803 7.88293 3.01752 3.77167 5.78694 2.68857 5.54758 2.3578 2.62971 2.13528 2.01079 3.37122 1.99805 4.34179 2.25942 1.93606 1.89689 4.2162 3.96345 2.91747 3.29972 1.69994 2.4838 1.50193 3.13225 1.34051 1.1484 1.12044 1.11519 1.10962 0.965504 0.815547 0.768831 0.767961 1.34528 0.762544 1.00239 0.736295 0.647448 0.644687 0.52594 0.442449 0.341265 0.329313 0.214135 0.134688 0.350376 0.119566 0.118034 0.103401
threshold=0.58656641840934765 1.0000000180025095e-35 0.58757218718528759 0.30384616553783422 1.0000000180025095e-35 0.18019481003284457 0.74175426363945018 0.12132352963089944 0.44949495792388922 0.44949495792388922 0.5914268195629121 0.86607143282890331 0.17267081141471866 0.25621344149112707 0.69504830241203319 0.95270055532455455 1.0000000180025095e-35 0.93440860509872448 0.99438202381134044 0.77015754580497753 0.76533168554306041 0.92718276381492626 0.43650794029235845 1.0000000180025095e-35 0.080128207802772536 0.36545780301094061 0.90366768836975109 0.84764185547828685 0.86729559302330028 0.81530213356018078 0.89699381589889537 0.64051282405853283 0.53636872768402111 1.0000000180025095e-35 0.7353600561618806 0.63859337568283092 0.75147059559822094 0.58571431040763866 0.17782925814390185 0.95119047164917003 0.62731361389160167 0.68333333730697643 0.85145786404609691 0.40224719047546392 0.53885021805763256 0.30384616553783422 0.24068965017795566 0.96444573998451244 0.86526826024055492 0.76388889551162731 0.48625682294368749 0.92605021595954906 0.59675306081771862 0.73375529050827037 0.80084761977195751 0.45534290373325353 0.84028983116149913 0.40224719047546392 0.37884436547756201 0.81666666269302379 0.99999997019767772 0.73316389322280895
decision_type=2 2 2 2 2 2 2 2 2 2 2 2 2 2 2 2 2 2 2 2 2 2 2 2 2 2 2 2 2 2 2 2 2 2 2 2 2 2 2 2 2 2 2 2 2 2 2 2 2 2 2 2 2 2 2 2 2 2 2 2 2 2
left_child=1 3 4 21 6 10 7 -2 24 40 49 17 -6 38 15 16 -8 18 28 20 -10 -1 23 -15 25 45 53 -25 29 31 42 32 52 34 -4 43 -37 -38 -14 -23 -7 47 44 -33 -30 46 -9 48 54 -3 -22 -29 -5 57 61 -41 -39 58 -26 -51 -13 -19
right_child=2 5 33 11 12 9 14 8 19 -11 -12 60 13 22 -16 -17 -18 41 -20 -21 50 39 -24 27 26 -27 -28 51 30 -31 -32 35 -34 -35 -36 36 37 56 -40 55 -42 -43 -44 -45 -46 -47 -48 -49 -50 59 -52 -53 -54 -55 -56 -57 -58 -59 -60 -61 -62 -63
leaf_value=-0.038044726814403365 0.042305025653405909 -0.040004119365790299 0.01494586122605982 0.012695643565207887 0.041618741296987914 -0.030703965368619076 0.027738222814831702 -0.023330532294704304 0.025290429210967313 0.03118437778671437 0.015498374091842449 0.037684000570354398 0.010874459733943329 -0.0020605844697461841 0.038514063951024198 0.035069831967474943 -0.016205565894945258 0.0059270147239420534 -0.038361816823844867 0.039576356887382855 -0.031188771701116003 0.016906127815773424 0.041679996173220601 0.010653298970971304 -0.019706287795509606 0.035386028902813497 0.020506887455424169 0.043560476358262115 -0.03484427835868114 0.048223039722429036 0.02116083517300852 0.0063984467539009672 0.064984223307766042 0.043955960797071258 0.038219759054708313 0.038940742843873159 -0.028452801316026739 -0.0018365915071327974 -0.0099167151813733517 0 0.012334408787646458 0.026785001021270464 0.00077147894715863194 -0.031045353568136723 0.001741629910946167 -0.029070136944001589 0.017423478051254385 0.0016497287505667479 0.026656997986043561 0 0 0.0181594398927084 -0.018839346150854024 -0.0020085465684703003 0.013454806866813326 -0.026275143770897624 0.016693567302850744 -0.038812318953251962 0.0057001044948606317 -0.017722269057226864 0.019861001077049231 -0.0014155987246221955
leaf_weight=18.340503680054102 3.7019032835960379 545.16873320029117 10.416917029768227 0.41588157275692283 37.897372230887413 3.5490047731436771 7.1549121439456984 1.5254273768514415 2.5486592561937851 3.9998988602310419 1.5790812699124206 6.1148806512355787 6.8011957518756381 6.1403886820189681 10.6409770026803 7.1517247632145873 10.602057312615216 4.4959070589393431 4.377741628792136 2.8778533870354295 2.0570420413278048 1.4853094471618526 23.346560008823872 7.6122791320085552 1.0686252517625643 1.9955096226185558 0.56121098250150758 11.694664478302004 4.8951171706430596 3.4109533554874352 4.3462943560443819 0.59602126292884205 1.1922307722270487 282.26669804006815 101.16898996755481 1.7559580160304902 2.5772510981187224 1.0216930778697131 8.3111864123493415 0.93193611782044206 0.48953340016305436 8.4221601486206037 1.785052692517638 3.3282397645525634 0.73875504452735175 4.7474049897864461 1.6282285484485326 12.580812096595762 6.8358274400234214 0.99002818576991503 1.3705448750406501 5.072699896991252 1.036813919432461 1.0072399862110621 8.8865709900856 1.4023222541436551 0.950075112748891 11.09769397578202 0.56807586830109347 2.7679154728539288 7.8407855033874512 4.8899634703993797
leaf_count=4277 20 150765 73 19 361 656 40 141 60 74 63 38 37 62 79 47 74 53 64 29 78 44 218 63 81 33 3 106 284 32 32 29 43 3206 1042 83 385 46 50 54 4 43 17 312 16 84 42 53 31 138 25 45 104 15 44 45 37 1114 37 353 55 36
internal_value=-0.000816693 -0.0319284 0.0357183 0.00267169 0.0220042 -0.0390302 0.00794384 -0.00503456 -0.0115405 0.00383017 -0.0396691 0.0114253 0.0313175 0.025087 0.0212425 0.0125079 0.00182252 0.00775093 -0.000969592 0.0152821 0 -0.0326084 0.0321336 0.0236135 -0.0217302 -0.00644288 -0.0309343 0.0300639 0.00584807 0.0144049 -0.00588334 0.00232669 0.0334887 0.0418758 0.0362346 -0.00763923 0.00415839 -0.013145 -0.000217385 -0.00319713 -0.0232806 0.013859 -0.0228336 -0.0244016 -0.0299045 -0.0202453 -0.00219726 0.0102495 0.014177 -0.039863 -0.0209204 0.0375555 -0.00668518 -0.034555 0.00815975 -0.0184226 0.00835889 -0.0365044 -0.0105536 -0.0144402 0.0299354 0.00194846
internal_weight=1246.23 673.199 573.034 114.655 179.181 558.544 72.3051 36.7554 33.0535 8.03844 550.506 92.495 106.876 68.979 35.5497 24.9087 17.757 78.5393 32.4281 8.8541 5.97625 22.1601 53.8666 30.52 24.1994 9.89657 14.3028 24.3796 28.0503 16.2851 11.7652 12.8742 2.64493 393.853 111.586 10.2292 6.30498 4.54902 15.1124 3.81957 4.03854 46.1112 7.41892 3.92426 5.63387 7.90106 3.15366 37.6891 25.1083 548.927 3.42759 16.7674 1.4527 13.7416 18.2724 2.33426 1.97177 12.7344 1.6367 3.75794 13.9557 9.38587
internal_count=165594 158329 7265 6276 2944 152053 2002 1762 1742 734 151319 1856 942 581 240 161 114 1763 1503 192 163 4420 494 276 1550 300 1250 214 1439 1090 349 1058 166 4321 1115 892 551 468 87 143 660 260 317 341 300 267 183 217 164 151256 103 151 123 1247 133 99 83 1232 118 491 93 89
is_linear=0
shrinkage=0.04


Tree=57
num_leaves=63
num_cat=0
split_feature=1 23 8 21 9 24 11 9 19 8 8 7 0 6 8 8 1 8 18 21 19 6 18 5 7 9 7 31 24 21 6 11 23 6 19 0 6 8 11 20 31 8 6 7 8 6 9 8 6 9 0 23 9 9 0 19 21 20 11 3 6 11
split_gain=845.551 105.862 26.2898 22.8914 14.0837 10.0943 5.05143 4.76157 5.53408 4.04657 4.32951 3.86489 4.14736 3.72155 3.68411 4.37144 5.59214 3.24252 3.23399 5.28114 3.63847 2.94892 2.93142 2.74414 2.72581 2.54107 2.47613 2.34212 2.14974 4.90635 2.08921 2.71495 2.02907 1.92921 1.89602 1.67562 1.63851 1.63685 1.62908 1.50101 1.45286 1.44997 1.38303 1.1906 1.03349 1.00105 0.952323 4.36241 5.68935 0.894046 0.835112 0.690197 0.572043 1.0816 0.570597 0.551736 0.540518 0.50424 0.49955 0.492747 1.32602 0.476706
threshold=0.078810192644596114 0.19785943627357486 0.8521554470062257 0.5577777922153474 0.91476997733116161 1.0000000180025095e-35 0.90550595521926891 0.12132352963089944 0.64174234867095958 0.90521115064620983 0.83795946836471569 0.63859337568283092 0.52051407098770153 0.75905716419219982 0.17267081141471866 0.45773810148239141 0.32986950874328619 0.78319624066352855 0.501101315021515 0.18019481003284457 0.491376742720604 0.74133810400962841 0.5914268195629121 1.0000000180025095e-35 0.34330357611179357 0.9607692062854768 0.65648320317268383 1.0000000180025095e-35 1.0000000180025095e-35 0.21240601688623431 0.72065573930740368 0.92637759447097789 0.71806526184082042 0.85313725471496593 0.74175426363945018 0.76780930161476146 0.51316702365875255 0.64051282405853283 0.82247900962829601 0.6926884949207307 1.0000000180025095e-35 0.60495716333389293 0.63224515318870556 0.72850123047828685 0.85053193569183361 0.63859337568283092 0.71834936738014232 0.32071428000926977 0.40936473011970526 0.33687943220138555 0.63529169559478771 0.42008402943611151 0.70064935088157665 0.81302964687347423 1.0000000180025095e-35 0.51176634430885326 0.35504202544689184 0.7353600561618806 0.73431372642517101 1.0000000180025095e-35 0.96824595332145702 0.53001201152801525
decision_type=2 2 2 2 2 2 2 2 2 2 2 2 2 2 2 2 2 2 2 2 2 2 2 2 2 2 2 2 2 2 2 2 2 2 2 2 2 2 2 2 2 2 2 2 2 2 2 2 2 2 2 2 2 2 2 2 2 2 2 2 2 2
left_child=1 4 3 5 6 7 23 -2 18 10 -6 -8 13 -13 -7 -16 17 26 19 -9 -21 27 54 24 36 -11 37 32 29 39 45 -32 -10 -24 56 42 -1 -17 58 55 50 49 -27 44 -33 -14 47 -5 -49 -34 -22 -20 -47 -54 -3 -4 -29 -40 -31 60 -37 -26
right_child=2 22 28 46 9 14 11 8 21 25 -12 12 30 -15 15 16 -18 -19 51 20 40 -23 33 -25 61 35 -28 34 -30 38 31 43 41 -35 -36 59 -38 -39 57 -41 -42 -43 -44 -45 -46 52 -48 48 -50 -51 -52 -53 53 -55 -56 -57 -58 -59 -60 -61 -62 -63
leaf_value=-0.0081136042568251011 0.032914384795116013 0.0034781895876839788 0.0015874197091354215 0.039213733357277521 0.034444306244656699 0.040653216582401321 -0.030453555403834241 -0.031872237917919682 0.011969734816323881 0.040936490984481842 -0.035041693306749999 -0.015605504520293126 -0.0072254743189712556 0.061987592090840059 -0.0081254719442051312 0.01270986416624019 0.040652690295765639 -0.026660407277868427 0.0019525343870125786 -0.017769815898107468 -0.014887197455982312 0.027907651860209666 -0.019897507914286652 0.017434456261756687 -0.010840772311725366 -0.0178249543076071 0.038567832493012155 -0.017505233542976187 0.043136004353653758 0.026797902788896967 0.019207112769547386 -0.016643484579589699 -0.019288748535114746 0.036842172941072067 0.026036524367420214 0.021741640148712459 0.050621192495298416 -0.025005800147112109 0.021004509740140145 0.017027649797638014 0.063429977630552595 -0.037505954159648372 0.011150778870250563 -0.031649497946624756 0.027111799959940827 0.051298008141132979 0.043509721063979816 -0.016297688775897008 0.029762388202807327 0.0058484566477239276 0.024916376769467612 -0.03648079447429018 -0.016831292321588677 0.026524046889519405 -0.039982957684634085 -0.02789293520548004 0.0057598133688308382 0.041490355820592892 0.0076273029899807422 0.025631293907866309 0.0056629128892284122 -0.030968423549752197
leaf_weight=1.1251421761699081 4.5451896190643302 0.16054826974868674 1.030495258746668 37.775902450084686 1.0503890172112722 12.928007796406744 3.3997660991735783 3.9675451235380041 3.3881834759376988 6.0366778341121963 4.0811720471829176 0.78030542354099397 0.74293533712625448 2.7514183633029461 8.9157605892978591 3.996325257932769 12.942239023745058 3.1522180368192485 0.48298677615821262 1.4485013645607976 0.71551464474759996 5.860657616518437 1.1507284143008281 1.7513998895883549 4.2852767845615771 3.7344768201000971 3.245185250416398 2.1696763895452023 285.65477638598531 12.439761256799104 2.5050477255135757 0.79728539497591533 3.3851658813655359 0.71616566646844138 5.630638126283884 16.904285969212651 0.27091590361669649 1.9036552978213874 6.206778901629149 2.5192425949499011 1.6739395870827138 3.7782742991112173 4.881888737436384 4.9897277113050222 0.63215165003202856 0.7135204263031486 38.083391211926937 5.8843275383114841 10.59855107963085 3.6157772396691144 0.62099735392257571 11.241256104549391 0.67734888615086664 1.029246744001284 524.23717592004687 1.9250563310924915 2.1363158877938986 56.294256642460823 4.593805900309234 10.372727699577807 18.532538160681725 24.422031064983457
leaf_count=173 24 1 64 337 64 113 663 642 26 41 175 140 35 41 74 78 120 59 7 83 78 53 98 8 666 78 42 61 3312 127 66 81 24 5 33 91 25 64 42 20 43 60 35 274 10 11 418 38 97 85 10 1029 91 48 150711 51 19 578 48 76 88 3840
internal_value=-0.000794616 -0.032151 0.0348782 0.0227094 0.00231079 0.00942369 -0.0132969 -0.00223016 -0.00607739 0.0144938 -0.0168682 0.0027852 0.011658 0.0443008 0.0228012 0.0149662 0.0232744 0.00300226 -0.0217984 -0.00184354 0.025087 0.00472812 -0.0397752 -0.022813 -0.0257684 0.0174518 0.015241 -0.0016356 0.041161 0.0340534 -0.000230301 -0.0104706 -0.0118859 0.00573203 0.0123637 0.0140832 0.0179848 -0.000739945 0.0365477 -0.00161252 0.0459943 -0.0201035 -0.00153948 -0.0236192 0.00425509 0.0232758 0.0370471 0.0317334 0.0130986 -0.00669786 0.00464375 -0.0345541 0.0331837 0.00797751 -0.0399554 -0.0188002 -0.00629879 0.0398818 0.0225592 0.0170772 0.0138289 -0.0285646
internal_weight=1207.48 642.732 564.75 194.086 116.468 101.744 50.8735 54.6606 50.1154 65.5942 5.13156 19.0188 15.619 3.53172 47.0834 34.1554 25.2396 12.2974 20.1507 8.4265 4.45895 29.9647 526.265 31.8548 30.1034 60.4626 9.14517 24.104 370.664 85.0094 12.0873 8.92421 14.1674 1.86689 9.93663 54.4259 1.39606 5.89998 79.5346 5.47479 3.01045 10.7792 8.61637 6.41916 1.42944 3.16305 92.3422 54.2588 16.4829 7.00094 1.33651 11.7242 2.42012 1.7066 524.398 2.95555 4.30599 62.501 17.0336 45.8096 35.4368 28.7073
internal_count=165594 157635 7959 3717 6820 2827 6172 2277 2253 648 239 1460 797 181 550 437 363 243 1892 856 214 361 150815 4712 4704 409 184 308 4242 930 616 431 195 103 113 368 198 142 795 135 131 169 113 365 91 185 890 472 135 109 88 1036 150 139 150712 115 80 620 175 255 179 4506
is_linear=0
shrinkage=0.04


Tree=58
num_leaves=63
num_cat=0
split_feature=20 13 2 10 24 22 22 30 2 10 18 8 2 10 6 10 19 6 6 23 22 8 9 8 0 28 6 28 20 9 6 8 11 0 23 6 9 7 10 20 18 18 10 2 23 7 10 7 11 10 23 2 0 7 2 6 22 8 0 9 0 22
split_gain=805.049 99.9292 29.1505 20.7675 13.1177 9.46826 7.20918 5.86643 4.47184 4.32375 4.05701 3.5669 7.4392 3.50471 3.66414 3.36658 3.27568 3.23114 2.86392 3.13396 2.99298 2.53018 2.16452 5.25916 2.09373 1.97295 3.49625 1.91417 2.5003 1.84653 3.68757 3.57802 2.79062 3.0209 1.42515 1.42231 2.86879 1.41032 1.28656 1.19162 1.3589 1.11648 1.111 1.04233 1.03855 1.02477 1.00359 0.920572 0.916478 0.777764 1.32859 0.758834 0.658206 0.916293 0.655319 0.637171 0.594551 0.513821 0.278951 0.192071 0.13558 0.129663
threshold=0.58656641840934765 1.0000000180025095e-35 0.58757218718528759 0.30384616553783422 1.0000000180025095e-35 0.18019481003284457 0.48529411852359777 1.0000000180025095e-35 0.11427757143974306 0.44949495792388922 0.5914268195629121 0.17267081141471866 0.27728973329067236 0.30384616553783422 0.2152509689331055 0.86607143282890331 0.68599441647529613 0.79784947633743297 0.83047896623611461 0.64879238605499279 0.2788888961076737 0.48074074089527136 0.93440860509872448 0.99438202381134044 0.66915929317474376 1.0000000180025095e-35 0.7320508360862733 1.0000000180025095e-35 0.7353600561618806 0.86729559302330028 0.81530213356018078 0.89699381589889537 0.64051282405853283 0.53636872768402111 0.86081454157829296 0.63859337568283092 0.75147059559822094 0.63859337568283092 0.58571431040763866 0.82078272104263317 0.97067421674728405 0.501101315021515 0.68333333730697643 0.62731361389160167 0.98190009593963634 0.38757823407649999 0.58571431040763866 0.85145786404609691 0.98936170339584362 0.76388889551162731 0.60078126192092907 0.53885021805763256 0.96444573998451244 0.86526826024055492 0.44931989908218389 0.75905716419219982 0.31698563694953924 0.59675306081771862 0.80084761977195751 0.84028983116149913 0.99999997019767772 0.23303167521953586
decision_type=2 2 2 2 2 2 2 2 2 2 2 2 2 2 2 2 2 2 2 2 2 2 2 2 2 2 2 2 2 2 2 2 2 2 2 2 2 2 2 2 2 2 2 2 2 2 2 2 2 2 2 2 2 2 2 2 2 2 2 2 2 2
left_child=1 3 4 24 6 10 7 16 -9 43 49 -6 34 14 -8 22 17 21 19 20 61 41 23 29 -1 26 -14 28 -4 30 32 47 33 57 -13 45 -37 -26 -38 54 -41 -2 52 -7 55 -34 -23 51 -39 -3 -51 -31 53 58 -27 -21 -18 -5 -24 -40 -17 -10
right_child=2 5 27 15 11 9 13 8 18 -11 -12 12 25 -15 -16 60 56 -19 -20 44 -22 46 42 -25 37 39 -28 -29 -30 31 -32 -33 35 -35 -36 36 38 48 59 40 -42 -43 -44 -45 -46 -47 -48 -49 -50 50 -52 -53 -54 -55 -56 -57 -58 -59 -60 -61 -62 -63
leaf_value=-0.037865739587145071 0.030350390382223407 -0.039981062143855842 0.014036375614529219 0.012862273704535099 0.040923677307996585 -0.030252673314840571 0.032246893585667624 0.016952382078043466 -0.03041082949203568 0.0303863262165559 0.015045430499849324 0.011066198391939026 -0.0096484103036464357 0.047564657725465642 -0.0030889947800503133 0.036537855033543995 0.036799986363731781 0.028174864408772895 0.018701467595939436 -0.046091223152829659 0.021689759607353101 -0.034143924311323882 0.0016732791054980918 -0.037646365069527329 0.027131419856442986 0.0064883894925513051 0.033815188301553584 0.043564321569371796 0.037452990273543867 -0.034366418554820845 0.046192395339877769 0.019983022471297417 0.011483767994194217 0.06275477259277068 -0.011136291476135903 0.037280324524512812 -0.027984366659334604 -0.028222182939719037 -0.0014607744057912892 0.044004150029221416 0.013566901578306223 -0.0085775366951565853 0.025876628105327419 0.01179586997649055 0.0017082438715420767 -0.030937230772202021 0.0024166395920472419 0.00085548636490277827 0.0076592349082182922 0.012098822702082691 -0.028175234837937015 0.0019897992171456504 0.0013687613253272599 0.024963375937696861 0.028582380724469551 -0.0046764887527532256 0.012933052260914185 -0.018408227997918719 0.012091315932953525 0.016071449088600358 0.018798051867251139 0
leaf_weight=17.288694927468899 1.4610253893770297 503.67814763798378 10.242469758726655 0.41198279382661984 35.645978540182114 3.3531321585178371 7.7086857408285203 4.5435940166935351 2.5176562911365248 3.9134006211534142 1.5839673401787866 8.7466322439722735 4.9260923811234516 6.8888666853308669 9.4517241735011321 5.9301659166812879 5.4453138867393118 3.0181211070157579 1.4978014277294267 9.6803842622321046 2.8636916326358914 5.0161371175199747 9.4018978960812145 4.1794141223654142 0.71432030620053355 4.9593900805339199 5.0452685477212071 263.11650060117245 95.283197619020939 4.6427047792822105 3.4158950895071021 4.3282415051944554 0.44316984806209658 1.2348966123536227 7.7793102394789448 1.7913630343973634 2.455752685200423 1.9922415842302144 1.0050828573293982 24.890093356370929 4.2689582556486121 1.3852154351770876 8.2995821386575681 0.47334194183349598 0.63409379008226174 3.3001622804440558 1.0966403940692542 1.7659225352108476 1.0497722700238228 1.2527730651199811 2.3619874343276024 0.72962599899619807 12.564401507377623 6.7951672673225394 6.0880282586440444 1.1178906911518431 5.459449602290988 0.99892092123627663 8.9622845686972124 0.96661855606362213 7.614976704120636 0.48702035145834077
leaf_count=4165 30 150765 73 19 361 656 49 34 231 74 63 53 51 52 74 38 43 48 21 615 31 506 89 64 60 44 46 3206 1042 284 32 32 19 43 43 83 385 168 46 254 40 55 43 4 41 322 51 17 27 92 399 16 53 31 50 58 38 104 44 37 55 25
internal_value=-0.000772995 -0.0315329 0.034952 0.00261835 0.0211452 -0.0389539 0.00760824 -0.00164131 -0.0155012 0.00400299 -0.0396216 0.0302375 0.0239477 0.0249019 0.0134657 0.0109647 0.012387 -0.00191906 -0.0240074 -0.0287433 -0.00329602 -0.0142699 0.00747471 -0.000473109 -0.0322409 0.0314835 0.0130562 0.0413317 0.0353708 0.00616103 0.0146364 -0.00558596 0.00302664 0.0333576 0.00034744 -0.00697206 0.00443747 -0.00299305 -0.0125344 0.0355288 0.0402783 0.0130605 0.0129226 -0.0228561 -0.0401681 -0.0237095 -0.0276049 -0.0221315 -0.0160187 -0.0398295 -0.0137535 -0.0292637 0.00937467 0.0130147 0.0203579 -0.0429026 0.0272771 -0.00607046 0.00732602 0.00830414 0.0288177 -0.027578
internal_weight=1170.17 628.9 541.265 112.283 172.623 516.617 70.2733 46.224 23.3421 7.73987 508.877 102.35 66.7038 24.0493 17.1604 91.2382 22.8819 11.9771 18.7985 17.3007 5.86837 8.95902 77.6931 31.6698 21.045 50.1778 9.97136 368.642 105.526 27.4903 16.0238 11.4665 12.6079 2.6458 16.5259 9.96215 6.21882 3.75633 4.42745 40.2065 29.1591 2.84624 46.0233 3.82647 11.4324 3.74333 6.11278 7.13825 3.04201 507.293 3.61476 5.37233 37.7238 25.1593 11.0474 10.7983 10.9048 1.4109 18.3642 1.9717 13.5451 3.00468
internal_count=165594 158329 7265 6276 2944 152053 2002 1827 1056 734 151319 942 581 175 123 1856 771 690 1022 1001 287 642 1763 1503 4420 485 97 4321 1115 1439 1090 349 1058 166 96 892 551 255 468 388 294 85 260 660 714 341 557 317 195 151256 491 300 217 164 94 673 81 123 133 83 93 256
is_linear=0
shrinkage=0.04


Tree=59
num_leaves=63
num_cat=0
split_feature=1 23 2 10 21 7 2 10 10 2 8 10 30 10 19 19 11 18 18 28 1 2 7 8 2 8 2 11 10 7 7 8 7 7 7 1 7 11 11 7 8 28 1 21 11 8 7 8 2 23 7 23 23 23 7 7 11 11 11 11 21 7
split_gain=767.619 102.301 32.8069 20.1976 13.977 9.84062 12.8885 7.87418 8.18155 7.70103 8.27888 4.85708 4.31418 4.08544 3.3008 3.99587 3.1655 2.86691 2.48535 2.27632 2.93621 1.85831 2.03091 1.85386 4.54959 3.31193 3.7886 3.58577 2.55519 2.71555 3.66408 2.26248 2.40638 4.35589 1.83079 1.73132 1.51356 1.18037 0.970831 0.92681 0.916562 0.855038 0.794061 0.734852 2.06327 4.42304 0.732318 1.32824 0.858193 0.722501 0.561141 0.5109 1.5206 0.44069 0.390795 0.377531 0.317328 0.263069 0.14405 0.482819 0.115627 0.0355465
threshold=0.078810192644596114 0.19785943627357486 0.58757218718528759 0.30384616553783422 0.5577777922153474 0.83910790085792553 0.11427757143974306 0.43650794029235845 0.080128207802772536 0.25783495604991918 0.22474747896194461 0.30384616553783422 1.0000000180025095e-35 0.76388889551162731 0.64174234867095958 0.38875724375247961 0.73123827576637279 0.5914268195629121 0.65240275859832775 1.0000000180025095e-35 0.21894425153732303 0.46851472556591039 0.59516963362693798 0.64241620898246776 0.36075983941555029 0.75931033492088329 0.36427302658557897 0.908033847808838 0.58571431040763866 0.72850123047828685 0.91734972596168529 0.9321839213371278 0.95311355590820324 0.70299971103668224 0.85145786404609691 0.25371789932250982 0.90070420503616344 0.855400711297989 0.98936170339584362 0.067816093564033522 0.56949809193611156 1.0000000180025095e-35 0.25371789932250982 0.69397994875907909 0.7670542597770692 0.27842378616333013 0.67017546296119701 0.8521554470062257 0.42262370884418493 0.4460498988628388 0.067816093564033522 0.85236588120460521 0.73743686079978954 0.86124861240386974 0.84680575132370006 0.85145786404609691 0.91042780876159679 0.79772728681564342 0.89379698038101207 0.91042780876159679 0.22902098298072818 0.40224719047546392
decision_type=2 2 2 2 2 2 2 2 2 2 2 2 2 2 2 2 2 2 2 2 2 2 2 2 2 2 2 2 2 2 2 2 2 2 2 2 2 2 2 2 2 2 2 2 2 2 2 2 2 2 2 2 2 2 2 2 2 2 2 2 2 2
left_child=1 3 4 21 5 6 35 8 9 10 18 41 16 23 15 -13 -9 50 -8 20 60 39 -23 24 40 58 27 57 31 -30 55 36 33 -33 -19 -2 46 -14 -24 -1 -5 61 49 44 45 -6 47 -28 54 -11 -3 52 -12 -51 -48 -31 -18 -27 -25 -60 -4 -10
right_child=2 17 19 13 43 -7 7 12 11 42 51 14 37 -15 -16 -17 56 34 -20 -21 -22 22 38 25 -26 26 28 -29 29 30 -32 32 -34 -35 -36 -37 -38 -39 -40 -41 -42 -43 -44 -45 -46 -47 48 -49 -50 53 -52 -53 -54 -55 -56 -57 -58 -59 59 -61 -62 -63
leaf_value=0.008459474819777742 0.052055381088673192 0.0033715233466376005 0.0066715233514900831 0.01749995961916876 0.03321080575111196 0.04327110967704062 0.032269835504158829 0.054613989801462738 -0.014344081888736444 0.030002268614508561 -0.035684180524738526 0.028743553317781854 -0.015781219361882801 0.02720629010808677 0.016841603125259678 -0.037365187178379021 0 -0.019571920179720967 -9.2440173170425105e-05 0.043412928271955871 0.037175122853800445 0.035764883660512385 -0.02926272399199107 -0.030113576515341779 0.08673987619769355 -0.017440945090542871 -0.020682992851458384 0.058934938102258673 0.033762767667360978 -0.015943196556299444 0.017631326776420604 -0.018165687272067143 -0.016512366370841133 0.028049236274069394 0.03592954718560238 0.017768741556137359 0.0094389510957095923 0.015572405498229016 0.0072404098129771575 -0.037898529410299572 -0.020222731752786594 -0.012093747107143971 0.045432279971728433 0.038216711589123778 0.039532611518363348 -0.0073866932498481072 -0.015064894941118262 0.027055596287114337 -0.036178436593560161 -0.014037557120864044 -0.039959183910175534 -0.043445490429113248 0.0017477976899162877 0.011407914801778005 0.011128561210523606 -0.00065590968154506397 0.018329120761329726 0.0051585355472757114 0.012962336902655296 -0.017488404613991912 0.018243187329303929 -0.042224480097574832
leaf_weight=0.23046347498894348 8.0451381467282754 0.15858757495880027 5.8592195790261012 0.97037957538850594 8.1367814466357249 11.911955747054888 5.4735224843025234 5.6716031790711003 1.9069653211627215 1.2159859118983134 2.390128400642423 1.0799040123820285 4.2776169690769157 18.034343732520938 6.198484200052917 4.7005089919548482 2.7660874419379979 1.1181359770707775 8.5812858771532756 255.89815703779459 92.75748310983181 0.52068475075066034 2.2989860859233886 3.0661277356557539 0.5349353696219622 0.85636675846762844 1.2376680504530684 2.9935062755830586 6.0762777687050393 7.1323551144450903 15.863727329298854 3.9293755339458611 5.2380572799593201 8.926511134952305 0.71079346071928728 5.8301404099911442 1.876238241791724 1.9813215306494383 1.0642081648111346 17.669428135501221 1.1265733728650955 3.808253946946933 5.4470638036727905 41.058289125561714 10.004757568240164 7.2926043123006812 0.73900298518128671 0.59553990699350823 5.574095874093473 1.1264809349086138 484.3517352452036 4.404320357600227 2.9912276447284967 1.1995254154317079 0.86816762387752533 4.7550333151593804 3.9954969745595008 0.48505404521711171 0.41483935341238953 0.93036088813096285 5.9544309005141258 11.871226279065011
leaf_count=1 59 1 48 69 74 117 50 69 131 15 93 26 69 123 57 433 57 98 54 3219 1042 42 222 364 35 90 177 30 93 89 75 53 24 67 5 49 9 59 30 4459 96 77 43 410 94 47 97 16 323 56 150711 120 76 30 8 26 64 25 39 138 44 1177
internal_value=-0.000749064 -0.0317586 0.0341107 0.00229887 0.0195958 0.0104222 0.00585201 -0.000373252 -0.0072791 0.00632149 -0.00566727 -0.0222249 0.0216746 0.010563 -0.00184783 -0.022007 0.0345175 -0.0397389 0.0135514 0.041007 0.0347261 -0.0314408 -0.00393222 0.00615604 0.0343118 0.00460674 0.0069867 0.0394834 0.00409768 0.0114512 0.00542238 -0.0044467 0.00407881 0.0133435 0.00566011 0.0400807 -0.0180993 -0.00452695 -0.0177832 -0.036674 -0.00146065 -0.0350432 0.0359024 0.0339084 0.0256196 0.0144975 -0.0246006 0 -0.0297324 0.0135901 -0.0399298 -0.0323384 -0.0172374 -0.000228081 -0.000540003 -0.010664 0.0122806 -0.00884766 -0.0254771 -0.00486923 0.0137847 -0.0398681
internal_weight=1134.18 600.348 533.836 114.008 173.367 106.874 94.9623 81.087 62.3949 32.8295 23.8405 29.5653 18.6921 92.2245 11.9789 5.78041 12.4332 486.339 14.0548 360.469 104.571 21.7838 3.88388 74.1902 2.63189 71.5583 67.147 4.33493 62.8121 33.8274 27.7511 28.9847 18.0939 12.8559 1.82893 13.8753 10.8907 6.25894 3.36319 17.8999 2.09695 17.5864 8.98906 66.4924 25.4341 15.4294 9.01447 1.83321 7.18127 3.54199 484.51 9.78568 5.38136 2.32601 1.60717 11.8874 6.76158 1.34142 4.41133 1.3452 11.8137 13.7782
internal_count=165594 157635 7959 6820 3606 2981 2864 2756 2438 537 393 1901 318 2066 516 459 190 150815 104 4353 1134 4754 294 1943 200 1743 1202 145 1057 283 190 774 144 120 103 108 630 128 252 4460 165 1385 144 625 215 121 621 193 428 101 150712 289 169 86 105 115 121 115 541 177 92 1308
is_linear=0
shrinkage=0.04


Tree=60
num_leaves=63
num_cat=0
split_feature=1 13 10 20 10 10 10 28 21 9 7 19 25 7 6 21 10 11 6 9 18 25 9 9 9 6 8 0 7 9 7 0 0 6 8 0 11 6 20 18 1 9 1 6 0 10 10 6 11 11 10 8 7 9 0 10 7 18 9 11 11 11
split_gain=731.329 98.9496 28.3222 24.7999 18.6974 13.0704 6.32586 5.67455 4.73834 4.51271 9.95088 3.83834 3.15617 4.06021 3.7948 3.62467 3.05354 2.98208 2.89039 8.4893 2.81363 2.75345 2.14836 1.95087 3.30401 2.55057 2.41025 2.14447 3.09824 2.38325 2.6266 5.45712 2.24205 3.5345 1.89301 1.83022 2.3226 1.82372 1.75824 1.67475 1.56065 1.32781 1.19554 1.1446 1.10708 1.05447 0.967039 1.29503 0.949066 0.808667 0.730368 0.726987 2.84306 0.790482 0.676111 0.953722 1.984 0.675147 0.633735 0.470327 0.427825 0.427412
threshold=0.078810192644596114 1.0000000180025095e-35 0.43650794029235845 0.84764185547828685 0.30384616553783422 0.080128207802772536 0.30384616553783422 1.0000000180025095e-35 0.42481203377246862 0.7243877947330476 0.29679679870605474 0.82972848415374767 1.0000000180025095e-35 0.58578637242317211 0.55625879764556896 0.20942982286214831 0.86607143282890331 0.33045977354049688 0.2152509689331055 0.78086888790130626 0.5914268195629121 1.0000000180025095e-35 0.92718276381492626 0.81725418567657482 0.75147059559822094 0.52885684370994579 0.8521554470062257 0.52051407098770153 0.75905716419219982 0.93440860509872448 0.72850123047828685 0.7590814232826234 0.73316389322280895 0.91476997733116161 0.87226107716560375 0.29973532259464269 0.44543650746345526 0.90070420503616344 0.6253834366798402 0.77158385515213024 0.40217100083827978 0.86899313330650341 0.43283110857009893 0.54950982332229625 0.63326683640480053 0.240384615957737 0.34848485887050634 0.76833632588386547 0.98936170339584362 0.49489796161651617 0.68333333730697643 0.47140522301197058 0.32200460135936743 0.33687943220138555 0.96444573998451244 0.64583334326744091 0.79469618201255809 0.43259048461914068 0.86391696333885204 0.89699381589889537 0.92403846979141246 0.92637759447097789
decision_type=2 2 2 2 2 2 2 2 2 2 2 2 2 2 2 2 2 2 2 2 2 2 2 2 2 2 2 2 2 2 2 2 2 2 2 2 2 2 2 2 2 2 2 2 2 2 2 2 2 2 2 2 2 2 2 2 2 2 2 2 2 2
left_child=1 4 3 5 22 17 39 9 21 10 11 -5 13 14 -4 34 23 -2 -19 35 38 46 -1 24 25 49 60 28 -25 30 31 41 33 58 -15 36 -20 -22 -3 42 -11 44 48 -26 -29 -24 47 59 -7 -6 54 52 53 -9 55 56 -31 -50 -32 -8 -27 -60
right_child=2 20 12 7 16 6 8 51 -10 40 -12 -13 -14 15 -16 -17 -18 18 19 -21 37 -23 45 27 43 26 -28 29 -30 50 32 -33 -34 -35 -36 -37 -38 -39 -40 -41 -42 -43 -44 -45 -46 -47 -48 -49 57 -51 -52 -53 -54 -55 -56 -57 -58 -59 61 -61 -62 -63
leaf_value=-0.03771404341504711 -0.015281806221643506 -0.039867628344153347 0.025718915210963998 0.0033027008129613905 0.011254853715525084 -0.043487293572672434 -0.029511759752812724 0.038837261465013602 0.038910931614291697 0.010569228021915143 -0.031066937135387988 0.038826402535412398 0.042910001922387829 -0.02295969047547302 -0.02740279476434351 0.037191071068575367 0.027641260814619026 0.039177182418473108 0.010246278180374765 0.041676031732503845 -0.01951435392170919 0.0087843514151232701 -0.017941113243642195 -0.0088672510152646798 0.0093418615167051352 0.048569421437782541 -0.011002172423866323 -0.014543792713535418 0.054492019949037997 0.0020033635425956734 0.0051251405215143823 0.069916843151788088 -0.034170188108868807 0.039219841182936109 0.019516105790015163 0.011358006393770933 -0.038395089595023947 0.036058277496048091 0.00024452598188034319 0.006983100238172355 0.042574709594053933 -0.026893722540012523 0.0055448468527907755 -0.035836112677197253 0.028939759632068768 0.016580028722141059 -0.042837723789295526 0.015939557595116505 0.015144909556226688 -0.026784499055995298 0.023107050658263479 0.043302472349735138 0.0017702689855997357 0.017272197289358072 0.0010712409513024804 0 0.028557044103655449 -0.019801953754247745 -0.0041360074031049103 0.0024536472727433988 0.0023883760010754403 -0.033823074294176046
leaf_weight=16.061594356549907 2.8335079969838288 466.98508594511077 3.7989912293851367 9.8915802724659496 0.44803465344011639 13.206986865727231 1.9929473062511522 26.222123317420483 2.9730358906090251 4.5390416402369729 6.8033064007759085 9.5739472135901433 258.03607166418806 1.9764016128610808 2.8872599927708507 74.000724706798792 13.126586601138113 9.9955292232334632 1.5336090037599186 6.537070400081574 1.1130131036043156 5.3405612821225077 2.1409205752424891 1.3326616317499418 0.49150607734918583 2.3956297542899851 1.3563788477331398 0.71422696812078301 2.7207119846716523 8.4972534328699165 0.98209198843687584 1.0444636503234503 4.7030083793215454 1.5795904994010923 2.8356164796277881 2.1584789683111012 4.5690320583526045 0.69426220655441273 1.543839644640683 0.97376255504787046 11.149523206055163 1.9190066787414251 0.57052930910140354 4.376371571328491 1.1333629922010002 1.540843805298209 2.6386510957963765 1.2303036402445284 0.5919493681285537 2.049006323562935 7.8930063396692267 37.167030796408653 5.0135625451803199 6.5466040074825278 12.519486770033835 6.4297950416803351 9.9679855592548829 0.9252665969543159 1.9828625344671311 0.49817477306351055 0.68167086876928795 1.8689118435140697
leaf_count=4277 41 151082 53 65 19 1262 158 285 26 36 55 71 3304 101 57 795 93 72 30 84 99 80 103 109 30 176 33 109 26 75 77 16 70 7 23 70 220 4 174 13 114 116 12 303 72 40 199 33 28 154 42 460 42 40 53 27 57 76 94 54 53 45
internal_value=-0.000727749 -0.0315605 0.0337323 0.0204285 0.00255117 -0.000767338 -0.0184091 0.0309978 0.000594603 0.0183414 0.00748456 0.0220136 0.0404372 0.0325181 0.00167872 0.0350305 0.0103576 0.0188044 0.0232964 0.0105155 -0.0395322 -0.0111234 -0.0317059 0.007047 -0.00727334 0.00979057 0.0263201 0.00976593 0.0352368 0.00747655 -0.00541536 0.0167348 -0.0159218 0 0.000433419 -0.0155477 -0.0258866 0.00564893 -0.0397267 -0.0348233 0.0347427 -0.0087474 -0.0379957 -0.0297782 0.0115212 -0.00218387 -0.0273058 -0.00870523 -0.0401825 -0.0175487 0.0121141 0.0376956 0.0311025 0.0352865 0.00914968 0.0128595 0.0172739 -0.00397825 -0.0170066 -0.0231018 0.0424154 -0.0233672
internal_weight=1099.3 580.293 519.011 175.476 109.957 58.5694 30.9422 116.907 14.6737 41.9574 26.2688 19.4655 343.535 85.499 6.68625 78.8127 90.2136 27.6272 24.7937 14.7982 470.336 11.7006 19.7434 77.087 11.7986 6.93072 4.43368 65.2884 4.05337 61.2351 15.9275 4.81106 11.1165 6.41346 4.81202 8.26112 6.10264 1.80728 468.529 16.2685 15.6886 3.7666 15.2947 4.86788 1.84759 3.68176 6.36008 3.72143 14.7242 2.49704 45.3075 74.9493 37.7823 32.7687 37.4145 24.895 18.4652 1.51722 4.83387 2.49112 3.0773 3.85177
internal_count=165594 157635 7959 3626 6276 2458 1941 1168 550 341 191 136 4333 1029 110 919 1856 517 476 404 151359 524 4420 1763 768 435 262 995 135 860 606 313 293 223 124 320 250 103 151256 1391 150 297 1378 333 181 143 444 245 1366 173 254 827 367 325 212 159 132 104 216 212 229 139
is_linear=0
shrinkage=0.04


Tree=61
num_leaves=63
num_cat=0
split_feature=20 13 2 10 24 10 21 8 10 21 11 21 8 2 10 6 30 10 0 18 10 2 24 20 9 10 9 9 6 8 0 6 9 7 2 0 6 10 21 18 9 23 9 21 6 6 9 11 6 0 2 11 10 11 0 11 9 10 2 0 11 11
split_gain=696.177 94.3659 28.3119 17.7614 11.6939 9.03593 6.32113 5.36873 6.6717 4.3671 3.97296 3.89332 3.53927 6.82167 3.40938 3.33573 2.95277 2.89247 2.64199 3.49925 2.80103 2.50219 2.13934 4.37256 2.1336 2.09254 1.82137 3.15085 2.37508 2.22362 2.01603 2.9849 2.19685 2.5103 5.49176 2.14892 3.38086 1.79582 2.88085 1.5565 1.36741 1.29374 1.21789 1.20358 1.14609 1.08283 1.05302 1.04638 1.09887 0.985572 0.951172 0.809668 0.739521 2.10759 2.68511 1.22526 0.613082 0.612663 0.531391 0.509559 0.414665 0.619448
threshold=0.58656641840934765 1.0000000180025095e-35 0.58757218718528759 0.30384616553783422 1.0000000180025095e-35 0.76388889551162731 0.48529411852359777 0.90399384498596203 0.080128207802772536 0.070197045803070082 0.52223318815231334 0.18019481003284457 0.17267081141471866 0.27728973329067236 0.30384616553783422 0.2152509689331055 1.0000000180025095e-35 0.86607143282890331 0.42639465630054479 0.69194823503494274 0.240384615957737 0.11427757143974306 1.0000000180025095e-35 0.7353600561618806 0.92718276381492626 0.44949495792388922 0.81725418567657482 0.75147059559822094 0.52885684370994579 0.8521554470062257 0.52051407098770153 0.81530213356018078 0.93440860509872448 0.72850123047828685 0.53278529644012462 0.73316389322280895 0.91476997733116161 0.43650794029235845 0.36038962006568914 0.65240275859832775 0.90595519542694103 0.86081454157829296 0.86899313330650341 0.25462962687015539 0.56980520486831676 0.55217784643173229 0.95119047164917003 0.83527129888534557 0.78319624066352855 0.63326683640480053 0.62731361389160167 0.4743421077728272 0.58571431040763866 0.89379698038101207 0.80084761977195751 0.74322345852851879 0.86391696333885204 0.64583334326744091 0.55470266938209545 0.99999997019767772 0.92637759447097789 0.88516482710838329
decision_type=2 2 2 2 2 2 2 2 2 2 2 2 2 2 2 2 2 2 2 2 2 2 2 2 2 2 2 2 2 2 2 2 2 2 2 2 2 2 2 2 2 2 2 2 2 2 2 2 2 2 2 2 2 2 2 2 2 2 2 2 2 2
left_child=1 3 4 24 6 11 7 8 10 -7 21 39 -6 41 15 -8 18 26 20 58 -10 -2 23 -4 -1 50 27 28 51 -30 31 -28 33 34 42 36 56 38 43 -3 57 -14 49 -15 -40 -29 -26 -12 -49 -32 -13 -5 53 54 -34 -54 -35 -18 -20 -57 61 -58
right_child=2 5 22 17 12 9 14 -9 16 -11 47 25 13 37 -16 -17 40 -19 19 -21 -22 -23 -24 -25 46 -27 30 45 29 -31 32 -33 52 35 -36 -37 -38 -39 44 -41 -42 -43 -44 -45 -46 -47 -48 48 -50 -51 -52 -53 55 -55 -56 59 60 -59 -60 -61 -62 -63
leaf_value=-0.037612160666077872 0.015847287614315871 -0.039948557225529369 0.0038824570998274035 0.011549429945300288 0.0399875609223206 -0.026322096349854239 0.030615748769313163 0.036781355799264163 -0.020234535714247524 0.035830513688325814 0.034030602763468115 -0.029467880720767222 0.01021026693879864 0.014771757059880193 0.046529570416953152 -0.0036229755574445554 -0.04155013372184433 0.027041101581216587 -0.036583429995388758 0.01519365339991981 0.039586663203057898 -0.026145932000017257 0.04254998893327127 0.036284808501533913 0.017234892099159023 0.020522685981054074 -0.0023635546048122284 0.0083484775876627188 0.040298247888725394 -0.010795513160170127 -0.01438756232475219 0.058127871019471561 -0.0061769283371124221 0.0050179580527940845 0.070021772554890976 -0.033649547601193215 0.038486682681074677 0.039732325030591369 0.014040747773195654 0.014407090322870984 0.0049700408888007763 -0.011133959710358616 -0.026598516122018523 -0.013581616698373818 0.037729757473950208 -0.035496485935774806 -0.017418479176764982 -0.013424614816066188 0.024659338289519661 0.026236134207866572 0.011214051687805336 -0.026565266032900752 0.0021629962843169063 -0.012716316675995066 0.03014247930385848 0.028033252099196399 -0.019453951728554061 0 0 0.011786765983287964 -0.033390989722120061 0.011866953822123121
leaf_weight=15.47543333983049 2.8295803633518544 448.20546672656201 8.0014929613098484 0.43915091920643901 32.71711491048336 2.1535732978954902 7.3474246412515702 4.1203646576032034 1.111262868391351 3.2674574106931686 7.2966451633255911 3.0480705779045816 8.6105288891121763 3.7177027314901379 6.4655663445591918 9.21487241797149 9.1081035579554701 12.907873965799807 5.3911134405061585 2.7763206702657044 2.4018893702886999 4.6220249312464148 259.87106774002314 65.535462491214275 1.4545669648796313 2.1239194143563509 1.8910911073908199 0.52113323961384583 3.172153334133327 1.3463971205055711 0.70416584308259134 2.1557369194924831 5.0679760146886128 0.98426176956854572 1.0323663302697239 4.6022666837088764 1.5646452754735944 20.321834946982563 7.8125126957893398 0.27572384104132552 0.84637091890908855 7.6161038633435956 1.8746905671432612 3.8590939361602068 11.313804574310778 4.2240664036944509 2.2167411334812641 1.7350591861177238 1.1431667748838661 1.2131177713163195 0.45409508049488057 2.0123611171729863 8.4662486463785189 6.1472759470343581 6.3406405486166477 9.6733662709593791 1.0179240501020106 0.6500263209454723 0.57594678690657009 9.5637603253126127 1.8310804257635025 0.95897010760381807
leaf_count=4277 19 150823 57 17 361 432 49 47 102 75 143 656 53 58 52 74 773 93 416 21 60 82 3504 760 44 60 123 33 229 33 109 12 58 77 14 70 7 217 65 3 42 43 116 29 116 300 99 92 8 74 4 156 37 30 33 50 66 11 11 46 45 28
internal_value=-0.000709361 -0.0309239 0.0338289 0.00251263 0.0199628 -0.0388417 0.00699808 -0.00178928 -0.00660293 0.0102626 0.0113906 -0.039458 0.0288923 0.022558 0.0235528 0.0122168 -0.02054 0.0100696 -0.00590965 -0.0174776 0.0194873 -0.00973834 0.040541 0.0329122 -0.0314395 -0.00465894 0.00685504 -0.00702618 0.00946004 0.0251515 0.00948251 0.0342003 0.00725454 -0.00518379 0.0163782 -0.0155859 0 0.0301342 0.0215147 -0.0398743 -0.0351385 0 -0.00895615 0 0.0294307 -0.0293701 -0.00208219 0.0267092 0.00312822 0.0101275 -0.0219854 -0.0172107 0.011697 0.00457518 0.0144886 0.0157541 -0.0166749 -0.0391278 -0.0332517 0.0211355 -0.0229914 -0.00403427
internal_weight=1065.4 568.388 497.012 108.859 163.604 459.528 67.6357 44.6079 40.4875 5.42103 17.6265 454.107 95.9687 63.2516 23.0279 16.5623 22.861 89.7127 12.2565 8.74338 3.51315 7.45161 333.408 73.537 19.1467 5.62609 76.8048 11.7153 6.97006 4.51855 65.0896 4.04683 61.0428 15.7835 4.82434 10.9591 6.35688 47.0249 26.7031 448.481 10.6045 16.2266 3.79197 7.5768 19.1263 4.7452 3.67131 10.1749 2.87823 1.91728 3.50217 2.45151 45.2593 17.5559 11.4086 27.7034 4.79224 9.75813 5.96706 19.2371 3.80797 1.97689
internal_count=165594 158329 7265 6276 2944 152053 2002 1827 1780 507 344 151546 942 581 175 123 1436 1856 610 448 162 101 4321 817 4420 720 1763 768 435 262 995 135 860 606 313 293 223 485 268 150826 826 96 299 87 181 333 143 243 100 183 660 173 254 121 91 133 216 784 427 96 139 94
is_linear=0
shrinkage=0.04


Tree=62
num_leaves=63
num_cat=0
split_feature=1 23 2 22 9 7 2 23 20 11 6 23 11 6 2 9 18 28 1 7 5 7 1 18 7 11 19 19 28 1 20 6 1 6 18 1 6 5 6 2 11 5 18 7 24 9 9 7 22 9 7 11 2 7 1 0 2 6 2 0 7 9
split_gain=663.817 96.9037 31.5302 12.6073 10.3113 8.89721 11.5879 7.06433 4.51997 4.34128 3.38508 3.55457 3.1939 3.16198 4.65044 3.06218 2.79649 2.62736 2.99668 2.59198 2.55575 2.50151 2.45446 3.56075 2.2017 2.27288 2.13282 1.97093 2.05135 2.09068 1.95563 1.82994 1.7276 1.71241 1.71095 4.57147 1.70193 1.53811 1.51271 1.48955 1.45842 1.34683 1.03109 1.02766 0.969042 0.849375 1.34505 0.82575 0.779175 2.20087 6.40931 0.695495 2.10669 0.629112 0.583263 0.551991 0.444856 0.361938 0.318316 0.286074 0.27491 0.256203
threshold=0.078810192644596114 0.19785943627357486 0.58757218718528759 0.5577777922153474 0.91476997733116161 0.83910790085792553 0.11427757143974306 0.60829037427902233 0.6569296419620515 0.88516482710838329 0.6900656819343568 0.77158385515213024 0.70412456989288341 0.63859337568283092 0.36427302658557897 0.70064935088157665 0.5914268195629121 1.0000000180025095e-35 0.21894425153732303 0.34330357611179357 1.0000000180025095e-35 0.75905716419219982 0.53663355112075817 0.82621711492538463 0.85145786404609691 0.70871210098266613 0.64174234867095958 0.60723635554313671 1.0000000180025095e-35 0.36960017681121832 0.78319624066352855 0.96824595332145702 0.25371789932250982 0.83424907922744762 0.46437034010887152 0.29179082810878759 0.90070420503616344 1.0000000180025095e-35 0.51471862196922313 0.48888546228408819 0.46247655153274542 1.0000000180025095e-35 0.30996833741664892 0.47140522301197058 1.5000000000000002 0.69804355502128612 0.56949809193611156 0.70926907658576976 0.69397994875907909 0.66228070855140697 0.270728349685669 0.53001201152801525 0.39411346614360815 0.56294015049934398 0.43283110857009893 1.0000000180025095e-35 0.33527433872222906 0.52128621935844432 0.14570845663547519 0.68455016613006603 0.86391696333885204 0.33687943220138555
decision_type=2 2 2 2 2 2 2 2 2 2 2 2 2 2 2 2 2 2 2 2 2 2 2 2 2 2 2 2 2 2 2 2 2 2 2 2 2 2 2 2 2 2 2 2 2 2 2 2 2 2 2 2 2 2 2 2 2 2 2 2 2 2
left_child=1 4 3 5 9 6 32 12 44 19 22 -12 34 60 21 -16 55 18 26 38 51 53 23 30 25 40 -4 28 29 42 39 -26 -2 37 56 -36 -18 -17 61 45 57 -33 -14 -44 -9 46 58 -42 49 50 -5 52 -21 -15 -32 -3 -8 -6 -10 -35 -11 -1
right_child=2 16 17 48 24 -7 7 8 10 13 11 -13 27 14 15 33 36 -19 -20 20 -22 -23 -24 -25 31 -27 -28 -29 -30 -31 54 41 -34 59 35 -37 -38 -39 -40 -41 47 -43 43 -45 -46 -47 -48 -49 -50 -51 -52 -53 -54 -55 -56 -57 -58 -59 -60 -61 -62 -63
leaf_value=0.0081185910937831892 0.050537275037887332 0.003270849142774917 -0.0035139343972527969 0.034055868502832203 0.0017248242925264176 0.041990737173796804 0.019075095053533348 -0.036306285938884818 -3.9618932645419104e-05 -0.030374365766975671 -0.01624928442591534 0.03017434347558141 0.010039663340190821 0.01805642233896057 0.045736098704298851 -0.030003770130479907 -0.018955962485370913 0.042881489701744407 0.036037629407589908 -0.027786457505833414 0.014223909693968287 0.056940759312579366 0.0072662855568827959 0.016430512760278911 0.030195690677611804 -0.021597201793403312 0.028715762874690156 0.029539204281001621 0.018489925544876412 0.022182121986229854 -0.043859166071576257 0.0042034430530494497 0.016268002818232687 0.013287773670237797 -0.02782422953520872 0.035517979487618319 0.035070923102669564 0.016258845897338305 0.051503379303547543 0.013325036433210535 0.026152518351673676 0.022879600719737193 0.0029446290807328495 -0.036978241426890053 0.0046065014135199551 -0.031533912289558381 0.01304170820873982 0.0055978428244102367 0.037141722716605034 0.039661697290805764 -0.015274688181508646 -0.031929698130526471 0.020811415215926918 -0.01767283171127788 -0.017319521181783145 -0.039922920536270841 0.057598324389794293 -0.017190666919929331 -0.028180227224428464 -0.0021563493510540531 1.9198605784595885e-05 -0.015316860363181318
leaf_weight=0.22722414135933167 7.6399701088666898 0.15672267973422904 6.1218738858588022 8.7751433774828929 2.0483887391164961 11.088544786442069 2.6573023370001483 8.4558872950728947 1.2216648343019243 3.2548877703957291 2.9982095644809288 7.2479230854660273 0.51534769800491442 0.29486921965144819 0.78779870551079412 5.5337191186845285 1.0599716962315131 230.0379611775279 84.757487609982491 2.5027227841783382 1.7107253074645985 2.9932303968816996 9.668306020088492 3.828622017055749 13.238730001030488 4.0187845425680271 5.2513649314641953 2.2173206415027371 2.7614961857907474 0.91228643059730519 5.2744910642504674 18.184261464513838 5.6823123209178448 2.5222384044900537 2.0102341922465712 3.6804016381502151 0.68990285694599141 0.61282432079315174 0.25572579819709051 2.7347580364439628 5.2725640337448558 9.492372117936613 0.86650825664401043 4.7930393998976797 0.60657826624810773 2.8012977840844542 2.5863085568416864 9.045129969250409 37.893540114164352 8.742966100573538 6.4884115234017363 19.602740854257718 1.412158294348046 0.93915734416805208 5.302952466532588 430.17008006223477 3.0495019531808794 2.5444848388433456 1.7724244727287439 2.9332224614918232 0.24317618459463108 0.77435504924505949
leaf_count=1 59 1 51 85 60 117 74 1324 27 666 48 85 14 46 16 744 99 3219 1042 593 8 41 69 22 84 159 41 26 33 6 48 90 49 39 125 34 4 4 20 28 70 76 44 362 15 99 77 64 410 95 35 3522 73 184 50 150711 80 45 66 42 2 171
internal_value=-0.0006881 -0.0311526 0.032998 0.018493 0.00223836 0.00966293 0.00528022 -0.000735314 -0.00866766 -0.011878 -0.00312559 0.0159973 0.0171271 0.00196764 0.00969302 -0.0031162 -0.0396825 0.0402124 0.0334084 -0.022228 -0.0252555 0.0414152 -0.00909209 -0.01548 0.012628 0.00234894 0.0121623 0.00195154 -0.00604113 -0.0171986 -0.0217638 0.0180996 0.0383562 -0.0101168 0.0314169 0.01173 0.00589762 -0.0232019 0.021025 -0.008381 0.00846788 0.0113229 -0.025855 -0.0307409 -0.0329847 -0.016555 -0.00477843 0.0146415 0.0326472 0.0241913 0.0131901 -0.0287535 -0.00877495 -0.00308398 -0.0335444 -0.0398904 0.0457756 -0.00923928 -0.0205843 0.00531663 -0.0278377 -0.0066019
internal_weight=1032.96 542.522 490.442 164.274 110.445 102.374 91.2851 77.9629 54.4994 46.6008 45.437 10.2461 23.4634 20.1151 16.6171 12.3898 432.077 326.169 96.1307 26.4857 25.2283 4.22726 35.1908 25.5225 63.8447 22.9294 11.3732 12.066 9.84868 7.08718 21.6939 40.9154 13.3223 11.602 11.3974 5.69064 1.74987 6.14654 1.2573 11.1165 18.9106 27.6766 6.1749 5.65955 9.06247 8.3817 5.5804 14.3177 61.9001 24.0065 15.2636 23.5176 3.91488 1.23403 10.5774 430.327 5.7068 4.59287 2.99409 5.45546 3.49806 1.00158
internal_count=165594 157635 7959 3606 6820 2981 2864 2756 1958 6172 619 133 798 1784 1116 845 150815 4353 1134 4388 4196 271 486 417 648 398 92 485 459 426 395 250 108 829 313 159 103 748 192 297 239 166 420 406 1339 269 170 134 625 215 120 4188 666 230 98 150712 154 105 93 81 668 172
is_linear=0
shrinkage=0.04


Tree=63
num_leaves=63
num_cat=0
split_feature=1 23 2 21 9 7 2 23 20 11 6 8 6 2 1 9 0 2 8 8 9 28 1 7 7 5 9 7 1 30 23 21 19 1 6 5 6 19 0 6 11 24 19 2 7 6 0 6 11 11 7 19 11 11 1 28 5 6 8 21 2 11
split_gain=632.148 95.2233 31.1175 12.0885 9.56156 8.47285 10.9241 6.74881 4.35117 4.15238 3.16932 3.8013 3.04301 4.33503 2.99321 3.37078 3.61587 3.09458 2.96507 4.14645 2.93245 2.73254 2.96153 2.68888 2.54358 2.46408 2.36207 2.32369 2.312 3.43628 3.15844 3.02063 2.03267 1.6986 1.63166 1.49402 1.48251 1.42677 1.26481 1.18014 1.0682 0.954541 0.816045 0.805861 4.8708 0.770893 0.71475 3.13911 0.902893 1.06903 0.613551 0.563743 0.56363 0.58013 0.487171 0.440169 0.421213 1.01431 0.413097 0.39317 0.385663 0.326409
threshold=0.078810192644596114 0.19785943627357486 0.58757218718528759 0.5577777922153474 0.91476997733116161 0.83910790085792553 0.11427757143974306 0.60829037427902233 0.6569296419620515 0.88516482710838329 0.6900656819343568 0.79705882072448742 0.63859337568283092 0.36427302658557897 0.32986950874328619 0.93813776969909679 0.45179778337478643 0.25783495604991918 0.90521115064620983 0.83795946836471569 0.70064935088157665 1.0000000180025095e-35 0.21894425153732303 0.47140522301197058 0.34330357611179357 1.0000000180025095e-35 0.9607692062854768 0.75905716419219982 0.53663355112075817 1.0000000180025095e-35 0.87551653385162365 0.48529411852359777 0.64174234867095958 0.25371789932250982 0.83424907922744762 1.0000000180025095e-35 0.51668518781661998 0.56928694248199474 0.76780930161476146 0.63224515318870556 0.65881377458572399 1.5000000000000002 0.74175426363945018 0.25272463262081152 0.270728349685669 0.90070420503616344 0.63326683640480053 0.72255688905715953 0.5039682686328889 0.71291208267211925 0.56294015049934398 0.39225068688392645 0.43534001708030706 0.4246212244033814 0.25371789932250982 1.0000000180025095e-35 1.0000000180025095e-35 0.96824595332145702 0.87226107716560375 0.34057971835136419 0.18557851016521457 0.85053193569183361
decision_type=2 2 2 2 2 2 2 2 2 2 2 2 2 2 2 2 2 2 2 2 2 2 2 2 2 2 2 2 2 2 2 2 2 2 2 2 2 2 2 2 2 2 2 2 2 2 2 2 2 2 2 2 2 2 2 2 2 2 2 2 2 2
left_child=1 4 3 5 9 6 33 14 41 24 28 -12 -11 27 15 16 17 60 19 -6 -15 22 32 -18 36 46 -20 50 29 30 59 42 -4 -2 35 -22 -1 -3 39 -28 -19 -9 55 44 -5 -39 52 48 -48 -50 -14 -25 53 -26 -53 -31 57 -40 -36 -10 -8 -51
right_child=2 37 21 43 18 -7 7 8 10 12 11 -13 13 20 -16 -17 23 40 26 -21 34 -23 -24 51 25 -27 38 -29 -30 31 -32 -33 -34 -35 58 -37 -38 45 56 -41 -42 -43 -44 -45 -46 -47 47 -49 49 61 -52 54 -54 -55 -56 -57 -58 -59 -60 -61 -62 -63
leaf_value=-0.0065243832673259295 0.049734128294535343 -0.039823068583654073 -0.0033912327289424928 0.033501534261359607 0.034203535269944497 0.041389787271751126 0.0023225424109958319 -0.03612735835340275 -0.002808795057911487 -0.02754240604721446 0.033852589131334494 -0.011769126934581979 0.017825744094156049 0.04479966459716711 0.036086493674831993 0.041719197090145203 0.020771287665970476 0 0.037484986385211493 -0.034262594038342205 -0.029650101013079286 0.042711045116925909 0.035659485209952282 0 -0.016243170068309585 0.013890186218730094 -0.017265147757391564 0.055046953906636518 0.0070098112121917177 -0.027662132970364541 0.024275003366167284 0 0.02818313332734599 0.015746477680073531 0.014576816858596115 0.016074698578843621 0.050980643727403352 -0.016232857069264195 0.018185462912599318 0.0096242075732268905 0.049351588655033043 0.0045380388985532443 -0.054902135621823202 0.036114225055507258 -0.0099699241273278547 0.02017192301374977 -0.01390667061174344 -0.034512782000314449 0.03867953599962607 -0.015195139383512466 -0.017476520648951589 -0.038485630317310629 -0.035369733138889706 0.018779495818211752 -0.0014635143654368713 -0.00016395387879865043 0.022371627072874729 0.0041015566598915252 -0.0040441581652752292 -0.022096861205136997 -0.024756490511934941 0.010300670742388239
leaf_weight=0.99422662658617145 7.4723662044852954 413.40622608503327 6.125743057113139 14.703736022114755 1.0531340478919435 10.819553460925816 0.74044442223385143 8.1686145039275253 3.8818072052672505 3.4047773322090533 6.0246182088740152 4.153695713263005 0.29958312935196107 0.79289354896172781 7.5436422806233159 2.3519507909659287 1.3174881350714711 1.0332143080886456 5.8636343735270193 3.7683560803998262 5.3905735837761295 221.88620021939278 82.290681019425392 0.99749206122942258 0.8234873809851766 1.7058787196874607 3.6287363930605334 3.0064861979335546 9.6579693220555765 3.5700679188594204 4.4415630821604282 3.9762874487787494 5.1574013978242874 5.6690851487219334 2.6195797161199152 0.60663187503814686 0.26185365999117494 1.422561062267049 16.910635869950056 4.9029101033229381 2.5093557215295732 0.60619413293898183 3.9243413852527738 40.790011458098888 4.8985859155654898 0.48651040624827135 0.5940249459818 3.8238903875462711 1.3787335897795858 0.69530522311106302 0.92327345651574433 4.6081835646182299 14.873930600238962 0.27182668726891279 0.97885441593825806 1.5594539642333982 9.3453102186322194 18.141677279025316 2.8402208043262362 3.9920541904866695 1.1062816218473015 0.44276215601712465
leaf_count=173 59 150523 51 149 64 117 39 1324 66 668 67 66 46 16 69 27 44 61 41 175 744 3219 1042 59 204 8 78 41 69 195 54 34 41 49 56 4 19 288 91 35 77 15 33 453 23 4 24 207 101 99 184 354 3495 24 7 11 76 88 25 24 61 34
internal_value=-0.000663161 -0.0309366 0.032626 0.0181335 0.0022248 0.00946225 0.00518081 -0.000683996 -0.00847305 -0.0115327 -0.00306834 0.0154895 0.00204358 0.00961119 0.0168769 0.00576152 -0.00279542 0.0200562 0.0122061 -0.0153143 -0.00287568 0.0399519 0.0329845 -0.0193321 -0.0218058 -0.0248791 0.0147483 0.0401769 -0.00885603 -0.0150902 5.50021e-06 -0.0286264 0.0118349 0.0375054 -0.00982769 -0.022817 0.020974 -0.0396629 0.0115069 -0.00200437 0.0387989 -0.032732 -0.0403024 0.0321946 0.0224873 -0.0018354 -0.0283943 -0.0135536 0.0133651 0.0230634 -0.00289991 -0.0295644 -0.0334247 -0.000828015 -0.0338135 -0.0213455 0.0141784 0.0113231 0.00514435 -0.0144267 -0.0154921 -0.00322674
internal_weight=1001.64 524.68 476.957 161.497 109.364 101.105 90.285 77.1436 53.9567 45.7499 45.1819 10.1783 19.884 16.4792 23.1869 15.6433 13.2913 5.3893 63.6144 4.82149 12.2499 315.46 93.5738 7.90202 25.8659 24.6098 58.7929 4.22934 35.0035 25.3456 12.3154 13.0302 11.2831 13.1415 11.457 5.99721 1.25608 415.315 52.9293 8.53165 3.54257 8.77481 9.05386 60.3923 19.6023 1.90907 22.904 6.93472 3.11083 2.5168 1.22286 6.58453 15.9692 1.09531 5.58704 5.12952 44.3976 35.0523 5.4598 7.87386 1.84673 1.13807
internal_count=165594 157635 7959 3606 6820 2981 2864 2756 1958 6172 619 133 1784 1116 798 729 702 238 648 239 845 4353 1134 464 4388 4196 409 271 486 417 144 273 92 108 829 748 192 150815 368 113 138 1339 239 625 172 292 4188 465 258 234 230 420 3723 228 361 206 255 179 81 90 100 133
is_linear=0
shrinkage=0.04


Tree=64
num_leaves=63
num_cat=0
split_feature=1 23 2 10 21 7 2 10 10 2 6 28 30 10 6 28 1 18 10 9 8 8 2 6 2 9 7 8 8 2 19 21 9 1 2 6 6 7 10 18 6 1 2 7 2 1 10 8 6 7 9 8 2 7 7 6 2 19 8 9 18 18
split_gain=601.708 93.5698 30.7966 16.2003 11.5845 8.08124 10.3169 6.68803 6.95193 7.09031 6.75513 3.91727 3.87636 3.346 3.10211 2.83811 2.92467 2.79661 2.42784 2.31312 2.55735 2.04792 4.50121 3.01568 3.70464 3.08395 2.72799 2.61016 2.5985 4.06224 1.93716 1.88916 1.86043 1.67012 1.66314 1.61683 1.41631 1.93278 1.32245 2.20768 1.30977 1.30668 1.26651 1.45058 1.06207 1.22696 1.00694 0.905767 0.885495 0.854244 0.82895 7.27816 3.82269 0.605106 0.588102 0.557155 0.445288 0.336722 0.306584 0.373848 0.276767 0.457584
threshold=0.078810192644596114 0.19785943627357486 0.58757218718528759 0.30384616553783422 0.5577777922153474 0.83910790085792553 0.11427757143974306 0.4083333313465119 0.080128207802772536 0.3364559412002564 0.2152509689331055 1.0000000180025095e-35 1.0000000180025095e-35 0.76388889551162731 0.56980520486831676 1.0000000180025095e-35 0.21894425153732303 0.5914268195629121 0.19090909510850909 0.74464204907417308 0.82097071409225475 0.64241620898246776 0.37020142376422888 0.64346247911453258 0.36427302658557897 0.8989795744419099 0.75905716419219982 0.92637759447097789 0.92031747102737438 0.53278529644012462 0.64174234867095958 0.44097222387790685 0.92718276381492626 0.25371789932250982 0.1600352078676224 0.90070420503616344 0.96824595332145702 0.85145786404609691 0.30384616553783422 0.73375529050827037 0.86526826024055492 0.25371789932250982 0.43338409066200262 0.57735043764114391 0.21820348501205447 0.32986950874328619 0.240384615957737 0.56949809193611156 0.069570478051900878 0.84680575132370006 0.7243877947330476 0.32071428000926977 0.42128248512744909 0.86729559302330028 0.5604878067970277 0.069570478051900878 0.46114827692508703 0.82972848415374767 0.83795946836471569 0.90595519542694103 0.38444744050502783 0.37277607619762426
decision_type=2 2 2 2 2 2 2 2 2 2 2 2 2 2 2 2 2 2 2 2 2 2 2 2 2 2 2 2 2 2 2 2 2 2 2 2 2 2 2 2 2 2 2 2 2 2 2 2 2 2 2 2 2 2 2 2 2 2 2 2 2 2
left_child=1 3 4 32 5 6 33 8 9 10 34 38 19 21 -12 16 30 55 -13 -9 56 22 47 42 26 28 54 53 29 40 -4 41 48 -2 -8 -19 37 -29 60 44 49 -14 -23 -44 -40 -46 -34 -5 -1 -26 51 57 -53 58 -25 -3 -21 -6 -27 -60 61 -10
right_child=2 17 15 13 50 -7 7 12 11 -11 14 18 31 -15 -16 -17 -18 35 -20 20 -22 23 -24 24 25 27 -28 36 -30 -31 -32 -33 46 -35 -36 -37 -38 -39 39 -41 -42 -43 43 -45 45 -47 -48 -49 -50 -51 -52 52 -54 -55 -56 -57 -58 -59 59 -61 -62 -63
leaf_value=0.0081075099276536472 0.048953432020788917 0.0033377924610358644 -0.0032728691933282899 0.017789054292644008 0.016764874310541151 0.040791875494030745 0.00019563014062318429 0.054956387532944725 -0.01955150321459492 0.03804066287656914 -0.035724820518925053 -0.02405203483317556 -0.031382656321408298 0.025033475756714753 0.015752040379993563 0.04254572729465525 0.035281674514380475 -0.018405286467184468 0.019951910384702429 -0.011793385410216302 0.038876960311296525 -0.032666229681278851 0.087331390780362048 0.015440974033598684 -0.027287171906821041 0 0.054511442399914622 0.0078398296278504968 -0.036931583379617494 0.043056140532797146 0.027658568117417081 0.02053485982654045 -0.018117286403047769 0.015240460138801083 0.028070280042200843 0.034619344854142649 0.0030879713713804296 0.032496766817731143 0.010496622981655863 0.015813972218108065 0.020262475711273455 0.0058206461959848087 0.019223918781878693 -0.020385806203363575 -0.038542178735657531 0.0093706068845173188 0.015463130518396706 -0.019886832993519069 -0.037534084692800958 0.0056802663856434822 0.041494294493736657 -0.022167973709114594 0.020958688256941121 0.0014033274628298354 -0.018427433054862455 -0.039897883902237578 0.0080238670657407762 0.038772828858426506 0 -0.030035338332107406 -0.041541573921858331 0.010424346336222369
leaf_weight=0.22711470723152416 7.307176093105225 0.15796428918838401 6.1294764217454922 0.95677027129568148 4.1766363680362728 10.558977800188584 7.8029389297589713 3.8789712460711625 0.94282185193151835 6.902716804528608 9.4522272336762381 2.1920425333082667 2.8938084703404447 16.911092841997743 1.5619334718212474 214.00140793249011 79.904140181839466 1.0101664387620974 4.341297009261325 2.6898573825601471 3.2924108067527413 3.6235755209345362 0.52469816617667664 0.35293304151855309 4.9182604423258436 0.86802338785491784 3.1665168115869164 13.248883971013131 3.7986992495134464 1.6177959386259315 5.0658406317234039 2.1478824391961098 2.1406711635645475 5.6564822103828192 5.5672111355233938 0.6824958249926566 16.419996007345617 9.0501456335186941 0.46712810313329001 1.9953349232673643 0.55553307570517052 1.772745609283447 1.8762766432482751 2.0300441677682102 4.1530472543090582 0.46697596460580815 1.5774601041339336 1.1065458911471067 15.094781400403006 0.97542387852445234 16.142157010734081 5.6081187948584539 5.5368513315916061 2.7016416005790234 1.000489674741402 397.39695263514295 2.4494852269999683 27.480433151125908 0.95126766129396889 2.63179701869376 11.013278408674521 0.3938135402277112
leaf_count=1 59 1 51 70 42 117 58 46 108 90 305 48 129 123 41 3219 1042 99 74 76 37 364 27 29 605 36 32 67 62 26 41 14 113 49 43 4 78 42 26 11 6 11 31 54 390 4 45 103 4595 12 201 33 54 19 129 150711 45 295 54 97 1176 24
internal_value=-0.000642684 -0.030714 0.0322432 0.00221094 0.017749 0.00923891 0.00505524 -0.000664454 -0.00757329 0.0050064 -0.00531756 -0.0225029 0.0191676 0.00944675 -0.0273884 0.0396937 0.0325612 -0.0396407 0.00342397 0.0317916 0.0160138 0.00545873 0.0351366 0.00382082 0.00682888 0.00369147 0.0382522 0.00845054 -0.0136226 0 0.0115158 -0.00427639 -0.0302993 0.0366747 0.0132264 0.00640601 0.0125909 0.0189839 -0.0311565 -0.0136214 -0.0148677 -0.0180107 -0.0184658 -0.000504774 -0.0265253 -0.0321819 -0.00276483 -0.00100657 -0.0361572 -0.0212182 0.0317107 0.0270665 -0.000451609 -0.0122667 -0.00508761 -0.0398623 -0.00192817 0.036594 -0.020033 -0.0241736 -0.0391393 -0.00832629
internal_weight=971.52 507.574 463.946 108.326 158.845 99.9006 89.3416 76.3779 57.2528 31.287 24.3843 25.9657 19.1252 89.2864 11.0142 305.101 91.0995 399.248 6.53334 12.3107 8.43175 72.3753 2.58801 69.7873 62.2574 57.7375 4.51994 45.8718 11.8657 8.06701 11.1953 6.81444 19.04 12.9637 13.3702 1.69266 38.719 22.299 19.4324 7.08249 6.44922 4.66655 7.5299 3.90632 5.08715 4.62002 3.71813 2.06332 15.3219 5.89368 58.9442 42.802 11.145 7.15273 1.35342 397.555 5.13934 31.6571 4.45109 3.58306 12.3499 1.33664
internal_count=165594 157635 7959 6820 3606 2981 2864 2756 2398 537 447 1861 358 2066 346 4353 1134 150815 122 204 158 1943 200 1743 1294 1104 190 393 711 649 92 154 4754 108 101 103 187 109 1739 431 623 140 449 85 420 394 158 173 4596 617 625 424 87 206 158 150712 121 337 187 151 1308 132
is_linear=0
shrinkage=0.04


Tree=65
num_leaves=63
num_cat=0
split_feature=1 23 10 20 10 10 9 7 10 21 20 24 7 6 28 23 21 10 18 18 18 24 8 0 6 0 9 7 8 0 8 0 7 0 6 18 8 11 6 0 0 11 11 11 6 9 18 11 7 10 6 11 11 0 8 1 11 23 7 0 20 11
split_gain=573.165 91.8235 26.9563 20.6993 15.3815 10.9266 5.88473 9.4269 5.23028 4.11905 3.97264 3.5757 3.74987 3.57832 3.43639 3.40288 3.16306 3.12773 2.87211 4.76703 2.76409 2.37785 1.9743 4.94606 2.85759 3.48836 2.86264 2.54854 2.53025 3.57029 2.44925 1.88074 1.92393 1.57983 1.56545 1.54545 1.53947 1.33722 1.25497 1.23332 1.38561 1.1933 2.6327 1.10376 1.07693 4.7013 1.12165 1.05593 1.11289 0.977764 1.10328 0.973895 0.878928 0.877169 0.857479 0.837881 0.73502 0.71814 0.573122 0.555464 0.530257 0.443154
threshold=0.078810192644596114 0.19785943627357486 0.43650794029235845 0.84764185547828685 0.30384616553783422 0.080128207802772536 0.71834936738014232 0.31662489473819738 0.30384616553783422 0.42481203377246862 0.96168524026870739 1.0000000180025095e-35 0.58578637242317211 0.54110360145568859 1.0000000180025095e-35 0.9212004840373994 0.20942982286214831 0.76388889551162731 0.82621711492538463 0.615800440311432 0.5914268195629121 1.0000000180025095e-35 0.64241620898246776 0.53636872768402111 0.64346247911453258 0.52051407098770153 0.8989795744419099 0.75905716419219982 0.92031747102737438 0.7590814232826234 0.92637759447097789 0.66915929317474376 0.59516963362693798 0.96444573998451244 0.90070420503616344 0.73375529050827037 0.87226107716560375 0.73123827576637279 0.86526826024055492 0.61911734938621532 0.69808298349380504 0.92940199375152599 0.89009663462638866 0.98936170339584362 0.2152509689331055 0.78086888790130626 0.73375529050827037 0.65881377458572399 0.84680575132370006 0.34848485887050634 0.76833632588386547 0.69883719086647045 0.98936170339584362 1.0000000180025095e-35 0.56949809193611156 0.40217100083827978 0.58236432075500499 0.94764256477355968 0.5604878067970277 1.0000000180025095e-35 0.78319624066352855 0.89699381589889537
decision_type=2 2 2 2 2 2 2 2 2 2 2 2 2 2 2 2 2 2 2 2 2 2 2 2 2 2 2 2 2 2 2 2 2 2 2 2 2 2 2 2 2 2 2 2 2 2 2 2 2 2 2 2 2 2 2 2 2 2 2 2 2 2
left_child=1 4 3 5 31 15 7 10 35 21 18 12 13 -4 -9 44 36 22 19 -5 59 49 23 54 39 27 28 58 29 38 41 53 -33 37 -22 43 -14 -32 47 -24 -41 42 -28 57 -2 46 56 -27 -49 50 61 -17 -34 -1 -6 -8 -46 -7 -26 -3 -45 -10
right_child=2 20 11 6 17 8 55 14 9 -11 -12 -13 16 -15 -16 51 -18 -19 -20 -21 34 -23 24 -25 25 26 30 -29 -30 -31 33 32 52 -35 -36 -37 -38 -39 -40 40 -42 -43 -44 60 45 -47 -48 48 -50 -51 -52 -53 -54 -55 -56 -57 -58 -59 -60 -61 -62 -63
leaf_value=0.0080512350547678278 0.034690420500052319 0.0033205153081030244 0.029694850125039342 0.031820996891226527 0.016197760774278314 -0.046009305129466091 0.019389936116793047 -0.029317443856274758 -0.028306605533189297 0.036667770339493241 0.03921858119483438 0.041960318993305858 -0.021867996836367972 -0.023056140390989327 0.0098028557085178304 -0.020709599607449027 0.035296286313599746 0.024367547177273106 0.032410344934685566 -0.012290197921886979 -0.01820071896746682 0.0070625404718410792 -0.032381267824165241 0.090497383880384585 0.015224632857091891 0.015756211353079027 -0.019276491607826358 0.052808196688688795 -0.036522044304568922 0.039463578024953254 0.00858821564665402 0.035868769316957635 -0.028230411573290492 0.0021234612692695048 0.034088974219289095 0 0.017337256910165664 0.029414814259599749 0.019953579971354381 0.017864911375415168 -0.020864056749812745 -0.02626144561766184 0.035992302919184593 -0.017476334609931112 0.0021285007075899725 0.039184902996571458 0.011270957710438276 -0.033199152431018342 0.0055627021169266655 -0.043092022564885098 0.014901029384223548 0.0081991681105597156 0.0069175123763180867 -0.037416915803997024 -0.020069745726945309 0.042626213624980674 -0.028221245056851356 -0.0049012376191789261 -0.018221899029182639 -0.039885119824267554 0.013620872415419621 0.0028364769482750137
leaf_weight=0.22655490040779369 8.9783340245485359 0.15764442086219688 2.7356697078794232 5.0989974588155773 1.0097648950759319 10.190043056383727 6.0443239752203217 6.2299437522888166 1.8263570240233082 2.6831540465354911 24.254322946071625 217.07569196051918 1.803252569399773 3.5741442288272083 6.1937120035290718 3.3629072178155175 64.799034198280424 16.709787061437964 8.315500505268572 9.9076999649405462 0.99226212291978189 5.1808934537693858 3.5201414555776855 0.48605898721143592 0.35774284973740467 0.34707788075320234 2.3753511195536698 3.170078998664394 3.7008419157937169 1.7202464414294807 12.544792802073063 0.51750510092824642 2.0840976645704359 16.195582792162895 0.68097861111164093 1.8277664324268688 2.7347892001271248 9.9247763454914075 0.55701812612824131 2.0163562151137744 1.8838324227835981 3.3934033692348748 1.3172867642715571 0.77512333379127152 1.3516220052260886 4.9940033012535423 2.0144262807443738 4.3879883699119091 0.97729350626468647 2.4551285502966493 1.1671842490322886 2.275810886407271 1.0465595158748331 14.604249025927855 1.126765987370163 37.912773095071316 2.9491325013805181 1.2337106727063663 0.98293918208219111 381.93486875412054 0.6865962902083993 0.46671480103395868
leaf_count=1 68 1 42 49 72 1126 54 51 158 26 267 3304 101 68 56 61 795 123 74 75 99 80 364 23 29 20 112 32 62 30 63 41 222 76 4 27 23 48 6 59 26 65 29 93 59 76 21 581 12 199 33 60 30 4460 105 542 172 133 129 150711 12 54
internal_value=-0.00061652 -0.0304985 0.031892 0.0183743 0.00218859 -0.00154806 0.0287567 0.0199168 -0.0184064 -0.000117299 0.0279225 0.0391046 0.0304171 0.000200831 -0.010239 0.0168261 0.0330681 0.00919943 0.0148809 0.00349968 -0.0396203 -0.0116388 0.00533858 0.0343275 0.00371361 0.00663972 0.00358022 0.037155 -0.0132318 0 0.00815279 -0.0300049 -0.00225405 0.0121565 0.00637512 -0.0341827 0 0.0188191 -0.0142494 -0.0181287 -0.000465596 -0.0120006 0.00305576 -0.0387343 0.0242658 0.0135188 -0.00881298 -0.0206563 -0.0257455 -0.0272493 -0.00797062 -0.00896184 -0.0166822 -0.036005 -0.00195438 0.0400225 -0.0193263 -0.0426436 -0.00489677 -0.0398482 -0.00164508 -0.0218168
internal_weight=942.049 490.95 451.099 158.376 107.184 54.4189 103.957 60.0002 28.4927 13.7794 47.5765 292.723 75.6469 6.30981 12.4237 25.9262 69.3371 88.7051 23.3222 15.0067 383.766 11.0963 71.9953 2.62259 69.3728 61.9524 57.4417 4.51076 11.6905 7.98962 45.7512 18.479 3.64816 38.6652 1.67324 14.7132 4.53804 22.4696 6.26938 7.42033 3.90019 7.08604 3.69264 12.8855 20.2875 11.3092 6.31518 5.71236 5.36528 5.91538 3.46026 5.63872 3.13066 14.8308 2.13653 43.9571 4.30075 11.4238 1.34068 382.093 1.46172 2.29307
internal_count=165594 157635 7959 3626 6820 2458 1168 572 1941 550 465 4333 1029 110 107 517 919 2066 198 124 150815 524 1943 200 1743 1294 1104 190 711 649 393 4754 293 187 103 1391 124 111 619 449 85 206 141 1364 396 328 252 613 593 444 245 121 252 4461 177 596 231 1259 158 150712 105 212
is_linear=0
shrinkage=0.04


Tree=66
num_leaves=63
num_cat=0
split_feature=1 23 2 10 21 7 2 23 20 10 9 6 1 11 25 20 10 18 21 30 7 8 2 6 2 9 8 2 7 8 2 7 21 6 1 6 10 1 9 1 6 11 6 2 7 11 11 11 7 11 6 6 11 21 8 9 9 7 6 1 7 18
split_gain=545.504 90.1748 29.9015 14.588 10.7105 7.77111 9.05922 6.10648 4.45767 3.65474 3.75508 5.08306 3.33233 3.11552 3.03172 4.59008 2.91886 2.73172 2.52097 4.64581 2.24321 1.90867 4.6494 2.71148 3.28174 2.65166 2.46889 3.55518 2.38203 2.28359 1.87559 2.03606 1.71034 1.7682 1.61002 1.51595 1.33048 5.79948 1.32485 1.24039 1.22606 1.7883 1.22338 1.20084 1.36589 1.14461 2.49319 1.03814 1.09536 0.869467 0.869074 0.838412 1.10719 0.785471 0.64901 3.22688 0.586314 0.558478 0.553781 0.44522 0.360789 0.121883
threshold=0.078810192644596114 0.19785943627357486 0.58757218718528759 0.30384616553783422 0.60555556416511547 0.83910790085792553 0.11427757143974306 0.61134067177772533 0.6569296419620515 0.30384616553783422 0.88273492455482494 0.2152509689331055 0.53663355112075817 0.70412456989288341 1.0000000180025095e-35 0.7353600561618806 0.76388889551162731 0.5914268195629121 0.48529411852359777 1.0000000180025095e-35 0.63859337568283092 0.64241620898246776 0.37571619451045996 0.64346247911453258 0.36427302658557897 0.8989795744419099 0.92031747102737438 0.53278529644012462 0.75905716419219982 0.92637759447097789 0.46851472556591039 0.57735043764114391 0.1863425895571709 0.64241620898246776 0.25371789932250982 0.90070420503616344 0.30384616553783422 0.29179082810878759 0.8550420105457307 0.48549756407737737 0.96824595332145702 0.73123827576637279 0.86526826024055492 0.43338409066200262 0.57735043764114391 0.92940199375152599 0.89009663462638866 0.65881377458572399 0.84680575132370006 0.98936170339584362 0.069570478051900878 0.52885684370994579 0.82807883620262157 0.36602871119976049 0.17267081141471866 0.46737588942050939 0.7243877947330476 0.5604878067970277 0.069570478051900878 0.19251272827386859 0.73765182495117199 0.80090090632438671
decision_type=2 2 2 2 2 2 2 2 2 2 2 2 2 2 2 2 2 2 2 2 2 2 2 2 2 2 2 2 2 2 2 2 2 2 2 2 2 2 2 2 2 2 2 2 2 2 2 2 2 2 2 2 2 2 2 2 2 2 2 2 2 2
left_child=1 3 4 30 5 6 34 13 53 10 11 12 -10 36 15 -4 21 58 19 -11 39 22 51 43 28 26 27 42 57 45 50 -32 59 -34 -2 -19 37 -8 -35 61 41 -31 47 -23 -45 46 60 -26 -49 -33 -1 -5 -53 -9 -6 -56 -57 -25 -3 -15 -27 -13
right_child=2 17 14 16 54 -7 7 8 9 18 -12 20 -14 32 -16 -17 -18 35 -20 -21 -22 23 -24 24 25 29 -28 -29 -30 40 31 49 33 38 -36 -37 -38 -39 -40 -41 -42 -43 -44 44 -46 -47 -48 48 -50 -51 -52 52 -54 -55 55 56 -58 -59 -60 -61 -62 -63
leaf_value=0.0079954819835220022 0.048038764912130258 0.0033033538863309693 0.0027164614684527656 -0.020038004573553619 0.039660907862682095 0.040189404241485399 -0.028434061943117862 -0.035564495398148821 -0.013504759006134808 0.020983974453648638 0.02455914874015595 -0.04515891295901802 0.026453662246733255 -0.027058827951000054 0.041686703983071477 0.034386672041369713 0.023714176048972319 -0.017998520720357222 0.037083560326352003 -0.026071034215761985 0.0074954757571036 -0.032096064976868337 0.08709312539890976 0.015010049660758022 0.015536621152811963 0 -0.036118185886158449 0.039752368909947475 0.051168280173958643 0.006675700939486 0.03782495778148217 -0.028181526879142559 -0.010850256351009393 0.036987426108445319 0.014819848529239715 0.033569483528354434 0.048630926891700239 0.038568702649223532 0 -0.015293342785418834 0.0028665049364738683 0.030240287879078016 0.019649841648889041 0.018507516058475487 -0.019933336674545665 -0.025747301015328867 0.034784970136757791 -0.033052493117194576 0.0054475818893278136 0.0067656410820928397 -0.037308543736777951 0.03732262817644845 -0.012102311599566033 0.0020920293123636098 0.003202524730949612 0.020164422819958276 0.040440580509953979 -0.018018793287548188 -0.039872178456762102 0.0041070667998189328 -0.02660155920858177 -0.012521832652805747
leaf_weight=0.22599367797374981 7.0317013249732536 0.15732631087303062 8.9128972310572845 1.0992078273557124 20.032424964010715 10.848462730878962 2.2245185778010654 7.4638261129148287 5.7596655637025851 7.7302097366191465 3.6272446429356924 7.3362026188988292 5.5729809999465942 2.2023683732841159 219.82992750406265 56.63601490855217 16.514926474541426 0.97486008680425473 4.0864522755146018 4.4371443383861333 2.1480208332650355 3.4202740986365816 0.52317925170063961 0.36254163645207771 0.3519393987953644 0.83116894168779243 3.6056463541463017 1.6977169611491261 3.1728022645693272 12.818463758565487 0.47958990209735874 2.0937710867729038 3.0840474837459606 3.09238401055336 5.6823576167225838 0.67936362326145172 4.1495647898409516 4.9728361256420612 2.7441425295546651 7.3602333171293131 16.397085722535849 9.4079674929380399 0.55843175319023419 1.900380654493347 2.0022768345661461 3.3437038196716458 1.3426711983047424 4.3180800396949053 0.97912307502701867 1.049634747207165 14.070174701744689 0.47394225583411731 0.55673900269903243 0.64989792276173819 7.9883939549326923 8.3711248114705104 12.803713623434303 0.96587598673067987 367.07603991869837 0.37809610925614823 1.5084313040133563 1.5462317056953905
leaf_count=1 59 1 73 90 262 127 179 1320 35 74 37 251 47 319 3521 759 123 99 35 69 52 364 23 29 20 49 62 26 32 64 37 227 70 62 50 4 92 47 34 56 78 45 6 31 54 65 29 585 12 30 4459 26 61 13 52 74 173 129 150711 7 63 10
internal_value=-0.000596794 -0.0302751 0.031521 0.00218181 0.0170638 0.00958074 0.00559001 0.00041883 -0.00646918 -0.0016263 -0.00920987 -0.0141263 0.00637266 0.0175286 0.0391876 0.030246 0.00896675 -0.0395994 0.0133342 0.00284359 -0.0266415 0.00523223 0.0336062 0.00361924 0.00646857 0.00348668 -0.0128267 0.000210412 0.0360909 0.00787277 -0.0296947 -0.00202351 0.00199295 0.0106754 0.035647 0.00634114 0.0315145 0.0164295 0.0225581 -0.0315609 0.0117318 0.0176948 -0.0140639 -0.017787 -0.000441914 -0.0116616 0.0030418 -0.0204522 -0.025566 -0.0167302 -0.035855 -0.00188271 0.0158426 -0.0322108 0.0323164 0.0259912 0.0338759 -0.00471174 -0.0398339 -0.0215035 -0.0189386 -0.0417243
internal_weight=913.662 474.959 438.703 106.072 153.324 104.129 93.2801 80.5661 57.7181 49.6044 33.3506 29.7233 11.3326 22.848 285.379 65.5489 88.1526 368.888 16.2538 12.1674 18.3907 71.6376 2.65307 68.9846 61.6616 57.1604 11.5109 7.90529 4.50122 45.6495 17.9192 3.623 11.501 8.92057 12.7141 1.65422 11.3469 7.19735 5.83653 16.2427 38.6235 22.2264 6.20757 7.32293 3.90266 7.02598 3.68227 5.64914 5.2972 3.14341 14.2962 2.12989 1.03068 8.11372 49.1957 29.1632 21.1748 1.32842 367.233 2.58046 2.3396 8.88243
internal_count=165594 157635 7959 6820 3606 3045 2918 2809 1999 666 488 451 82 810 4353 832 2066 150815 178 143 369 1943 200 1743 1294 1104 711 649 190 393 4754 294 492 166 109 103 318 226 96 317 187 109 623 449 85 206 141 617 597 257 4460 177 87 1333 561 299 247 158 150712 326 112 261
is_linear=0
shrinkage=0.04


Tree=67
num_leaves=63
num_cat=0
split_feature=1 23 2 10 28 7 10 10 11 28 20 18 1 18 21 10 18 31 6 2 2 18 2 18 1 2 7 8 2 6 2 7 8 19 19 6 8 11 19 6 2 10 18 2 2 2 11 11 7 6 11 8 11 8 2 19 6 7 2 6 10 11
split_gain=519.241 88.5441 29.4424 13.8323 10.5084 7.34334 9.52952 10.5403 4.17969 3.18851 3.18837 3.13747 2.93368 2.76277 3.75748 2.72205 2.69951 2.63514 2.47245 9.85013 2.73512 3.31541 1.96794 1.91175 2.27482 1.87421 1.95549 1.85188 4.35355 2.57287 3.08769 2.22736 1.9555 1.83345 1.79302 1.60849 1.8686 1.55746 1.63184 1.46825 1.37494 1.36691 1.28857 1.16866 1.30575 1.15862 1.15465 1.97995 1.06003 0.860995 0.844193 0.821005 0.78866 0.66375 0.587608 0.557932 0.552106 0.544167 0.329996 0.298529 0.410614 0.240789
threshold=0.078810192644596114 0.19785943627357486 0.58757218718528759 0.30384616553783422 1.0000000180025095e-35 0.84292763471603405 0.080128207802772536 0.43650794029235845 0.34654632210731512 1.0000000180025095e-35 0.84764185547828685 0.43683740496635443 0.21894425153732303 0.46192501485347753 0.46862745285034185 0.76388889551162731 0.5914268195629121 1.0000000180025095e-35 0.2152509689331055 0.25783495604991918 0.17189858108758929 0.73375529050827037 0.21376482397317889 0.65240275859832775 0.32986950874328619 0.46851472556591039 0.57735043764114391 0.64241620898246776 0.37571619451045996 0.64346247911453258 0.36427302658557897 0.75905716419219982 0.82972848415374767 0.64174234867095958 0.68599441647529613 0.72065573930740368 0.92637759447097789 0.94519516825675975 0.60723635554313671 0.90070420503616344 0.57520422339439403 0.30384616553783422 0.73375529050827037 0.43338409066200262 0.48888546228408819 0.20028972625732425 0.89009663462638866 0.92637759447097789 0.21164613962173465 0.069570478051900878 0.98936170339584362 0.56949809193611156 0.63733074069023143 0.86729559302330028 0.36545780301094061 0.82972848415374767 0.069570478051900878 0.5604878067970277 0.3951880037784577 0.86526826024055492 0.64583334326744091 0.53614982962608349
decision_type=2 2 2 2 2 2 2 2 2 2 2 2 2 2 2 2 2 2 2 2 2 2 2 2 2 2 2 2 2 2 2 2 2 2 2 2 2 2 2 2 2 2 2 2 2 2 2 2 2 2 2 2 2 2 2 2 2 2 2 2 2 2
left_child=1 3 4 25 5 6 8 37 -2 12 11 -6 33 -9 17 27 56 -15 55 20 21 -20 48 24 58 49 -27 28 51 43 31 57 52 -4 -19 61 46 41 -39 -18 -38 -8 45 -29 -45 -43 -37 -48 -12 -1 -28 -5 -32 -49 -21 -10 -3 -31 -13 -42 -61 -34
right_child=2 16 9 15 10 -7 7 13 18 -11 22 23 -14 14 -16 -17 39 34 19 54 -22 -23 -24 -25 -26 26 50 29 -30 30 32 -33 35 -35 -36 36 40 38 -40 -41 59 42 -44 44 -46 -47 47 53 -50 -51 -52 -53 -54 -55 -56 -57 -58 -59 -60 60 -62 -63
leaf_value=0.0079402444353258231 -0.019676386340224634 0.0032863084117439561 -0.0042429121524126577 0.015812960229286459 0.036999806176395644 0.040597787864832258 -0.042776813183444604 0.041124086795539493 0.021067582316213876 0.042084113214760306 0.024920167360227369 -0.0065200247667701969 0.03414637401301069 -0.038302686440789858 0.035828918020607031 0.023073252036589015 -0.017798690859662909 -0.014548550631180854 -0.028612628351585609 0.0095363483935847621 -0.045963881895650809 0.033368477676669547 0.037814279841264835 0.015539887126048511 0.011959893038483573 0.03690416747087634 -0.027877978128869114 -0.031810682950715388 0.083774521177615691 0.014797264137450389 0.0078878660999332495 0.049587425069291417 0.0074278597647509416 0.026280450208228136 0.028272239578636161 -0.030779948003782663 0.021016180513676593 -0.025073237898909514 0.020561438809140482 0.033060675044161963 -0.0036423425211533945 0.011838175045146108 0.0026496130852152666 0.017210889512774951 -0.020405589210996444 -0.0330698467498085 0.021019764045587853 0 0 -0.03719820959576664 0.0066171505965379393 -0.019746868460366176 -0.029163258578676375 -0.025194911447698046 0.041357024676775218 0.041763684670320121 -0.039859040735011918 -0.017818110969522894 -0.037079577925324347 -0.0015242618788784488 0.0091735311804827732 0.0302244243578072
leaf_weight=0.22543118894100445 3.7439920422621062 0.15700994431972404 5.9981065068859589 1.0206041473429648 5.616513735381889 8.0718389158137125 10.680853154510265 3.4672024338506153 11.488244108855726 192.12344124913216 5.711664065718649 1.7599412277340882 73.117646396160126 2.6601126585155708 2.6685785837471485 16.326385306194425 0.95794318756088503 2.2683724577073008 1.9115876909345382 2.3185160001739842 3.4493485006969422 1.623360496945679 39.036538705229759 8.6920610498636943 3.1423763148486614 0.49649982945993487 2.0438085037749261 3.3238455776590845 0.56098271999508131 0.36732804542407282 0.53275515604764168 3.1748299966566265 2.5813402854837468 4.7871702760457993 1.9775712341070173 2.4635084609035394 7.7359257424250236 1.3996546939015382 1.611093249870464 0.67765083163976669 7.5617370381951359 0.42970980517566015 3.0245924592018127 2.0393548407591884 1.8572283352259544 4.7277405166532844 2.6692533034365606 2.3086302953306586 4.3300903588533401 13.560680716298519 1.0526399845257404 1.0976416366174815 2.9109363681636751 3.1823145688977093 6.2627883050590754 6.5351389274001113 352.79702881816775 0.94928363338112831 2.192317589186132 8.2527639158070105 13.245336757972835 3.4321380413603038
leaf_count=1 51 1 51 72 86 90 1179 85 78 3219 73 45 1042 76 23 123 99 80 115 62 131 19 496 64 32 37 227 364 23 29 18 32 21 41 12 135 53 158 34 4 46 20 18 59 26 390 40 63 20 4459 30 105 508 50 73 59 150711 129 37 41 66 63
internal_value=-0.000570803 -0.0300481 0.0311539 0.00217538 0.0167314 0.00664156 0.00229079 -0.0124844 0.0161788 0.0389301 0.02792 0.0137749 0.0312503 0.0150686 0.00225838 0.00874187 -0.0395782 -0.0130988 0.0207444 0.00795225 -0.0250842 5.05782e-05 0.0336107 0.00356182 -0.0107259 -0.0293784 -0.00175171 0.00512957 0.032969 0.00352648 0.00630034 0.035058 0.00339378 0.0100462 0.00622053 0.00548172 0.00268127 -0.029028 -0.000618159 0.00630425 0.00701103 -0.0331017 -0.016753 -0.0174611 -0.000407106 -0.0273637 -0.011284 -0.00224395 0.0149625 -0.0357025 -0.0164222 -0.00175423 -0.022046 -0.0156652 0.0350697 0.030583 -0.0398193 -0.00453241 -0.0283436 0.00257459 0.00500382 0.0234635
internal_weight=886.391 459.563 426.828 104.973 150.802 80.3203 72.2485 34.9155 37.333 276.026 70.4815 21.4032 83.9029 13.0418 9.57463 87.5941 354.59 6.90606 33.589 15.5656 6.9843 3.53495 49.0783 15.7867 7.09464 17.3791 3.59295 71.2677 2.67923 68.5885 61.3681 4.49144 56.8766 10.7853 4.24594 53.4329 47.4195 21.8736 3.01075 1.63559 36.7958 18.8629 8.18204 7.22043 3.89658 5.15745 10.6237 8.1602 10.0418 13.7861 3.09645 2.11825 3.44369 5.49094 8.5813 18.0234 352.954 1.31661 3.95226 29.0598 21.4981 6.01348
internal_count=165594 157635 7959 6820 3606 2753 2663 2075 588 4353 853 264 1134 276 191 2066 150815 168 537 400 265 134 589 178 114 4754 294 1943 200 1743 1294 190 1104 92 92 578 494 1799 192 103 206 1607 428 449 85 410 288 153 93 4460 257 177 526 113 135 137 150712 158 82 153 107 84
is_linear=0
shrinkage=0.04


Tree=68
num_leaves=63
num_cat=0
split_feature=1 23 2 10 28 6 10 10 11 28 20 31 21 18 1 6 2 18 2 18 10 11 2 9 2 8 0 6 0 9 8 2 11 8 19 20 6 6 11 19 0 11 8 8 10 6 0 2 11 11 11 10 9 0 6 11 6 18 2 9 19 0
split_gain=494.174 86.9397 28.9678 13.0942 9.94945 5.94122 7.52587 10.7142 3.82905 3.29383 3.15463 2.98808 4.13981 2.97712 2.88454 2.7511 8.63325 2.66747 2.64084 3.15827 2.54915 2.02492 1.94314 1.91089 1.86831 1.78736 4.0839 2.43536 2.91205 2.38889 2.46225 3.23318 2.15436 2.01393 1.74483 1.61769 1.4906 1.42229 1.41845 1.56273 1.35768 1.21719 1.21567 1.18638 1.70207 1.16143 1.13717 1.23893 1.10125 1.06776 2.28013 0.961802 0.935149 0.853853 0.815615 1.14335 0.699764 0.689216 1.21123 0.64811 0.589859 0.550437
threshold=0.078810192644596114 0.19785943627357486 0.58757218718528759 0.30384616553783422 1.0000000180025095e-35 0.83910790085792553 0.080128207802772536 0.4083333313465119 0.34654632210731512 1.0000000180025095e-35 0.84764185547828685 1.0000000180025095e-35 0.48529411852359777 0.43683740496635443 0.21894425153732303 0.2152509689331055 0.25783495604991918 0.5914268195629121 0.17189858108758929 0.73375529050827037 0.76388889551162731 0.94519516825675975 0.21376482397317889 0.92718276381492626 0.44791465997695928 0.64241620898246776 0.53636872768402111 0.64346247911453258 0.52051407098770153 0.8989795744419099 0.92031747102737438 0.53278529644012462 0.89379698038101207 0.92637759447097789 0.64174234867095958 0.82078272104263317 0.65648320317268383 0.90070420503616344 0.77459675073623668 0.68599441647529613 0.96444573998451244 0.73123827576637279 0.22474747896194461 0.26794873178005224 0.30384616553783422 0.86526826024055492 0.61911734938621532 0.48888546228408819 0.63733074069023143 0.92940199375152599 0.89009663462638866 0.30384616553783422 0.95119047164917003 1.0000000180025095e-35 0.52885684370994579 0.77888888120651256 0.64747309684753429 0.73375529050827037 0.18297153711318973 0.71209660172462474 0.82972848415374767 1.0000000180025095e-35
decision_type=2 2 2 2 2 2 2 2 2 2 2 2 2 2 2 2 2 2 2 2 2 2 2 2 2 2 2 2 2 2 2 2 2 2 2 2 2 2 2 2 2 2 2 2 2 2 2 2 2 2 2 2 2 2 2 2 2 2 2 2 2 2
left_child=1 3 4 23 5 6 8 21 -2 14 13 12 36 -6 34 60 18 61 19 -17 25 51 42 53 43 26 54 46 32 30 31 45 -29 49 -4 -23 -9 -19 -13 -40 41 -35 -12 -15 -45 48 -27 -48 -30 50 -31 -8 -25 -1 -5 -56 -50 58 -53 -18 -10 -3
right_child=2 17 9 20 10 -7 7 11 15 -11 22 38 -14 24 -16 16 59 37 -20 -21 -22 35 -24 52 -26 27 -28 28 29 33 -32 -33 -34 40 -36 -37 -38 -39 39 -41 -42 -43 -44 44 -46 -47 47 -49 56 -51 -52 57 -54 -55 55 -57 -58 -59 -60 -61 -62 -63
leaf_value=0.0078855163421369754 -0.019125976843334003 0.0032693765642852969 -0.004094662432523744 -0.0197949974266135 0.036103030428363471 0.037058487120044073 -0.042439842455209348 -0.044490746229209094 0.020416085175404157 0.041935672715899985 0.025128657237592701 0.043157509304136837 0.030121378444554793 0.0096537385798825346 0.033766391116692107 -0.028282795747053755 0.008045339314106734 -0.017601226242884203 -0.045430944733068607 0.032313531944135061 0.022444671774271573 -0.023447344323276748 0.037440354833144028 0.016697061622381725 0.020445897799684747 -0.031525184064623089 0.080551450465132124 -0.006926933692170875 0.017532495062821254 -0.0183413150071015 -0.035825289234762712 0.03789201115513105 0.04722530120456836 0.0075912702306079093 0.025782672499218597 0.022126619627595368 0 0.032562350642721019 -0.012242251376777069 0.027053988564506391 0.0017190946856384538 0.027413437938180185 -0.0012143447126709336 -0.031225765663860063 0.0052904394493557055 0.019337461559517332 0.016628067980713111 -0.020013656645118626 0.0083565312071727203 -0.024829307108756186 0.032989019745726399 0.015015904136675778 -0.016288071091078046 -0.037118818196233243 0.037791806177241753 -0.012351411702452065 -0.029022627047908076 1.8790585531283017e-05 -0.031379419585585183 0.040044658543516222 0.041327781529072481 -0.039845691458747889
leaf_weight=0.22486755251884716 3.7267991991247973 0.15669529139995475 6.0027692927978915 1.0781714273616669 5.5519498710054931 8.0643576923757774 10.319702018750837 2.2128644427284572 11.414092099294068 185.23390098661184 5.7592639811336976 4.2048228995408863 2.1893631145358086 3.6313318572938424 71.03635186329484 1.8690505404956623 2.3211378331761807 0.94149495055898913 3.3636894687078893 1.6415750058367846 16.144032161682844 1.3456493606790894 37.882730290293694 1.4499345142394298 5.4954726202413431 3.2307325904257587 0.59931394923478354 1.1313961320556689 0.30551377846859207 2.276868573389947 3.5316873358096927 1.7388179469853637 3.3501356018241495 12.610849187709393 4.7053868696093559 1.6526693245396016 1.8802352265920488 0.67584062367677689 2.1744256601668894 2.3082244731485844 16.137108305469155 9.7779074599966389 4.166659027338028 3.6626764708198607 2.9057356410194188 0.55615689954720426 2.0610044039785866 1.8378337440080939 0.30357185588218261 3.2659971003886312 1.380403255112469 0.34798050276003678 2.0896237143315375 13.095846066251395 0.46281592128798343 0.57116532954387367 4.830486606573686 2.1953343003988266 4.0277839691843837 5.4841719043906778 6.3541200980544081 339.07527984213084
leaf_count=1 51 1 51 90 86 103 1177 53 78 3219 74 66 17 29 1042 115 46 99 131 19 123 170 496 50 57 364 23 126 16 112 62 26 64 63 41 15 74 4 89 17 76 48 19 51 41 6 59 26 11 65 29 12 108 4595 22 65 590 14 363 84 59 150711
internal_value=-0.000549895 -0.0298116 0.0307961 0.00214785 0.0164031 0.00651829 0.00252925 -0.0105168 0.0151532 0.0386773 0.0274137 0.0143429 -0.00579627 0.0133558 0.0308278 0.0196641 0.00588939 -0.0395565 -0.0246412 4.74098e-05 0.0084892 -0.0292104 0.0331777 -0.0290578 0.00338917 0.00499462 0.0322153 0.00340759 0.00610172 0.00327184 -0.0123845 0.000737034 0.0340548 0.00742203 0.0097732 0 -0.0279357 0.00626462 0.0284146 0.00850657 0.0110369 0.0172212 0.0146054 -0.00644862 -0.0159786 -0.0133427 -0.0171315 -0.000387202 -0.0197892 -0.011043 0.00309733 -0.0343123 -0.00119335 -0.0355822 -0.00169049 0.0156719 -0.0251583 -0.0171003 -0.0248388 0.0329774 0.029911 -0.0398045
internal_weight=860.024 444.892 415.132 104.042 148.154 79.098 71.0337 34.8591 36.1746 266.978 69.0558 14.9699 6.28246 21.2472 81.7445 32.4478 14.6796 340.849 6.87432 3.51063 87.182 19.8891 47.8087 16.8603 15.6952 71.0379 2.71147 68.3265 61.1969 56.7154 11.2662 7.73455 4.48153 45.4491 10.7082 2.99832 4.0931 1.61734 8.68747 4.48265 38.5259 22.3888 9.92592 10.1997 6.56841 5.99573 7.12957 3.89884 5.43957 6.92327 3.65727 16.8908 3.53956 13.3207 2.11215 1.03398 5.13406 6.5711 4.37576 7.80531 17.7682 339.232
internal_count=165594 157635 7959 6820 3606 2753 2650 2067 583 4353 853 316 144 264 1134 532 395 150815 265 134 2066 1751 589 4754 178 1943 200 1743 1294 1104 711 649 190 393 92 185 127 103 172 106 187 111 93 121 92 623 449 85 617 206 141 1566 158 4596 177 87 601 389 375 130 137 150712
is_linear=0
shrinkage=0.04


Tree=69
num_leaves=63
num_cat=0
split_feature=1 23 2 10 21 7 2 23 20 10 6 6 2 28 0 11 1 6 10 9 8 0 6 0 9 8 2 7 8 19 19 28 10 1 19 7 28 0 20 6 0 7 10 1 11 7 1 11 11 10 10 24 0 6 11 2 23 8 3 6 0 19
split_gain=470.245 85.3542 28.5009 12.4305 9.46972 6.84612 8.22048 5.62709 3.94523 3.42997 3.5813 4.59137 4.60516 3.39899 2.92189 2.83947 2.83417 2.51197 2.3771 1.88629 1.72944 3.81529 2.31199 2.71008 2.20485 2.4068 3.00908 2.04265 1.87945 1.70286 1.66045 1.54382 1.87729 1.53322 1.42531 1.36861 1.36119 1.34045 1.32275 1.1169 1.10611 1.27639 1.07931 5.20411 1.07274 1.07192 1.05893 1.02277 2.15984 0.906538 0.862572 0.860111 0.845731 0.790837 1.10361 0.740792 0.624947 0.54665 0.518376 0.367821 0.246392 0.194783
threshold=0.078810192644596114 0.19785943627357486 0.58757218718528759 0.30384616553783422 0.60555556416511547 0.83910790085792553 0.11427757143974306 0.61134067177772533 0.6569296419620515 0.30384616553783422 0.69804355502128612 0.2152509689331055 0.1600352078676224 1.0000000180025095e-35 0.44006718695163732 0.70412456989288341 0.21894425153732303 0.61633428931236278 0.76388889551162731 0.92718276381492626 0.64241620898246776 0.53636872768402111 0.64346247911453258 0.52051407098770153 0.8989795744419099 0.92031747102737438 0.53278529644012462 0.75905716419219982 0.92637759447097789 0.60723635554313671 0.64174234867095958 1.0000000180025095e-35 0.095454547554254546 0.25371789932250982 0.56928694248199474 0.5673658847808839 1.0000000180025095e-35 0.83118847012519848 0.96168524026870739 0.86526826024055492 0.61911734938621532 0.57735043764114391 0.30384616553783422 0.29179082810878759 0.63733074069023143 0.84680575132370006 0.48549756407737737 0.92940199375152599 0.89009663462638866 0.240384615957737 0.44949495792388922 1.5000000000000002 1.0000000180025095e-35 0.52885684370994579 0.77888888120651256 0.51369920372962963 0.69059890508651745 0.68133461475372326 1.0000000180025095e-35 0.76253134012222301 0.96444573998451244 0.88581016659736644
decision_type=2 2 2 2 2 2 2 2 2 2 2 2 2 2 2 2 2 2 2 2 2 2 2 2 2 2 2 2 2 2 2 2 2 2 2 2 2 2 2 2 2 2 2 2 2 2 2 2 2 2 2 2 2 2 2 2 2 2 2 2 2 2
left_child=1 3 4 19 5 6 33 15 51 10 11 12 -10 16 -11 42 30 -16 20 52 21 53 40 27 25 26 39 57 47 31 -4 32 -17 -2 58 46 38 -30 -6 44 -22 -42 43 -8 -25 -46 -13 48 59 -21 -34 -9 -1 -5 -55 -19 -36 -24 -3 -26 -39 -18
right_child=2 34 13 18 36 -7 7 8 9 14 -12 35 -14 -15 17 29 61 55 -20 49 22 -23 23 24 28 -27 -28 -29 37 -31 -32 -33 50 -35 56 -37 -38 60 -40 -41 41 -43 -44 -45 45 -47 -48 -49 -50 -51 -52 -53 -54 54 -56 -57 -58 -59 -60 -61 -62 -63
leaf_value=0.0078312925274060669 0.046682947779634686 -0.039830608125320813 -0.0039516727790393927 -0.019569999774778385 0.0014784414753693199 0.038671193839920889 -0.027649378606328531 -0.035290733824747407 -0.020016579447995161 0.035903019389558734 0.019097134957901045 -0.045078019490281729 0.027144341357101115 0.041790675078103801 0.023033825384143745 0.014147893249330754 0.036705901139574088 -0.024255202635480155 0.021828349907268545 -0.016584584290172746 -0.031239635009380144 0.077431157765908615 0.01486915464117468 0.017305011270832896 0.00078410295342299025 -0.035430402190161088 0.036429708982120924 0.046833360304004694 0.021924004477318539 0.027545359854234445 0.02529205139779513 0.015635238688240512 -0.037100575376576204 0.013892458257437731 0.017487913628450404 -0.00063035587782673045 0.03544231607936163 0.0097015912012025935 0.028252140120151169 0.019045829040300683 0.017735982183795608 -0.019425972061656957 0.046289752882792287 0.037235574143179795 -0.032511410633230105 0.0057210774741481398 -0.017309070615521897 -0.02433535212145618 0.03190146099382319 0.015806887419482604 0 0.0042763639372073985 -0.037002393141482924 0.036948851645144484 -0.012224917939361922 0 -0.015674792107329236 -0.017838697357319796 -0.0051087052355692567 -0.025700601422438428 0.0016550704030651522 0.026733605114984505
leaf_weight=0.22430290281772869 6.709146249573676 324.69617066648789 6.007269037421791 1.0588338875677434 5.8555155918002111 10.124901080038397 2.0746621401049214 6.94703889125958 5.4758522287011164 4.7262579549569628 4.9014231807086608 6.47852935572155 5.752513125538826 178.57924726977944 3.958245618734507 1.5795014733448605 42.626520249992609 3.3769269092008471 15.967727836221455 1.976433215895667 3.1408161076251409 0.63802486890926946 0.35818022419698425 0.31019945489242484 0.7607079327572136 3.4411882562562823 1.7756451829336581 3.1738580409437418 11.110103719867764 2.1612845638301215 4.6258193105459213 2.5810814679134637 3.2352764818351716 5.5358081553131342 0.60352565278299053 2.753067110432311 33.683319218456745 11.2411195486784 6.0503087863326073 0.55737324291840185 1.9282335021998736 1.9726221514865754 4.0388868437148631 4.7579122735187411 4.0485207284800708 0.96612641541287292 6.9478530436754227 3.2202316364273429 1.4039685351308433 1.5510730161331592 1.5965755127836017 0.5645564158912747 12.624234661692752 0.47696543042547979 0.56447491678409278 3.7636162124108523 1.0740614649839697 0.96387756825424731 1.2712782495655108 1.4833766282536087 16.129742996767163 26.399017915129662
leaf_count=1 59 150241 51 90 50 127 179 1318 34 48 74 214 49 3219 42 40 638 49 123 113 364 23 17 16 42 62 26 32 58 28 41 33 327 50 24 63 449 53 62 6 31 54 92 47 589 12 54 65 29 45 64 15 4595 22 65 39 268 141 282 70 76 404
internal_value=-0.000527048 -0.0295732 0.0304364 0.00212961 0.0160784 0.00897649 0.00520018 0.000179167 -0.00654977 -0.00197929 -0.00944737 -0.0151854 0.00406171 0.0384248 0.0126855 0.0168994 0.030405 0.000317677 0.00826991 -0.0287511 0.00489133 0.0315623 0.00331716 0.00594092 0.00319188 -0.011967 0.000989188 0.0328676 0.00716639 0.0018494 0.0095072 -0.00606475 -0.0162713 0.0343289 -0.0395343 -0.0282345 0.0310497 0.0106535 0.0165291 -0.0128667 -0.0168085 -0.000369523 0.0305468 0.0160084 -0.0193227 -0.0247539 -0.0331814 -0.0107335 0.00306503 -0.00111284 -0.027622 -0.031694 -0.0354219 -0.00156269 0.0154041 -0.0130659 -0.000174846 -0.00466742 -0.0397235 -0.0180155 0.00532621 0.0333853
internal_weight=834.581 430.713 403.868 103.068 145.63 100.041 89.916 77.6711 55.6459 48.1343 32.3092 27.4078 11.2284 258.238 15.825 22.0252 79.6586 11.0988 86.6919 16.376 70.7242 2.7383 67.9859 60.9442 56.4483 11.0991 7.65787 4.49592 45.3493 11.1537 10.6331 8.99243 6.41135 12.245 327.645 16.1794 45.5891 38.481 11.9058 5.88222 7.04167 3.90086 10.8715 6.83257 5.32485 5.01465 13.4264 6.86828 3.64805 3.52751 4.83185 7.5116 12.8485 2.10027 1.04144 7.14054 1.67759 1.32206 325.967 2.24408 27.3709 69.0255
internal_count=165594 157635 7959 6820 3606 3045 2918 2809 1999 666 488 414 83 4353 178 810 1134 130 2066 4754 1943 200 1743 1294 1104 711 649 190 393 492 92 464 431 109 150815 331 561 187 112 623 449 85 318 226 617 601 268 206 141 158 391 1333 4596 177 87 88 292 158 150523 112 129 1042
is_linear=0
shrinkage=0.04


Tree=70
num_leaves=63
num_cat=0
split_feature=1 23 2 10 28 7 10 10 2 6 28 2 18 2 23 1 18 18 22 31 10 1 23 18 0 7 19 19 22 23 6 10 7 6 7 0 6 9 9 6 10 9 9 0 7 0 1 0 6 0 22 0 7 6 0 2 9 2 18 0 7 9
split_gain=447.429 83.7867 28.0648 11.7966 9.10945 6.44818 8.22783 9.33638 3.63346 6.4977 3.5006 2.98485 2.87765 2.80774 6.55278 2.78413 2.66016 2.53812 3.48871 2.36101 2.21702 2.1181 2.34799 3.98965 1.89648 1.86249 1.62425 1.58008 1.52956 1.51953 1.34563 0.950018 1.08328 1.53809 1.09408 1.01008 1.33214 1.46462 1.23294 0.848385 0.847368 0.842063 1.87226 0.985669 0.961616 0.837475 0.80179 0.737616 0.677298 4.25236 1.02582 0.859722 0.577169 0.549734 0.541033 0.468561 0.409469 3.08269 0.395444 0.326398 0.295219 0.255092
threshold=0.078810192644596114 0.19785943627357486 0.58757218718528759 0.30384616553783422 1.0000000180025095e-35 0.84292763471603405 0.080128207802772536 0.43650794029235845 0.24498521536588672 0.2152509689331055 1.0000000180025095e-35 0.11427757143974306 0.615800440311432 0.21376482397317889 0.81275406479835521 0.21894425153732303 0.5914268195629121 0.46192501485347753 0.46862745285034185 1.0000000180025095e-35 0.76388889551162731 0.40217100083827978 0.55689010024070751 0.65240275859832775 0.66915929317474376 0.57735043764114391 0.68599441647529613 0.64174234867095958 0.45227272808551794 0.9656645953655244 0.90070420503616344 0.44949495792388922 0.77459675073623668 0.95311355590820324 0.36491677165031439 0.83118847012519848 0.92422503232955944 0.87841832637786876 0.99230769276618969 0.94804319739341747 0.30384616553783422 0.82683658599853527 0.69504830241203319 0.48814642429351812 0.7320508360862733 1.0000000180025095e-35 0.25371789932250982 0.69439807534217846 0.69504830241203319 0.39750339090824133 0.42481203377246862 0.71650776267051708 0.57932874560356151 0.92422503232955944 1.0000000180025095e-35 0.38370318710803991 0.93813776969909679 0.35176308453083044 0.3279555886983872 0.67507311701774608 0.88303694128990184 0.70320320129394542
decision_type=2 2 2 2 2 2 2 2 2 2 2 2 2 2 2 2 2 2 2 2 2 2 2 2 2 2 2 2 2 2 2 2 2 2 2 2 2 2 2 2 2 2 2 2 2 2 2 2 2 2 2 2 2 2 2 2 2 2 2 2 2 2
left_child=1 3 4 24 5 6 8 29 9 12 15 -11 -2 14 -6 27 54 -9 19 -19 31 22 -15 55 45 -26 -21 -4 -14 48 -18 32 34 56 -5 36 37 41 59 -37 -31 42 -33 -44 47 -1 -10 -43 51 -50 -51 58 -45 -27 -3 -24 57 -34 -8 -39 -59 -36
right_child=2 16 10 20 13 -7 7 17 46 11 -12 -13 28 21 -16 -17 30 18 -20 26 -22 -23 23 -25 25 53 -28 -29 -30 40 -32 35 33 -35 61 39 -38 38 -40 -41 -42 44 43 52 -46 -47 -48 -49 49 50 -52 -53 -54 -55 -56 -57 -58 60 -60 -61 -62 -63
leaf_value=0.0077775669519893568 0.039151471701135358 0.0031630391348562042 -0.0038137507666751126 0.020672760528791075 0.032328088740270031 0.039025587444418135 0 0.039040966330063542 0.0079236577874983016 0.021408716395744008 0.04164882444772941 -0.034168918366833202 -0.0079193545528396907 0.033985406487119812 -0.014454351790905992 0.03300812121732271 -0.017082091475341402 -0.03732704362961542 0.034734923498109367 -0.014532018360386919 0.021224205095440932 0.036277879171648049 -0.0011531035004040712 0.027692017772215218 0.036626662662294363 -0.025498967535014946 0.026342637095637597 0.024808446424800498 0.0185211073360903 -0.015423340683519771 0.031987125382335689 0.029060154644096899 0.048375579920773383 -0.019612352445118546 0 -0.0068410492509470219 0.03640469660727904 0 0.008674893695656832 0.0069540284877762613 0.019037085531415414 0.0079462304177939525 0.011688132284046523 0.004167437826966768 0.0070253124723395682 -0.036875550120899242 0.039809297406545666 0.060026374146439763 0.03547965848971095 -0.037373950270614291 0.0055516336261237156 0 -0.027906325337177563 0.0027121861234566508 -0.039818397127960835 -0.033037367907179357 0.026202183523564057 -0.02469306137523394 -0.041792019017802134 -0.019229759710006809 0.00014242347443075689 -0.025159387074499873
leaf_weight=0.22373735904693504 6.1960458338726374 0.15471039712428947 6.0116113948170078 0.24854932236484995 9.5814853997435439 7.5472400030121198 0.39605650748126642 3.4430056002456686 2.5363307660445562 1.1458295471966256 172.15301643684506 6.1370564650278538 5.6924721114337427 4.4746267863083613 7.8095828560180953 67.113508488982916 0.89943337556905933 2.5739757469855231 2.5343470759689808 2.2313075494021177 15.797330701723693 37.204618602991104 1.3669861890375616 3.2557031624019146 0.50094511010684017 1.8179976036772134 1.9666566401720045 4.548427127301693 6.2628188282251358 1.49101552250795 0.6733546108007431 2.5663222647272104 0.61091298446990583 1.7607265450060365 1.0890719725284723 11.124991064891221 2.3783590551465741 2.5011907273437837 10.007417093031108 16.077598324045539 1.105974400648847 1.2413205869961532 1.553910117363557 0.6507995480205867 2.7098993833642453 12.219100549118592 8.0799700785428268 1.1638727299869058 1.0772300006356079 4.3716322791296989 0.59978820383548725 0.70500174793414849 2.1960775482002646 1.153065077960491 313.27139756293036 2.5429094745777547 2.278938562143594 1.7291157525032761 10.979337990283964 3.5075373311992735 0.61818302515894163 4.4157646945677698
leaf_count=1 51 1 51 26 103 90 30 85 103 15 3219 263 33 54 60 1042 99 76 23 80 123 505 50 31 36 250 12 41 47 106 4 44 6 9 198 67 14 63 47 75 36 77 48 43 55 4460 76 10 19 418 5 19 119 7 150711 50 19 148 1166 58 6 811
internal_value=-0.000502319 -0.029329 0.0300713 0.00210753 0.0157532 0.00620541 0.00208313 -0.0119476 0.0151904 0.00625421 0.0381731 -0.0234129 0.0189674 0.0265461 0.011459 0.0299873 -0.0395098 0.0141106 0.00160596 -0.0131516 0.00805204 0.0315 0.0142504 -0.000236208 -0.0284357 -0.00068021 0.00523131 0.00924801 0.0059833 -0.0280727 0.00663852 0.0047858 -0.00464017 0.00531892 -0.0163397 0.00698135 0.011877 0.00848372 0.000112976 0.00112793 0 0.0184174 0.00692562 -0.00823227 0.0297236 -0.0352562 0.0338738 0.0445494 -0.0319713 -0.0156311 -0.0314628 -0.0380266 -0.0203571 -0.0156171 -0.0397745 -0.0252099 0.0161427 0.0027207 -0.0404914 -0.0127792 -0.0188689 -0.0215469
internal_weight=810.277 417.142 393.136 102.143 143.309 77.0731 69.5259 33.4753 36.0505 25.4342 249.827 7.28289 18.1513 66.2359 17.3911 77.6735 314.999 12.7493 9.30629 6.77194 86.2279 48.8448 11.6402 7.1656 15.9148 3.47201 4.19796 10.56 11.9553 20.726 1.57279 70.4306 12.7513 6.99788 5.75339 57.6793 30.4767 28.0983 16.0161 27.2026 2.59699 12.0822 6.96711 4.40079 5.11509 12.4428 10.6163 2.40519 18.129 6.04865 4.97142 12.0804 2.84688 2.97106 313.426 3.9099 5.23715 2.95821 11.3754 6.00873 2.3473 5.50484
internal_count=165594 157635 7959 6820 3606 2753 2663 2075 588 409 4353 278 131 853 163 1134 150815 276 191 168 2066 690 185 131 4754 293 92 92 80 1799 103 1943 1223 188 1035 720 578 564 168 142 142 396 254 210 142 4461 179 87 1657 442 423 1215 162 257 150712 100 179 160 1196 121 154 1009
is_linear=0
shrinkage=0.04


Tree=71
num_leaves=63
num_cat=0
split_feature=20 13 2 10 28 10 7 10 10 11 28 18 1 2 23 20 21 31 6 6 2 2 18 24 10 7 11 7 23 2 6 9 7 2 2 6 2 20 18 18 11 11 11 10 6 7 6 11 6 2 11 21 6 10 19 11 2 7 23 1 19 19
split_gain=425.681 77.8899 24.9752 11.0385 8.09584 8.08035 5.90344 7.7341 7.84751 3.75459 3.40048 3.30183 3.10556 3.02288 6.22265 2.7394 2.3784 4.01025 2.0697 1.98765 8.22439 2.62183 2.88816 1.68824 1.57961 1.56698 2.11365 1.82217 1.53311 1.51186 3.17591 1.73885 2.78266 1.93112 1.51576 1.41585 1.56919 1.33763 1.69804 1.27437 1.1613 0.984366 0.984082 0.808299 0.757033 2.12462 2.11791 2.00905 0.739424 3.09929 1.24312 0.978915 0.690403 0.666252 0.560371 0.506587 0.632956 0.454075 0.452226 0.418996 0.472428 1.64754
threshold=0.58656641840934765 1.0000000180025095e-35 0.58757218718528759 0.240384615957737 1.0000000180025095e-35 0.73214286565780651 0.84292763471603405 0.080128207802772536 0.43650794029235845 0.34654632210731512 1.0000000180025095e-35 0.53532215952873241 0.25371789932250982 0.21376482397317889 0.81275406479835521 0.7353600561618806 0.46862745285034185 1.0000000180025095e-35 0.56294015049934398 0.2152509689331055 0.25783495604991918 0.17189858108758929 0.73375529050827037 1.0000000180025095e-35 0.76388889551162731 0.57735043764114391 0.77459675073623668 0.62258651852607738 0.9656645953655244 0.34339168667793279 0.75905716419219982 0.8989795744419099 0.72850123047828685 0.42669336497783666 0.4462836235761643 0.43792808055877691 0.35861176252365118 0.84764185547828685 0.65240275859832775 0.65240275859832775 0.85053193569183361 0.91547620296478283 0.77459675073623668 0.30384616553783422 0.70926907658576976 0.85145786404609691 0.96824595332145702 0.67799538373947155 0.69504830241203319 0.42000661790370947 0.73431372642517101 0.15894736349582675 0.94804319739341747 0.36931818723678594 0.82972848415374767 0.35355392098426824 0.27728973329067236 0.55351883172988903 0.61463111639022838 0.19251272827386859 0.88581016659736644 0.90152388811111461
decision_type=2 2 2 2 2 2 2 2 2 2 2 2 2 2 2 2 2 2 2 2 2 2 2 2 2 2 2 2 2 2 2 2 2 2 2 2 2 2 2 2 2 2 2 2 2 2 2 2 2 2 2 2 2 2 2 2 2 2 2 2 2 2
left_child=1 3 4 52 6 12 7 9 28 -2 15 23 39 14 -6 -4 17 58 35 54 21 22 -21 -7 25 26 -20 -27 48 30 -29 32 33 -31 41 36 -5 38 -15 -3 -35 -34 -19 -30 -33 47 -47 -46 51 -50 -51 53 -1 -9 -11 -37 -57 -28 -10 -17 -61 -62
right_child=2 5 10 18 13 11 -8 8 16 19 -12 -13 -14 37 -16 59 -18 42 24 20 -22 -23 -24 -25 -26 27 57 29 43 31 -32 44 34 40 -36 55 -38 -39 -40 -41 -42 -43 -44 -45 45 46 -48 -49 49 50 -52 -53 -54 -55 -56 56 -58 -59 -60 60 61 -63
leaf_value=-0.036473780911565695 -0.018758914335145233 -0.039646522661565431 0.0071747476691593915 -0.015776310698128536 0.031863022007280112 -0.027248911674395738 0.039087232860824286 -0.017825237826839941 -0.0028695554827293137 0.019921989892340983 0.041584093677562946 0.040246572009625767 0.017689708880630137 0.0032802567078843866 -0.013880755067437757 0.0093972114843921973 0.040579606089226512 0.033085192501366739 0.053820899840994044 -0.027126509891573624 0.033166605013404758 -0.044696055685644609 0.031684929313106978 0.017580600942788065 0.02073550441056533 -0.026988522051032079 -0.016904997604891638 -0.017657552514799418 -0.014046665550082776 -0.018875373422647994 0.050789716383308987 0.021193879641046479 -0.019530643584435896 -0.0014515730189654794 -0.032402005623115487 0 0.037919698707001445 0.036394871953958838 0.033756440328986573 0.01001264981632999 0.041849820595835079 0.017274308844490719 0.001295494312334905 0.020085220502047578 0.0079909755645305013 0.023367525972930361 0.0015020411000818469 -0.021208897590791663 0.023911990507731358 0.0048694227801177751 -0.039900056286608525 -0.041600598562248743 0.00090573461133177909 0.017327530472044203 0.04061201155410183 0 -0.034023205043899024 0.012814586923710673 -0.03816186124367011 0.037497297554970006 0.00061510229352993416 0.030047103517492093
leaf_weight=10.141760754166167 3.6123245900962493 304.34540527034551 8.7499537211842817 0.76814821804873534 9.3923791879788059 2.993631321238353 7.3043275070376685 0.97354023670778633 1.2734348240774109 11.457745220046492 164.18092223629355 1.8657643590122459 0.90296695893630285 7.1339164590463024 7.8307879175990811 2.6375630982220164 2.670464362949132 3.098935081390664 1.436438959790393 1.6961051754187786 8.1889433981850726 3.1333269462920725 1.6361940465867517 1.0916951727122066 14.269100636243818 1.8069940737914283 0.87213858705945291 0.93317560036666636 1.3836396727710956 1.0687492280267168 2.1259418176487088 5.1056750044226638 0.98291240097023402 1.1142147423233839 5.3812466678209603 1.5232673161663113 0.79507092689163983 34.774321217089891 4.74586321413517 0.33686589635908504 2.0679326511453837 1.7661702821496872 3.0955104862805456 1.0498143651057033 6.2566723956260812 12.266512067522855 16.452693238854408 6.8195462853182107 1.5184936069417734 0.83958690892904986 3.2351802699267864 9.5159734108019602 0.57665048539638597 0.49853298650123179 5.9936540499329558 0.87904968764632929 3.1394790217746049 0.41060654073953629 1.910142339998856 37.395392738282681 3.8953989669680622 21.349236387759447
leaf_count=3548 43 151218 73 103 98 784 86 275 30 81 3206 15 12 77 59 28 24 46 134 90 115 113 19 18 114 252 147 155 76 261 27 51 92 94 209 20 17 496 41 6 115 75 67 23 38 71 75 174 94 26 213 606 3 26 59 114 337 50 61 608 63 343
internal_value=-0.00047434 -0.0286134 0.0302162 0.00225335 0.0164459 -0.0384069 0.00722082 0.00315113 -0.0111814 0.0156898 0.0380726 0.00622756 -0.0393066 0.0268075 0.011225 0.0297811 0.0132035 0.00186351 0.00706171 0.0201361 0.00807524 -0.0233539 0.00147536 -0.0133814 0.00892876 0.00608193 0.0316089 0.0044699 -0.0267202 0.00585657 0.0297184 0.00408632 -0.00862656 0.014907 -0.0216541 -0.0122368 0.0141126 0.0321199 0.0174414 -0.039546 0.0290099 0.00134863 0.0201433 0.00107437 0.00763588 0.00542965 0.0114478 -0.00737812 -0.0308559 -0.0139239 -0.0307455 -0.0372608 -0.0342157 -0.00210874 0.0290606 -0.021302 -0.0274412 -0.00419327 -0.0290613 0.032597 0.0333479 0.0258545
internal_weight=786.668 410.496 376.172 98.9601 137.963 311.536 74.0859 66.7815 31.0632 35.7183 238.208 5.95109 305.585 63.8773 17.2232 74.0275 12.0485 9.37802 88.2417 32.106 14.6546 6.46563 3.3323 4.08533 81.1367 66.8676 2.71918 64.1484 19.0148 62.3414 3.05912 59.2823 12.3812 4.2509 8.13033 7.10502 1.56322 46.6541 11.8798 304.682 3.18215 2.74908 6.19445 2.43345 46.9011 41.7954 28.7192 13.0762 16.5813 5.59326 4.07477 10.988 10.7184 1.47207 17.4514 5.5418 4.01853 1.28275 3.18358 65.2776 62.64 25.2446
internal_count=165594 158329 7265 6276 2944 152053 2173 2087 1567 520 4321 817 151236 771 157 1115 228 204 2725 477 337 222 109 802 2134 2020 331 1689 1339 1437 182 1255 846 470 376 591 120 614 118 151224 209 167 113 99 409 358 146 212 1240 333 239 907 3551 301 140 471 451 197 91 1042 1014 406
is_linear=0
shrinkage=0.04


Tree=72
num_leaves=63
num_cat=0
split_feature=1 23 2 10 22 7 2 23 28 20 10 6 8 1 1 0 18 11 18 10 0 7 22 1 18 8 0 6 0 9 8 2 11 8 11 28 20 7 6 0 23 22 0 7 6 11 7 11 11 18 8 6 24 0 1 11 8 6 0 11 11 18
split_gain=405.122 80.8213 27.0201 10.6474 8.34194 6.01561 7.36201 5.17717 3.70347 3.47131 3.25925 3.29044 4.14517 2.92671 2.69979 2.65801 2.61969 2.58666 2.48085 1.94965 1.89586 1.74729 1.6845 1.67446 1.71693 1.65351 3.56218 2.09576 2.39748 1.88834 2.25273 2.67797 1.84582 1.63349 1.53077 1.35182 1.30858 1.2996 1.25769 1.12782 1.11421 1.1039 1.04963 1.18013 1.04009 1.04414 1.03184 0.99283 2.0338 0.844513 1.74508 0.896014 0.822022 0.815475 0.786299 0.784492 0.76458 0.691341 0.530756 0.364511 0.336308 0.331339
threshold=0.078810192644596114 0.19785943627357486 0.58757218718528759 0.30384616553783422 0.60555556416511547 0.83910790085792553 0.11427757143974306 0.61134067177772533 1.0000000180025095e-35 0.6569296419620515 0.30384616553783422 0.69804355502128612 0.22474747896194461 0.29179082810878759 0.21894425153732303 0.44006718695163732 0.5914268195629121 0.86425063014030468 0.73375529050827037 0.76388889551162731 0.66915929317474376 0.57735043764114391 0.14039409160614016 0.36960017681121832 0.4226078093051911 0.64241620898246776 0.53636872768402111 0.64346247911453258 0.52051407098770153 0.8989795744419099 0.92031747102737438 0.53278529644012462 0.89379698038101207 0.92637759447097789 0.82247900962829601 1.0000000180025095e-35 0.96168524026870739 0.5673658847808839 0.90070420503616344 0.83118847012519848 0.87082868814468395 0.21240601688623431 0.61911734938621532 0.57735043764114391 0.86526826024055492 0.63733074069023143 0.84680575132370006 0.92940199375152599 0.89009663462638866 0.43259048461914068 0.7320508360862733 0.57932874560356151 1.5000000000000002 1.0000000180025095e-35 0.48549756407737737 0.98936170339584362 0.56949809193611156 0.270728349685669 1.0000000180025095e-35 0.71563342213630687 0.58898946642875682 0.94836473464965831
decision_type=2 2 2 2 2 2 2 2 2 2 2 2 2 2 2 2 2 2 2 2 2 2 2 2 2 2 2 2 2 2 2 2 2 2 2 2 2 2 2 2 2 2 2 2 2 2 2 2 2 2 2 2 2 2 2 2 2 2 2 2 2 2
left_child=1 3 4 20 5 6 13 17 14 52 11 12 40 -2 -4 -12 58 22 34 25 53 -22 -8 24 41 26 56 42 32 30 31 44 -29 47 -17 36 -6 54 -18 -35 -11 -19 -27 -44 45 -30 -47 48 59 -24 51 57 -9 -1 -14 -23 -5 -51 -3 -31 -59 -37
right_child=2 16 8 19 35 -7 7 9 -10 10 15 -13 37 -15 -16 18 38 23 -20 -21 21 55 49 -25 -26 27 -28 28 29 33 -32 -33 -34 39 -36 61 -38 -39 -40 -41 -42 -43 43 -45 -46 46 -48 -49 -50 50 -52 -53 -54 -55 -56 -57 -58 60 -60 -61 -62 -63
leaf_value=0.0075885475384775284 0.046440446692187443 0.0030460093634970594 0.0086790715088507601 0.015046957111697446 0.00027465765258663212 0.037196278707657904 -0.010812846210984143 -0.034813732703793579 0.041380234556421265 -0.0080785606498971346 0.034706944888351736 0.018107835262812268 -0.044365737391950572 0.0036094086223288908 0.032261189583143918 -0.02761977001741981 -0.016573638415330032 -0.012245839869628287 0.022015973046474954 0.020142218008912829 0.035489653181910844 -0.026751886499769988 0.043639809152116141 0.024913416966719462 -0.031168643435511758 -0.030774459607391065 0.073999694553710679 -0.007024108604218148 0.017162315027829642 0.0010941104103049091 -0.03462248328695177 0.034141419507318409 0.042966664914872138 0.020181260736825277 0.0067492598240964236 0.037804961916139426 0.027192640556683814 -0.00063799592392645957 0.03112252360083443 0.0049006874335483881 0.015138070696464201 0.028563999841174872 0.016863794704737103 -0.018954248454581383 0.01835065754366675 -0.032138165543861404 0.0056181772194378553 -0.023842289745557858 0.03107515702527432 0.024472779826125071 -0.01010201557002886 0.047501440283436842 0.0042890725382844679 -0.036651206067451474 -0.018220629999121121 0.0068130529504020826 -0.019339324060590964 0.00868106798764408 -0.039790084872218426 -0.025255148409661407 -0.012659806064785903 0.020465211021867886
leaf_weight=0.22169972956180473 7.5590657005086523 0.15250854194164176 10.40239155711606 1.0385394012555478 5.6521869450807554 9.4457974592223746 1.2244864194653953 6.3787874819245181 159.95440986379981 5.7993231192231232 4.5606190813705316 4.7410410004667929 5.9306879828218353 4.1974724140018225 63.49837713688612 3.912789772031827 0.85989369312301167 1.1834020982496434 4.1581283360719681 15.459023348987101 0.52169118821620886 1.8505216350313276 4.5760837635025373 1.3473744615912435 2.9416371745755896 2.996843244880437 0.68062699027359475 1.1027893682476122 0.31283363746478965 0.74339076736941923 3.2596692629158497 1.8189545399509368 3.3722536293789744 11.060800298117099 2.7677379122469574 23.271454136818651 5.7060718722641468 2.6676828532945356 0.67014091461896896 27.294606741517782 5.3342709112912416 1.0639958018437026 1.9468450953718277 1.9248345426749436 0.55797320511192072 3.86361582018435 0.95312286354601372 3.1377557320520282 1.4130851586814968 2.5260304361581785 2.0029819572810084 1.6809908644063396 0.54255896480754007 11.426439822418613 6.8550608986988664 1.03131662029773 1.0597785736899821 1.4212044700980189 289.50296291406266 1.439312689239159 1.2375935029704122 7.7928087860345832
leaf_count=1 71 1 92 72 50 127 158 1318 3219 43 48 74 212 38 1042 51 99 90 30 123 36 227 115 14 159 364 23 126 16 28 62 26 64 58 49 334 62 63 4 129 43 9 31 54 6 589 12 65 29 26 89 54 15 4460 53 30 105 45 150711 84 51 115
internal_value=-0.000451006 -0.0288197 0.0293777 0.00206662 0.015168 0.00842716 0.0048552 1.4792e-05 0.0376747 -0.00655104 -0.00225738 -0.00965203 -0.0152242 0.0329436 0.0291553 0.0122135 -0.0394629 0.0163529 0.000278793 0.00763939 -0.0278218 -9.38045e-05 0.0252265 -0.00373599 -0.0146448 0.00457612 0.030486 0.00301468 0.00551671 0.00290651 -0.0113419 0.00117904 0.0308839 0.00656775 -0.0138351 0.0297935 0.0152273 -0.0280154 0.00678006 0.00980971 0.00304608 0.00868954 -0.0163619 -0.000357792 -0.0122935 -0.0187294 -0.0242979 -0.0102623 0.0033268 0.029307 0.0178337 0.0267402 -0.031089 -0.0349595 -0.0329768 -0.0150489 -0.00166571 0.0127704 -0.0397434 -0.0175001 -0.000904357 0.0343538
internal_weight=764.008 391.674 372.335 100.488 138.479 96.0568 86.611 74.8545 233.855 53.6487 46.7273 31.3281 26.587 11.7565 73.9008 15.3993 291.186 21.2058 10.8387 85.4367 15.0517 3.40353 14.6694 6.53641 5.18904 69.9776 2.77894 67.1987 60.3302 55.8551 10.7662 7.5065 4.47504 45.089 6.68053 42.4225 11.3583 15.4534 1.53003 38.3554 11.1336 2.2474 6.86852 3.87168 5.68755 5.12957 4.81674 6.73354 3.59579 13.4449 8.8688 6.86582 6.92135 11.6481 12.7857 2.88184 2.09832 5.18483 289.655 2.1827 2.6588 31.0643
internal_count=165594 157635 7959 6820 3606 3045 2918 2809 4353 1999 666 488 414 109 1134 178 150815 810 130 2066 4754 293 538 272 258 1943 200 1743 1294 1104 711 649 190 393 100 561 112 328 103 187 86 99 449 85 623 617 601 206 141 380 265 176 1333 4461 265 257 177 122 150712 112 96 449
is_linear=0
shrinkage=0.04


Tree=73
num_leaves=63
num_cat=0
split_feature=1 13 2 10 21 10 2 9 6 1 28 1 19 1 1 18 0 8 6 0 8 6 6 20 10 8 8 0 9 9 6 0 28 19 8 2 8 20 6 21 0 10 6 6 8 0 6 6 0 10 9 9 8 6 6 6 0 18 6 6 8 6
split_gain=385.201 77.4782 26.5712 10.0571 7.97774 5.50866 8.51006 4.02679 5.34837 4.78207 3.82166 3.1242 4.2384 2.82415 2.66749 2.55715 2.37457 2.35786 3.47728 2.11338 4.17124 2.42471 1.88867 1.83942 1.37921 2.06691 1.623 2.16987 1.76418 1.45747 1.34507 1.46742 1.33438 1.25705 1.90716 5.13874 1.26854 1.25361 1.21933 1.08554 1.07603 0.981724 2.35179 1.86692 2.64326 1.48159 2.56966 2.34613 1.234 1.17777 0.969669 0.958299 0.74824 0.74731 0.726437 0.687434 0.549767 0.50826 0.462667 0.441992 0.393754 0.386874
threshold=0.078810192644596114 1.0000000180025095e-35 0.58757218718528759 0.240384615957737 0.60555556416511547 0.4083333313465119 0.11427757143974306 0.12132352963089944 0.69504830241203319 0.13631390780210498 1.0000000180025095e-35 0.53663355112075817 0.82972848415374767 0.29179082810878759 0.21894425153732303 0.5914268195629121 0.68455016613006603 0.81016731262207042 0.84292763471603405 0.45338293910026556 0.83795946836471569 0.61633428931236278 0.56294015049934398 0.6253834366798402 0.76388889551162731 0.64565756916999828 0.75931033492088329 0.48967123031616216 0.82683658599853527 0.69504830241203319 0.43792808055877691 0.51247477531433117 1.0000000180025095e-35 0.68599441647529613 0.48528139293193823 0.25783495604991918 0.17267081141471866 0.96168524026870739 0.90070420503616344 0.53589746356010448 0.53636872768402111 0.58571431040763866 0.96824595332145702 0.70320320129394542 0.92637759447097789 0.78874963521957409 0.91734972596168529 0.72481885552406322 0.67195799946784984 0.44949495792388922 0.69504830241203319 0.93440860509872448 0.55848154425621044 0.81530213356018078 0.64747309684753429 0.94804319739341747 0.81607216596603405 0.73375529050827037 0.71834936738014232 0.90366768836975109 0.90521115064620983 0.75905716419219982
decision_type=2 2 2 2 2 2 2 2 2 2 2 2 2 2 2 2 2 2 2 2 2 2 2 2 2 2 2 2 2 2 2 2 2 2 2 2 2 2 2 2 2 2 2 2 2 2 2 2 2 2 2 2 2 2 2 2 2 2 2 2 2 2
left_child=1 3 4 55 5 6 13 -8 11 -10 14 12 16 -2 -4 23 33 -11 -19 -7 21 -21 30 -3 25 40 50 53 29 -29 31 -5 37 34 35 36 -9 -6 -17 -13 -24 42 43 54 48 47 -47 -43 49 51 -27 -45 -32 61 -30 -1 -54 -36 -23 -50 -49 -28
right_child=2 15 10 22 32 19 7 8 9 17 -12 39 -14 -15 -16 38 -18 18 -20 20 -22 58 24 -25 -26 26 27 28 41 -31 52 -33 -34 -35 57 -37 -38 -39 -40 -41 -42 45 -44 44 -46 46 -48 60 59 -51 -52 -53 56 -55 -56 -57 -58 -59 -60 -61 -62 -63
leaf_value=-0.036197285052807233 0.04570752253694825 -0.039647372108007103 0.0083890688228933589 -0.015451290159105716 0.00026535363829407506 0.042566985974558103 0.028345655221753276 0.0030262645045568731 -0.029723389706112557 0.035712097581424025 0.041246387109686998 0.014267085105435742 0.013814333647133976 0.0034937448928723455 0.031873912286948358 -0.016391159772549613 0.015096128318080703 -0.025409418879330299 0.029972487551563565 0.019047754862727771 0.033524498805718603 -0.026801169453538595 0.00052181676482658805 0.0037643488839963664 0.019648531619892745 0.012980462589877397 -0.010661521876041212 0.014843013979977815 0.00024765043974082321 -0.031074368691572544 0.0084290825986010759 0.036506727684206541 0.033951347593779872 -0.044215538602447584 -0.035645615785379066 0.040058837585749962 -0.035057524177601648 0.026728858814324442 0.030664254811459443 -0.0089666467276122812 0.063781853670286326 0.049080162165292943 -0.024167457201602342 -0.022868603253231447 0.023982671749487518 -0.011866270543889701 0.014858548754092768 -0.0025365538238717278 -0.024340068390154183 0.026677385106556789 -0.028576129597576667 0.02018290468723 -0.029656227468186924 0.05021980279987024 -0.032144784844588103 0.0010748281017751767 0.003418626884083733 0.002526111603807459 -0.0021807338196252273 0 0.015302022947559883 0.01649198198653529
leaf_weight=9.464502135291692 7.3924910984933359 279.46090464515146 10.366818350739775 0.74628444691188522 5.6514425799250585 6.6988392851781127 4.5940501056611529 1.5209534130990592 2.5556267666397607 7.3817930694203806 154.17438368871808 5.5065081641077978 3.8154956810176364 4.1961102932691574 61.746849533170462 0.84610041859559604 1.2291666835080821 2.78667335328646 2.4744595587253571 3.6099433780182171 8.7494550861883891 3.2276645747479051 0.81379687623120733 1.2345402586506669 13.940077535808085 0.40214435732923393 0.48990341788157754 0.72547139972448293 1.5193735314533179 2.8925524072255939 0.5463935697916894 0.81097191292792559 30.237053167074919 8.3323423592373711 7.3129175821086392 1.8652830158825962 3.7002002384979278 5.59254315122962 0.66793874651193619 5.2602044492959976 0.48687334801070392 2.7122097560204583 4.2191625982522956 1.48040612973273 9.8023672401905042 8.4216744974255562 13.65272168815136 3.1539256649557501 3.193745699012652 1.9050592535641042 2.6235845028422773 0.25413003936409939 4.3991951018106192 1.3370964517816899 1.534639243269339 0.57187202572822649 0.47425568103790272 0.25567074539139856 2.5265716179274023 1.3120353482663629 2.6442255489528179 0.81361445435322821
leaf_count=3548 71 151082 92 103 50 93 44 17 390 110 3219 42 23 38 1042 99 38 55 29 60 117 103 96 174 114 30 85 20 63 197 63 17 449 105 1251 51 284 62 4 39 35 37 17 262 53 43 66 71 175 37 580 9 406 8 93 3 2 3 82 8 15 20
internal_value=-0.00042432 -0.0285627 0.0290031 0.0021619 0.0148574 0.00825047 0.00234067 -0.00394596 -0.00723149 0.0121966 0.0374139 -0.0150578 -0.021906 0.0322318 0.0287134 -0.039145 -0.0280173 0.022521 0.000626249 0.0240726 0.0151545 -0.00320216 0.00667786 -0.0394296 0.00846693 0.00580305 0.00434694 0.00590885 0.00392633 -0.0197806 -0.0118984 0.0137375 0.0293429 -0.0310226 -0.0209208 -0.00425013 -0.0246173 0.0148625 0.00671683 0.00277867 0.0433708 0.00585489 0 0.00569879 0.0108844 0.0105539 0.00441693 0.0239132 -0.00533983 0.00993361 -0.0202069 -0.0100242 -0.0208798 0.0360912 -0.0189569 -0.0338061 -0.0257225 -0.033745 -0.0185064 -0.0179671 0.0060645 0.00435224
internal_weight=742.315 379.554 362.762 97.3443 136.473 94.9924 70.1799 58.5913 53.9973 15.1986 226.288 38.7987 28.032 11.5886 72.1137 282.209 24.2165 12.6429 5.26113 24.8125 18.1136 9.36418 87.3079 280.695 80.3308 66.3907 65.09 62.0643 59.4237 3.61802 6.9771 1.55726 41.481 22.9874 14.655 7.08644 5.22115 11.244 1.51404 10.7667 1.30067 55.8057 25.2209 21.0018 17.9477 30.5848 22.0744 8.51036 8.14538 3.6396 3.02573 1.73454 5.41984 2.64061 3.05401 10.0364 4.87345 7.56859 5.75424 4.50578 5.79815 1.30352
internal_count=165594 157635 7959 6276 3606 3045 2590 2481 2437 584 4353 1853 1772 109 1134 151359 1749 194 84 455 362 245 2725 151256 2134 2020 1889 1279 1166 217 591 120 561 1711 1606 352 301 112 103 81 131 949 717 700 544 232 109 123 491 308 610 271 471 113 156 3551 408 1254 185 183 86 105
is_linear=0
shrinkage=0.04


Tree=74
num_leaves=63
num_cat=0
split_feature=20 23 2 10 21 28 7 10 10 28 11 2 23 20 11 10 5 21 31 10 2 6 2 21 21 6 8 0 6 11 11 11 10 20 2 20 20 10 8 6 8 2 2 0 0 7 8 2 31 0 6 6 11 20 6 19 2 23 7 7 2 23
split_gain=366.139 73.3257 23.9369 10.1479 7.84032 7.24586 5.2919 6.95667 7.09359 3.7513 3.49913 2.90967 5.83084 2.74949 3.06358 2.72916 2.68284 2.29632 3.68103 1.94777 1.82296 7.5069 2.50529 1.66557 5.66906 1.59378 2.46079 3.55546 2.2129 1.57217 2.19485 1.48132 1.39665 1.25244 1.46406 1.20533 1.10183 1.02044 1.28707 1.90333 2.18708 1.69558 1.45296 1.09435 1.33328 1.36712 1.11043 0.970792 0.958858 1.27732 1.06127 0.957485 0.867026 0.807694 0.689287 0.621549 0.540372 0.417286 0.362694 0.341436 0.335974 0.33146
threshold=0.58656641840934765 0.19785943627357486 0.58757218718528759 0.240384615957737 0.18019481003284457 1.0000000180025095e-35 0.84292763471603405 0.080128207802772536 0.43650794029235845 1.0000000180025095e-35 0.34654632210731512 0.21376482397317889 0.81275406479835521 0.7353600561618806 0.81530213356018078 0.44949495792388922 1.0000000180025095e-35 0.46862745285034185 1.0000000180025095e-35 0.44949495792388922 0.24895579367876056 0.2152509689331055 0.17189858108758929 0.73030304908752453 0.62202382087707531 0.78086888790130626 0.64051282405853283 0.53636872768402111 0.95311355590820324 0.98936170339584362 0.7670542597770692 0.94519516825675975 0.30384616553783422 0.84764185547828685 0.44791465997695928 0.82078272104263317 0.49880382418632513 0.76388889551162731 0.99438202381134044 0.92940199375152599 0.87026646733284008 0.53278529644012462 0.48625682294368749 0.63326683640480053 0.41016845405101782 0.84680575132370006 0.68614074587821972 0.53885021805763256 1.0000000180025095e-35 0.48967123031616216 0.74133810400962841 0.63453349471092235 0.77459675073623668 0.87559524178504955 0.94804319739341747 0.56928694248199474 0.62731361389160167 0.61463111639022838 0.82078272104263317 0.48050633072853094 0.12405638396739961 0.26293487846851354
decision_type=2 2 2 2 2 2 2 2 2 2 2 2 2 2 2 2 2 2 2 2 2 2 2 2 2 2 2 2 2 2 2 2 2 2 2 2 2 2 2 2 2 2 2 2 2 2 2 2 2 2 2 2 2 2 2 2 2 2 2 2 2 2
left_child=1 3 5 54 16 6 7 10 31 13 -2 12 -7 -4 23 56 55 18 57 25 21 -12 60 24 53 26 27 -5 29 30 -27 32 -9 34 -13 -33 -18 38 39 40 41 42 43 44 -21 46 -46 -28 50 -50 -34 -51 -20 -15 -1 61 -6 -10 -48 -22 -23 -3
right_child=2 4 9 19 15 11 -8 8 17 -11 20 33 -14 14 -16 -17 36 -19 52 37 59 22 -24 -25 -26 28 47 -29 -30 -31 -32 35 48 -35 -36 -37 -38 -39 -40 -41 -42 -43 -44 -45 45 -47 58 -49 49 51 -52 -53 -54 -55 -56 -57 -58 -59 -60 -61 -62 -63
leaf_value=-0.036259498062383579 -0.018520764194151135 -0.01065763198301416 0.0058550707633943213 -0.019880061393243803 -0.025958344397568969 0.030752817385580871 0.037743453282803027 -0.041577209129026856 -0.0029778490940737972 0.04122478379721068 0.026301329797363326 0 -0.014198412589788054 0.0047320364771863089 0.036615340097692975 0.029333972125880466 -0.018092231496895653 0.039654596443002788 0.030908040630267929 0.026792138688712504 0.042711742525979556 0.012876704678832309 -0.044343121246921607 0.033142412322997285 -0.03444366256200445 0.029201821252131943 -0.033631543057800098 0.060338498881474793 -0.023056168457238287 0.038881024449119381 -0.019785325147718972 -0.021037899883227521 -0.037264430022356743 0.035415031227860286 0.027854760444827105 0.020104619849587693 0.023210163018214564 0.018402421326271495 0.0015128625673766054 0.039180202714908172 -0.0101581942062158 0.048919428503890451 -0.021363248275058325 0.036624325583440719 0.01206374151199961 0.026049822601223301 -0.029322449208117839 0.0065415229597486366 0.023126410920802219 0.0074311924063261009 0.0049063892129616281 -0.029415693444187038 0.00090530764373583726 0.03330809354307554 0.0010590248500471646 -0.00042206292234013484 0.0073994335238513455 -0.037490311792396029 0 0.017727275459749881 -0.0072198817773578838 -0.03994518174289103
leaf_weight=9.6966562407324055 3.5602739499881855 1.8579130530124519 8.5422035921365005 1.1741499816998864 2.0659783459268506 8.9412145232781786 6.8327774924691758 8.3357823042897561 1.2672152752056702 146.89444637298584 15.284201184054842 5.0008480716496688 7.6554916994646183 3.4237615242600423 45.775840751826763 3.0096635823138058 1.0017386316321784 2.5588242448866358 3.1004437489900738 2.1552771390415781 4.7624256028793734 1.4091649977490299 2.9424480837769806 3.8805249668657771 3.1345324777066708 1.5178469754755477 5.5932955659227446 0.53588008251972485 1.9937581736594436 2.1697168389800936 2.4862985399086028 1.099257591296918 2.4920661550713699 32.092352226376534 6.4850709466263652 1.4743063710629938 1.0996119296178219 14.89014697819948 35.480892416089773 3.0804744064807883 6.2161210111808023 1.3581922128796566 1.1477765438612539 1.8265584800392387 1.1231374335475264 0.77537976205348957 2.6943925875239079 0.59996664430946101 1.3313408270478246 1.2011923538520934 0.8107486901571973 1.5509178243810309 3.0283432318829 3.9852617047727108 0.57210490107536394 0.87047979002818365 0.32814163807779539 1.8594561335630713 1.0502807796001432 4.8192538833245635 1.8407019749283788 265.48755353840534
leaf_count=3826 43 1032 73 283 656 98 86 879 30 3206 119 50 59 52 800 74 321 24 46 40 52 28 109 66 55 24 1489 42 11 54 203 137 136 496 68 15 10 122 194 18 71 11 36 60 52 4 220 23 45 31 37 59 67 69 3 202 4 61 10 88 81 149234
internal_value=-0.000399303 -0.0278409 0.0291184 0.00180897 -0.0383771 0.0154608 0.00663464 0.00276564 -0.0110264 0.0373336 0.0148465 0.0256117 0.0101625 0.0284894 0.0314876 0.00747357 -0.0393326 0.0122952 0.00121206 0.00636358 0.0192547 0.0115671 -0.0228449 0.0136363 0.00386142 -0.00580289 -0.0177267 0.0167712 0.00597379 0.0178133 0.000109543 -0.0261502 -0.0305085 0.0310458 0.0166589 0.00044242 0.00274603 0.00918409 0.0064269 0.0139552 0.00770698 0.0172425 0.00909293 0.0147701 0.00561597 -0.0046852 -0.0138677 -0.0288154 -0.0140718 0 -0.0272486 -0.014573 0.0188508 0.0227117 -0.0339159 -0.0396861 -0.0193747 -0.0285832 -0.0233917 0.0333863 0.00153242 -0.039797
internal_weight=721.232 373.859 347.373 98.1383 275.721 131.736 71.5611 64.7284 30.1099 215.637 34.6185 60.175 16.5967 68.7421 60.1999 5.40378 270.317 11.8143 9.25546 87.8695 31.0582 21.4765 6.19232 14.4241 10.5436 16.0709 7.90329 1.71003 8.16762 6.17386 4.00415 18.2956 15.722 43.5783 11.4859 2.57356 2.10135 71.7986 56.9085 21.4276 18.3471 12.131 10.7728 9.62503 7.79847 5.64319 4.86781 6.19326 7.38627 4.08345 3.30281 2.75211 6.12879 7.40902 10.2688 268.216 2.39412 3.12667 3.74467 9.58168 3.24987 267.345
internal_count=165594 158329 7265 6796 151533 2944 2173 2087 1567 4321 520 771 157 1115 1042 734 150799 228 204 2967 477 337 218 242 176 2129 1837 325 292 281 227 1339 1187 614 118 152 331 838 716 522 504 433 422 386 326 286 282 1512 308 135 173 90 113 121 3829 150468 660 91 230 140 109 150266
is_linear=0
shrinkage=0.04


Tree=75
num_leaves=63
num_cat=0
split_feature=1 23 2 10 21 7 23 28 2 0 9 1 18 18 30 1 18 1 18 8 10 1 10 11 11 10 21 28 23 18 9 1 9 9 7 8 11 7 7 10 8 8 9 11 8 9 0 7 0 7 19 0 8 0 0 18 0 8 11 23 23 21
split_gain=348.003 76.5851 25.6838 9.09708 7.34324 5.3318 6.45261 4.04886 3.73025 3.21061 3.89758 2.85227 5.03515 4.27106 4.01067 2.64524 2.54858 2.18916 2.14381 2.04502 2.04492 1.9461 1.87147 1.7587 1.71619 2.53218 1.54687 1.31211 1.27345 1.67175 1.19283 1.19281 1.19038 2.26437 2.10121 2.58471 1.2402 1.75319 1.14882 1.10664 1.22233 1.53024 3.32371 0.9766 0.891623 2.24739 0.769277 0.955522 0.718996 0.683194 0.669518 0.516207 0.487106 0.989365 0.550291 0.42839 0.346908 0.666645 0.297032 0.291214 0.277745 0.240478
threshold=0.078810192644596114 0.19785943627357486 0.58757218718528759 0.240384615957737 0.60555556416511547 0.83910790085792553 0.61134067177772533 1.0000000180025095e-35 0.11427757143974306 0.45974968373775488 0.93063354492187511 0.53663355112075817 0.77158385515213024 0.77158385515213024 1.0000000180025095e-35 0.21894425153732303 0.5914268195629121 0.43283110857009893 0.65240275859832775 0.59516963362693798 0.73214286565780651 0.40217100083827978 0.44949495792388922 0.9529346525669099 0.81530213356018078 0.64583334326744091 0.62202382087707531 1.0000000180025095e-35 0.92762354016304027 0.45478595793247228 0.33687943220138555 0.25371789932250982 0.8989795744419099 0.9607692062854768 0.89699381589889537 0.79705882072448742 0.92052632570266735 0.34330357611179357 0.90070420503616344 0.76388889551162731 0.99438202381134044 0.92637759447097789 0.86899313330650341 0.41763564944267279 0.75931033492088329 0.69504830241203319 0.61164799332618724 0.63859337568283092 1.0000000180025095e-35 0.94804319739341747 0.64174234867095958 1.0000000180025095e-35 0.86391696333885204 0.63326683640480053 0.48814642429351812 0.94836473464965831 0.63114580512046825 0.88067796826362621 0.60791924595832836 0.64640304446220409 0.26293487846851354 0.18019481003284457
decision_type=2 2 2 2 2 2 2 2 2 2 2 2 2 2 2 2 2 2 2 2 2 2 2 2 2 2 2 2 2 2 2 2 2 2 2 2 2 2 2 2 2 2 2 2 2 2 2 2 2 2 2 2 2 2 2 2 2 2 2 2 2 2
left_child=1 3 4 48 5 6 9 15 -8 43 19 12 14 -13 17 20 51 18 28 -11 -4 -14 32 -16 25 -17 -27 30 29 -10 -6 58 36 34 35 -34 37 -5 -18 40 41 42 44 -2 45 -24 47 -38 -1 -50 -30 -3 53 54 -46 -29 -44 -58 -21 -31 -53 -45
right_child=2 16 7 22 27 -7 8 -9 11 10 -12 13 21 -15 23 24 38 -19 -20 31 -22 -23 39 -25 -26 26 -28 55 50 59 -32 -33 33 -35 -36 -37 46 -39 -40 -41 -42 -43 56 61 52 -47 -48 -49 49 -51 -52 60 -54 -55 -56 -57 57 -59 -60 -61 -62 -63
leaf_value=0.0073341444018131963 0.0032975077045603179 0.0028804170573043849 -0.008027198582156319 0.024510736176236763 0.02814804079606479 0.035872086218393377 0.027413312222819935 0.040997909083729925 0.0042366145887130701 0.024028090841619019 0.038122060800893823 0.03322389596499515 0.027531395728149177 -0.0098510028362655631 -0.039260170172379476 0.029755768072137957 -0.015932066997938876 0.019644106907155283 0.0061924846673480881 0 0.024748711698096303 -0.0051241786951218274 0.027785790560633829 0.005087998128755023 0.035309157719061596 0.013601411899740408 -0.021415093804517411 0.036894016522225521 -0.013625781761485335 0 0.0017161334172139744 0.0033352836431760251 0.041643073991641806 -0.012827805084260638 0.048076388832400029 -0.024915273177946992 -0.01077623328514167 -0.032984262315134197 0.029991126961200446 0.018634257874320433 0.0014540545598846287 0.034246292456047413 0.0007977465423668899 0.010727152992253379 0.022942244730053806 -0.023862249595744262 -0.015430174569053408 0.033066387266243787 -0.036127073081493905 0.0010434545565944386 0.021931447548513741 -0.011627816363577237 0.0044821269715758583 0.052038667386313242 -0.0038662291708413767 0.018633558684833799 0 -0.027284206628215412 -0.034229162860635362 -0.044487449081761402 -0.039898796518548205 0.036509355263496641
leaf_weight=0.21884024143218894 2.4599784972379046 0.14936265349388023 5.4959370682481659 0.17295247851870854 4.3662160858511907 8.7984179682098311 4.7432544347830108 143.20969540625811 1.1956913315225373 1.0193136048037539 2.3254389895591885 5.4845300000160915 4.8880303185433132 7.5481030512601137 12.575848011067135 8.5556206665933114 0.81202508765272685 3.2953215814195582 4.8451387684326619 0.68443171668332059 4.721158966422081 4.94023447483778 1.737448481842881 1.1857663268456242 43.895885620266199 3.3510132208466521 2.7267907708883286 21.429339781403545 0.64699310122523435 0.41728171485010523 6.5712823010981083 1.7687501488253472 0.39663867396302421 4.8145242684986442 1.6666321316733954 1.7872323010815305 0.5023732261033732 4.7848024955019355 0.6614915207028389 14.994282016530631 35.479716475121677 3.7449211105704299 1.8953486487735052 2.1893841171404338 1.6946256621740761 1.636907033389434 0.77071556192822743 1.0523642958141861 9.3946725861169362 0.57233424484729845 0.69284124788828194 1.9547508483519767 1.7878435556776819 2.0590020392555743 1.4070833905134348 7.2344650477170935 2.6499570454470813 2.7768608117476106 4.0169883237686008 4.3453148435801268 255.24928557861131 12.593626073328776
leaf_count=1 49 1 52 19 54 127 42 3219 138 23 29 53 38 59 941 140 99 30 63 56 40 45 31 86 796 58 48 334 127 34 58 17 30 82 8 182 145 1353 4 123 194 22 60 153 26 152 165 150 3839 3 14 1062 22 46 73 115 64 30 363 371 149649 187
internal_value=-0.00037519 -0.0280224 0.0282712 0.00205057 0.0142354 0.00785869 0.00448445 0.0369028 -0.00315502 0.0202059 0.00120364 -0.00647962 -0.0118678 0.00906701 -0.0200898 0.0278493 -0.0393882 -0.00516148 -0.0131798 -0.0129284 0.00761758 0.0117902 0.00634994 -0.0350821 0.0311265 0.016868 -0.00234955 0.0284963 -0.0257192 -0.0327819 0.0140768 -0.0217231 -0.00562746 0.00396586 0.0241042 -0.00228788 -0.0166247 -0.0265297 0.00685692 0.00910364 0.0062431 0.0135883 0.00738783 0.030144 0.0213139 0.00208937 0.00491719 0.0186612 -0.0319108 -0.0337274 0.00456652 -0.039694 0.0287092 0.034363 0.0118279 0.0332036 -0.0119667 -0.0164777 -0.0307836 -0.0418923 -0.0397453 0.033866
internal_weight=701.043 356.825 344.218 97.9981 132.262 92.6607 83.8623 211.956 56.8043 27.0579 9.81492 52.0611 39.0285 13.0326 29.2002 68.7464 258.827 15.4386 12.1433 7.48948 10.2171 9.82826 87.8122 13.7616 58.5293 14.6334 6.0778 39.6013 7.29812 5.95829 10.9375 6.47017 15.9482 8.66503 3.8505 2.18387 7.28321 4.95775 1.47352 71.864 56.8697 21.39 17.6451 17.243 10.3229 3.37436 2.32545 1.55474 10.1858 9.96701 1.33983 257.353 6.94855 5.16071 3.10171 28.6638 7.32217 5.42682 4.70142 4.7626 257.204 14.783
internal_count=165594 157635 7959 6820 3606 3045 2918 4353 2041 877 488 1999 1887 112 1804 1134 150815 777 747 459 92 83 2977 1027 1042 246 106 561 684 543 112 436 2134 302 220 212 1832 1372 103 843 720 526 504 389 350 183 460 295 3843 3842 141 150712 167 145 99 449 154 94 419 405 150711 340
is_linear=0
shrinkage=0.04


Tree=76
num_leaves=63
num_cat=0
split_feature=20 23 2 10 21 28 7 10 10 28 18 11 2 23 20 11 10 21 31 10 2 6 23 21 21 2 6 8 2 6 11 11 9 10 19 20 18 10 1 2 1 18 7 9 11 6 6 7 2 9 2 10 9 2 9 7 7 19 2 18 23 9
split_gain=330.714 70.7147 23.2511 10.2775 7.59289 6.6278 4.87961 6.20338 6.63242 3.96251 3.69478 3.27999 2.87676 5.45886 2.69892 3.02568 2.52388 2.17782 3.43864 2.10085 1.82353 6.99636 1.69112 1.66072 5.24749 1.60776 1.58717 2.35899 3.40418 2.01243 1.55415 1.39414 2.85672 1.33374 1.23004 1.20838 1.6014 1.15398 1.12439 0.975321 0.957698 2.10778 0.915911 0.856066 0.790744 0.684479 0.668154 1.15593 2.47545 2.33806 2.98157 1.83979 1.74309 2.54944 1.1946 0.737141 0.739491 0.664838 0.503015 0.457825 0.399145 0.359361
threshold=0.58656641840934765 0.26293487846851354 0.58757218718528759 0.240384615957737 0.18019481003284457 1.0000000180025095e-35 0.84680575132370006 0.080128207802772536 0.43650794029235845 1.0000000180025095e-35 0.5914268195629121 0.34654632210731512 0.21376482397317889 0.81275406479835521 0.7353600561618806 0.81530213356018078 0.44949495792388922 0.46862745285034185 1.0000000180025095e-35 0.44949495792388922 0.2993582040071488 0.2152509689331055 0.88107022643089306 0.73030304908752453 0.62202382087707531 0.28770673274993902 0.78086888790130626 0.64051282405853283 0.37571619451045996 0.95311355590820324 0.94519516825675975 0.98936170339584362 0.94494947791099559 0.30384616553783422 0.60723635554313671 0.84764185547828685 0.65240275859832775 0.76388889551162731 0.43283110857009893 0.53885021805763256 0.21894425153732303 0.615800440311432 0.33568075299263006 0.66228070855140697 0.77459675073623668 0.94804319739341747 0.92940199375152599 0.73623713850975048 0.56336912512779247 0.87841832637786876 0.44330103695392614 0.61250001192092907 0.99230769276618969 0.47262573242187506 0.69504830241203319 0.84680575132370006 0.82078272104263317 0.82972848415374767 0.62731361389160167 0.97067421674728405 0.61463111639022838 0.91476997733116161
decision_type=2 2 2 2 2 2 2 2 2 2 2 2 2 2 2 2 2 2 2 2 2 2 2 2 2 2 2 2 2 2 2 2 2 2 2 2 2 2 2 2 2 2 2 2 2 2 2 2 2 2 2 2 2 2 2 2 2 2 2 2 2 2
left_child=1 3 5 45 10 6 7 11 30 14 -3 -2 13 -7 -4 23 58 18 60 26 21 57 42 24 38 -21 27 28 -5 31 33 32 -28 61 -32 36 -14 46 -16 -29 41 -35 -23 -44 -20 -1 47 48 49 50 54 52 53 55 -27 56 -49 -13 -6 -37 -10 -9
right_child=2 4 9 19 16 12 -8 8 17 -11 -12 20 35 -15 15 -17 -18 -19 44 25 -22 22 -24 -25 -26 37 29 39 -30 -31 34 -33 -34 40 -36 59 -38 -39 -40 -41 -42 -43 43 -45 -46 -47 -48 51 -50 -51 -52 -53 -54 -55 -56 -57 -58 -59 -60 -61 -62 -63
leaf_value=-0.036315146871689248 -0.018206054844870471 -0.039810681897884524 0.0052079716659825604 -0.020100126113925858 -0.025429937616000004 0.02969652641907683 0.037090730225489393 -0.043677480652713589 -0.002730643932304717 0.040998142582114677 0.015688125884025701 0.017465015182953288 0.0022550332253016415 -0.014146440219055343 0.00097223503397472863 0.036064189503573665 0.028583640721130732 0.039069110220396136 0.029856364166614986 0.03730854286410458 0.03618055180925616 0.010733356163896663 -0.040341785620081234 0.032736960379700177 -0.032930613020040134 0.016164813221839915 -0.026744208264256501 -0.033712251214303532 0.057440873794253451 -0.022367013995910675 -0.021354819993849122 0.036242304386496338 0.028329828253950612 -0.020502515669244804 0.020170210323677742 0.037640398353915784 0.032385755667691661 0.017284914124589261 0.033482300711116263 0.0065290497281592129 -0.02426965586786534 0.031456611135219588 -0.029694246401128353 0.0072484177248460418 0.00095490317989271813 0.00088429279606415986 0.010752686429992444 -0.020108210933848306 0.042803941520849625 -0.013740680240278949 0.042362468279634378 -0.021882917480096409 0.016793880618986731 -0.02414588329813503 -0.024589678611338549 0.024383284325524945 0.013237756620782951 0.039193971560951051 0.0070239174862179602 0.017180909501191281 -0.03670576462868845 -0.0028985226712027463
leaf_weight=9.972683369298462 3.5382260356564066 246.82054182596039 8.4240671196021122 1.1989442325430006 1.9590284305158996 8.6561203179880994 6.4048518440686157 7.238827450666582 1.2470528653357162 136.35653470084071 1.342001765500753 10.949611023301268 6.8476697946898621 7.6025976440869263 3.0349448807537538 43.028837699443102 2.9290073295123875 2.494098398834466 3.0784791000187397 2.2139084762893608 6.6443309674505135 2.8488964221905908 2.288552054669708 3.7276868894696227 3.2141659781336784 0.96167630888521527 2.0348745498340559 5.702696944354102 0.57824393897317339 1.9854631312191484 1.0221325228922062 2.2122970577329397 1.9904143067542461 1.8034844063222411 1.5879955103155223 24.939135789871219 4.4519151896238327 14.624808584339915 4.118991307914257 0.60078344563953567 4.2728323726914823 1.2370046793948857 1.6454140772111716 0.86556852981448162 2.9946652876678854 0.57806194387376386 17.943850233219564 1.060672573279595 1.9764621877111483 6.3908411446027458 2.8204941437579691 5.7247351158875963 7.0299259573221198 5.587623949162662 1.7908972376026211 2.4192497627809644 1.1434008418582378 5.2224546298384658 0.31636668276041735 5.4838118813931933 1.7951893350109456 0.73930192622356106
leaf_count=4369 43 149703 73 326 656 98 84 839 30 3206 63 81 77 59 47 800 74 24 46 50 89 50 80 66 55 33 248 1720 50 11 118 65 26 233 35 405 41 124 74 26 44 32 84 37 67 4 91 71 11 89 67 35 30 109 243 17 14 56 4 91 61 40
internal_value=-0.000343475 -0.0272829 0.028385 0.00143115 -0.0384282 0.0148198 0.00630588 0.00261268 -0.0105403 0.0368429 -0.0394327 0.0141173 0.024738 0.00933193 0.0276528 0.0307473 0.007463 0.0121622 0.00127011 0.00606278 0.0184579 0.0120947 -0.01762 0.0129383 0.00321456 0.00901651 -0.00646433 -0.0181765 0.0152876 0.00533422 -0.0253394 0.0165765 0 -0.0299527 0.00139002 0.0302889 0.0161193 0.00754159 0.0219917 -0.0289604 -0.0138428 0.00220025 -0.00247168 -0.0173829 0.0183204 -0.0340306 0.0046091 0.00131167 0.010092 0.0014944 0.0190061 -0.00404986 0.00252727 -0.00755994 -0.00877188 0.0125033 -0.00282847 0.0265887 -0.0189296 0.0347439 -0.0278893 -0.0410879
internal_weight=681.715 351.91 329.805 98.543 253.367 127.9 69.919 63.5141 29.5111 201.905 248.163 34.0031 57.9813 16.2587 65.5487 57.1246 5.2044 11.6095 9.11539 87.9923 30.4648 23.8205 7.64843 14.0958 10.3681 71.6885 16.3037 8.08067 1.77719 8.22305 17.9016 6.23759 4.02529 15.2915 2.61013 41.7225 11.2996 69.4746 7.15394 6.30348 7.31332 3.04049 5.35988 2.51098 6.07314 10.5507 54.8498 36.906 13.9404 11.9639 5.57307 22.9656 17.2409 10.2109 2.75257 4.62332 2.20407 16.1721 2.2754 30.4229 3.04224 7.97813
internal_count=165594 158329 7265 7829 150500 2944 2173 2089 1569 4321 149766 520 771 157 1115 1042 734 228 204 3456 477 388 251 242 176 984 2472 2122 376 350 1341 339 274 1188 153 614 118 934 121 1746 309 265 171 121 113 4373 810 719 443 432 343 276 241 211 276 102 85 137 660 496 91 879
is_linear=0
shrinkage=0.04


Tree=77
num_leaves=63
num_cat=0
split_feature=20 23 10 19 10 22 10 23 22 0 24 7 18 25 22 10 7 9 8 9 10 6 18 8 6 8 0 6 0 24 20 11 9 11 30 30 10 7 6 0 6 6 11 8 9 8 9 9 8 0 6 6 7 0 7 22 0 11 18 7 11 5
split_gain=314.133 69.3397 20.67 11.941 9.82035 7.43164 6.47465 5.06424 4.98704 4.97941 4.85885 4.77641 3.64211 2.80645 3.14774 2.39382 2.2232 2.15324 8.59315 2.0348 1.94815 1.80881 1.66847 2.21484 1.49407 2.29992 3.2417 1.90627 1.48912 1.44706 1.44682 1.30056 2.71457 1.22383 2.77681 1.14147 1.07615 0.961034 1.88562 0.951671 0.678094 0.675096 0.640152 0.637272 1.63076 1.29466 2.47924 1.9885 1.9857 1.62231 0.66823 0.710088 0.570752 0.536543 0.464826 0.464172 0.457767 0.425676 0.356332 0.27234 0.186588 0.169478
threshold=0.58656641840934765 0.26293487846851354 0.43650794029235845 0.82972848415374767 0.240384615957737 0.18019481003284457 0.080128207802772536 0.63837969303131115 0.40588235855102545 0.29973532259464269 1.0000000180025095e-35 0.58578637242317211 0.5914268195629121 1.0000000180025095e-35 0.28869047760963445 0.44949495792388922 0.5646599829196931 0.71834936738014232 0.32071428000926977 0.33687943220138555 0.44949495792388922 0.54110360145568859 0.5914268195629121 0.17267081141471866 0.78086888790130626 0.64051282405853283 0.53636872768402111 0.95311355590820324 0.41016845405101782 1.0000000180025095e-35 0.7353600561618806 0.98936170339584362 0.94494947791099559 0.82247900962829601 1.0000000180025095e-35 1.0000000180025095e-35 0.76388889551162731 0.46247655153274542 0.76833632588386547 0.76780930161476146 0.94804319739341747 0.77836257219314586 0.4803846031427384 0.77346038818359386 0.69504830241203319 0.87026646733284008 0.87841832637786876 0.91476997733116161 0.91366460919380199 0.63326683640480053 0.91024166345596325 0.80810147523880016 0.82078272104263317 0.99999997019767772 0.90366768836975109 0.36602871119976049 0.96444573998451244 0.79772728681564342 0.5914268195629121 0.83047896623611461 0.63373982906341564 1.0000000180025095e-35
decision_type=2 2 2 2 2 2 2 2 2 2 2 2 2 2 2 2 2 2 2 2 2 2 2 2 2 2 2 2 2 2 2 2 2 2 2 2 2 2 2 2 2 2 2 2 2 2 2 2 2 2 2 2 2 2 2 2 2 2 2 2 2 2
left_child=1 4 3 6 40 12 7 42 13 22 11 21 61 37 -15 58 -10 18 19 -5 24 -4 23 -9 25 26 -6 31 -22 60 35 32 -26 34 -32 -13 43 38 -8 -27 -1 -36 -2 44 -30 46 49 48 -47 59 51 -49 -48 -52 -39 -11 -38 -44 -7 -45 -24 -3
right_child=2 5 10 17 20 15 8 9 16 55 -12 30 -14 14 -16 -17 -18 -19 -20 -21 28 -23 29 -25 27 39 -28 -29 36 -31 33 -33 -34 -35 41 -37 56 54 -40 -41 -42 -43 57 45 -46 47 52 50 -50 -51 53 -53 -54 -55 -56 -57 -58 -59 -60 -61 -62 -63
leaf_value=-0.036172311949548647 0.011978179178778883 -0.039918423628838469 0.0140150443714372 0.03817676553131566 -0.019879664910809624 -0.024520051382903595 -0.025320515151742475 0.034655753189365812 -0.0072766982446915551 0.0075475435422769953 0.04018454526948715 0.021103208186548223 0.015259851445806563 0.016455558205278893 -0.026520975646314632 0.02787353910489351 0.033562623168344879 0.037814103677505796 -0.014979381919021251 0.007748969676585447 0.03582861466556219 -0.025385152962338304 -0.032619932111271809 -0.016018049767097486 -0.026466729434612413 -0.033508295422028711 0.055575763805852101 -0.021802671348400578 0.020726764218342037 -0.0013400473353686923 0.035103515525900936 0.03498085244005595 0.027315206824544233 0.035846613948387701 0.0075153358697711515 -0.0065534939516355721 0.0041845505635358642 -0.042788221550545638 0.029618390929325927 0.0062444879141748946 0.00087122511841974449 -0.017114660402667538 0.040577141004219969 -0.0072561574527693715 -0.027175164694101524 0.0074708871728394145 -0.021951219755325699 0.0067403088145968426 -0.033092529289467654 0.050165304714165727 0.018458898966429813 -0.0081464420088947533 0.0069455160422228039 0.004133380903504116 -0.00092969036465198 0.035603345048719703 0.02151927073760395 0.014317989110734746 0.0029990446848685058 0.013290728523298058 -0.010077730601373982 -0.010439065552234481
leaf_weight=9.622599776135754 4.669562870636585 235.73892455652822 2.3702861752826712 17.951542392373092 1.1753197460202525 1.7906252513639622 1.7686847153818281 1.9204452447593277 3.1039338274858883 2.4427786457817993 141.35124351130798 5.0923792927060259 1.3523321654647578 4.7988293820526451 4.1166378352791071 2.9093629182316363 3.7386152800172567 24.547671463340521 7.6389968432486048 5.4840452820062628 2.2536225232761344 3.1737621177453548 4.6220318458508682 1.6659344851505009 1.9854467520490269 5.5106212643440813 0.60671883379109193 1.9813479781150816 0.81545256148092393 6.9087454425171018 4.8099175598472339 2.235962739912793 2.0183399488450959 33.097932310774922 2.7114572785794735 3.0175159615464509 4.7106689088977864 7.8371242617722583 0.55398986488580693 0.61020513251423825 0.57825805852189738 2.3264642618596554 8.4457314815372211 1.0647781539009877 2.1143389048520476 2.6106054357951498 1.2972990931011739 11.976871825521814 3.5141521056648344 2.8330553384730592 8.6305353837087768 7.4027141612023106 1.1127990767126901 10.358899510465561 0.70032737031579007 4.3860708875581622 9.7861298173665983 3.4238434704020611 0.43508291407488275 0.93785030371509481 2.7225274262018502 1.5175639810040582
leaf_count=4369 53 149375 41 275 326 633 230 18 45 58 3277 75 63 80 36 74 63 490 68 42 50 59 72 78 248 1719 50 11 27 66 74 65 26 589 39 65 29 1014 5 27 4 41 105 87 227 39 87 62 56 59 47 46 17 49 6 70 95 66 27 7 65 328
internal_value=-0.00031785 -0.0269991 0.0280145 0.0149364 0.001427 -0.0383739 0.0034929 0.0133455 -0.0115461 0.00143175 0.0360343 0.0250822 -0.0394002 -0.0215666 -0.00365845 0.00730968 0.0159613 0.0285119 0.020089 0.0318287 0.00591547 -0.00836132 -0.00960716 0.0118846 -0.00621515 -0.0177533 0.0151148 0.005165 0.00875735 -0.0157017 0.0288815 0.0161094 0 0.0318849 0.016124 0.0107839 0.00732024 -0.0343827 -0.00604268 -0.0286631 -0.033825 -0.00414687 0.0297924 0.00448409 -0.0109431 0.00562445 0.0202898 0.00275478 -0.0166196 0.0347962 0.00629265 0.000736811 -0.00931177 0.011442 -0.0402315 0.0283243 0.0167781 0.0350145 -0.0186385 0.00225572 -0.0269523 -0.0397913
internal_weight=662.888 341.488 321.399 123.448 97.7446 243.744 67.8258 41.2077 26.6181 24.6685 197.951 56.5997 238.609 19.7756 8.91547 5.13507 6.84255 55.6223 31.0746 23.4356 87.5437 5.54405 17.8397 3.58638 16.124 7.90286 1.78204 8.2211 71.4198 14.2533 51.0557 6.23975 4.00379 42.9458 9.84784 8.1099 69.1662 10.8601 2.32267 6.12083 10.2009 5.03792 16.5391 54.6694 2.92979 51.7396 7.24578 44.4938 6.12476 4.83568 38.369 19.3796 2.4101 18.9894 8.53745 6.82885 14.4968 11.8696 2.22571 2.00263 7.34456 237.256
internal_count=165594 158329 7265 3005 7829 150500 2130 651 1479 427 4260 983 149766 1371 116 734 108 875 385 317 3456 100 299 96 2472 2122 376 350 984 203 883 339 274 743 154 140 934 1255 235 1746 4373 80 224 810 254 556 257 299 95 153 204 108 104 96 1020 128 124 171 660 94 137 149703
is_linear=0
shrinkage=0.04


Tree=78
num_leaves=63
num_cat=0
split_feature=20 23 10 19 10 21 10 24 10 23 7 21 6 18 11 10 9 7 9 6 6 21 23 23 21 8 8 20 23 11 30 24 10 6 6 6 6 9 6 30 20 18 11 9 8 9 8 7 8 11 8 6 11 6 11 8 11 9 9 11 11 11
split_gain=298.339 67.9711 20.2322 11.3911 9.37984 7.27378 6.10049 4.95675 4.79611 4.77769 4.57208 3.79338 3.7179 3.59125 2.47899 2.27346 2.14836 8.22569 2.06998 1.87646 1.70577 1.54022 1.59491 1.71591 1.6896 1.51744 2.00278 1.43281 1.38216 1.22779 2.67273 1.14978 1.14385 2.56073 3.45667 2.47205 3.32426 1.48624 1.13952 1.07804 1.07646 1.21421 1.07602 0.999796 0.973912 0.916233 0.86899 0.770843 0.70615 0.767157 0.700723 0.671633 0.643107 0.632806 0.614218 0.58617 1.1066 2.37012 1.01932 0.964185 0.637186 0.526487
threshold=0.58656641840934765 0.26293487846851354 0.43650794029235845 0.82972848415374767 0.240384615957737 0.18019481003284457 0.080128207802772536 1.0000000180025095e-35 0.30384616553783422 0.63837969303131115 0.58578637242317211 0.36038962006568914 0.70521390438079845 0.5914268195629121 0.556623935699463 0.44949495792388922 0.71834936738014232 0.270728349685669 0.46737588942050939 0.56294015049934398 0.54110360145568859 0.61324787139892589 0.84136661887168895 0.77823317050933849 0.44097222387790685 0.64241620898246776 0.75931033492088329 0.7353600561618806 0.94764256477355968 0.82247900962829601 1.0000000180025095e-35 1.0000000180025095e-35 0.58571431040763866 0.72255688905715953 0.82807883620262157 0.96824595332145702 0.75582656264305126 0.92637759447097789 0.43792808055877691 1.0000000180025095e-35 0.82078272104263317 0.73375529050827037 0.53001201152801525 0.33687943220138555 0.17267081141471866 0.69504830241203319 0.70926907658576976 0.90366768836975109 0.55625879764556896 0.35355392098426824 0.90259328484535228 0.94804319739341747 0.68090909719467174 0.75905716419219982 0.4803846031427384 0.82807883620262157 0.98936170339584362 0.95861870050430309 0.83457711338996898 0.90550595521926891 0.81016731262207042 0.6900656819343568
decision_type=2 2 2 2 2 2 2 2 2 2 2 2 2 2 2 2 2 2 2 2 2 2 2 2 2 2 2 2 2 2 2 2 2 2 2 2 2 2 2 2 2 2 2 2 2 2 2 2 2 2 2 2 2 2 2 2 2 2 2 2 2 2
left_child=1 4 3 6 51 13 9 10 28 54 20 14 21 -3 -10 -7 17 43 -19 38 -4 22 23 31 44 -21 45 39 40 30 -29 -11 35 -34 53 36 50 -36 42 -12 41 -8 -6 -5 -24 -27 -16 -48 -40 -50 -28 -1 -32 -35 -2 58 57 59 -38 -57 -60 -55
right_child=2 5 7 16 19 15 8 -9 11 12 27 -13 -14 -15 46 -17 -18 18 -20 25 -22 -23 24 -25 -26 26 32 29 -30 -31 52 -33 33 34 37 -37 55 -39 48 -41 -42 -43 -44 -45 -46 -47 47 -49 49 -51 -52 -53 -54 61 -56 56 -58 -59 60 -61 -62 -63
leaf_value=-0.036026378288789393 0.011629475500966205 -0.039774602814250958 0.013636768217358788 0.037905720821666565 0.029029101195310016 -0.018360120415838978 -0.045957045679068081 0.040018890165752732 0.025502697379604099 -0.024663668389103961 0.020535189605436689 0.025686578581305138 0.031655148148995636 0.014843888005386104 0.0013784902967797572 0.027173707967851849 0.037524007411825745 -0.024570724542856755 0.0079727473428504361 0.039555975754793235 -0.024627639078894436 0.018201951971740439 0.012451788176086196 0.022437773145067914 -0.036232206149596387 0.01155353647868543 -0.028295704139340454 0.034653756465441506 0.0048434344589217684 0.035504514774780595 0.0074888537445900686 0.0072873165020445017 0.032652982553469288 -0.031047326681103597 -0.0047411579557591196 -0.023440131703641013 0.051781597459139718 0.016439830207524479 0.0074691731954996269 -0.0063548491947227476 -0.0080615707419452939 0.0015235781252138996 -0.014702688877070685 0.007744991150345667 -0.01778452294606116 -0.028705472594117269 -0.036174693982642329 0 0 -0.034240097578375928 -0.0029109995272831378 0.00085834906637157621 -0.016488192941688639 0.0077199038063195391 0.0342638231749385 -0.028823836448335347 0.027176863899089541 0.020347575122379162 0.022564534283938988 0.00020110975312371423 -0.015277375460162801 -0.015478709648206473
leaf_weight=9.2859657825902069 4.6476306619588312 228.06231603305787 2.3664147423114619 17.047012005001314 0.96776545129250624 2.1829436300322405 6.7905531530268508 136.36374620022252 1.2335401745513062 2.9600793264107867 5.0523926459718478 6.2200124403461805 4.2382665073964736 1.3624340090900648 1.5405474489089099 2.891051550861448 23.771400634199381 5.1022737473249418 5.4161905869841576 1.3930519556161005 3.1713374278042465 2.5569254644215098 2.4237498566508275 3.0294545053038746 4.5077526485547423 0.43476868048310224 2.5381983258994358 4.6928117950446886 1.2440836172318075 32.109846724197268 2.6769910044968128 2.3891973113641143 7.0117504671216002 2.3016408800613126 5.7283700914122155 4.2540268115699282 0.86897623236291355 26.985931708710268 0.57253019069321442 3.0186022156849504 3.0094782439991832 0.71717652212828387 0.68827441590838134 2.9937576912343493 2.3371014425065368 2.6869347898755223 4.1061167776351795 1.4114301428198812 1.5006579123437402 3.3293808771995828 4.7633377098245546 0.57845118548721153 2.3832310773432255 1.9056238253833724 11.69799793185666 2.1882511294679698 4.1696697385050348 5.9778459393419325 0.20663056685589254 3.6474445066414773 0.73579476750455797 2.2593851597048342
leaf_count=4369 53 149703 41 270 61 660 854 3277 48 75 75 80 72 63 97 74 490 33 55 142 59 30 15 42 47 38 593 74 106 589 45 23 108 44 55 21 71 187 75 65 56 17 99 27 123 753 209 12 22 475 71 4 35 16 171 177 55 38 26 104 151 74
internal_value=-0.000296309 -0.0267139 0.027644 0.0146321 0.00141527 -0.0383208 0.0034248 0.0357385 -0.0112709 0.0130297 0.0246231 0.00396325 0.00140419 -0.0393699 -0.0129128 0.00712794 0.0280813 0.019653 -0.00822875 0.00576375 -0.00807972 -0.00594654 -0.0104484 0.00185953 -0.0210618 0.00757016 0.0064641 0.0284158 -0.0292187 0.0314626 0.0157193 -0.010863 0.00789385 0.0117659 0.0072088 0.00148118 0.00659519 0.0125817 -0.0126249 0.0104453 -0.0336659 -0.0413053 0.0106551 0.0341725 -0.00220748 -0.0206853 -0.0224547 -0.0289134 -0.0209352 -0.0256919 -0.0145627 -0.0336154 -0.004001 -0.0174813 0.0291002 0.0158025 0.0115122 0.00398167 0.0346757 -0.0127219 0 -0.00465051
internal_weight=644.707 331.479 313.227 121.392 96.9807 234.499 67.0611 191.835 26.2729 40.7882 55.4716 14.5116 24.4425 229.425 8.29163 5.074 54.3306 30.5592 10.5185 87.1162 5.53775 20.2043 17.6473 8.37873 9.2686 80.0576 78.6646 49.9339 11.7613 41.8629 9.75303 5.34928 75.5429 46.1927 39.181 29.3502 25.0961 32.7143 7.05861 8.07099 10.5172 7.50773 1.65604 20.0408 4.76085 3.1217 7.05809 5.51755 5.40257 4.83004 7.30154 9.86442 5.06022 6.46665 16.3456 17.7946 15.9832 11.8135 1.8114 5.8357 0.942425 4.16501
internal_count=165594 158329 7265 3005 7829 150500 2130 4260 1479 651 983 446 427 149766 366 734 875 385 88 3456 100 355 325 140 185 2724 2582 883 1033 743 154 98 1791 484 376 1307 1286 242 732 140 927 871 160 297 138 791 318 221 572 497 664 4373 80 134 224 622 374 319 248 281 177 90
is_linear=0
shrinkage=0.04


Tree=79
num_leaves=63
num_cat=0
split_feature=1 23 10 19 10 10 1 24 23 0 7 6 21 10 18 1 18 0 0 8 6 8 10 21 11 0 6 8 0 6 21 23 1 11 9 10 8 6 0 0 7 0 6 8 9 8 9 9 8 0 7 6 6 7 18 11 0 0 11 20 11 0
split_gain=283.978 70.9512 22.0087 12.4115 8.41805 6.3863 7.69121 5.02393 4.36909 4.5314 3.09365 2.78802 2.68017 2.47559 2.43219 2.37084 3.352 2.25531 2.14002 5.92676 2.96545 4.56461 1.80473 1.53901 2.62642 1.36126 1.35011 2.18749 3.04132 1.73204 1.3279 1.32555 1.25884 1.16631 2.51683 1.15304 1.0724 1.06388 1.00429 0.8956 0.79054 0.665286 0.666443 0.588973 1.52264 1.20512 2.26135 1.79153 1.90893 1.45313 0.763382 0.624154 0.685413 0.553509 0.551319 0.549455 0.508634 0.4962 0.495627 0.904921 0.724474 0.479945
threshold=0.078810192644596114 0.26293487846851354 0.43650794029235845 0.82972848415374767 0.240384615957737 0.080128207802772536 0.43283110857009893 1.0000000180025095e-35 0.63837969303131115 0.29973532259464269 0.58578637242317211 0.53093111515045177 0.20942982286214831 0.30384616553783422 0.5914268195629121 0.53663355112075817 0.5914268195629121 1.0000000180025095e-35 0.47354473173618322 0.17267081141471866 0.56980520486831676 0.32071428000926977 0.44949495792388922 0.36038962006568914 0.556623935699463 0.41016845405101782 0.78086888790130626 0.64051282405853283 0.53636872768402111 0.95311355590820324 0.36038962006568914 0.94764256477355968 0.29179082810878759 0.98936170339584362 0.94494947791099559 0.76388889551162731 0.87226107716560375 0.90070420503616344 0.54897072911262523 0.76780930161476146 0.69804355502128612 1.0000000180025095e-35 0.94804319739341747 0.77346038818359386 0.69504830241203319 0.87026646733284008 0.87841832637786876 0.91476997733116161 0.91366460919380199 0.63326683640480053 0.82078272104263317 0.91024166345596325 0.80810147523880016 0.82078272104263317 0.38724207878112799 0.4803846031427384 0.99999997019767772 0.96444573998451244 0.82247900962829601 0.7353600561618806 0.73431372642517101 1.0000000180025095e-35
decision_type=2 2 2 2 2 2 2 2 2 2 2 2 2 2 2 2 2 2 2 2 2 2 2 2 2 2 2 2 2 2 2 2 2 2 2 2 2 2 2 2 2 2 2 2 2 2 2 2 2 2 2 2 2 2 2 2 2 2 2 2 2 2
left_child=1 4 3 5 41 8 13 10 55 15 11 -4 36 31 61 16 17 -10 19 -5 21 -21 26 24 -15 -24 27 28 -6 33 -18 -7 -11 34 -28 43 -12 -16 40 -29 -26 -1 -43 44 -27 46 49 48 -47 50 -45 52 -49 -48 -40 -2 -53 -37 60 -60 -14 -3
right_child=2 14 7 18 22 6 -8 -9 9 32 12 -13 58 23 37 -17 30 -19 -20 20 -22 -23 25 -25 38 35 29 39 -30 -31 -32 -33 -34 -35 -36 57 -38 -39 54 -41 -42 42 -44 45 -46 47 53 51 -50 -51 -52 56 -54 -55 -56 -57 -58 -59 59 -61 -62 -63
leaf_value=0.0066753873653507406 0.011154089757180739 0.0024193003642649356 0.024974443958556383 0.0389832381449551 -0.019724063292133678 -0.039217792685140258 0.02808072463496648 0.039739302783484261 0.031339745525320657 0.0010170894945771983 -0.021488647517861836 -0.023609110429999261 0.02458383427672152 0.024268567641484808 -0.015619348618471416 0.0059470643139972988 -0.0039559410626377927 -0.02411389055665384 0.038673700058607645 0.014225551302353652 0.028874992554192659 -0.028293929052426219 0.03409524267137664 0.014620866032002236 -0.018213634983597494 0.019354299867148858 -0.026134891554405702 -0.033204710320351202 0.052905823493245956 -0.021070697986122218 -0.04596940796778122 0.00065931435095919219 0.038116582538486557 0.032760695979465487 0.025729518073206635 0.0038759742799414983 0.012171947994555938 0.028779225849641463 0 0.0053387613627627548 0.013314830365210611 -0.035911152846175617 0.00084566444045768626 -0.016537103763559442 -0.026816908664247432 0.0073937714748907001 -0.021690220918355357 0.0063410022060024001 -0.032523058054701931 0.047272219524243202 0.018427824114801514 0.017643473222939739 -0.0083027653910218539 0.0068179390311730037 -0.040123474041660882 0.032855118443008417 0.0036859345914515714 0.021699714087762341 0.01216715693864924 0.03575393225688793 0.00090007938227436204 -0.039859890191395825
leaf_weight=0.21082283556461234 4.6413382501341394 0.14042286574840446 2.2932755518704644 14.180997282266615 1.1589177305577312 10.244414938264532 5.1039336379617444 133.56154341017827 1.9599244818091448 2.422194783575832 1.6606321589788411 3.4015378681942821 7.4069406511262041 1.2597000028472374 0.7893659675028164 8.0669412938877922 2.0559775929432362 0.96080565743613977 19.521929942071438 8.263772379606964 4.9641334526240817 6.1358605884015551 2.3032186690252265 2.6810813946649423 1.7220460266107696 0.85086873173713629 1.9291965286247417 5.242405129247345 0.64857481908984471 1.9702223753556607 4.74266865151003 1.2539928939659137 4.2501478157937527 2.2788267461583018 2.0606786601711065 4.7027358654886475 2.4527950678020716 0.6460563987493515 0.74161630240268994 0.64134842448402185 1.3337411672109736 9.0416028407635132 0.57864138530567366 0.8212746127974232 2.0541108294855803 2.6070812068646765 1.2690628287382426 11.977219383115882 3.4259336879476905 2.907512197853066 1.1624782510334624 8.5041476944461483 7.3919897506711996 1.1151865636929867 3.8009125787066296 11.179867726517839 10.297389031387864 9.7481842711567861 4.9068086990155271 30.28571517765522 3.3219027854502201 217.93968764611054
leaf_count=1 57 1 38 254 327 1246 88 3304 16 79 101 72 110 54 99 77 65 115 436 64 71 50 51 23 200 28 250 1727 50 11 68 146 70 66 26 29 23 4 21 29 44 4398 4 88 231 39 87 62 56 59 8 47 46 17 206 176 49 96 55 577 53 149649
internal_value=-0.000280399 -0.0269192 0.026828 0.0133306 0.00155424 0.00191984 -0.012379 0.0353542 0.0120645 0.00105757 0.0242591 -0.00263916 0.0273906 -0.0223045 -0.0394563 -0.0094044 -0.0218852 0.0105798 0.0276614 0.0202028 0.00501356 -0.00429356 0.00566999 -0.00770784 -0.0156695 0.00840326 -0.00607498 -0.0172447 0.0144743 0.0046572 -0.0359135 -0.034844 0.027058 0.01508 0 0.00701042 -0.00217978 0.00633299 -0.0248083 -0.028257 -0.00357637 -0.0316855 -0.0334522 0.00408487 -0.0107759 0.00518904 0.0192922 0.00240388 -0.0161062 0.0330061 0.00192079 0.00576807 0.000422788 -0.00909958 -0.0351472 0.0277682 0.0107733 0.0167845 0.0301147 0.0330028 0.0182938 -0.0398035
internal_weight=627.194 316.415 310.779 121.488 96.8996 68.4213 28.1414 189.291 40.2799 24.4587 55.7296 5.69481 50.0348 23.0375 219.516 17.7863 9.71938 2.92073 53.0667 33.5448 19.3638 14.3996 87.0686 11.5391 8.85802 71.1384 15.9302 7.69125 1.80749 8.23892 6.79865 11.4984 6.67234 6.2687 3.98988 68.8352 4.11343 1.43542 7.59832 5.88375 3.05579 9.83107 9.62024 54.3843 2.90498 51.4793 7.27551 44.2038 6.03301 4.89127 1.98375 38.1707 19.3692 2.38425 4.54253 15.8212 18.8015 14.4509 45.9214 35.1925 10.7288 218.08
internal_count=165594 157635 7959 3626 7882 2751 2028 4333 723 490 1029 110 919 1940 149753 341 264 131 875 439 185 114 3479 548 525 993 2486 2133 377 353 133 1392 149 342 276 942 124 103 471 1756 244 4403 4402 817 259 558 259 299 95 155 96 204 108 104 227 233 96 125 795 632 163 149650
is_linear=0
shrinkage=0.04


Tree=80
num_leaves=63
num_cat=0
split_feature=21 23 2 10 21 23 6 18 28 2 10 18 18 0 0 9 6 8 18 21 21 0 10 19 28 18 9 2 0 10 11 8 6 0 6 11 11 8 21 2 0 21 21 19 2 2 23 18 23 18 0 23 0 6 8 9 8 6 9 8 0 0
split_gain=266.681 68.7448 24.5722 8.25718 6.33021 4.95519 5.5733 4.56791 4.42219 3.52527 3.01474 2.90922 2.58359 2.51826 2.34864 2.34371 2.15427 2.69785 1.89221 1.82741 1.5951 1.58742 1.53784 1.43855 1.35271 1.33503 1.31375 2.43364 1.22773 1.14579 1.12956 1.12124 2.5877 2.40331 1.6497 1.1753 1.82305 1.11126 1.08756 1.0017 0.884401 0.781847 0.721984 3.28444 2.06921 3.5231 0.70903 1.05377 1.61738 0.944349 0.709011 0.67286 0.660316 0.663816 0.655655 1.52232 1.12578 1.69596 2.28123 1.42183 1.45519 0.695658
threshold=0.14039409160614016 0.26293487846851354 0.58757218718528759 0.240384615957737 0.60555556416511547 0.61134067177772533 0.83910790085792553 0.5914268195629121 1.0000000180025095e-35 0.11427757143974306 0.4083333313465119 0.43259048461914068 0.84764185547828685 0.43830718100070959 0.42639465630054479 0.12132352963089944 0.69504830241203319 0.82712644338607799 0.65240275859832775 0.36038962006568914 0.20942982286214831 1.0000000180025095e-35 0.44949495792388922 0.64174234867095958 1.0000000180025095e-35 0.47646732628345495 0.12132352963089944 0.31266012787818914 0.41016845405101782 0.76388889551162731 0.74322345852851879 0.64051282405853283 0.78086888790130626 0.53636872768402111 0.9607692062854768 0.98936170339584362 0.7670542597770692 0.69504830241203319 0.40588235855102545 0.48888546228408819 0.76780930161476146 0.59411767125129711 0.73030304908752453 0.88581016659736644 0.85124641656875621 0.75379398465156566 0.83884635567665111 0.80090090632438671 0.78598690032958995 0.77158385515213024 1.0000000180025095e-35 0.98319208621978771 1.0000000180025095e-35 0.94804319739341747 0.77346038818359386 0.69504830241203319 0.99438202381134044 0.92940199375152599 0.86899313330650341 0.86729559302330028 0.60208243131637584 0.57827606797218334
decision_type=2 2 2 2 2 2 2 2 2 2 2 2 2 2 2 2 2 2 2 2 2 2 2 2 2 2 2 2 2 2 2 2 2 2 2 2 2 2 2 2 2 2 2 2 2 2 2 2 2 2 2 2 2 2 2 2 2 2 2 2 2 2
left_child=1 3 4 52 5 11 9 21 20 -7 12 -2 15 -12 23 -11 39 19 25 37 -4 -3 31 26 30 -15 -13 -28 -24 54 -6 33 40 -5 35 36 -34 -18 -16 41 -33 46 43 -22 45 -45 47 48 -17 50 -50 -48 -1 -54 55 -30 57 58 59 60 -56 -60
right_child=2 7 8 22 24 6 -8 -9 -10 10 13 14 -14 18 38 16 17 -19 -20 -21 42 -23 28 -25 -26 -27 27 -29 29 -31 -32 32 34 -35 -36 -37 -38 -39 -40 -41 -42 -43 -44 44 -46 -47 51 -49 49 -51 -52 -53 53 -55 56 -57 -58 -59 61 -61 -62 -63
leaf_value=0.0066320150924393442 0.037365153093183924 0.012012396352311966 0 -0.012858356642225842 0.00030397255191796983 0.026161706083787539 0.033150051343433851 0.017039245149888235 0.040637970794018118 0.016499415993024787 0.035704413443143478 0.028888862763563609 0.012285182208734941 0.009544700595434526 -0.016822083849680484 -0.033301957401299709 0.019534250838740459 -0.03383124910597507 0.014104472267030096 0.034417747339523311 0.029721711998009624 -0.039769622695143378 0.032325963670708391 0.041953772444836737 0.031563054481040527 -0.032177275275565284 -0.020186606616203244 0.029773544110015482 0.018641314365323628 0.016532086360298116 0.026922679054062926 -0.033070384580660514 0.026087827373902445 0.05067416404586602 -0.023835946158259423 0.0316403986878682 -0.017311624441583798 -0.020370734144685782 0.018121817365281196 -0.00044521007288825541 0.0052454052170783395 0.0031670218040805642 0.038516450337189811 0.019930616974828622 0.02411099750297185 -0.031344442837267263 -0.040770851297447099 0.011899621842160493 0.025438537790453301 -0.020628234985367592 -0.0062020565459859987 -0.0030184244990327088 -0.035864639514870962 0.0008331634833615546 -5.9239094220825857e-05 -0.027250373135117002 0.00080693282305346697 0.037081418037970652 0.010172308981708345 -0.0045938574680326463 0.045913117491695063 -0.014212437987192463
leaf_weight=0.21026448905467887 9.672750598285349 0.4209505021572103 3.3979772705351925 1.3399481443921133 6.466338921338318 4.5731951775960615 6.2869631248759097 1.6889327447861422 118.62154722213745 2.3255218267440787 3.111503693740814 2.0603007487952691 4.9350131750106803 1.0762492738431304 5.1292062780121332 6.2155390934785899 0.74593402550090049 1.5929740326246244 4.3970934860408306 2.4801570065319538 34.689424178097397 209.88529478292912 2.3605423658154896 2.5589078196790069 25.358531426638365 2.8028292388189584 3.6320205053780228 1.3380239551188422 0.87025167956016902 14.39751261519268 3.6096248552203178 5.1300192496273658 1.5853406833484749 0.68630679952912022 1.4768019299954174 2.3000996919581667 2.8618223153753206 2.0409269813681021 0.86898535490036 2.829692706000059 0.64438861503731448 0.86212024092674155 11.673402920365332 2.8464744761586172 3.7814777903258801 3.8615563847124577 9.1480147050460783 0.89276485145092088 1.385598370805383 1.3868682738393543 1.2698155399411915 1.2498195462394495 8.9145335780922288 0.57882871804758984 1.2982815690338627 2.1317196835298091 35.186498102033511 2.8851935230195513 1.5580043703084809 1.6880258554592726 2.8562082163989544 5.9537510588997975
leaf_count=1 335 3 45 327 66 48 124 81 3212 20 63 25 39 87 308 624 16 139 45 23 646 148815 51 26 449 121 131 24 29 127 46 1732 28 51 9 66 248 360 15 80 29 6 244 55 80 75 848 7 9 9 247 97 4407 4 64 233 200 19 45 22 69 140
internal_value=-0.000256837 -0.0263342 0.0264756 0.00153945 0.0124628 0.00644572 0.000175705 -0.0390429 0.035912 -0.00402266 -0.00727301 0.0209967 -0.0125057 0.0100402 0.00895787 -0.016419 -0.019351 2.73807e-05 -0.0019862 0.0146703 0.0260305 -0.0395907 0.00558859 0.0205704 0.0265224 -0.020198 0.00803391 -0.00333222 0.00811424 0.0067755 0.0117708 -0.00521367 -0.00960935 0.0169729 0.00455017 0.0135542 0 -0.00629556 -0.00932192 -0.0245706 -0.028061 -0.0272968 0.0275953 0.0239139 0.00344367 -0.0093046 -0.0287794 -0.0181388 -0.0219332 -0.000521246 0.0116563 -0.0372469 -0.0316004 -0.0333797 0.00387077 -0.0116134 0.00505524 0.0134474 0.00583499 0.0228813 0.0335464 -0.00808399
internal_weight=610.085 308.91 301.175 96.9143 122.303 86.8688 61.6086 211.995 178.872 55.3216 50.7484 25.2602 39.3608 11.3877 15.5874 34.4257 32.1002 6.85999 8.27617 5.26702 60.2503 210.306 87.2107 9.58925 35.4345 3.87908 7.03035 4.97004 71.186 68.8254 10.076 16.0247 13.9985 2.02625 8.22406 6.74726 4.44716 2.78686 5.99819 25.2402 5.77441 22.4105 56.8523 45.1789 10.4895 6.70803 21.5484 11.1506 10.2578 4.04228 2.65541 10.3978 9.70363 9.49336 54.4279 3.00197 51.426 16.2395 13.3543 5.84252 4.15449 7.51176
internal_count=165594 156800 8794 7901 4437 3876 3012 148899 4357 2888 2840 864 2524 316 529 2485 2465 538 253 399 1145 148818 3489 206 561 208 180 155 999 948 112 2490 2112 378 351 342 276 376 323 1927 1761 1847 1100 856 210 130 1841 896 889 265 256 945 4412 4411 821 262 559 359 340 155 133 185
is_linear=0
shrinkage=0.04


Tree=81
num_leaves=63
num_cat=0
split_feature=1 23 2 10 22 7 9 24 20 18 19 11 18 23 7 8 7 1 18 9 1 11 22 9 22 22 22 10 23 0 20 9 9 7 8 7 11 10 9 9 7 18 18 2 7 0 7 10 1 11 7 0 10 7 7 7 0 7 0 11 8 2
split_gain=256.34 68.3244 23.0416 7.63763 5.85734 4.77844 5.4168 4.56182 4.12425 3.84832 4.03033 2.57364 2.36163 2.33674 2.27276 3.1986 2.93701 2.19998 2.18304 2.75238 2.16628 2.16104 1.8973 1.8544 1.64082 2.11876 1.60427 1.55751 1.49704 1.1719 1.11514 1.08345 1.9025 1.80065 2.4221 1.13589 1.56329 1.02283 1.27559 2.31821 1.02151 1.00087 0.760207 0.665071 0.810978 0.647851 0.653189 0.606345 0.549822 0.531943 0.521084 0.467565 0.43062 0.993989 3.43918 1.20604 0.811006 1.29024 0.730204 0.843666 1.21579 2.29276
threshold=0.078810192644596114 0.26293487846851354 0.58757218718528759 0.240384615957737 0.69397994875907909 0.83910790085792553 0.12132352963089944 1.0000000180025095e-35 0.7353600561618806 0.46192501485347753 0.64174234867095958 0.81530213356018078 0.5914268195629121 0.42008402943611151 0.43534001708030706 0.71516755223274242 0.35388994216918951 0.36960017681121832 0.73375529050827037 0.8550420105457307 0.36960017681121832 0.70412456989288341 0.21240601688623431 0.70320320129394542 0.72474747896194469 0.61324787139892589 0.5577777922153474 0.44949495792388922 0.77158385515213024 0.41016845405101782 0.87559524178504955 0.8989795744419099 0.9607692062854768 0.89699381589889537 0.78319624066352855 0.34330357611179357 0.92052632570266735 0.86607143282890331 0.82683658599853527 0.69504830241203319 0.90070420503616344 0.77158385515213024 0.65240275859832775 0.42810350656509405 0.63859337568283092 1.0000000180025095e-35 0.94804319739341747 0.58571431040763866 0.19251272827386859 0.76253134012222301 0.55036231875419628 1.0000000180025095e-35 0.58571431040763866 0.7320508360862733 0.85145786404609691 0.65648320317268383 0.83118847012519848 0.77849927544593822 0.87729144096374523 0.54226192831993114 0.9321839213371278 0.44791465997695928
decision_type=2 2 2 2 2 2 2 2 2 2 2 2 2 2 2 2 2 2 2 2 2 2 2 2 2 2 2 2 2 2 2 2 2 2 2 2 2 2 2 2 2 2 2 2 2 2 2 2 2 2 2 2 2 2 2 2 2 2 2 2 2 2
left_child=1 3 4 45 5 6 -2 8 -4 21 13 24 51 -11 16 23 20 42 19 -17 -12 28 48 -16 25 30 41 31 -8 -29 -10 35 33 34 -33 -5 -37 38 39 -31 -14 -22 47 44 -38 -1 -47 -15 -23 -34 -41 -3 58 55 56 -54 57 -55 59 -40 61 -61
right_child=2 12 7 27 -6 -7 9 -9 11 10 14 -13 40 17 15 18 -18 -19 -20 -21 26 22 -24 -25 -26 -27 -28 29 -30 37 -32 32 49 -35 -36 36 43 -39 52 50 -42 -43 -44 -45 -46 46 -48 -49 -50 -51 -52 -53 53 54 -56 -57 -58 -59 -60 60 -62 -63
leaf_value=0.0065890210136879332 0.034327640855781334 0.0022724703575827806 -0.0024222741493706663 0.02229257001238686 0.030263620371925298 0.034798925855194146 0.04046977647642528 0.039422847928831481 -0.0042348380943437918 0.016662751890579669 0.025030910145686973 0.034995238238977329 -0.015486286962198004 -0.03812039202577415 0.0034630912957762982 0.010354816159828469 -0.030418233278406863 0.0064678287141446897 0.014773750577226996 -0.038681825470717336 0 -0.025433129477792402 0.01912657958621768 0.038253101232363161 0.030610971842536808 -0.025849906907024951 0.0095492531422426506 0.031507592208550532 -0.0013196038734200502 0.019774965698677913 0.028713338495339618 0.039666548738971949 0.0003328352455873621 0.044408198623110476 -0.024609848329012911 -0.032508619817349954 -0.010511251299129656 0.017871717884150456 -0.010161434218754048 0.0007044477392091445 0.028097135244493414 -0.022399310918093825 0 -0.01521014860609101 0.029332343532722661 -0.035604931887627256 0.00082084830623007493 -0.0031409451541347761 0.0036542323211991401 -0.022660398790523079 -0.029952490259700808 -0.039839016165291057 0 -0.02279148694136603 0.013118864459825757 0.032509096193278582 -0.031652572641857009 0.014332096637086433 -0.010687946593383893 0.022622791543675809 0.023406732110891625 -0.024189471523384007
leaf_weight=0.20970733463764091 8.0682376399636251 0.13752341270446677 7.782861830899491 0.21143526048399408 23.161768715828657 8.6816123530734313 6.1831579565769044 128.9872161410749 2.4153707511723024 1.7037588361417864 4.1146053674165222 27.722333613783121 0.77992912172339746 9.2638688563602027 4.2651811742689478 2.4478270942345244 4.5704210256226352 2.431145755108445 4.8625522386282682 3.241156010190025 6.0580205442383903 2.2795148389413957 3.945416274596937 6.8713376652449369 2.9294572211802006 2.4798217602074146 7.5547456480562678 2.3771155412541694 1.3937940165633333 1.7599793914705504 2.3886917792260647 0.41843485157005389 2.4882180893328041 1.6441777097061274 1.7406700247665865 4.5011187955969945 0.48932421556673977 10.149248851463197 2.7885200949385789 0.72353668161667872 0.6398044228553772 6.4071419965475798 1.2152960371458892 0.75526725372765202 1.1330156150506807 8.4243537420406902 0.57901320001110512 1.3411905927350734 0.87614355725236226 2.2433621678501368 3.8975359461037442 201.375858070096 2.7241789363324633 1.849615116836506 20.465452521457337 4.3942962168948725 2.731731544714421 2.1080105694709346 4.8121927306056014 2.0879727753344905 5.1935030426830053 2.6258144802413881
leaf_count=1 97 1 73 25 410 151 203 3521 38 34 38 579 99 1350 71 51 64 39 48 47 66 422 79 79 55 42 79 51 86 43 45 28 73 8 229 1575 170 96 18 46 4 49 67 190 171 4398 4 63 13 17 207 149649 66 44 119 73 15 44 20 57 30 64
internal_value=-0.000220971 -0.0263342 0.0261274 0.00152628 0.0125066 0.00799592 0.0049825 0.0354087 0.0233963 0.00162881 -0.0024941 0.0287221 -0.0394117 -0.019409 0.00305704 0.0125879 -0.00419069 -0.0247934 -0.00292101 -0.0185909 0.00162956 0.0194909 0.00222643 0.0266416 0.00973559 -0.000859012 -0.00395173 0.00537846 0.0330586 0.00791369 0.0135831 -0.00563661 0.00355592 0.0221182 -0.00227376 -0.0162684 -0.0206404 0.00659222 0.00428754 -0.0112316 0.00599624 -0.0125328 -0.031538 0.00361611 0.0163639 -0.0311646 -0.0330146 -0.0346932 -0.0174587 -0.0119225 -0.0251694 -0.0397794 0.00645232 0.00901695 0.00493986 0.0215529 -0.0180147 -0.00330857 0.00099981 0.00617889 0.0116547 -0.00242361
internal_weight=594.104 298.46 295.644 95.5268 120.938 97.7761 89.0945 174.706 45.7185 81.0263 66.3482 37.9357 202.933 15.9553 50.393 21.6881 28.7049 14.2515 10.5515 5.68898 24.1345 14.678 7.10107 11.1365 10.2133 7.28388 20.0199 86.3137 7.57695 70.6887 4.80406 15.625 8.53486 3.80328 2.1591 7.09016 6.87873 68.3116 58.1623 6.38105 1.41973 12.4652 11.8204 2.37761 1.62234 9.21307 9.00337 10.6051 3.15566 4.73158 4.62107 201.513 51.7813 34.2733 27.1548 7.11848 6.68936 3.95763 17.508 12.6958 9.90729 4.71379
internal_count=165594 157635 7959 7882 3606 3196 3045 4353 832 2948 2145 759 149753 1553 592 296 296 1519 146 98 232 803 514 150 180 125 194 3479 289 993 83 2486 355 265 257 2131 2106 942 846 296 103 115 1480 531 341 4403 4402 1413 435 90 253 149650 550 361 222 139 103 88 189 169 151 121
is_linear=0
shrinkage=0.04


Tree=82
num_leaves=63
num_cat=0
split_feature=20 23 2 10 21 24 24 20 8 7 10 18 21 30 10 7 2 6 10 19 2 23 18 21 6 0 9 21 6 8 8 9 9 9 10 10 0 31 6 23 8 7 2 10 0 9 6 6 8 10 9 6 0 8 18 0 18 10 6 6 2 8
split_gain=242.849 62.5183 21.05 7.77969 6.8423 5.31824 4.30652 3.95882 3.59095 5.57575 4.5232 3.41069 3.10795 3.37285 2.90608 2.49974 2.58703 2.06047 1.98089 1.84182 1.80152 1.71759 1.68795 1.72509 1.68255 1.94137 1.74551 1.6424 1.55473 1.50579 1.69756 2.48993 1.9757 1.60079 1.51144 1.33315 1.57262 1.31559 1.2122 1.09749 1.0909 0.98348 1.33757 0.982853 0.921548 0.910462 2.50854 2.94036 1.25981 0.90311 0.793241 0.64502 0.640769 0.628168 0.580317 0.753885 1.23441 0.509579 1.83247 0.653847 0.432686 0.365592
threshold=0.58656641840934765 0.26293487846851354 0.58757218718528759 0.240384615957737 0.18019481003284457 1.0000000180025095e-35 1.0000000180025095e-35 0.7353600561618806 0.17267081141471866 0.5604878067970277 0.43650794029235845 0.5914268195629121 0.48529411852359777 1.0000000180025095e-35 0.30384616553783422 0.38924963772296911 0.23075737059116366 0.2152509689331055 0.44949495792388922 0.68599441647529613 0.11427757143974306 0.64879238605499279 0.49720634520053869 0.19292803853750232 0.56294015049934398 0.37993466854095465 0.91476997733116161 0.24068965017795566 0.75905716419219982 0.91366460919380199 0.84680575132370006 0.83457711338996898 0.82807883620262157 0.75147059559822094 0.44949495792388922 0.76388889551162731 0.99999997019767772 1.0000000180025095e-35 0.75905716419219982 0.98319208621978771 0.90521115064620983 0.54653680324554454 0.27583871781826025 0.64583334326744091 0.33895938098430639 0.9607692062854768 0.90366768836975109 0.83827373385429393 0.83935481309890758 0.76388889551162731 0.69028213620185863 0.94804319739341747 0.4863871186971665 0.90521115064620983 0.65240275859832775 0.42639465630054479 0.53532215952873241 0.58571431040763866 0.88067796826362621 0.91024166345596325 0.62731361389160167 0.67942845821380626
decision_type=2 2 2 2 2 2 2 2 2 2 2 2 2 2 2 2 2 2 2 2 2 2 2 2 2 2 2 2 2 2 2 2 2 2 2 2 2 2 2 2 2 2 2 2 2 2 2 2 2 2 2 2 2 2 2 2 2 2 2 2 2 2
left_child=1 3 5 51 11 12 7 -4 -7 10 15 -3 13 19 17 16 -10 -14 60 22 -15 27 23 40 37 38 29 -22 39 30 31 32 33 50 -32 45 -37 -5 -26 -23 -2 42 -39 -33 -17 46 47 48 -28 -31 -27 -1 -52 -24 55 -11 -57 58 -47 -59 -6 -54
right_child=2 4 6 24 18 8 -8 -9 9 54 -12 -13 14 20 -16 44 -18 -19 -20 -21 21 28 53 -25 25 26 35 -29 -30 49 34 43 -34 -35 -36 36 -38 41 -40 -41 -42 -43 -44 -45 -46 57 -48 -49 -50 -51 52 -53 61 -55 -56 56 -58 59 -60 -61 -62 -63
leaf_value=-0.035410151649594213 -0.021330613542321578 -0.039715700783975953 -0.0040284564127637881 -0.030333015395335231 -0.02394252526122902 0.034820110458939145 0.039368635155337388 0.028358858720301083 -0.011607627028986631 0.033159559153939519 0.034655883624838936 0.013841959040610745 0.022623773923893028 0.0057153235515546583 0.041588137516611827 -0.036984717097325155 0.020350595134842223 -0.0074074182232823282 0.026190734402640411 0.020802134190009973 -0.025762789754410896 -0.042933672533797214 -0.02508233215220344 0.031200603360830335 0 -0.01034686328657289 0.048083985480624855 0.014566570570338085 0.0016766340913138076 -0.028180985084172688 -0.011618226249838283 -0.032235911452392005 0.044126616356334615 -0.022167730641184619 0.027208423902999667 0.038368127309877417 0.0052069363052235527 -0.017314655874421589 0.060575455175718308 0.0052864744974394119 0.021503247355061508 -0.022249003550394095 0.024948068516861991 0.011243791926822152 -0.0055307925355689057 0.0084680354819999856 0.038786916816215704 -0.029846488835206204 -0.003358005744846005 -0.00031478122425713807 -0.0054985507379338673 0.00080871347324039963 0.044898911763795325 0.0066643352758542149 0.037074497754271712 0.019216089050649542 -0.011446502066466743 -0.00095042197784136692 -0.018618312672442672 0.012409749904105772 0.0064835458865060234 0
leaf_weight=8.0622374588856438 2.1174733118386961 194.87012623716146 6.6544030937366179 2.6036736115347585 1.6958085793303315 19.564396884292364 122.47313382476568 37.063332356512547 7.9293114636093431 2.7976578213274497 4.1989649860188356 1.3560741981491435 5.3806125633418578 4.1467317037750062 4.4152175635099402 3.5633846761193118 6.3733513280749321 7.4763988917693496 2.743955067358911 8.6262758341617864 1.7014913315651927 6.6571753806201723 3.8140147505328059 2.278200168046169 0.84956608875654527 0.4661156443180573 0.71368111670017176 2.9821032066829503 1.5098587041720746 3.9174243276938787 1.3685527658089984 3.9854668148327619 0.95174247783143062 2.3521960334619507 5.1387383873807266 4.2482036240398866 5.2901147678494453 0.84819204534869674 0.7349255383014679 0.45138602191582311 0.37679736013524223 0.90217702009249467 2.5781167115783319 0.33294512331485737 3.3374079235363752 8.9392998177790997 3.4681109755765647 2.1479653705609962 0.91754261311143637 3.5090105729177594 0.27254792035091657 0.57919484702870327 0.80808246834203579 0.57694337680004526 9.9314535409212095 4.478629102697596 2.4003321435302496 8.9217987658921629 5.633423584746196 13.078380281105638 0.29809560813009728 0.52554189099464566
leaf_count=4369 290 149703 57 299 656 361 3504 760 47 38 64 63 49 34 52 34 66 74 74 81 236 619 311 71 83 78 22 54 79 78 155 757 90 656 63 39 56 124 7 34 6 164 145 2 48 78 22 53 68 25 73 4 108 12 167 78 39 41 29 68 4 73
internal_value=-0.000200511 -0.0255592 0.0262003 0.00130623 -0.0381087 0.0129953 0.0353462 0.0233598 0.020609 0.0137224 0.00097771 -0.039257 0.00334749 -0.00341205 0.0167891 -0.00677196 0.00277102 0.00559755 0.00730738 0.00848334 -0.0155592 -0.0224068 -0.00362551 0.0113279 0.00513157 0.00686509 0.00558177 -0.00133584 -0.0321123 -0.00325088 0.0034841 -0.00669249 0.0103745 -0.00294476 0.0180501 0.0095545 0.0225953 -0.0124009 0.0413854 -0.0391041 -0.00941312 0.00130332 0.012034 -0.0266477 -0.0249044 0.00618588 0.0183466 -0.00376512 0.0273491 -0.0170887 0.0176861 -0.0327356 0.0282048 -0.0197066 0.0291906 0.0180099 0.00791423 0.00324549 -0.00226915 0.00701209 -0.0174114 0.0362113
internal_weight=578.385 295.109 283.276 94.145 200.964 117.086 166.191 43.7177 64.5749 45.0105 25.4024 196.226 52.5107 35.2385 17.2722 21.2035 14.3027 12.857 4.73786 17.7897 17.4487 13.302 9.16343 4.77247 85.5035 78.5714 76.9869 4.68359 8.61842 23.6284 16.2019 9.69464 5.37623 4.42448 6.50729 53.3585 9.53832 6.93216 1.58449 7.10856 2.49427 4.32849 3.42631 4.31841 6.90079 43.8202 7.2473 3.77919 1.63122 7.42643 2.07229 8.64143 1.60617 4.39096 19.6081 9.67662 6.87896 36.5729 14.5727 22.0002 1.9939 1.33362
internal_count=165594 158329 7265 7829 150500 2944 4321 817 942 581 259 149766 2002 1827 175 195 113 123 734 771 1056 1022 690 367 3456 2724 2634 290 732 2158 2055 1837 1078 988 218 476 95 732 90 653 296 433 269 759 82 381 165 143 90 103 332 4373 254 323 322 155 117 216 107 109 660 181
is_linear=0
shrinkage=0.04


Tree=83
num_leaves=63
num_cat=0
split_feature=1 23 10 19 10 10 1 25 23 0 7 6 21 18 1 18 0 7 6 10 0 6 0 9 11 9 6 30 20 1 10 11 21 11 23 0 21 6 1 6 0 9 6 6 0 1 11 9 6 6 7 10 7 7 0 6 11 10 20 18 10 11
split_gain=231.013 65.6371 20.5581 10.838 6.94071 5.83422 6.76654 5.18832 3.81697 4.05677 2.82601 2.60216 2.34519 2.30723 2.20586 3.09207 2.19548 5.71135 4.49009 2.15909 2.00451 1.66479 1.82671 1.73144 1.75402 2.00131 2.12718 1.51524 2.77324 1.62192 1.46823 1.39184 2.37903 1.38788 1.30908 1.27282 1.20491 1.19834 1.14677 1.01869 1.31857 1.00024 0.975633 0.958426 0.95716 0.879287 1.25528 0.872399 2.37936 2.80781 0.667094 0.65598 1.16453 0.645328 0.618205 0.639698 0.561492 0.544142 0.540205 0.484833 0.474897 1.7124
threshold=0.078810192644596114 0.26293487846851354 0.43650794029235845 0.82972848415374767 0.240384615957737 0.080128207802772536 0.43283110857009893 1.0000000180025095e-35 0.63837969303131115 0.29973532259464269 0.58578637242317211 0.53093111515045177 0.20942982286214831 0.5914268195629121 0.53663355112075817 0.5914268195629121 0.47354473173618322 0.270728349685669 0.56980520486831676 0.30384616553783422 1.0000000180025095e-35 0.56294015049934398 0.37993466854095465 0.91476997733116161 0.88516482710838329 0.83457711338996898 0.83424907922744762 1.0000000180025095e-35 0.89498746395111095 0.29179082810878759 0.76388889551162731 0.556623935699463 0.36038962006568914 0.73431372642517101 0.94764256477355968 0.99999997019767772 0.36038962006568914 0.75905716419219982 0.29179082810878759 0.43792808055877691 0.51247477531433117 0.33687943220138555 0.90070420503616344 0.63859337568283092 0.54897072911262523 0.36960017681121832 0.74133810400962841 0.9607692062854768 0.90366768836975109 0.83827373385429393 0.69804355502128612 0.58571431040763866 0.46247655153274542 0.81530213356018078 1.0000000180025095e-35 0.94804319739341747 0.4803846031427384 0.86607143282890331 0.6569296419620515 0.38724207878112799 0.58571431040763866 0.78867626190185558
decision_type=2 2 2 2 2 2 2 2 2 2 2 2 2 2 2 2 2 2 2 2 2 2 2 2 2 2 2 2 2 2 2 2 2 2 2 2 2 2 2 2 2 2 2 2 2 2 2 2 2 2 2 2 2 2 2 2 2 2 2 2 2 2
left_child=1 4 3 5 54 8 19 10 56 14 11 -4 53 -3 15 20 17 41 -19 34 -10 39 37 24 33 43 -27 -14 29 -29 47 -21 44 51 -7 -32 -17 -23 -11 40 -6 -5 -15 -26 50 -30 -47 48 49 -25 -33 52 -24 58 -1 -56 -2 -35 -12 -46 61 -49
right_child=2 13 7 16 21 6 -8 -9 9 38 12 -13 27 42 -16 36 -18 18 -20 31 -22 22 23 30 25 26 -28 28 45 -31 35 32 -34 57 -36 -37 -38 -39 -40 -41 -42 -43 -44 -45 59 46 -48 60 -50 -51 -52 -53 -54 -55 55 -57 -58 -59 -60 -61 -62 -63
leaf_value=0.006322747180941714 0.0097223500761840793 -0.039753156161311594 0.023892986281499065 0.036745586397113866 -0.016393740190646922 -0.038841821180732421 0.026604219311060939 0.039120950007067515 0.030231762230817933 0.00081184715012249222 -0.027787775190463496 -0.023501499772986892 0.036858029239495597 -0.015244938512572451 0.005705124907501343 -0.0041125894633257734 0.03794261673235709 -0.017582370097917667 0.027318211930147024 0.017544199153606929 -0.022869235809167394 0 0.023297935257743367 0.026406456962272881 -0.0081836409410055051 -0.030097483671510827 0.0080723257779257082 0.015117902948250645 0.0015181541373604814 -0.018848524232028561 0.037825254893199087 -0.017505119625874671 0.016497728288311489 -0.030516633724662658 0.0012144606018268274 0.0072340251754784562 -0.044945309059053799 0.05930963290698274 0.037307063738351194 -0.020397574142537844 0.031675678712216791 0.0065659708331204771 0.027474587478459093 0.029561628342411148 0 0.0010546181811458245 0.037885743499572175 0.0081627230777594987 0.037993738510850354 -0.02949965291734289 0.011668162637315684 0.013444209581545536 -0.024448081937376968 0.011860052815608859 -0.035287151403955622 0.00079675648514419969 0.031448909778864373 0 0.0018827425237028146 -0.040065139050096475 0.0067650367684847224 -0.018011234130683052
leaf_weight=0.20617622137069602 4.4416543354745945 186.20446394314058 2.2265465580858281 15.062132820487028 0.80131472938228288 9.639620024012407 4.7058005263097575 116.344725336181 1.8669141866266783 2.3047176098916671 0.97292583633679885 3.3182378622004762 20.826366325840354 0.76306513906456419 7.8511363565921775 2.022850829642266 17.240487936884165 8.8002710863947851 4.5896008051931849 1.7303473770152766 0.90146811981685449 0.86155311460606643 0.19143455615267324 1.6631167695159086 0.68907314690295507 2.6657627078238857 5.3770873242756352 3.6182666071690646 2.062147192656993 3.3579687289893627 4.1530945077538473 1.6241930959513395 2.1182025577872992 5.0417191069573164 1.2018569863867004 5.5052604749798775 4.551098502939567 0.74178476468659937 3.8701330535113811 5.237262416863814 0.86314629146363586 2.9069606699049464 0.63353441655635834 4.5035831858403981 0.71706847473978985 2.03586771339178 10.131031669676302 8.9563576359068957 3.4207342178560793 2.0990408253856003 1.3343112830771131 2.4823109208373353 1.7544254278764126 1.7410412696190176 7.8557900667656195 0.57937377830967296 10.505956892622633 0.83607609570026387 1.2739577200263736 3.6178692535031587 21.933064216515049 5.6317307620774946
leaf_count=1 57 149650 38 270 138 1246 88 3304 16 79 80 72 384 99 77 65 436 70 71 57 115 84 35 91 99 336 74 50 39 61 39 200 20 787 146 57 68 7 70 577 22 28 4 389 21 37 224 77 22 53 44 65 383 17 4398 4 176 5 27 206 109 30
internal_value=-0.000176523 -0.0257505 0.0253964 0.0120494 0.00148911 0.00122068 -0.0127961 0.0342783 0.011163 0.000661896 0.0227395 -0.00311595 0.0259398 -0.0393633 -0.00924749 -0.0215368 0.0261362 0.0185498 -0.00108508 -0.0221947 0.0103988 0.00510539 0.00682818 0.00557359 -0.00324363 0.00604262 -0.00606582 0.0286699 0.0191502 -0.00104345 0.00952511 -0.00819667 -0.0145439 -0.015003 -0.0343359 0.0230783 -0.0351108 0.040212 0.0262547 -0.0123693 0.00956521 0.0326777 0.00584281 0.0233942 -0.0249437 0.0287318 0.0325748 0.00599121 0.0179476 -0.00359021 -0.00371345 0.00133276 -0.0120788 -0.00201147 -0.0306608 -0.032563 0.0262582 -0.0262959 -0.0143343 -0.0352711 0.0031174 -0.00219236
internal_weight=563.165 281.651 281.514 113.605 94.0503 65.0052 26.6893 167.909 38.3159 23.3683 51.5644 5.54478 46.0196 187.601 17.1935 9.34233 48.5995 31.359 13.3899 21.9835 2.76838 85.4089 78.5072 76.9039 23.5415 13.2355 8.04285 42.0316 21.2053 6.97624 53.3624 11.142 9.41164 10.306 10.8415 9.65835 6.57395 1.60334 6.17485 6.90172 1.66446 17.9691 1.3966 5.19266 7.29344 14.229 12.1669 43.704 7.18289 3.76216 2.9585 4.42817 1.94586 3.98792 8.64134 8.43516 14.9476 5.8778 2.24688 4.33494 36.5212 14.5881
internal_count=165594 157635 7959 3626 7882 2751 2028 4333 723 490 1029 110 919 149753 341 264 875 439 141 1940 131 3479 2742 2651 2173 898 410 795 411 111 478 548 491 1275 1392 96 133 91 149 737 160 298 103 488 471 300 261 382 166 144 244 483 418 124 4403 4402 233 792 107 227 216 107
is_linear=0
shrinkage=0.04


Tree=84
num_leaves=63
num_cat=0
split_feature=20 23 10 21 10 21 24 9 7 18 24 18 7 23 9 8 10 9 10 21 11 21 30 21 6 0 9 11 9 6 6 6 0 7 31 11 10 0 6 11 21 11 9 10 0 0 6 8 9 6 6 8 23 8 6 18 11 9 9 21 9 10
split_gain=218.758 59.9489 18.0606 9.10452 7.10314 6.59599 5.31922 4.83229 3.91332 3.32233 2.46975 3.30462 2.78792 3.68688 2.13482 6.58438 2.12453 3.35984 1.80312 1.72093 1.69404 1.58122 1.52984 4.79808 1.51805 1.81452 1.5311 1.62289 1.86009 2.03687 1.36082 1.34289 1.90242 1.422 1.26258 1.25269 1.21694 1.47523 1.11438 1.02252 1.07159 1.00372 0.951085 0.949826 0.938005 0.936203 0.903778 0.850589 0.841003 2.25073 2.69353 1.20588 0.78958 0.705788 0.631302 0.564015 0.559215 0.526104 2.09999 0.493269 0.444126 0.441754
threshold=0.58656641840934765 0.26293487846851354 0.43650794029235845 0.60555556416511547 0.240384615957737 0.18019481003284457 1.0000000180025095e-35 0.12132352963089944 0.58578637242317211 0.5914268195629121 1.0000000180025095e-35 0.73375529050827037 0.5646599829196931 0.64640304446220409 0.71834936738014232 0.32071428000926977 0.080128207802772536 0.71209660172462474 0.44949495792388922 0.36038962006568914 0.86425063014030468 0.42481203377246862 1.0000000180025095e-35 0.45804196596145635 0.56294015049934398 0.37993466854095465 0.91476997733116161 0.88516482710838329 0.83457711338996898 0.83424907922744762 0.54110360145568859 0.68133461475372326 0.69439807534217846 0.38529014587402349 1.0000000180025095e-35 0.62115561962127697 0.76388889551162731 0.99999997019767772 0.75905716419219982 0.94028520584106456 0.73030304908752453 0.98936170339584362 0.78086888790130626 0.64583334326744091 0.47505775094032293 1.0000000180025095e-35 0.63859337568283092 0.78319624066352855 0.9607692062854768 0.90366768836975109 0.83827373385429393 0.83935481309890758 0.89957982301712047 0.77485185861587536 0.94804319739341747 0.53532215952873241 0.65058138966560375 0.70064935088157665 0.81302964687347423 0.20942982286214831 0.1702898591756821 0.58571431040763866
decision_type=2 2 2 2 2 2 2 2 2 2 2 2 2 2 2 2 2 2 2 2 2 2 2 2 2 2 2 2 2 2 2 2 2 2 2 2 2 2 2 2 2 2 2 2 2 2 2 2 2 2 2 2 2 2 2 2 2 2 2 2 2 2
left_child=1 4 3 7 54 9 8 -2 30 -3 11 16 13 -12 15 52 17 55 -7 20 -14 41 59 43 34 38 27 31 46 -30 -4 32 33 -27 -6 53 48 -38 -26 40 -25 -18 -33 -24 -13 -15 -29 56 49 50 51 -28 60 -36 -1 -9 -44 -48 -59 -10 -5 -50
right_child=2 5 6 14 24 18 -8 10 22 -11 12 44 19 45 -16 -17 21 -19 -20 -21 -22 -23 23 39 25 26 36 28 29 -31 -32 42 -34 -35 35 -37 37 -39 -40 -41 -42 -43 47 -45 -46 -47 57 -49 61 -51 -52 -53 -54 -55 -56 -57 -58 58 -60 -61 -62 -63
leaf_value=-0.035082981189331293 0.033073143911623179 -0.039682909984915714 0.011540361232760223 0.021648743873913714 -0.029834274112582874 -0.016737657409236328 0.03909604012275078 0.0017272848999126688 0.010897369150257448 0.0133394118477521 0.022220299289310352 0 0.022246305565296356 -0.0024680444515759519 0.039214644991713329 -0.014986224181858155 -0.041708564079979756 0.024912221270034222 0.025403709461258521 0.034779231199734778 -0.014620307466564038 0.0072093306472856876 0.005154439951830533 -0.003590227599958049 0 0.026081134417036699 0.045773185183311596 -0.0080671831095752121 -0.029775688273567906 0.007819273361350047 -0.023047566093689839 0.0028777724719326872 0.031334683358923851 -0.026950516725831389 0.032106572604801972 -0.02170211295869641 0.037286427293078031 0.0048301317863939956 0.058110086827886605 0.035775743527316974 0.027413912255158494 -0.0028705429056912458 0.023250632337463023 -0.022803879622159108 0.021523969945846107 -0.024842965522907955 0.047706096845560313 -0.036640336180332488 -0.0021181398792346558 0.037222076836582997 -0.029156924284845776 -0.0037746828466358254 0.036819008331535119 0 0.00078497572892445458 -0.024841241208533003 -0.012765522511995149 -0.01528545128500582 0.034522642153952787 0.036230150584608392 0 0.0065162187910158768
leaf_weight=7.5190296660875884 7.0384196154773226 180.12880728801247 2.2765713036060324 3.1555846109986367 2.4998505467083296 1.9023682613624249 110.42191590089351 1.1193087546853364 2.9663493316620615 1.3534835139289487 5.7168681668117705 9.3644557977095229 3.0562629380729032 6.7121187262237054 16.30260244011879 6.1548324823379508 6.8601194459479284 3.2491098367609084 2.6701272730715573 6.5406456105411053 2.8777748146094382 1.0875700223259617 2.5203240386908901 3.2708348073065254 0.84956608875654527 0.14099087752402084 0.75248085183557056 0.68556701403576692 2.5880908671533689 5.3820628974353895 3.092291807057336 1.2309621699387205 1.3232979869935659 2.1941907558357343 1.0050223063444719 1.2880564418155698 4.0609132125973684 5.2384492829442024 0.74733858252875507 9.8544019237160683 2.12150664255023 1.6743570335675029 0.17921517963986833 3.5670920554548502 3.9015549262985578 5.6377625653985888 1.0247512201312927 4.4275727769127116 14.601819250732659 3.3736743344925344 2.0514853050699458 0.93169640377163887 11.803028110414742 1.9967963574454188 0.57954998034983862 5.0595527056138963 0.60754955769516528 1.5942796234739947 1.9143415519502012 19.648989315144718 2.5640238411724567 21.898639448336326
leaf_count=4369 84 149703 41 66 299 660 3277 68 58 63 74 97 49 52 440 63 1125 80 74 120 37 23 67 60 83 10 22 99 334 73 59 65 33 598 121 243 39 56 7 222 43 116 6 55 45 69 21 361 107 22 53 68 215 69 4 152 192 245 121 378 30 109
internal_value=-0.000151648 -0.0249624 0.0254815 0.0127725 0.00128773 -0.0379978 0.0340646 0.00386915 0.0221668 -0.0391946 6.97031e-05 -0.00746381 0.00815168 -0.00181912 0.0277661 0.0184517 -0.017829 -0.00316566 0.00729583 0.0219523 0.00426052 -0.0301694 0.0260715 0.0166812 0.00488706 0.00653682 0.00528082 -0.00304872 0.00585072 -0.00590121 -0.00824394 -0.0145066 0.00353614 -0.0156893 -0.0119154 0.00143635 0.00901057 0.0216359 0.0398183 0.028225 0.0103623 -0.0356088 -0.0243847 -0.0115701 0.00734669 -0.0140777 0.022504 -0.0308918 0.00580402 0.0176032 -0.00338851 0.0256783 0.0305877 0.0153065 -0.0322724 -0.0199009 0.00162097 0.0284725 0.0126327 0.0336789 0.0135678 0.00299105
internal_weight=548.358 278.742 269.616 109.876 92.6872 186.055 159.74 69.8959 49.3184 181.482 62.8575 32.316 30.5414 18.0667 39.9801 23.6775 19.05 9.42797 4.5725 12.4747 5.93404 9.62205 43.9495 21.3342 84.5887 77.7989 76.202 23.2929 13.1891 7.97015 5.36886 10.1038 3.65848 2.33518 6.78973 4.28988 52.9092 9.29936 1.5969 15.2467 5.39234 8.53448 6.4453 6.08742 13.266 12.3499 5.21894 5.21434 43.6098 7.10934 3.73566 1.68418 17.5226 3.00182 8.09858 6.17886 0.786765 4.53337 3.50862 22.6153 5.71961 36.5005
internal_count=165594 158329 7265 3005 7829 150500 4260 2191 983 149766 2107 1706 401 195 814 374 1564 300 734 206 86 1264 883 447 3456 2724 2634 2158 893 407 100 1265 641 608 732 433 476 95 90 325 103 1241 624 122 142 121 486 559 381 165 143 90 311 190 4373 220 198 387 366 436 96 216
is_linear=0
shrinkage=0.04


Tree=85
num_leaves=63
num_cat=0
split_feature=1 23 2 10 21 28 7 9 18 19 6 20 19 18 23 1 21 7 10 10 1 18 7 21 10 9 9 6 2 9 11 9 6 10 11 31 11 0 7 6 6 6 11 1 9 6 6 18 0 23 0 6 10 7 10 30 2 11 0 10 0 9
split_gain=208.028 63.1292 21.2404 6.32228 5.12585 5.09229 4.2848 4.80351 3.52872 3.51104 2.59552 2.98351 2.88139 2.26264 2.13857 1.95827 1.94373 1.85206 2.82096 5.08526 2.81699 2.73646 1.80423 2.63532 1.62578 2.33267 2.86796 1.48914 1.73621 1.51108 1.54326 1.77649 1.95577 1.35094 1.31208 1.20908 1.21861 1.18659 1.10118 1.07026 0.934851 0.867698 0.811241 0.985186 0.804387 2.13815 2.57168 0.764779 0.64537 0.608228 0.594522 0.625925 0.584651 1.1668 0.54482 0.514256 0.511992 0.494247 0.49193 0.487829 0.466319 0.410039
threshold=0.078810192644596114 0.26293487846851354 0.58757218718528759 0.240384615957737 0.69397994875907909 1.0000000180025095e-35 0.83910790085792553 0.12132352963089944 0.46192501485347753 0.64174234867095958 0.70659971237182628 0.7353600561618806 0.88581016659736644 0.5914268195629121 0.42008402943611151 0.36960017681121832 0.14039409160614016 0.43534001708030706 0.087121214717626586 0.30384616553783422 0.32986950874328619 0.73375529050827037 0.31662489473819738 0.5577777922153474 0.43650794029235845 0.47165775299072271 0.84028983116149913 0.56294015049934398 0.26618604362010961 0.91476997733116161 0.88516482710838329 0.83457711338996898 0.83424907922744762 0.76388889551162731 0.73431372642517101 1.0000000180025095e-35 0.62115561962127697 0.99999997019767772 0.65261757373809826 0.75905716419219982 0.90070420503616344 0.63859337568283092 0.81530213356018078 0.45897600054740911 0.9607692062854768 0.90366768836975109 0.83827373385429393 0.65240275859832775 0.64829504489898693 0.84650033712387096 1.0000000180025095e-35 0.94804319739341747 0.58571431040763866 0.45534290373325353 0.86607143282890331 1.0000000180025095e-35 0.42810350656509405 0.34654632210731512 0.87729144096374523 0.58571431040763866 1.0000000180025095e-35 0.81302964687347423
decision_type=2 2 2 2 2 2 2 2 2 2 2 2 2 2 2 2 2 2 2 2 2 2 2 2 2 2 2 2 2 2 2 2 2 2 2 2 2 2 2 2 2 2 2 2 2 2 2 2 2 2 2 2 2 2 2 2 2 2 2 2 2 2
left_child=1 3 4 50 6 10 7 -2 16 14 12 -12 -4 60 -10 47 -9 20 -19 -20 -11 -21 23 49 25 -18 -27 35 39 30 34 41 -33 44 52 -5 48 -35 -28 -29 -15 -32 43 -13 45 46 -31 59 57 -22 -1 -52 53 -30 -36 58 -43 -37 -46 -16 -3 -58
right_child=2 13 5 27 -6 -7 -8 8 9 17 11 42 -14 40 15 -17 24 18 19 21 22 -23 -24 -25 -26 26 38 28 29 33 31 32 -34 37 54 36 -38 -39 -40 -41 -42 56 -44 -45 55 -47 -48 -49 -50 -51 51 -53 -54 -55 -56 -57 61 -59 -60 -61 -62 -63
leaf_value=0.0061414050920973878 0.033075019978000574 0.0022663892914183852 0.019440529762506705 -0.029539723960140339 0.028855198984263707 0.03991526834787542 0.03363810872522955 -0.015510904557186653 0.015620911230308603 0.023023728856190299 0.003859451594477396 -0.0028678791837182241 -0.029712240505493103 -0.015016015463489674 -0.037702966391061445 0.0055833474960486143 0.035623656580985374 0.033427613339613242 -0.031162783737326904 -0.0026193394428613904 -0.0027300711522415962 0.034489994108060015 -0.027138701171751798 0.016401476935650881 0.042164740821411736 -0.029153308392600833 0.034697037379753312 0 0.023996270299067635 0.024788784952322788 -0.0079524277184828025 -0.029502864449827144 0.0075148244072535961 0.036751315396207386 -0.029869191882320484 -0.00026064621724426371 -0.021642940299366864 0.0068725583366845257 -0.0055071169038464233 0.056972837004393054 0.026903688436383463 0.038096524965729836 0.034350778433253272 0.023919482750079785 0 0.036470716136452135 -0.028818220201481136 0 -0.0067529296834703684 -0.021824021027181492 -0.034956188484548172 0.00077336950580346442 0.012905339795054776 -0.024042230865944019 7.3648250214321129e-05 -0.0017450383455393642 -0.005623314338094855 0.032526266623342098 0.01261624620646064 -0.0039252111628057338 -0.039794285442874049 0.019596417317028804
leaf_weight=0.20369289815425684 7.3892405107617369 0.13740280270576377 3.4996000530663869 2.4411474586231625 21.10773877799511 99.884828068315983 7.9257942403201005 1.5151547413552169 1.6641891931649286 4.0333505249582258 8.4826181137468648 2.561713330447672 2.3033173121511936 0.74739081878214964 8.6026491455268097 2.3264205013401797 2.6794958641985414 5.4403702083509442 4.2664505358552551 5.8734988255891931 5.7499993545934611 5.2113652266561985 5.9415294975042334 6.3053497374057761 4.2083078722935161 2.7382356704911217 1.6798167335800829 0.84956608875654527 0.17768415668979454 1.7151962695643299 0.68214134813751837 2.5291617746697739 5.3948264139471576 3.9716172963380796 4.8151805620873347 0.68942102952860373 1.2842768981354309 5.4542959108948708 1.1873007883550597 0.75163592514581978 0.62980347871780396 2.4304439047118649 31.249899256974459 5.9571445174515247 7.8071265510516268 3.3270033814478666 2.0052638507913798 1.1708729428937648 0.85462013666983683 5.9419082654640079 7.3293602133635432 0.57972349878400553 2.4981284103123471 1.6913504560943691 0.8454781025648116 17.957149364054203 1.2686278551118451 1.4821779704652724 10.696956057334317 1.2981551311677311 171.94780564424582 0.82641971006523807
leaf_count=1 97 1 61 300 410 3219 151 296 34 50 83 48 44 99 1350 39 42 66 106 73 44 51 75 72 67 294 38 83 28 91 99 336 74 39 787 18 245 57 66 7 4 259 765 133 54 22 53 67 18 55 4398 4 66 390 5 105 74 156 57 63 149649 56
internal_value=-0.000119861 -0.0251427 0.0246864 0.00150166 0.0114242 0.0343669 0.00716736 0.00429762 0.00112999 -0.0028776 0.0235028 0.0264887 -0.000981101 -0.0393102 -0.0191337 -0.0245135 0.0186314 0.00234683 0.0111692 0.00147442 -0.00423191 0.0159063 -0.00972356 -0.00263774 0.0239112 0.0106659 -0.00424594 0.00490414 0.00653612 0.00530131 -0.0030042 0.00568092 -0.00583421 0.00899755 -0.0142241 -0.0117804 0.00119255 0.0221631 0.0198949 0.0390827 0.00572476 0.0219641 0.0310043 0.015989 0.00562156 0.0172115 -0.0032412 -0.0311076 0.0148456 -0.0137039 -0.0301279 -0.0320954 0.00162069 -0.011309 -0.0254568 0.00287495 0.0278205 0.0240559 0.00742307 -0.0344075 -0.0397247 0.00614985
internal_weight=534.218 266.022 268.196 92.5597 114.257 153.939 93.1495 85.2237 77.8344 63.8261 54.0543 48.2514 5.80292 173.462 15.0623 13.3981 14.0083 48.7638 20.7917 15.3513 27.9721 11.0849 23.9388 17.9973 12.4932 8.28485 5.60535 84.4469 77.6953 76.0941 23.1594 13.1316 7.92399 52.9346 10.0278 6.75164 4.3105 9.42591 2.86712 1.6012 1.37719 5.20763 39.7688 8.51886 43.5087 7.04746 3.72046 11.0717 3.02622 11.6919 8.11278 7.90908 4.36716 1.86903 5.66066 36.4612 4.52549 2.1716 18.5041 9.9008 172.085 2.09505
internal_count=165594 157635 7959 7882 3606 4353 3196 3045 2948 2145 1134 1029 105 149753 1553 1519 803 592 296 230 296 124 246 171 507 440 398 3479 2742 2652 2174 898 410 478 1276 737 437 96 104 90 103 488 946 181 382 166 144 1480 192 99 4403 4402 484 418 792 216 389 174 111 1413 149650 130
is_linear=0
shrinkage=0.04


Tree=86
num_leaves=63
num_cat=0
split_feature=1 23 2 10 28 21 7 9 18 19 6 19 18 19 19 23 11 1 7 8 1 18 9 7 21 9 21 7 6 2 6 9 6 6 2 2 23 10 2 2 2 11 6 11 7 7 1 1 11 28 8 28 7 11 11 6 6 23 11 8 8 6
split_gain=197.27 61.8615 20.7134 6.02429 5.17688 4.88662 4.07916 4.57259 3.33978 3.31345 2.51516 2.69554 2.2348 2.18194 2.49762 2.04883 1.89972 1.89012 1.73967 2.92667 2.63818 1.84488 2.52526 1.67633 2.47242 1.63685 1.63287 1.43236 2.0789 1.65358 3.14866 2.0369 2.06443 1.81183 1.62579 1.49695 1.34087 1.2829 1.46156 1.21567 1.06081 1.33543 0.908016 0.88301 2.27881 1.19326 0.867936 1.32815 0.94999 0.800486 0.784615 0.767844 0.627135 0.604672 0.839779 0.586122 0.61893 0.568503 0.563769 0.500445 1.96109 0.465257
threshold=0.078810192644596114 0.26293487846851354 0.58757218718528759 0.240384615957737 1.0000000180025095e-35 0.69397994875907909 0.83910790085792553 0.12132352963089944 0.46192501485347753 0.64174234867095958 0.70659971237182628 0.88581016659736644 0.5914268195629121 0.64174234867095958 0.49358868598937994 0.42008402943611151 0.70412456989288341 0.36960017681121832 0.43534001708030706 0.71516755223274242 0.32986950874328619 0.73375529050827037 0.8550420105457307 0.31662489473819738 0.5577777922153474 0.70320320129394542 0.21240601688623431 0.43534001708030706 0.62258651852607738 0.35861176252365118 0.81530213356018078 0.91476997733116161 0.72255688905715953 0.83424907922744762 0.2287620157003403 0.44330103695392614 0.77158385515213024 0.68333333730697643 0.69999995827674877 0.55470266938209545 0.41279126703739172 0.63373982906341564 0.90070420503616344 0.67799538373947155 0.85145786404609691 0.95311355590820324 0.45897600054740911 0.32986950874328619 0.855400711297989 1.0000000180025095e-35 0.55625879764556896 1.0000000180025095e-35 0.57735043764114391 0.89379698038101207 0.91042780876159679 0.069570478051900878 0.94804319739341747 0.84650033712387096 0.93813776969909679 0.17267081141471866 0.51222422719001781 0.069570478051900878
decision_type=2 2 2 2 2 2 2 2 2 2 2 2 2 2 2 2 2 2 2 2 2 2 2 2 2 2 2 2 2 2 2 2 2 2 2 2 2 2 2 2 2 2 2 2 2 2 2 2 2 2 2 2 2 2 2 2 2 2 2 2 2 2
left_child=1 3 5 55 10 6 7 -2 16 15 11 -4 61 14 -12 -10 36 49 20 25 -11 22 -21 24 57 -20 51 34 35 30 53 32 40 -34 -5 50 -9 43 -39 58 -31 -42 -14 -33 -45 -46 47 -15 -49 -17 -29 -18 -37 -30 -55 -1 -57 -22 -35 -7 -61 -3
right_child=2 12 4 27 -6 59 -8 8 9 18 13 -13 42 46 -16 17 26 -19 19 21 23 -23 -24 -25 -26 -27 -28 28 29 31 -32 37 33 39 -36 52 -38 38 -40 -41 41 -43 -44 44 45 -47 -48 48 -50 -51 -52 -53 -54 54 -56 56 -58 -59 -60 60 -62 -63
leaf_value=0.0061026229939644388 0.032605671214969323 0.0022558601077949936 0.019057787166129676 -0.011161340012825495 0.039794421933885368 0.037234290685540711 0.033124003852800905 0.038552579437458087 0.015237679258838722 0.022239729921030002 0.028683236601689727 -0.028347750979498276 -0.014853568332892539 0.029622811107290273 -0.010549526465121315 -0.037253287079440943 -0.027270425948676593 0.0054339427068699729 0.0025626201604739009 0.0096908303278160791 -0.0026373658945115638 0.012565556181834516 -0.038233913294086541 -0.026207568431512139 0.01598069965213527 0.035829290328372017 0.017546901930064588 0.0036603460183450977 -0.018748972509385571 -0.016098619122703453 0.055839484278030413 0.013071099785616476 -0.033738775820151903 0.021343630294311168 0.047579561903309482 0.014058802767129532 -0.0013624051824273774 0.031480144994609764 0.0048560144005842286 -0.018518526158701962 -0.010274596213202727 0.029913136667295524 0.02653202541865202 -0.021338741753871023 0.017906294086027754 -0.00090513953925313922 0.035269279933201551 -0.015210963070190193 0.013186186332855374 -0.007975847377435407 -0.033129052640558584 0.0070557115680734373 -0.012363707085326664 0.025720316482916235 -0.0132729543427294 -0.03478550063584198 0.00076193162205510912 -0.021141575058766741 -0.0024597042148834895 0.0026907641294206435 0.035109560148326412 -0.03978213964962625
leaf_weight=0.20315365493297477 7.2137482725083819 0.13719387352466483 3.4482219330966464 0.49156903417315234 96.256865108385682 8.7146630585193652 7.7460415305104098 5.7986671901307982 1.6629777336493123 4.043554499163295 3.501467959256841 2.3644745387136936 0.73649942944757529 7.4149191379547101 5.0943347471766174 7.7567066826159117 2.0971281793899839 2.3223479150328776 4.0971065292833391 2.317985274596138 5.7491979086771661 4.5709292683750391 3.1044574285624549 5.9420416546054176 6.2401862218976012 6.4986015600152314 3.7602431895211339 0.68506201507989128 1.0476965755224221 0.83186600147746759 1.9237470095977185 10.780059724580495 4.4775832158047688 2.0590793484589085 1.436857587425038 2.5551103043835615 1.3594137212494386 6.1347575122490507 7.7443585619330406 3.3682034213561565 1.1165049058618022 3.4706996977329254 0.62714243307709694 5.2918389564147246 7.3525148341432223 13.960218599066138 24.608652371913195 1.7529264390468595 4.7828721441328526 3.0527862192830071 3.9172595597337931 0.82327886216808099 1.3497231792425735 1.0056715824175624 0.60258627054281522 7.0806455735582858 0.57989439368247975 5.9210729240439832 2.4072460203897208 6.5051979422569257 5.3783827163279057 165.25535680854227
leaf_count=1 97 1 61 62 3219 207 151 203 34 50 48 44 99 127 71 1410 403 39 71 51 44 48 47 75 72 79 79 67 279 284 17 78 681 42 152 57 86 53 71 36 40 316 4 126 49 68 629 36 118 70 781 32 64 24 91 4398 4 55 41 76 127 149649
internal_value=-9.39381e-05 -0.024833 0.0243225 0.00149281 0.034078 0.0111814 0.00701779 0.00421295 0.00112247 -0.00278683 0.0230707 -0.000969076 -0.0392835 0.0260756 0.00633864 -0.0187346 0.0182511 -0.0240936 0.00227891 0.0108832 -0.00409004 -0.00425471 -0.0188052 -0.00942977 -0.00256045 0.0246411 0.00155352 0.00478986 0.00370587 0.0059497 0.0270953 0.00412191 -0.00716947 -0.0159846 0.0325419 -0.013864 0.0312441 0.00816638 0.0182179 -0.00271454 0.0116054 0.0193275 0.00565998 0.00395314 0 0.00591687 0.0301029 0.0189725 0.00403134 -0.0306991 -0.027263 -0.017242 0.00345156 -0.00220921 0.0100893 -0.0298457 -0.0318555 -0.0132691 0.00967945 0.0284215 0.0192599 -0.0397099
internal_weight=520.532 258.63 261.901 91.8739 149.225 112.677 92.0785 84.3324 77.1187 63.28 52.9679 5.8127 166.756 47.1552 8.5958 14.7948 13.8387 13.1318 48.4851 20.5891 27.8961 9.99337 5.42244 23.8525 17.9105 10.5957 6.68065 84.0102 82.0818 73.5746 4.5797 68.9949 17.7312 12.3121 1.92843 8.50716 7.15808 51.2637 13.8791 7.83453 5.41907 4.5872 1.36364 37.3846 26.6046 21.3127 38.5594 13.9507 6.5358 10.8095 4.60232 2.92041 3.90483 2.65595 1.60826 7.86369 7.66054 11.6703 4.46633 20.5982 11.8836 165.393
internal_count=165594 157635 7959 7882 4353 3606 3196 3045 2948 2145 1134 105 149753 1029 119 1553 803 1519 592 296 296 146 98 246 171 150 514 3479 3265 2296 411 1885 1440 800 214 969 289 445 124 119 640 356 103 321 243 117 910 281 154 1480 848 435 121 394 115 4403 4402 99 83 410 203 149650
is_linear=0
shrinkage=0.04


Tree=87
num_leaves=63
num_cat=0
split_feature=1 23 2 10 28 28 7 10 10 2 6 6 19 8 6 1 19 18 22 19 19 18 22 23 19 2 31 6 2 19 18 23 6 0 10 8 8 0 31 6 7 2 18 6 1 1 0 6 7 2 10 8 0 6 0 8 7 0 6 8 8 30
split_gain=187.093 60.5353 20.2046 5.73027 5.25897 4.74311 3.65722 4.2815 5.79658 2.69818 4.13979 2.43527 2.52256 2.39607 5.95555 2.39127 2.21095 2.20721 2.20107 2.13184 2.36667 1.8674 2.35109 1.84603 3.02873 1.84197 1.52309 1.3778 1.6483 1.29603 1.28748 1.2293 1.1935 3.72915 1.1599 1.38871 1.66697 1.18288 1.1569 1.00952 0.916362 1.19689 0.897593 0.882104 0.881768 1.2883 0.738511 1.55025 0.938263 2.12348 1.95574 1.56883 1.62347 1.44191 0.730762 0.593703 0.585443 0.577722 0.611872 0.563119 0.510939 0.471098
threshold=0.078810192644596114 0.26293487846851354 0.58757218718528759 0.240384615957737 1.0000000180025095e-35 1.0000000180025095e-35 0.84680575132370006 0.080128207802772536 0.43650794029235845 0.2993582040071488 0.2152509689331055 0.70659971237182628 0.88581016659736644 0.17267081141471866 0.29679679870605474 0.43283110857009893 0.82972848415374767 0.5914268195629121 0.39009661972522741 0.64174234867095958 0.49358868598937994 0.46192501485347753 0.46862745285034185 0.55689010024070751 0.78024387359619152 0.11427757143974306 1.0000000180025095e-35 0.56294015049934398 0.26618604362010961 0.68599441647529613 0.65240275859832775 0.62012657523155224 0.69504830241203319 0.50945481657981884 0.76388889551162731 0.64241620898246776 0.77485185861587536 0.53636872768402111 1.0000000180025095e-35 0.75905716419219982 0.54653680324554454 0.27583871781826025 0.92605021595954906 0.90070420503616344 0.45897600054740911 0.32986950874328619 0.52051407098770153 0.81530213356018078 0.73623713850975048 0.53885021805763256 0.58571431040763866 0.92637759447097789 0.83118847012519848 0.78086888790130626 0.71650776267051708 0.99438202381134044 0.90070420503616344 1.0000000180025095e-35 0.94804319739341747 0.6705426573753358 0.77346038818359386 1.0000000180025095e-35
decision_type=2 2 2 2 2 2 2 2 2 2 2 2 2 2 2 2 2 2 2 2 2 2 2 2 2 2 2 2 2 2 2 2 2 2 2 2 2 2 2 2 2 2 2 2 2 2 2 2 2 2 2 2 2 2 2 2 2 2 2 2 2 2
left_child=1 3 5 57 11 6 7 9 32 10 16 12 -4 -7 -15 23 18 -3 -2 20 -13 -10 26 -16 30 -12 -23 38 39 -28 -25 -27 54 -34 35 37 59 -30 -5 -29 41 -40 -17 -19 45 -21 47 -38 49 50 53 56 -53 -48 55 -9 -50 -1 -59 -37 -35 -54
right_child=2 17 4 27 -6 13 -8 8 21 -11 25 19 -14 14 15 42 -18 43 -20 44 -22 22 -24 24 -26 31 29 28 34 -31 -32 -33 33 60 -36 36 46 -39 40 -41 -42 -43 -44 -45 -46 -47 48 -49 51 -51 -52 52 61 -55 -56 -57 -58 58 -60 -61 -62 -63
leaf_value=0.0060641700358004692 0.021152064847553373 -0.039694639952523654 0.018679665231336059 -0.029151579324479288 0.039673048203118177 0.034003159358606136 0.032948880075406688 -0.037330157240650239 0.032540823934096429 0.032599761771405805 0.016526750225875315 0.028126008603042152 -0.027061153445611927 -0.013781197197929917 0.027872262752351089 0.038049591019441373 0.036970128828664586 -0.01469326425072671 -0.010701014592198205 0.02919854802139351 -0.010155106119372372 -0.033078585898853957 0.029776978233502085 -0.028882441919206969 0.030322800562658167 0 -0.015404605463214852 0 -0.007394791991126767 0.022043285184247276 0.0059443712817232874 -0.03517150967287002 0.025327482275942437 0 0.015645771763784136 0.0024139833685130154 -0.014217976192141038 0.051046779122688846 -0.016644562287317283 0.055217879357974578 -0.021764773564914908 0.023569630175934341 0.0061740450149403298 0.026167806404785981 0.035007086714006701 0.0038580828755275737 -0.029011065534491131 0.036663583923103232 -0.019050417584280603 0.03252252758785782 0.01888951265883063 0.018856202300882422 0.0040434839691333027 0.013907996957892377 0.001795628489414782 0.0012465183857506318 0.0019861272184285147 -0.034611553628158848 0.00075066419106232379 -0.028866812333607772 -0.038307474287309566 -0.0059900689721296132
leaf_weight=0.20261615514755149 5.7516915618907749 158.96172402170487 3.398559598485007 2.361236840253695 92.762852063402534 14.117186497896908 5.0990612418390802 9.7108976634917799 3.096478162566199 5.9907221505418411 1.2048034719191472 3.4488917991984618 2.424114678055048 8.5919882128946465 3.7529954025521892 11.864212172105907 4.3449829630553713 0.72587855346500763 6.0799326710402966 7.2398477941751462 5.1188398858066648 2.2761077689938229 1.9121868610382078 3.9489900888875127 1.9987247399985788 1.9515316372271625 2.0197843436617409 0.84811074682511278 0.3404608619166527 1.8586829155683515 1.8850322626531122 4.8532724141841754 2.2311477820621795 0.83806838537566397 12.673238171264527 0.73750862316228394 0.67379770777188186 0.66513098601717502 0.80621267959941212 0.75684434804134071 0.87325940351001907 2.6007745697861537 2.4290244057774535 0.62441019713878632 23.824611149728298 6.5025782994925976 3.2346888222964463 1.7629707453306762 7.4158528123516572 3.8257148036500439 3.2183333126595244 7.309934298391453 13.023927587084472 0.93879530183039595 0.59123163484037 0.39991122775245536 2.1556605114601552 6.8414423686917871 0.58006269624456752 2.6800157600082457 2.4695473976898938 14.692865130491555
leaf_count=1 53 149650 61 300 3219 309 88 1282 85 111 15 48 44 64 57 218 58 99 41 127 71 76 23 110 29 58 80 83 76 12 18 252 91 125 121 170 154 36 125 7 166 146 48 4 629 154 373 17 497 37 83 59 77 95 19 20 13 4398 4 766 264 78
internal_value=-6.86431e-05 -0.0245279 0.0239511 0.00145747 0.0337834 0.0109402 0.00348813 0.000293048 -0.0108766 0.0105882 0.00389938 0.0226421 -0.000952247 0.0202086 0.0136471 0.0230763 0.0154078 -0.0392561 0.00491362 0.0256619 0.00616574 0.0105355 -0.000127577 0.008074 -0.0030409 -0.0180301 -0.0128411 0.00464957 0.00622527 0.0025615 -0.017821 -0.0259945 -0.0255838 -0.0076235 0.00501069 0.00258548 0.00142883 0.0354445 -0.0115097 0.0378981 0.00114279 0.0115284 0.0336521 0.0055944 0.0297294 0.0185544 0.0032333 0.0213871 0.00200787 0.0118468 -0.000977835 -0.000584671 0.00331415 -0.0177614 -0.0330914 -0.0354695 -0.0141946 -0.0295596 -0.0316117 -0.0221925 -0.0314989 -0.00115945
internal_weight=507.52 251.531 255.988 91.2195 144.72 111.268 62.68 57.581 27.404 30.1769 24.1862 51.9574 5.82267 48.5882 34.471 25.879 16.1766 160.312 11.8316 46.1348 8.56773 11.1632 8.06676 11.5857 7.83275 8.00961 6.15458 83.5953 76.9539 3.87847 5.83402 6.8048 16.2408 5.53876 75.3489 62.6757 61.6701 1.00559 6.64148 1.60496 4.28025 3.40699 14.2932 1.35029 37.567 13.7424 58.2525 2.43677 55.8158 11.2175 7.39182 44.5982 35.0267 4.17348 10.702 10.1108 9.57151 7.62412 7.42151 3.41752 3.30762 27.7168
internal_count=165594 157635 7959 7882 4353 3606 2753 2665 2077 588 477 1134 105 853 544 480 152 149753 94 1029 119 276 191 214 157 325 168 3479 2742 92 128 310 1801 480 2652 2531 2419 112 737 90 437 271 266 103 910 281 1483 171 1312 588 551 724 214 468 1321 1302 510 4403 4402 936 389 155
is_linear=0
shrinkage=0.04


Tree=88
num_leaves=63
num_cat=0
split_feature=1 23 2 10 28 20 7 2 10 10 2 7 28 19 2 8 1 7 18 10 11 10 20 10 1 0 7 7 0 10 30 10 11 30 8 11 1 8 11 23 0 8 7 20 7 8 0 7 0 18 2 7 11 10 0 10 2 0 2 11 1 1
split_gain=177.449 59.3055 19.6116 5.45726 5.33488 4.67326 4.35346 4.50422 3.2284 2.49049 6.76748 4.53475 4.20165 2.95508 2.99745 2.38104 2.34301 2.33137 2.17965 1.94593 1.93664 2.97689 2.6096 1.77026 1.66033 2.0381 1.34438 1.93318 1.49188 1.42872 1.89607 1.86218 1.47205 1.38724 2.56447 1.46578 1.18745 1.17783 1.07735 1.06931 1.05754 0.963943 0.931193 0.914459 0.866919 1.09414 0.857611 0.857081 0.821214 1.63026 0.860257 0.794147 0.780293 0.777753 1.82814 1.40102 1.24347 1.03001 1.81274 0.928856 0.624472 0.602091
threshold=0.078810192644596114 0.26293487846851354 0.58757218718528759 0.240384615957737 1.0000000180025095e-35 0.96168524026870739 0.83910790085792553 0.11427757143974306 0.4083333313465119 0.087121214717626586 0.2993582040071488 0.24068965017795566 1.0000000180025095e-35 0.82972848415374767 0.1600352078676224 0.59675306081771862 0.21894425153732303 0.53093111515045177 0.5914268195629121 0.19090909510850909 0.81530213356018078 0.64583334326744091 0.94352909922599804 0.73214286565780651 0.19251272827386859 0.64173179864883434 0.43534001708030706 0.49691358208656317 0.32731349766254431 0.44949495792388922 1.0000000180025095e-35 0.58571431040763866 0.89379698038101207 1.0000000180025095e-35 0.89699381589889537 0.98936170339584362 0.25371789932250982 0.62575301527977001 0.9607692062854768 0.84861218929290783 0.87729144096374523 0.64241620898246776 0.30368906259536749 0.7353600561618806 0.32495285570621496 0.52545297145843517 0.47840271890163427 0.90070420503616344 0.64829504489898693 0.73375529050827037 0.15667484700679782 0.4654348641633988 0.75277778506279003 0.5634920895099641 0.75352597236633312 0.64583334326744091 0.45086249709129339 0.99999997019767772 0.62731361389160167 0.9506097435951234 0.36960017681121832 0.29179082810878759
decision_type=2 2 2 2 2 2 2 2 2 2 2 2 2 2 2 2 2 2 2 2 2 2 2 2 2 2 2 2 2 2 2 2 2 2 2 2 2 2 2 2 2 2 2 2 2 2 2 2 2 2 2 2 2 2 2 2 2 2 2 2 2 2
left_child=1 3 5 -1 16 6 7 36 9 10 11 13 38 14 -9 -10 23 -17 -3 -14 21 40 -23 -4 25 -19 28 -28 -5 33 53 -32 52 35 41 37 -2 -29 48 42 -18 -35 -13 -22 -7 -46 -37 -20 50 -50 -11 -44 -33 56 55 59 -31 58 -56 -55 61 -45
right_child=2 18 4 26 -6 44 -8 8 15 12 -12 39 19 -15 -16 17 20 24 47 -21 43 22 -24 -25 -26 -27 27 29 -30 30 31 32 -34 34 -36 46 -38 -39 -40 -41 -42 -43 51 60 45 -47 -48 -49 49 -51 -52 -53 -54 54 57 -57 -58 -59 -60 -61 -62 -63
leaf_value=-0.029269668672109766 0.041152576436123786 -0.039676455139284188 -0.011988797218819907 -0.010851161359463157 0.039550967846225922 0.033003430596213308 0.032868617080854409 -0.02680608203990234 0.042446404253731682 0.00025679177821354534 0.032292019571799446 0.0068153418330498252 -0.018317904463866053 0.027903826323230664 0.012301519426729905 -0.018010142895037908 0.034655103960917338 -0.028463402454907642 -0.014535082366189512 0.02237681906566328 0.0022608317092379553 0.0107318981039562 -0.039121295180790064 0.020415632294767658 0.026231581212463211 0.018939855647100684 -0.029053394366450533 0.010902945554161044 0.045372979430801409 0.041648167815961826 -0.014049980854209259 0.0035146236075502906 0.013025737611499593 0.013304922099550833 0.024441002532856328 0.029563266453246011 0.0076298305587658832 -0.035602984117237182 0.00072763809296092451 -0.037282677288645476 0 -0.027839884175312829 -0.033118096157051836 0.026988065477175742 -0.0062020603259505726 0.023076745239652776 -0.0085847772820736822 0.025810852620175868 -0.023814974534945778 0.028038555875162678 -0.03905100310485126 0.00159892921412828 -0.021237715035519425 -0.030769193577966061 0.0055595279029338578 0.01064884995123731 0.010386482291499181 0.00079724832302321513 0.036993170724841498 0.0071721002861913716 0.036432233578056618 0.0003062782677116462
leaf_weight=7.3936884253052986 4.7900085775181633 152.79779750900343 4.90563653456047 0.47753035300411184 89.398188572376966 14.432078246027233 8.0585366706363839 4.8959470968693513 2.964685755781832 0.74171770014800031 7.8293856990057966 2.3485135895898548 1.8271708113607008 5.2247872576117507 5.6644557097461075 3.589171268627978 4.9141455553472024 1.8244279108475878 0.71551968902349361 4.6689374301349744 2.0596508085727718 3.0124613083899021 1.9262633025646207 3.919577743858099 6.8508192170411348 1.9549837083322925 1.8102265078341577 0.42411843535955807 1.4798984394874422 2.909523571142925 9.5905056234914827 3.3371063844533646 14.893716863589361 0.41713395295664701 3.8660095743834972 0.50814120599534351 3.6414415026083589 4.2099736629752442 1.5781756067881367 5.849431381910108 1.9044857211410997 2.485593966790475 1.9193051900947469 2.105607625097039 2.5977020226418963 3.951857453212142 1.4620154318399725 0.62160968035459518 1.5188313790131371 0.56210558116435994 9.1871092589572054 1.187252275762148 2.8645174996927381 2.9877288279822127 6.996727835270578 2.625242009293288 7.467511591501534 6.4129416048526755 5.2675827227067202 0.74888617719989259 23.247639171779156 2.9973804373294115
leaf_count=4403 56 149650 52 62 3219 273 171 48 44 38 139 31 50 79 64 76 100 138 99 94 29 66 40 40 87 54 209 74 152 116 136 31 135 86 61 21 39 1036 144 138 40 723 102 55 34 84 116 4 181 3 1378 61 54 197 58 16 80 49 41 26 637 75
internal_value=-3.6611e-05 -0.0242054 0.0236082 0.0014431 0.0334857 0.010738 0.00650091 0.0034458 0 -0.00470677 0.00169886 -0.00783552 -0.015586 0.0058165 -0.00623372 0.0146913 0.0222194 0.00623296 -0.0392254 0.00948024 0.0260754 0.0105243 -0.0113522 0.00260908 0.015607 -0.00427372 0.00453358 0.00346883 0.0312729 0.00461112 0.0070467 -0.000145151 0.0063451 -0.00680216 0.00524493 -0.0187413 0.0294427 -0.029457 -0.0276722 -0.0261472 0.0263064 -0.0190082 -0.00966113 0.031434 0.0273533 0.011651 0.00654838 0.00552811 -0.0314807 -0.00395552 -0.0359938 -0.0217176 -0.00872445 0.0132207 0.00855154 -0.00863252 0.0223935 0.0147493 0.0211331 -0.0224118 0.0332679 0.0145894
internal_weight=494.821 244.771 250.05 90.6363 140.391 109.659 88.6772 80.6187 72.1872 55.0031 34.9191 27.0897 20.084 15.7852 10.5604 17.1841 50.9928 14.2194 154.135 6.49611 42.1676 11.7574 4.93872 8.82521 10.6302 3.77941 83.2426 81.2852 1.95743 79.475 66.102 30.6858 21.0953 13.373 6.76874 6.60425 8.43145 4.63409 13.5879 11.3045 6.81863 2.90273 5.45507 30.4103 20.9816 6.54956 1.97016 1.33713 12.0098 2.08094 9.92883 3.10656 6.20162 35.4161 25.0391 6.36186 10.377 18.6773 12.2643 3.73662 28.3506 5.10299
internal_count=165594 157635 7959 7882 4353 3606 3215 3044 2949 2550 662 523 1888 191 112 399 1134 355 149753 144 1042 246 106 92 279 192 3479 3265 214 3056 939 356 220 2117 870 1247 95 1110 1744 332 140 809 194 796 391 118 137 103 1600 184 1416 163 85 583 387 239 196 148 99 223 767 130
is_linear=0
shrinkage=0.04


Tree=89
num_leaves=63
num_cat=0
split_feature=20 23 2 21 10 24 9 7 21 20 18 18 11 18 1 1 23 21 21 23 30 10 7 7 0 0 6 9 11 10 7 20 1 8 9 6 6 20 20 18 9 23 2 0 2 7 6 11 1 8 10 0 11 2 7 11 7 6 9 9 11 2
split_gain=168.24 53.8052 17.9874 6.19647 5.66191 4.76473 4.33133 4.33723 3.74538 3.48224 3.19183 3.11476 2.66237 2.44721 5.16354 3.99365 2.09739 1.83824 2.51263 1.63616 2.28643 1.61269 1.27032 1.83621 1.41099 1.27292 1.80473 1.61435 1.53107 1.61745 1.52712 1.25943 1.25279 1.22062 1.11982 1.76325 1.47512 1.08996 2.64333 1.27505 1.83753 1.04918 1.03586 1.03362 0.932106 0.901071 0.8964 1.43395 1.04684 0.953154 0.808644 1.28215 0.73708 0.65885 0.63248 1.6659 1.21074 0.620579 0.587228 1.55913 0.586189 0.611872
threshold=0.58656641840934765 0.26293487846851354 0.58757218718528759 0.18019481003284457 0.240384615957737 1.0000000180025095e-35 0.12132352963089944 0.83910790085792553 0.60555556416511547 0.7353600561618806 0.46192501485347753 0.5914268195629121 0.81530213356018078 0.73375529050827037 0.32986950874328619 0.48549756407737737 0.59508740901947033 0.72474747896194469 0.62202382087707531 0.90577137470245372 1.0000000180025095e-35 0.44949495792388922 0.43534001708030706 0.49691358208656317 0.32731349766254431 0.41016845405101782 0.75905716419219982 0.91476997733116161 0.88516482710838329 0.58571431040763866 0.72255688905715953 0.87559524178504955 0.099711906164884581 0.99438202381134044 0.83457711338996898 0.83424907922744762 0.63859337568283092 0.96168524026870739 0.94352909922599804 0.90731194615364086 0.33687943220138555 0.81275406479835521 0.28329823911190039 0.65834742784500133 0.20478453487157824 0.69282051920890819 0.598850578069687 0.92052632570266735 0.36960017681121832 0.7320508360862733 0.68333333730697643 0.99999997019767772 0.52041664719581615 0.27583871781826025 0.85145786404609691 0.67799538373947155 0.95311355590820324 0.94804319739341747 0.70064935088157665 0.81302964687347423 0.98936170339584362 0.11427757143974306
decision_type=2 2 2 2 2 2 2 2 2 2 2 2 2 2 2 2 2 2 2 2 2 2 2 2 2 2 2 2 2 2 2 2 2 2 2 2 2 2 2 2 2 2 2 2 2 2 2 2 2 2 2 2 2 2 2 2 2 2 2 2 2 2
left_child=1 4 6 11 57 9 -2 8 10 -4 32 -3 17 15 -15 16 46 18 31 60 -21 -5 24 -24 -6 26 53 28 29 -27 33 -11 -8 43 36 -36 -30 38 42 -39 -41 -16 -10 -31 -43 -34 48 49 -12 -48 52 -52 -29 -25 55 -54 -56 -1 -38 -60 61 -18
right_child=2 3 5 21 22 -7 7 -9 37 12 13 -13 -14 14 41 -17 19 -19 -20 20 -22 -23 23 25 -26 27 -28 50 34 30 -32 -33 45 -35 35 -37 58 39 -40 40 -42 44 -44 -45 -46 -47 47 -49 -50 -51 51 -53 54 -55 56 -57 -58 -59 59 -61 -62 -63
leaf_value=-0.034235211658165191 0.034893001518352507 -0.039617120344232683 -0.0053548499141960679 -0.015980783138272617 -0.010745728687514722 0.038386567194317357 -0.010039865917379707 0.034211328826171131 0.0035571320618502937 -0.007811720591639296 -0.02266478607051596 0.012534767561386124 0.032948575754930286 0.036517775675050122 0.0087551168746824466 0.018905948537366223 -0.0041163778337561961 0.029375762007854793 -0.033621357749182276 0.021000385276145641 -0.02623757998289002 0.025177889670475424 -0.028688204620567918 -0.018290026152985136 0.043705323851662058 -0.032295563361062138 0.052388088245594829 0.017235865268665575 -0.014216662967799013 0 -0.018304244309918564 0.027855311346507979 0.027590053594559062 -0.010510103028969861 -0.028735855399125855 0.0070941245037251513 0.045552661159286655 0.037631931922168793 -0.019105578794360832 0.029850866088502358 -0.008205112347578921 -0.02189095315142426 0.033825430056983248 0.047001788140762488 0 0 0.043808796949037436 -0.014999123787014321 0.010475985556537535 0 0.027120617329807237 0.0024665388784790737 0.0058737556289830198 0.018411415237299979 0.017744040896189386 -0.020842541571535582 -0.0011596078021327777 0.0011718722035161781 -0.014250044890368178 0.030439865244967917 0 -0.037839366122268625
leaf_weight=6.3647690985817453 10.290585841983555 148.0995471572387 6.3941509858705095 1.697431803215294 0.47283363190945138 95.397388257086277 1.51248246396426 8.439366083359344 4.1196125261485577 2.186908885836603 3.1524469964206272 1.3104811343364406 22.415122706443071 5.3779337164014605 4.4917451255023471 4.8456937633454791 1.5126526285894222 2.6071988120675087 2.1273362673819065 2.2209454643307245 2.3117406030651182 2.4878162904642522 1.7658007069258008 0.95043880282901161 1.5151100608054546 4.2915005908580515 1.0456876108655704 4.7075861875200635 1.0681790196103955 0.93256789515726268 3.2358756285393611 2.2411763891577721 8.7072216086089593 1.0607190057635307 2.3471326950239018 5.3066865316359326 1.0313203927362335 6.7676536999642849 3.0950456596910954 2.7547394409775734 3.4672322869300842 5.899805536027996 3.3590296264737844 0.99854431219864637 5.2149736266583204 2.3774586578365406 1.1063807113096125 1.1422643408877773 1.479898680001497 1.3220879624132065 6.3517753500491363 7.3839664943516254 8.2144016750389692 0.27437789982650429 7.4243791158078247 5.219337429967708 13.92055457085371 0.57372081233188499 1.446296602021903 1.5758005732204763 1.0076657942263416 10.268380640947724
leaf_count=4369 189 149703 57 660 62 3504 338 183 45 38 120 63 580 47 33 56 17 55 38 95 188 74 207 168 151 1224 12 61 153 106 67 49 196 8 328 71 20 128 43 64 55 57 58 15 60 53 37 52 15 62 55 70 60 41 50 130 68 4 211 118 57 696
internal_value=-1.03336e-05 -0.0234173 0.0237167 -0.0377064 0.00121189 0.0334784 0.0112276 0.00831462 0.00541384 0.0203764 0.000247073 -0.0390528 0.025714 -0.00417958 0.00603607 -0.0113331 -0.0177209 0.00612122 -0.00526199 -0.0252533 -0.00275652 0.00785088 0.00430857 0.00325978 0.0301535 0.00437652 0.029035 0.00322809 -0.00530509 -0.0159837 -0.00127668 0.0113095 0.0175675 0.0161097 0.00371926 -0.00548224 0.0167729 0.0186929 0.00755325 0.0262866 0.00989039 -0.00579341 0.0200099 0.0306933 -0.0122404 0.0221846 -0.00036533 0.0124209 -0.0113869 0.0270981 0.0070657 0.0152055 0.00382975 -0.00369041 0.0014723 -0.00495392 0.00573645 -0.0310248 0.0269282 0.00983248 -0.0321586 -0.0344832
internal_weight=482.689 243.075 239.614 153.595 89.4794 133.369 106.245 95.9545 87.5151 37.9719 63.9518 149.41 31.5777 51.3546 20.9845 30.3702 25.5245 9.16262 6.55542 17.3214 4.53269 4.18525 82.5409 80.5529 1.98794 78.7871 2.2705 76.5166 23.2946 10.5192 6.22771 4.42809 12.5972 2.99183 12.7754 7.65382 5.1216 23.5633 10.5737 12.9896 6.22197 15.6065 7.47864 1.93111 11.1148 11.0847 8.20308 3.57073 4.63235 2.42847 53.222 13.7357 39.4863 1.22482 34.7787 13.4337 21.3449 6.93849 4.05342 3.0221 12.7887 11.781
internal_count=165594 158329 7265 150500 7829 4321 2944 2755 2572 817 2179 149766 760 1592 197 1395 1339 180 125 1053 283 734 3456 3243 213 3036 221 2815 2321 1420 196 87 587 129 901 399 502 393 146 247 119 150 103 121 117 249 286 151 135 99 494 125 369 209 308 190 118 4373 349 329 770 713
is_linear=0
shrinkage=0.04


Tree=90
num_leaves=63
num_cat=0
split_feature=1 23 2 24 9 7 21 20 18 18 1 1 11 7 18 23 2 0 7 11 21 21 0 9 5 20 21 19 1 20 23 23 1 11 11 2 2 20 20 18 9 19 20 21 23 2 11 11 18 0 2 7 7 0 7 7 0 2 0 0 11 2
split_gain=159.446 56.8974 18.6574 5.08571 4.29338 4.06539 3.84862 3.39491 3.29487 2.65634 4.85761 4.00477 2.59703 2.24633 2.12669 2.12538 1.95852 2.53919 2.38975 1.82662 1.7697 2.33685 1.74925 2.0345 2.11068 1.45279 1.40687 1.36106 1.29407 1.21526 1.19574 1.11707 1.30589 1.08024 2.52943 1.81019 1.28765 1.05686 2.50027 1.25162 1.7676 1.12203 1.04868 1.26531 0.982631 0.962233 1.37281 1.14414 0.946872 0.89338 0.87736 0.821074 0.81345 1.26808 0.754967 0.962164 0.630627 1.26281 0.821274 0.8897 0.772599 0.598066
threshold=0.078810192644596114 0.26293487846851354 0.58757218718528759 1.0000000180025095e-35 0.12132352963089944 0.83910790085792553 0.60555556416511547 0.7353600561618806 0.46192501485347753 0.73375529050827037 0.32986950874328619 0.48549756407737737 0.81530213356018078 0.79469618201255809 0.5914268195629121 0.59508740901947033 0.52799281477928173 0.78874963521957409 0.34330357611179357 0.70412456989288341 0.72474747896194469 0.62202382087707531 0.60574254393577587 0.91476997733116161 1.0000000180025095e-35 0.91458967328071605 0.21240601688623431 0.64174234867095958 0.082333475351333632 0.87559524178504955 0.77158385515213024 0.42008402943611151 0.36960017681121832 0.53001201152801525 0.4246212244033814 0.39411346614360815 0.48625682294368749 0.96168524026870739 0.94352909922599804 0.90731194615364086 0.33687943220138555 0.86996778845787059 0.78319624066352855 0.3514705896377564 0.81275406479835521 0.56336912512779247 0.94028520584106456 0.908033847808838 0.65240275859832775 0.52051407098770153 0.20478453487157824 0.90070420503616344 0.75905716419219982 0.4676442295312882 0.95311355590820324 0.86526826024055492 0.60961154103279125 0.47050032019615179 0.65834742784500133 0.61164799332618724 0.71291208267211925 0.44791465997695928
decision_type=2 2 2 2 2 2 2 2 2 2 2 2 2 2 2 2 2 2 2 2 2 2 2 2 2 2 2 2 2 2 2 2 2 2 2 2 2 2 2 2 2 2 2 2 2 2 2 2 2 2 2 2 2 2 2 2 2 2 2 2 2 2
left_child=1 13 4 7 -2 6 8 -4 19 11 -11 15 20 16 -3 27 18 -18 -1 30 21 29 49 24 45 28 -21 31 -17 -9 -6 -10 -33 34 -20 -36 -37 38 41 -39 -41 -8 43 48 -12 46 47 -24 -30 -15 -46 -16 56 -54 55 -25 -35 58 59 -58 -60 -50
right_child=2 14 3 -5 5 -7 37 12 9 10 44 -13 -14 22 51 25 17 -19 33 26 -22 -23 23 54 -26 -27 -28 -29 42 -31 -32 32 -34 52 35 36 -38 39 -40 40 -42 -43 -44 -45 50 -47 -48 -49 61 -51 -52 -53 53 -55 -56 -57 57 -59 60 -61 -62 -63
leaf_value=0.027936840075405055 0.034321661954800055 -0.039643297853493041 -0.0038369361816133906 0.03805202911113198 0.036654669592814847 0.032648343421300824 0.032798173669916164 -0.0075633730283669008 0.013413551929068887 0.03557695848709997 0.0084777164808820162 0.018407170697444627 0.032614978674808608 0.044865025124176151 -0.014333005405407676 0.012726337865213844 0.028101603984928412 -0.0077972136099200709 -0.02562245361562708 -0.01741808982948467 0.029085134962771042 -0.032044586170057628 -0.014271667386126055 0.0034229468254286743 0.017642538158224825 0.015358543117899272 0.015630096517870666 0.023592177576763077 -0.034219544394868143 0.027567997736878562 -0.0012412271679316696 -0.028121100019280469 0.010470776968442919 -0.029371506275873305 -0.018111785331497141 0.04399476054555547 0 0.037350615326882483 -0.018354930642369847 0.029561874103330821 -0.0079101108887018878 0.0016327650188939383 -0.046382220274573428 0.0029375283647760592 -0.02124570635225265 -0.036438087336071838 -0.027270933085317608 0.029945692260204201 -0.017760792987644401 0.0051184095847305947 0 0.025258485592366174 0.024667526000692126 -0.01702972349654604 0.0033908396388205183 0.024558749378323898 0.025046680926277123 -0.024951260771281375 0.044987740071938218 -0.01601474781140743 -0.0054603712029456042 0.0091554496938938534
leaf_weight=1.3007087251171494 9.8676772713661176 141.23269505682401 7.4278164850547901 93.839857799932361 5.5764126313151774 8.3653402463532966 3.6611709296703339 2.2009146213531512 1.5353622484253771 5.3268377836793688 4.4860108625143758 4.8058343995362511 21.695441354066133 1.8320971454959356 0.70235140761360415 0.53984813729767367 4.4713645941810665 6.4244102393276989 2.9939362207660478 2.7911715888185427 2.5392900072038174 2.1906156688928604 0.66594282782170777 7.4029253681655955 1.8428103849291799 0.59416420012712379 3.5059891503769904 1.6511223204433916 6.5891496915137413 2.1855037435889244 1.3394642570056019 3.91776797932107 1.1788708381354807 9.8089950368739682 0.98220676172059018 1.9668754829326647 1.5184605993563307 6.5576624851673841 3.132866470143199 2.6816601902246475 3.489510789513588 3.7217192426323891 4.846802086569368 2.4900534246116868 5.8668753113597614 3.0995966853806749 1.2909624446183441 1.2934721165802328 1.6678194036940115 2.1407972781453282 5.2149736266583204 0.61478063464164734 0.96736822323873584 1.8681875746697185 24.984423435293138 7.299294984084554 0.16227034560870368 2.6287137911422178 0.33329354168381531 1.9650164950871838 0.27020914468448609 1.5334435597760601
leaf_count=256 188 149650 73 3521 203 190 58 38 32 47 33 56 579 42 99 72 88 66 306 435 55 38 74 107 13 6 76 14 1114 49 86 289 13 4558 456 69 24 128 43 64 55 45 53 65 57 48 90 40 95 95 60 4 28 306 177 64 23 317 20 526 89 29
internal_value=0 -0.0235574 0.0228916 0.0329204 0.0102775 0.00746739 0.00471055 0.0195767 -0.000267658 -0.00488938 0.00586722 -0.012142 0.02529 0.00141182 -0.0391654 -0.0182855 -0.00587761 0.00772244 -0.0116366 0.0167836 0.00596136 -0.00509879 0.00679308 0.00425316 -0.0127056 -0.0255819 5.40043e-05 -0.000745936 -0.027922 0.0110664 0.0295801 -0.00962662 -0.0182853 -0.0147883 -0.00114878 0.0162073 0.0286523 0.0183272 0.00735765 0.0259022 0.00966707 0.0196337 -0.0300553 -0.020303 -0.00559086 -0.0232592 -0.00413442 0.0138216 -0.026309 0.029588 -0.0118473 0.00534588 -0.0198725 0 0.00807862 0.0150669 -0.0233382 -0.00878495 0.0082216 -0.00459599 0.0305868 -0.00480517
internal_weight=471.079 232.064 239.015 132.079 106.936 97.0679 88.7026 38.2396 65.458 52.2449 20.8947 31.3502 30.8118 89.5143 142.55 26.5444 37.662 10.8958 26.7662 13.213 9.11632 6.57703 51.8523 47.8794 8.19278 18.2613 6.29716 8.28312 17.6671 4.38642 6.91588 6.632 5.09664 25.4655 7.46148 4.46754 3.48534 23.2446 10.5158 12.7288 6.17117 7.38289 17.1273 12.2805 15.5679 6.34997 3.25038 1.95941 9.79041 3.97289 11.0818 1.31713 18.0041 2.83556 39.6866 14.7022 15.1685 5.3595 2.73079 2.12729 0.603503 3.20126
internal_count=165594 157635 7959 4353 3606 3418 3228 832 2835 2035 197 1838 759 7882 149753 1782 7132 154 6978 800 180 125 750 613 265 1434 511 348 1428 87 289 334 302 6722 855 549 93 393 146 247 119 103 1356 1303 150 252 204 114 1238 137 117 103 5867 334 348 171 5533 975 658 549 109 124
is_linear=0
shrinkage=0.04


Tree=91
num_leaves=63
num_cat=0
split_feature=1 23 2 28 10 28 8 10 10 6 0 2 6 8 6 1 18 1 10 21 0 11 11 6 0 2 6 23 18 10 18 6 2 23 31 11 11 10 8 8 0 0 6 18 10 6 6 6 8 6 10 6 2 21 10 0 0 18 2 11 8 0
split_gain=151.021 55.7251 18.1301 5.56323 4.84681 4.13217 2.57466 4.20133 3.37438 2.43333 2.85322 2.39861 3.65662 2.22995 5.49125 2.24944 2.10003 2.02973 2.71242 1.95579 3.58995 2.26338 1.9406 1.78174 1.67544 1.65351 1.65015 1.61059 2.34984 1.33018 1.79145 1.19662 1.52871 1.12103 1.07569 1.04138 0.99399 0.983299 1.0463 1.55864 1.37356 1.06518 1.70744 0.840554 0.803656 2.85237 3.1108 1.27767 1.55673 1.23655 0.831298 0.798137 0.768811 0.765782 0.739226 1.16828 0.671099 0.661074 0.791834 0.655788 0.616311 0.559169
threshold=0.078810192644596114 0.26293487846851354 0.58757218718528759 1.0000000180025095e-35 0.240384615957737 1.0000000180025095e-35 0.84680575132370006 0.080128207802772536 0.30384616553783422 0.70659971237182628 0.77666497230529796 0.2993582040071488 0.2152509689331055 0.17267081141471866 0.29679679870605474 0.43283110857009893 0.5914268195629121 0.45897600054740911 0.86607143282890331 0.46862745285034185 0.44352366030216223 0.59807693958282482 0.39559109508991247 0.52885684370994579 0.99999997019767772 0.11427757143974306 0.90366768836975109 0.55689010024070751 0.65240275859832775 0.44949495792388922 0.615800440311432 0.56294015049934398 0.23488888144493106 0.62012657523155224 1.0000000180025095e-35 0.62115561962127697 0.94519516825675975 0.76388889551162731 0.64241620898246776 0.77485185861587536 0.53636872768402111 0.52051407098770153 0.81530213356018078 0.92605021595954906 0.58571431040763866 0.72255688905715953 0.91734972596168529 0.96824595332145702 0.92637759447097789 0.75582656264305126 0.61250001192092907 0.90070420503616344 0.47050032019615179 0.36038962006568914 0.44949495792388922 0.66600546240806591 0.35820196568965917 0.615800440311432 0.15667484700679782 0.9321839213371278 0.77485185861587536 1.0000000180025095e-35
decision_type=2 2 2 2 2 2 2 2 2 2 2 2 2 2 2 2 2 2 2 2 2 2 2 2 2 2 2 2 2 2 2 2 2 2 2 2 2 2 2 2 2 2 2 2 2 2 2 2 2 2 2 2 2 2 2 2 2 2 2 2 2 2
left_child=1 4 5 9 61 6 7 11 36 10 -4 12 22 -7 -15 27 -3 18 24 20 21 -10 -2 -22 26 -14 -11 -16 53 30 -8 34 -33 -27 -6 60 -9 38 40 -40 -34 42 -41 -17 47 -46 50 48 52 -50 59 -18 54 -29 55 -43 -38 -24 -59 -47 -36 -1
right_child=2 16 3 -5 31 13 29 8 19 17 -12 -13 25 14 15 43 51 -19 -20 -21 23 -23 57 -25 -26 33 -28 28 -30 -31 -32 32 37 -35 35 -37 56 -39 39 41 -42 44 -44 -45 45 46 -48 -49 49 -51 -52 -53 -54 -55 -56 -57 -58 58 -60 -61 -62 -63
leaf_value=0.0060976147070432671 -0.0074615671285135901 -0.039623116676370813 0.020658779187190678 0.039211319053321404 -0.028434451180921489 0.033011393260510204 -0.019635902131354781 -0.03883972109041036 -0.019410818840214419 -0.0014290826743061985 -0.028509217793570924 0.030799751229231748 0.015103375502857529 -0.013798330819184839 0.026146242014838377 0.037283318373854978 -0.014179613577779448 0.032646240374280863 0.03229410370100734 0.022244620173282083 0.012315050985464043 0.035907705234330616 0.03568342467198931 -0.029448014049073643 -0.015999137866388013 0 0.030168097579736621 -0.031055314308345065 0.019201543278096433 0.035505972307923066 0.027099630160222321 0.03993548944148903 -0.0098291606055247571 -0.034425882936339101 0.029156699960988051 -0.020576031552254737 0.016943151475524814 0.014613974157060134 -0.021732553646928662 -0.014150451693779396 0.048387260305836753 -0.024573663330358275 0.03932375096699206 0.0060208007527479028 0.030705355898216082 0.0071161647190730974 0.012399507257938773 -0.021176309340083476 -0.0060096210508520835 0.018242743938159504 -0.02483079813502705 0.024919613171917942 -0.020778727498680372 0 0.016402910366487954 0.023424104392422075 -0.018087608779780759 0 0.023595874547233997 -0.016418098414419685 -0.00020771607972059659 -0.030748558382721447
leaf_weight=0.20308381319045921 4.0372053252067479 135.76311697281199 2.8998235072940579 80.225574916228652 2.2294894875958553 12.80037680082023 1.8446922325529151 6.2112138243392137 0.87289664265699629 5.7922661751508731 2.6379802078008652 5.74059188296087 1.2071217051707197 8.4136654809117299 3.5978613297920692 10.921213904395698 0.69256732147186884 22.003019822761416 6.9020670019090167 3.2442242205142966 1.2834041969617809 2.7674449069891125 3.6967068985104543 7.4882906072889455 4.2433069515973321 1.9363833592506123 3.4353064470924437 2.6641125757014379 3.1711436165496707 4.3786074799718335 1.4199205548502503 1.086637174244969 0.43811459187418111 4.606002796208486 1.0441960560856387 1.1771402109879998 0.68201651400886454 12.346361265517769 3.3137863150332114 0.66891513846348916 0.70463195617776364 1.7451900593005159 1.9267655225703491 2.4074631221592417 5.0360079314559725 3.4908465804765001 13.763186428695917 4.2255879575386635 4.3936258484609434 8.0985435757320356 5.4815658051520586 0.61187233403325081 4.7456064686411992 1.7015043236315248 1.801517362357117 0.18210243084467936 0.80618144548498094 4.1288458965718746 3.6100555956363678 2.2018537395633757 1.9769312490243465 6.6815797049785033
leaf_count=1 28 149650 53 3219 300 309 126 1114 38 89 52 111 15 64 57 218 99 644 145 33 53 116 43 449 77 58 74 103 40 80 20 41 87 252 123 245 27 121 965 162 36 469 18 48 56 74 77 21 65 62 35 4 313 14 66 19 109 28 53 55 69 4402
internal_value=2.97718e-05 -0.0232229 0.0225321 0.0326173 0.00140603 0.0100701 0.00298875 -0.000271839 -0.0126771 0.0209187 -0.00292918 0.00968745 0.00324724 0.0190171 0.0126369 0.0220707 -0.0391317 0.0241231 0.0136341 -0.00123113 -0.00886646 0.0204567 0.0143622 -0.0222933 0.00222583 -0.017593 0.0117426 0.0073355 -0.00318661 0.0232198 0.00134147 0.00427731 0.0057533 -0.0253588 -0.0109915 0.00119016 -0.0326749 0.00468031 0.00244584 0.00138983 0.0300302 0.00313171 0.0243279 0.03273 0.00164777 0.00603229 0 -0.00344733 0.000745028 0.00960326 -0.0149129 0.00527993 -0.0115261 -0.0207424 0.00130759 -0.0122194 -6.86613e-05 0.022369 0.0121957 -0.00248192 0.0136737 -0.0285189
internal_weight=459.809 226.031 233.778 128.139 88.9633 105.639 59.9618 52.3186 23.3557 47.9138 5.5378 28.9629 23.2223 45.6773 32.877 24.4633 137.068 42.376 20.3729 15.6563 12.412 3.64034 15.4728 8.77169 13.4709 7.74951 9.22757 11.1346 7.53676 7.64322 3.26461 82.0786 75.6508 6.54239 6.42776 4.19827 7.69941 74.5642 62.2178 61.0751 1.14275 57.7613 2.59568 13.3287 55.1656 29.9735 24.9375 25.1922 20.9666 12.4922 11.1743 1.30444 8.47442 4.36562 3.72881 1.92729 1.4882 11.4356 7.7389 5.6927 3.02113 6.88466
internal_count=165594 157635 7959 4353 7882 3606 2753 2527 1939 1134 105 588 477 853 544 480 149753 1029 385 689 656 154 152 502 240 325 163 214 157 226 146 3479 2742 310 737 437 1250 2701 2580 2457 123 1492 180 266 1312 297 241 1015 994 127 164 103 867 117 554 488 136 124 81 129 192 4403
is_linear=0
shrinkage=0.04


Tree=92
num_leaves=63
num_cat=0
split_feature=20 13 2 28 10 28 10 7 10 10 10 1 6 0 0 2 18 11 21 21 31 7 6 2 2 7 7 21 0 7 11 2 1 18 2 19 20 18 18 18 10 30 11 10 30 8 2 6 7 8 11 19 0 2 19 11 11 7 6 11 2 2
split_gain=143.367 50.9424 17.51 5.56256 5.09748 4.47272 4.19419 3.07606 4.04108 4.28476 2.70175 3.34915 3.08776 8.09364 2.61964 2.46639 3.33044 2.3541 2.27233 1.90758 2.27902 1.49608 1.36115 4.88818 1.88088 1.35173 1.5917 1.33541 1.24326 1.23619 1.16432 0.9281 0.915442 2.76795 1.1059 0.915391 0.889327 1.69706 2.7811 0.908691 0.756734 1.489 1.68423 1.26903 1.07548 2.21616 1.44844 1.06609 2.41232 0.939922 0.89073 0.724487 0.672736 0.912284 0.647078 0.878229 0.640763 0.630645 0.589325 0.472345 0.436522 0.456867
threshold=0.56268712878227245 1.0000000180025095e-35 0.58757218718528759 1.0000000180025095e-35 0.76388889551162731 1.0000000180025095e-35 0.240384615957737 0.84680575132370006 0.080128207802772536 0.43650794029235845 0.86607143282890331 0.45897600054740911 0.85145786404609691 0.83118847012519848 0.99999997019767772 0.21376482397317889 0.57220077514648449 0.34654632210731512 0.18019481003284457 0.46862745285034185 1.0000000180025095e-35 0.90070420503616344 0.2152509689331055 0.2993582040071488 0.11427757143974306 0.43534001708030706 0.49691358208656317 0.070197045803070082 0.32731349766254431 0.76817703247070324 0.94519516825675975 0.25783495604991918 0.21894425153732303 0.73375529050827037 0.15667484700679782 0.60723635554313671 0.84764185547828685 0.65240275859832775 0.47084967792034155 0.97067421674728405 0.44949495792388922 1.0000000180025095e-35 0.8452991545200349 0.58571431040763866 1.0000000180025095e-35 0.89699381589889537 0.41028705239295965 0.70926907658576976 0.76253134012222301 0.64241620898246776 0.63733074069023143 0.53627237677574169 0.7590814232826234 0.45086249709129339 0.82972848415374767 0.54226192831993114 0.855400711297989 0.62258651852607738 0.94804319739341747 0.83527129888534557 0.17189858108758929 0.14570845663547519
decision_type=2 2 2 2 2 2 2 2 2 2 2 2 2 2 2 2 2 2 2 2 2 2 2 2 2 2 2 2 2 2 2 2 2 2 2 2 2 2 2 2 2 2 2 2 2 2 2 2 2 2 2 2 2 2 2 2 2 2 2 2 2 2
left_child=1 6 5 10 18 7 58 8 17 30 11 14 13 -13 21 16 -7 -2 -3 20 -11 29 54 24 -24 28 -27 -6 -8 -4 32 60 33 34 -10 -32 37 38 -17 -38 44 47 50 -44 46 49 57 52 -49 -46 -43 -20 53 -42 55 -19 -22 -28 -1 -50 61 -26
right_child=2 4 3 -5 27 15 25 -9 9 19 -12 12 -14 -15 -16 36 -18 22 51 -21 56 -23 23 -25 31 26 40 -29 -30 -31 35 -33 -34 -35 -36 -37 39 -39 -40 -41 41 42 43 -45 45 -47 -48 48 59 -51 -52 -53 -54 -55 -56 -57 -58 -59 -60 -61 -62 -63
leaf_value=-0.032906612061269089 -0.01789107036298937 -0.039485214614131653 0.014497503098010225 0.039420996615890623 -0.017081054034896421 0.027268049203962363 -0.0095324759055360683 0.031243261089768645 0.014024057952951613 -0.026206954110234323 0.035389106913165831 0.028726996031854482 0.037505992554997675 -0.051185089129054714 -0.024308634546707793 0.024536520490779413 -0.010555905977613553 0 -0.011499785355198447 0.035043152240586128 0.021739250055264107 0.029573116886194933 0.018473713603409221 0.029710152100250797 -0.020471354103525123 -0.027652774499311094 -0.012116319510166448 0.026326395014030696 0.043231572040680545 -0.014691556528780974 -0.019143521362769839 0.00048540127485714648 -0.037840089576731552 0.031090002760091516 -0.03056545484971588 0.018185746284731425 0.034481162541889133 0.030605829452419856 -0.022783337397487134 0.0087965233752179978 0.02181575872654502 0 -0.010524073974548121 0.011559613594025112 0.013716537633415267 0.023191303632531798 -0.028341815531121708 -0.016726509204053577 0.021892311998516458 -0.027071936740638302 -0.022525253654793218 0.023461374261645074 0.037847353565299967 -0.0079404265301929559 0.036062409784281206 0.024253324978233407 -0.0021228062200750429 0.020796001511961683 0.0015638999074585669 0.0076217590430010555 -0.04244158963261277 0.0069977264918214925
leaf_weight=5.0126896046567699 3.2618426459375796 132.25598533998709 3.4604457130772044 76.220456251874566 0.86773246480151955 5.1595808653510167 0.41732829820830275 4.5163450636900953 0.32985641749110239 2.8407134350854886 13.825453441590069 5.3684976026415852 10.611513569951056 1.9700332954525945 4.200084449723362 2.6757402921794 8.352038976736365 4.6730578355491179 1.4406462650513265 2.0124421138316384 3.3150000655441545 3.0223100678995252 1.0807323370827342 5.4379074972239323 1.026618323405273 1.6061540951486666 0.57442303118295779 1.9666800951818002 1.4979219377273691 3.8229893503012136 0.90227043523918782 1.3737208108650518 7.3745048344717361 0.89052212983369816 4.4647505831089802 1.3238511267118154 17.3722945060581 3.8082721680402756 3.3138071516877972 3.9612690936774007 2.9583240195643148 4.6360773462802189 4.5433948070276555 15.335792271420358 0.40480551193468306 3.8693679154384881 3.8166903706733137 4.5840556412003961 6.0519368262030193 2.2911215481581166 5.6283129444345832 0.52834034245461214 2.8077481463551521 1.8808490806259213 3.9817295689135781 4.6835152162238955 2.3351876920787618 1.2759270082460714 0.56316462159156788 15.398757197428495 2.6658208049484529 0.85193744336720545
leaf_count=3548 50 150286 63 3211 432 79 43 88 22 124 364 123 331 46 78 42 82 36 506 24 71 72 12 105 60 166 247 69 126 56 174 35 165 5 1445 37 405 42 52 91 91 37 66 157 79 60 334 71 47 715 91 65 14 18 59 45 63 227 3 136 146 57
internal_value=5.48141e-05 -0.0227114 0.0224107 0.0326274 -0.0377204 0.0101405 0.00155703 0.00277019 -2.12937e-05 -0.0113858 0.0207575 0.0135337 0.0246135 0.00322915 -0.000622127 0.0195747 0.00449574 0.00998199 -0.0388527 0.00761839 -0.00146756 0.00997372 0.0141952 0.00377701 -0.0170676 0.00408988 0.00298841 0.0110054 0.0310363 -0.000264612 -0.0243559 -0.0258683 -0.0286279 -0.0122071 -0.0249167 0.000571836 0.0256512 0.0128793 -0.000585595 0.0304985 0.00403785 0.00580496 -0.00055398 0.00605849 -0.00462207 0.00569694 -0.0162381 0.0114631 0.00687888 -0.0178109 -0.0131165 0.00127655 0.0240076 0.0101861 0.0226893 0.0136795 0.0124395 0.00850912 -0.0291084 0.0126219 -0.0332069 -0.00852103
internal_weight=448.701 222.214 226.487 122.502 137.059 103.985 85.1548 59.3423 54.826 25.7891 46.2813 32.4559 17.95 7.33853 14.5058 44.643 13.5116 29.0369 134.225 10.5033 8.4909 10.3057 25.775 12.4367 6.99883 79.579 77.6637 2.83441 1.91525 7.28344 15.2858 5.9181 13.0596 5.68513 4.79461 2.22612 31.1314 9.79782 5.98955 21.3336 76.0576 63.8252 30.1436 19.8792 12.2323 6.56529 5.66704 33.6817 26.0347 2.69593 10.2644 1.96899 7.64692 4.83917 13.3383 9.35657 5.65019 1.85035 5.57585 21.4507 4.54438 1.87856
internal_count=165594 157634 7960 4344 151358 3616 6276 2823 2735 2130 1133 769 500 169 269 793 161 605 150857 282 258 191 555 415 310 2725 2556 501 169 119 1848 298 1637 1472 1467 211 632 136 94 496 2390 728 351 223 1662 854 808 377 254 794 128 571 123 109 140 81 134 474 3551 183 263 117
is_linear=0
shrinkage=0.04


Tree=93
num_leaves=63
num_cat=0
split_feature=20 23 2 28 10 28 5 7 10 10 10 1 0 2 23 21 2 0 1 7 0 21 31 7 7 7 7 0 7 9 8 10 8 0 0 9 23 21 18 23 20 18 18 18 7 9 10 0 9 18 18 0 2 0 8 7 2 7 9 30 0 0
split_gain=135.819 50.6562 17.0027 5.62607 4.82072 4.21666 4.13485 2.92459 3.78254 4.04317 2.6518 3.1991 2.43352 2.37383 3.9885 2.30023 2.02282 2.8803 2.63351 1.86686 5.62767 1.83936 2.15479 1.44053 1.16013 1.09882 1.61563 1.2291 1.58988 1.33689 1.21159 1.59692 1.32149 1.19722 1.11832 1.01525 0.993852 0.974193 1.50278 0.898289 0.868758 1.61677 2.62544 0.893071 0.753681 0.921681 0.727217 1.27911 0.666591 0.641171 0.640168 0.637511 1.50565 0.629886 1.12854 0.65071 0.62884 0.608361 0.575232 0.534568 1.11087 1.21637
threshold=0.56268712878227245 0.26293487846851354 0.58757218718528759 1.0000000180025095e-35 0.240384615957737 1.0000000180025095e-35 1.0000000180025095e-35 0.84680575132370006 0.080128207802772536 0.43650794029235845 0.86607143282890331 0.45897600054740911 0.99999997019767772 0.21376482397317889 0.81275406479835521 0.18019481003284457 0.2993582040071488 1.0000000180025095e-35 0.32986950874328619 0.87570226192474376 0.83118847012519848 0.46862745285034185 1.0000000180025095e-35 0.90070420503616344 0.76817703247070324 0.43534001708030706 0.49691358208656317 0.41016845405101782 0.75905716419219982 0.91476997733116161 0.91366460919380199 0.44949495792388922 0.84680575132370006 0.32731349766254431 0.63326683640480053 0.78086888790130626 0.9656645953655244 0.45227272808551794 0.80090090632438671 0.57617905735969555 0.84764185547828685 0.65240275859832775 0.47084967792034155 0.97067421674728405 0.91476997733116161 0.80810147523880016 0.68333333730697643 0.99999997019767772 0.83752354979515087 0.382411539554596 0.53532215952873241 0.42972144484519964 0.50184985995292675 0.48967123031616216 0.64241620898246776 0.77459675073623668 0.27583871781826025 0.94804319739341747 0.70320320129394542 1.0000000180025095e-35 0.4863871186971665 0.66078668832778942
decision_type=2 2 2 2 2 2 2 2 2 2 2 2 2 2 2 2 2 2 2 2 2 2 2 2 2 2 2 2 2 2 2 2 2 2 2 2 2 2 2 2 2 2 2 2 2 2 2 2 2 2 2 2 2 2 2 2 2 2 2 2 2 2
left_child=1 4 5 10 57 7 15 8 16 36 11 12 23 14 -7 -3 17 18 -2 20 -13 22 39 24 -4 33 -27 28 56 30 31 53 34 -6 -33 -19 59 -20 -39 -11 41 42 -15 -42 45 -32 -31 -48 -36 -17 -8 -24 -53 55 -55 -29 -28 -1 -38 60 -10 -62
right_child=2 6 3 -5 25 13 50 -9 9 21 -12 19 -14 40 -16 49 -18 35 37 -21 -22 -23 51 -25 -26 26 27 29 -30 46 44 32 -34 -35 48 -37 58 38 -40 -41 43 -43 -44 -45 -46 -47 47 -49 -50 -51 -52 52 -54 54 -56 -57 -58 -59 -60 -61 61 -63
leaf_value=-0.033597189611681219 0.033851569603595394 -0.039765783534029965 0.014145956809199594 0.039320658746738534 -0.010190994662802945 0.024786340171318137 -0.0047540124208142551 0.030759901063221066 0.0043996426761694282 0.0041182721250304028 0.035080604931755389 0.029825672460769496 -0.023154660976036655 0.023940896787495728 -0.015817785608628916 0.023097061268024629 0.029376716599488376 -0.032088819827000327 -0.010211929765269277 0.036656481673737404 -0.030585810486547588 0.034609202035345649 0.027884683471661155 0.029211622585440779 -0.014141851492848996 -0.027686892473599733 -0.017749005307456323 -0.012648644853062291 0.050299593004944264 0.0032879967003887553 -0.0025962191948751363 -0.015597742274534965 0.023145685980057586 0.039830515277172414 0.029654086816490927 0.0075524336499343736 -0.015998429506526086 0.023065976069279022 -0.0068717515832694568 -0.035890368292683744 0.034131074499681571 0.03004431759873279 -0.022107702141237428 0.008570171851279354 0 -0.038964681448195544 0.026183417791903103 0.0014746535702840735 -0.0040089533290134718 -0.010146585717219393 0.027417353379876094 -0.017185414750550722 0.022523546289648304 0.01428940658575014 -0.030162112688969522 0.023910378560081554 0.018249651579335297 0.0014061945589425233 0.014425864994434014 -0.036121558292829647 -0.037510757275638781 0.0033806077126534253
leaf_weight=5.6685451939119949 4.5831446461379626 125.34988962713396 3.4300599946291168 73.417444130405784 0.44899608404375557 6.6715071200742369 1.2648041566135355 4.4214702035533255 2.5008808384882304 0.77342650981154148 13.406442245468495 6.0185383856296557 4.281170032452791 2.6578639711951855 6.7734732796670869 0.44805113098118354 5.6205386128276578 3.1498462123563509 5.8452769499272099 8.7116778586059791 2.8092837855219841 1.9695771168917406 1.5433159730746409 2.9511444659437984 3.8510176233830862 1.6492155655287195 0.90723421378061109 0.60674499592278397 1.0219036184716968 39.223294280003756 2.2625727094709864 3.5386762574780715 4.9917607449460775 1.5885092398384584 1.0177821366814899 0.74509342049714167 0.73851961648324449 4.6933608707040531 4.1150913052260876 2.0368863055482507 16.868936080485586 3.7442651279270649 3.3091360428952612 3.9303049072623244 2.5584205272607505 2.4061100324615836 6.1680695805698615 7.2286216914653778 1.0456262481166048 1.5123595278710125 0.83994897454977024 2.2367112293140963 1.8744579548365434 0.38904120668303255 3.2909702133620158 0.47026793123222888 0.27618432592134923 0.56857257429510344 1.2865896940347736 6.6368993098731153 2.6786974860588093 1.2324410916189661
leaf_count=4362 41 148904 63 3211 62 101 332 88 272 23 364 149 78 42 60 114 110 262 62 286 65 24 23 72 56 207 167 344 13 369 50 332 67 151 30 31 56 49 50 101 405 42 52 91 21 39 55 70 72 457 6 83 28 52 1304 9 41 4 98 1006 323 93
internal_value=7.79717e-05 -0.0223724 0.0220644 0.0323294 0.00114757 0.00993951 -0.038161 0.00274678 0 -0.0110382 0.0203491 0.0131916 -0.000567206 0.0191784 0.00437449 -0.0390962 0.00973952 0.00378273 0.0104398 0.0242088 0.00903787 0.00744435 -0.00144252 0.00974735 -0.000233657 0.00393714 0.00293389 0.00398215 0.0284338 0.00284882 -0.00504704 0.0012709 0.00996434 0.0277645 -0.00290188 -0.0236947 -0.023748 0.00116712 0.00939733 -0.0256387 0.0252292 0.0125891 -0.000530006 0.0300992 -0.0174763 -0.0256124 0.00634228 0.0141573 0.0155496 0.00133558 0.0114919 0.0120277 0.00100149 -0.0157624 -0.022559 0.00521495 -0.00300519 -0.0301002 0.000387573 -0.0275393 -0.0144416 -0.0257463
internal_weight=438.257 216.742 221.514 118.877 87.3271 102.638 129.415 58.6822 54.2608 25.5084 45.4593 32.0529 14.5134 43.9555 13.445 127.31 28.7524 23.1318 19.2369 17.5395 8.82782 10.4344 8.4648 10.2322 7.28108 81.09 79.0525 77.4033 2.20532 75.198 22.578 15.3509 10.5938 2.03751 5.60208 3.89494 15.074 14.6537 8.80845 2.81031 30.5105 9.71127 5.967 20.7992 7.2271 4.66868 52.62 13.3967 2.06341 1.96041 2.10475 5.65449 4.11117 4.75702 3.68001 1.07701 1.18342 6.23712 2.02511 13.0489 6.41202 3.91114
internal_count=165594 157634 7960 4344 7821 3616 149813 2823 2735 2130 1133 769 269 793 161 149475 605 495 202 500 214 282 258 191 119 3455 3242 3035 221 2814 2320 2210 501 213 434 293 1848 161 99 124 632 136 94 496 110 89 494 125 102 571 338 134 111 1709 1356 353 208 4366 154 1694 688 416
is_linear=0
shrinkage=0.04


Tree=94
num_leaves=63
num_cat=0
split_feature=1 13 2 28 10 21 10 2 10 1 6 7 1 6 8 6 0 19 2 11 1 19 10 8 21 1 7 8 2 0 18 1 18 7 7 0 21 7 2 6 11 11 18 21 11 0 6 8 0 10 6 2 11 11 11 0 6 2 2 10 0 6
split_gain=128.624 49.7245 16.5444 5.71302 3.80764 3.73177 2.98429 4.1051 2.63615 2.62842 2.50473 4.05721 3.38101 2.75014 3.17747 2.43442 2.65409 2.37038 2.62481 2.18811 1.9263 2.41578 2.51053 1.92421 2.47635 1.69643 1.53279 2.89876 1.36117 1.28658 1.27487 1.81276 1.21912 1.18629 1.46512 1.1141 1.06492 1.00109 0.975816 0.935743 1.04283 0.875663 0.839202 0.799436 0.688395 1.52941 1.71647 1.28771 1.25283 2.4719 1.63608 1.24691 1.11212 0.866431 1.06683 0.789341 2.69171 0.770481 2.06418 0.75551 0.658537 1.28183
threshold=0.078810192644596114 1.0000000180025095e-35 0.58757218718528759 1.0000000180025095e-35 0.240384615957737 0.69397994875907909 0.43650794029235845 0.11427757143974306 0.76388889551162731 0.29179082810878759 0.69504830241203319 0.24068965017795566 0.13631390780210498 0.47140522301197058 0.48331478238105779 0.70659971237182628 0.77666497230529796 0.82972848415374767 0.1600352078676224 0.57947367429733287 0.45897600054740911 0.88581016659736644 0.44949495792388922 0.81016731262207042 0.42481203377246862 0.43283110857009893 0.80229884386062633 0.59675306081771862 0.45411911606788641 1.0000000180025095e-35 0.46192501485347753 0.36960017681121832 0.65240275859832775 0.43534001708030706 0.49691358208656317 0.32731349766254431 0.070197045803070082 0.31662489473819738 0.29041421413421636 0.53410854935646068 0.9607692062854768 0.4246212244033814 0.69194823503494274 0.21240601688623431 0.88516482710838329 0.57827606797218334 0.68237251043319713 0.55848154425621044 0.63745751976966869 0.58571431040763866 0.63859337568283092 0.62731361389160167 0.7670542597770692 0.60791924595832836 0.66987180709838878 0.80084761977195751 0.91476997733116161 0.53278529644012462 0.45086249709129339 0.64583334326744091 0.99999997019767772 0.92940199375152599
decision_type=2 2 2 2 2 2 2 2 2 2 2 2 2 2 2 2 2 2 2 2 2 2 2 2 2 2 2 2 2 2 2 2 2 2 2 2 2 2 2 2 2 2 2 2 2 2 2 2 2 2 2 2 2 2 2 2 2 2 2 2 2 2
left_child=1 4 5 15 -1 6 7 9 29 -2 11 17 -12 37 -15 16 -4 18 -9 28 21 22 -17 -14 -25 39 27 -8 -16 -3 43 42 -31 35 -35 -6 -10 -13 -39 -21 -41 -20 -32 -29 45 47 57 -36 50 55 -46 52 53 -48 -55 56 -50 58 -47 -60 61 -51
right_child=2 8 3 -5 33 -7 26 10 36 -11 12 13 23 14 19 20 -18 -19 41 25 -22 -23 -24 24 -26 -27 -28 30 -30 32 31 -33 -34 34 44 -37 -38 38 -40 40 -42 -43 -44 -45 48 46 51 -49 49 60 -52 -53 -54 54 -56 -57 -58 -59 59 -61 -62 -63
leaf_value=-0.028536165858802948 0.040489219909724511 0.010339023512132662 0.019443398922499008 0.038871958510450791 -0.009351246233691865 0.025849738453869089 0.04157523626265363 -0.018660997398627855 -0.01683514975425672 -0.0012126795645930424 -0.027180048048978764 -0.011926885368763768 0.033875204813606077 0.03221279804284085 -0.01100017067345836 -0.014078401464461073 -0.028521360248297659 0.032035270442133654 0 0.0011587270429573603 0.031808439001725371 -0.019914282134293408 0.024080084903430731 -0.022688044961103371 0.026545141609657256 0.0062607037733926852 0.036518898436865954 -0.0027801128375007601 0.031862500201331211 -0.039356615611269491 -0.028824737852650419 0.016408798259831821 0.0089791154382797538 -0.026988187016553526 0.018172517703143497 0.040135960779159721 0.025233593811521928 -0.046534325361504765 -0.0088845808862645839 -0.040761238386878444 0.0034796810093481478 0.027783252038656784 0.0021632416360221431 0.030775215412910315 -0.016262002775032681 0.030947961639796451 -0.014960997034058669 -0.030682794814676475 -0.022806304746701932 0 0.028127777360703564 0.011149432225965679 -0.03080769263343449 0.01849431625459148 -0.0067532335251952761 -0.021179959169895509 0.027213527462192983 0.033519515153753725 -0.026594546460886832 0.0042736985320456959 0.0037556389548624291 0.027224428141534213
leaf_weight=5.2577971679856992 5.4583052042871696 0.34270606935024162 2.721772138029336 71.810005210340023 0.40990174107719113 17.540800530463457 2.5690194303169873 5.8506760102463904 0.84738331474363693 3.4858070481568575 1.8915400340338226 5.8920929590822215 6.3783384548732993 2.2443624085863112 1.272583344834856 2.4983216242399129 2.634873075876385 3.8710727635771027 3.1715491905342788 1.0009294234914685 20.252604823559523 2.19825630262494 15.149117331719024 2.4607593877008185 2.0948221981525421 2.1188315413892269 5.2661944669671348 1.332690126379019 1.6374021148658355 122.52601607656106 3.8876380919246003 2.1511043421924114 0.36636247998103399 1.5412689114455123 0.27594804367981796 1.5638680214760823 0.97415622416883707 5.3261404627119191 2.3607588023296557 5.2112433772417717 0.62754675408359606 3.1718474985100329 1.4544067624956367 1.7695845272392032 0.81061902444343914 2.0283960429951575 5.336552234599373 3.1199994825292379 2.7640092587098462 4.2856768113560992 6.4305984963430092 6.0341119617223731 2.079351578722707 3.5867609846172837 5.29114748921711 5.4182974528521299 2.1718210726976395 2.3456088122911751 1.532527339179069 1.7094915285706518 13.731947198510168 6.6839116364717484
leaf_count=3551 72 2 53 3219 43 410 37 64 432 38 402 109 125 66 179 39 52 55 31 169 644 52 294 64 41 19 115 70 39 150854 152 28 10 166 19 126 61 338 159 668 69 51 15 21 144 120 40 729 216 55 370 34 208 41 87 30 11 17 102 9 102 56
internal_value=0.000103994 -0.0222358 0.0215165 0.0317161 0.00146126 0.00949901 0.00577178 0.00159722 -0.0381471 0.0253468 -0.00246245 -0.00707775 0.0123674 -0.0161916 -0.003052 0.0197317 -0.00429592 0.00842584 -0.000625887 -0.0120165 0.0230652 0.012853 0.0179983 0.0212485 0 -0.0214559 0.0195617 0.0103966 0.0140756 -0.0388571 0 -0.00893303 -0.0391089 0.00383496 0.00278416 0.028825 0.00521491 -0.0284274 -0.0377858 -0.0302557 -0.0356079 0.0157396 -0.0207465 0.0182215 0.00378728 -0.000408591 0.00262394 -0.0225721 0.00712004 0.00356986 0.0213029 -0.0029535 -0.00875026 -0.00344789 0.00388173 -0.011931 0 0.0178846 0.00605236 -0.0122045 0.0104344 0.0174485
internal_weight=428.229 209.466 218.763 117.265 84.4096 101.498 83.9572 65.5266 125.057 8.94411 56.5825 43.757 12.8255 27.6919 14.1129 45.4549 5.35665 16.0651 12.1941 11.8685 40.0983 19.8457 17.6474 10.9339 4.55558 8.95855 18.4306 13.1644 2.90999 123.235 10.5954 7.49315 122.892 79.1518 77.178 1.97377 1.82154 13.579 7.6869 6.83972 5.83879 6.3434 5.34204 3.10227 75.6368 33.3399 29.9439 3.39595 42.2969 35.0557 7.24122 22.3279 16.2938 14.2145 8.87791 10.3541 4.93583 7.61602 5.27041 3.24202 24.7015 10.9696
internal_count=165594 157635 7959 4353 6276 3606 3196 2758 151359 110 2648 2016 632 1815 1209 1134 105 201 146 1143 1029 385 333 230 105 925 438 323 218 150866 286 195 150864 2725 2556 169 493 606 497 906 737 82 167 91 2390 1406 658 748 984 470 514 410 376 168 128 257 227 248 231 111 213 111
is_linear=0
shrinkage=0.04


Tree=95
num_leaves=63
num_cat=0
split_feature=20 23 2 28 10 28 10 10 1 6 0 0 21 6 10 10 2 23 2 6 18 2 30 21 6 1 9 2 6 2 19 2 30 0 6 6 20 18 18 18 8 8 0 9 0 6 10 6 6 6 9 6 2 10 9 2 8 21 6 0 20 21
split_gain=121.922 49.5526 16.5614 5.75954 4.38885 3.99347 3.6481 2.64506 2.92858 3.11547 7.25891 2.38206 2.36596 2.26908 2.78564 4.92205 2.20142 3.72916 1.64591 3.32696 2.42093 1.83233 1.59492 2.26801 1.36668 1.2234 1.11267 1.23855 1.0388 1.4205 0.990493 0.9227 0.915928 1.0806 1.3694 1.20248 0.88171 1.57884 2.42985 0.920891 0.802995 1.60531 1.23812 1.03859 0.770799 1.5514 1.17022 2.33489 2.98071 1.16433 1.74489 1.54537 1.20234 0.99145 0.961918 1.27003 0.747441 0.711705 0.702211 0.942925 0.664713 0.652279
threshold=0.53863716125488292 0.26293487846851354 0.58757218718528759 1.0000000180025095e-35 0.240384615957737 1.0000000180025095e-35 0.86607143282890331 0.86607143282890331 0.45897600054740911 0.85145786404609691 0.83118847012519848 0.99999997019767772 0.36602871119976049 0.83910790085792553 0.080128207802772536 0.4083333313465119 0.21376482397317889 0.81275406479835521 0.24895579367876056 0.2152509689331055 0.615800440311432 0.11427757143974306 1.0000000180025095e-35 0.48529411852359777 0.90366768836975109 0.21894425153732303 0.74464204907417308 0.50935709476470958 0.56294015049934398 0.23488888144493106 0.93127068877220165 0.42000661790370947 1.0000000180025095e-35 0.46906732022762304 0.52704679965972911 0.69804355502128612 0.84764185547828685 0.65240275859832775 0.47084967792034155 0.97067421674728405 0.64241620898246776 0.77485185861587536 0.53636872768402111 0.69504830241203319 0.52051407098770153 0.81530213356018078 0.58571431040763866 0.72255688905715953 0.82807883620262157 0.96824595332145702 0.90595519542694103 0.70320320129394542 0.4462836235761643 0.44949495792388922 0.92637759447097789 0.69999995827674877 0.92637759447097789 0.44722221791744238 0.43792808055877691 0.51247477531433117 0.99740931391716015 0.26201373338699346
decision_type=2 2 2 2 2 2 2 2 2 2 2 2 2 2 2 2 2 2 2 2 2 2 2 2 2 2 2 2 2 2 2 2 2 2 2 2 2 2 2 2 2 2 2 2 2 2 2 2 2 2 2 2 2 2 2 2 2 2 2 2 2 2
left_child=1 4 5 7 -1 13 -3 8 11 10 -10 24 -13 14 18 30 17 -7 19 20 -2 -21 26 31 61 -20 -17 -28 58 -30 32 -24 33 35 -35 -16 37 38 -18 -38 42 43 -31 -42 45 -43 49 -48 -49 50 52 -52 53 -46 -50 -56 -53 -22 59 -6 -23 -4
right_child=2 6 3 -5 28 16 -8 -9 9 -11 -12 12 -14 -15 15 22 36 -19 25 21 57 60 23 -25 -26 -27 27 -29 29 40 -32 -33 -34 34 -36 -37 39 -39 -40 -41 41 44 -44 -45 46 -47 47 48 54 -51 51 56 -54 -55 55 -57 -58 -59 -60 -61 -62 -63
leaf_value=-0.029514726809497051 0.033561758529354647 -0.039572691744606273 -0.01422168590556282 0.03912029644677352 -0.014855473938480699 0.024146820082385428 0.009554125101449585 0.034597650435475788 0.027745457467931639 0.037041054672935662 -0.047785963027669472 0.0054830568250697652 -0.045295594329990897 0.026819616839274679 -0.012119604782968791 0.04061109698362704 0.022781877190375915 -0.015335187864535763 -0.0041688761493352908 0.013791925425521981 -0.0096218823551690001 -0.035444483932036017 0.0044638475838753959 0.022269409747468338 0.027564152474238747 0.030841215303749565 -0.0085152867820966014 0.025234636220140591 0.037954633538347389 -0.0095827448664206321 0.011446509668829475 -0.033583203884125896 -0.037822502125572782 0.011389821375833071 -0.032552084319016246 0.029252440892717401 0.033608280566938611 0.029361383453099466 -0.021594768751225596 0.0076746218897736163 0.014338916128421711 -0.013685371216030513 0.045294437938237099 -0.029046281370437219 -0.017191949632111413 0.037725360811068344 0.027736916895630733 -0.022005725051772455 -0.0062087160555620345 -0.020045404251105493 -0.01535550719015269 -0.002652564542435884 -0.026918119886983592 0.020926337964946428 0.020652182848641024 0.0021890323212166158 0.019574222673327001 0.0099617770055964745 -0.017833440320348941 0.026115360716041036 0.00067457264387666067 0.0076937855696501013
leaf_weight=5.8820080447476348 4.5963227304164382 116.05551729002036 2.5620256029069441 68.352468785829842 0.70985438453499117 6.5260997648001631 1.9789226519642387 12.803080422803758 4.9946500305086401 9.6625506300479156 2.0778643190860748 2.1631703000748521 2.147216122597456 4.4986352009582324 1.7208755228202792 1.9089955383678878 2.6167470993241313 6.7466908731148578 1.5487117282464158 1.2054028786951665 4.7270717173814756 4.2206991899874993 0.89342821313766796 1.7217803411185739 3.2555816400563344 5.8751238347031176 2.9883842241833918 2.0562882284866646 1.0948410098208103 0.42757750046439358 0.46991840377450067 2.5528666285681538 6.4581467525567859 0.77997401828179125 3.7418334032408893 0.88980148738482956 16.063073864206675 3.6395623553544283 3.3268640789901838 3.8111571744084349 0.35328498831950073 0.63994867645669673 0.75466041662730277 2.780403851706069 0.8874438574421265 1.8613552886527029 6.6590481286402783 5.2791112001286811 5.0924313695868504 4.2085021035745731 2.4579855451593184 2.4773423925507805 3.8210254525765777 1.5306151264812797 11.487866120645776 12.960425808094442 9.4143978162901458 5.1356863733381033 4.6544395152595825 0.87693968671374023 0.66914847493171681 4.4996235426515341
leaf_count=4363 54 148332 41 3216 138 106 345 365 123 331 46 39 42 131 381 35 50 62 129 17 32 376 87 17 82 76 123 37 41 86 6 116 1578 83 553 26 405 42 69 91 40 162 36 915 304 18 68 108 53 21 48 139 401 44 90 97 51 50 571 22 3 81
internal_value=0.000122589 -0.021909 0.021192 0.0317181 0.0011089 0.00927569 -0.0386421 0.0195612 0.01242 0.0233547 0.00188858 -0.000528217 -0.0228253 0.00233376 -7.68918e-05 -0.00934397 0.0184427 0.00412914 0.00848049 0.002057 0.0125389 -0.020507 0.00876769 -0.00685015 0.00962748 0.0234349 0.0202799 0.00647878 0.00373255 0.00512263 -0.0247692 -0.0240345 -0.0269943 -0.0132527 -0.023558 0.00506979 0.0244133 0.0118285 -0.00101407 0.0294327 0.00407125 0.00323485 0.0283178 -0.0209019 0.0046757 0.0232777 0.00357862 0.00764844 0.0030279 -0.00310657 0.000938703 0.00869923 -0.0150938 0.00482954 0.00820659 0.0114924 0.014787 0.000185692 -0.0106642 0.00758323 -0.0305473 -0.000538982
internal_weight=418.253 204.346 213.908 112.518 86.3115 101.389 118.034 44.1658 31.3627 16.7351 7.07251 14.6276 4.31039 58.6591 54.1605 26.1823 42.7302 13.2728 27.9782 20.5543 14.4591 6.09525 12.1217 5.16808 10.3172 7.42384 6.95367 5.04467 80.4295 74.1883 14.0605 3.44629 13.5906 7.13248 4.52181 2.61068 29.4574 9.58317 5.94361 19.8742 73.0934 71.9112 1.18224 3.13369 68.7775 2.5013 66.2762 41.4789 34.8198 24.7973 20.5888 14.3497 6.23908 2.41806 29.5407 24.4483 11.8917 9.86276 6.24123 1.58679 4.88985 7.06165
internal_count=165594 156493 9101 4366 7816 4735 148677 1150 785 500 169 285 81 3910 3779 3042 825 168 737 532 136 396 415 220 204 205 195 160 3453 2722 2627 203 2621 1043 636 407 657 161 119 496 2681 2559 122 955 1604 180 1424 416 348 1008 987 238 749 348 240 187 190 82 731 160 379 122
is_linear=0
shrinkage=0.04


Tree=96
num_leaves=63
num_cat=0
split_feature=1 23 10 19 28 10 9 1 30 11 21 24 21 19 6 9 8 2 6 9 8 8 0 6 21 19 6 21 23 19 6 2 31 11 10 8 8 0 9 0 6 9 9 2 10 6 10 2 8 9 21 23 19 6 0 8 10 8 0 8 9 30
split_gain=115.502 49.8273 15.4929 7.44753 5.59204 3.78982 3.76553 3.91178 3.51518 4.77265 4.58539 2.6428 2.30961 2.22604 2.01824 1.98971 6.1407 1.98955 1.84666 1.83211 1.75613 2.1257 1.55088 1.33224 2.97256 1.25544 1.11914 1.09259 1.02238 1.97183 1.00624 1.3432 0.99294 0.934674 0.849156 0.922785 1.29665 1.18425 1.02266 0.939913 1.49763 0.951011 0.937513 0.836577 0.959521 0.775874 0.960862 1.04741 0.775363 2.18333 0.852074 0.693358 0.668817 0.559172 0.560402 0.552409 0.498132 0.430077 1.76976 0.965029 1.4595 1.5512
threshold=0.078810192644596114 0.26293487846851354 0.43650794029235845 0.82972848415374767 1.0000000180025095e-35 0.240384615957737 0.12132352963089944 0.53663355112075817 1.0000000180025095e-35 0.82247900962829601 0.73030304908752453 1.0000000180025095e-35 0.43303571641445165 0.74175426363945018 0.29679679870605474 0.71834936738014232 0.32071428000926977 0.12405638396739961 0.598850578069687 0.33687943220138555 0.74133810400962841 0.8521554470062257 0.99999997019767772 0.75905716419219982 0.23303167521953586 0.51690155267715465 0.90070420503616344 0.2788888961076737 0.61715260148048412 0.64174234867095958 0.56294015049934398 0.23488888144493106 1.0000000180025095e-35 0.62115561962127697 0.76388889551162731 0.64241620898246776 0.77485185861587536 0.53636872768402111 0.69504830241203319 0.52051407098770153 0.81530213356018078 0.82683658599853527 0.69504830241203319 0.11427757143974306 0.4083333313465119 0.68237251043319713 0.58571431040763866 0.53278529644012462 0.82097071409225475 0.74464204907417308 0.29520697891712194 0.37544326484203344 0.47089621424674993 0.94804319739341747 1.0000000180025095e-35 0.77485185861587536 0.30384616553783422 0.83457711338996898 0.65834742784500133 0.92637759447097789 0.86729559302330028 1.0000000180025095e-35
decision_type=2 2 2 2 2 2 2 2 2 2 2 2 2 2 2 2 2 2 2 2 2 2 2 2 2 2 2 2 2 2 2 2 2 2 2 2 2 2 2 2 2 2 2 2 2 2 2 2 2 2 2 2 2 2 2 2 2 2 2 2 2 2
left_child=1 5 3 6 8 53 -2 11 48 10 13 23 22 -10 -9 16 19 -13 27 -5 -20 -22 -11 28 -25 -3 -27 56 29 51 32 -32 -7 55 35 37 38 -33 -37 40 -38 42 -41 -30 -45 46 47 -43 49 -4 -51 52 -8 54 -1 -34 -19 58 -47 60 -59 -62
right_child=2 25 4 15 -6 30 7 14 9 12 -12 17 -14 -15 -16 -17 -18 18 20 -21 21 -23 -24 24 -26 26 -28 -29 43 -31 31 34 33 -35 -36 36 39 -39 -40 41 -42 45 -44 44 -46 57 -48 -49 -50 50 -52 -53 -54 -55 -56 -57 -58 59 -60 -61 61 -63
leaf_value=0.0054290364490819469 0.028274311312355818 -0.039636689371032111 0.04005953968533036 0.034366881178903727 0.038392130518808826 -0.02766254885271582 -0.014342348391824753 -0.00025093224275864293 0 0.016282763244280501 0.027093366220135345 0.02901629222944092 0.029537458580979236 -0.046999671916841297 0.031758716444994672 0.033723826394114219 -0.016798912930862199 -0.0099731112052630529 0.02540336109596323 0.0035137988849779133 -0.031339029536984246 0.012760032232898469 -0.021253766648530129 -0.031441660113702218 0.018806976305297082 -0.020913558267431437 0.019848767575066394 -0.027754139366739494 -0.0038987895806909217 0.024582801303709913 0.036929381745907104 -0.0095180518043730365 0.02757248301260384 -0.01981625916105309 0.013415095457776242 0.014149525728718816 -0.013540720665563361 0.043901672440333689 -0.028893812975992167 0.010281755669342658 0.037085694248858374 -0.022525373500135615 -0.028411314245556114 -0.040119165140928031 0.0071046643941963796 -0.017193278329715296 0.029102809221436866 0.019438452087103552 0.033553722146342724 -0.020095633858670241 0.010762922659612779 -0.029032379203486523 0.022597885141550693 0.0022379446898836042 -0.033110144040802092 -0.00020157122176802538 0.018745431209247283 0.017229934436082645 0.034983638515601871 0.0027299238817166771 -0.035681413655992596 0
leaf_weight=0.19334039092063804 5.302473882213234 110.255257062905 1.6200460367836083 11.624546214938169 65.563075315440074 2.101341185567434 0.67805801634676999 6.0254520718008262 2.3275153940776381 2.6226610288722467 2.0797942392528057 2.3530012993142035 11.59287899546325 3.8664485663175583 5.0621632188558578 14.292153524234889 6.6745489146560422 0.92409052571747341 3.5525427763932367 4.8009622711688271 2.1549538602121174 2.9088177691446617 2.3983722180128098 2.2222678551333948 3.5067749170120806 1.9436534364358515 0.68440943618770678 4.9248549211770296 1.960495663806795 1.1708553915377704 1.1077247272478405 0.42487921530846395 1.0518937029410154 1.1058598267845807 11.983858669176696 0.35700279858428929 0.63176204636692945 0.77868828666396439 2.7397021065698937 0.67017333453986738 1.8354965412290765 1.0804825323284593 2.1747507796972059 8.1584432647214236 0.29608854674734253 0.89102884015301187 2.6233469606377184 0.72399101103655983 20.825837488519028 1.9880906681064519 1.697119455784559 2.9435318485484459 0.43766275886446238 0.55570423929020751 5.2262285921024159 1.9441991831408814 0.86485507024917752 1.3450634400360266 1.4465991987963205 36.135919444845058 3.232536465045996 3.9733761438401416
leaf_count=1 82 148166 30 275 2997 300 93 64 59 84 50 38 377 60 109 490 68 90 78 42 73 55 40 183 52 1573 14 52 21 13 41 87 123 245 121 40 162 36 925 19 18 123 153 1297 19 265 20 10 528 90 18 405 10 4 4398 69 17 33 141 208 212 128
internal_value=0.000144948 -0.0215935 0.0208476 0.00846391 0.0305195 0.00126535 -0.000828835 -0.00447715 0.0197821 0.00829587 -0.015092 -0.0104787 0.0203657 -0.03161 0.0154508 0.0220106 0.013499 0.000817535 -0.00477753 0.0262976 0.00693128 -0.00742056 -0.00153483 -0.0196218 -0.00186574 -0.038969 -0.00665061 -0.0192734 -0.0253808 -0.00781745 0.00372052 0.00508591 -0.0104867 0.00122543 0.00405682 0.00196927 0.000948007 0.027467 -0.0207126 0.00253703 0.0228022 0.00114814 -0.0179526 -0.0323927 -0.0374657 0.00260266 0.0169677 -0.00333465 0.0298653 0.0117266 -0.0057668 -0.0209654 0.00208952 -0.0269797 -0.0304807 0.0130083 0.00421964 0.000841611 0.0147044 -0.000101999 -0.0115212 -0.018821
internal_weight=408.64 199.218 209.421 92.8396 116.582 86.3349 55.4474 50.1449 51.0188 24.8877 8.27376 39.0573 16.6139 6.19396 11.0876 37.3922 23.1001 17.6831 15.3301 16.4255 8.61631 5.06377 5.02103 21.3742 5.72904 112.883 2.62806 6.7138 15.6451 5.23011 80.3597 74.1564 6.20329 4.10195 73.0487 61.0648 59.8612 1.20357 3.0967 56.7645 2.46726 54.2973 2.84492 10.415 8.45453 51.4523 4.42782 1.80447 26.1311 5.30526 3.68521 4.05925 1.11572 5.97527 5.41957 2.99609 1.78895 47.0245 2.33763 44.6869 8.55098 7.20591
internal_count=165594 157635 7959 3626 4333 7882 2751 2669 1336 670 169 2496 501 119 173 875 385 403 365 317 206 128 124 2093 235 149753 1587 159 1858 521 3479 2742 737 437 2701 2580 2457 123 965 1492 180 1312 172 1337 1316 1140 153 133 666 138 108 508 103 4403 4399 192 107 987 406 581 373 340
is_linear=0
shrinkage=0.04


Tree=97
num_leaves=63
num_cat=0
split_feature=20 13 2 28 10 9 10 10 19 10 20 19 20 2 24 7 9 2 7 10 7 19 0 7 2 21 30 21 7 7 20 7 19 11 0 7 9 11 18 7 9 18 11 9 9 2 9 2 11 7 0 2 7 7 7 7 11 7 2 7 11 0
split_gain=109.452 46.1561 15.5263 5.87024 4.44372 3.75965 4.4043 3.28432 3.19448 2.62114 2.81575 5.83435 3.49229 3.44059 2.12763 2.03078 3.77329 1.77702 1.81717 1.58271 1.96523 1.54363 1.48932 2.7346 1.41352 1.83395 1.89657 1.13764 1.0969 1.34085 1.07047 1.32684 1.03063 1.02102 1.0025 0.960127 4.39209 1.21127 0.940411 0.851201 0.782851 0.689226 0.91049 0.669923 1.15764 1.03529 0.633924 0.614238 0.60677 0.591135 0.59087 0.5774 0.556874 0.82932 1.24722 0.550192 0.547085 0.506219 1.28554 2.41953 1.485 1.35192
threshold=0.53863716125488292 1.0000000180025095e-35 0.58757218718528759 1.0000000180025095e-35 0.76388889551162731 0.12132352963089944 0.43650794029235845 0.240384615957737 0.82972848415374767 0.86607143282890331 0.97169560194015514 0.88581016659736644 0.82078272104263317 0.75379398465156566 1.0000000180025095e-35 0.270728349685669 0.46737588942050939 0.12405638396739961 0.5912291705608369 0.11805555596947671 0.57804551720619213 0.74175426363945018 0.45338293910026556 0.80229884386062633 0.43200097978115087 0.46862745285034185 1.0000000180025095e-35 0.070197045803070082 0.43534001708030706 0.49691358208656317 0.87559524178504955 0.270728349685669 0.64174234867095958 0.68496242165565502 0.32731349766254431 0.48050633072853094 0.71209660172462474 0.52223318815231334 0.52011558413505565 0.90366768836975109 0.33687943220138555 0.615800440311432 0.83899769186973583 0.82683658599853527 0.77871939539909374 0.66425621509552013 0.83935481309890758 0.70000678300857555 0.46720430254936224 0.94804319739341747 0.41016845405101782 0.28036922216415411 0.81120249629020702 0.55625879764556896 0.52907371520996105 0.89699381589889537 0.855400711297989 0.85145786404609691 0.53885021805763256 0.76506900787353527 0.51564025878906261 0.37993466854095465
decision_type=2 2 2 2 2 2 2 2 2 2 2 2 2 2 2 2 2 2 2 2 2 2 2 2 2 2 2 2 2 2 2 2 2 2 2 2 2 2 2 2 2 2 2 2 2 2 2 2 2 2 2 2 2 2 2 2 2 2 2 2 2 2
left_child=1 7 5 9 47 -2 8 49 14 10 11 12 32 -13 21 40 -17 -16 30 -18 -21 35 -8 24 -24 26 56 -6 34 -30 31 -19 -4 -14 -9 36 38 -38 -7 -37 -10 42 -20 44 52 48 -45 -3 -46 -1 -50 -33 53 54 -31 -34 -26 58 60 -60 -48 -62
right_child=2 4 3 -5 27 6 22 28 15 -11 -12 13 33 -15 17 16 19 18 41 20 -22 -23 23 -25 25 -27 -28 -29 29 43 -32 51 55 -35 -36 39 37 -39 -40 -41 -42 -43 -44 46 45 -47 57 -49 50 -51 -52 -53 -54 -55 -56 -57 -58 -59 59 -61 61 -63
leaf_value=-0.031871478709363507 0.032825227556424766 -0.039358149820327197 -0.014670644781224117 0.038919428123236503 -0.016429160864781484 0.0041237848335416967 0.03682119955930957 -0.0089823138006139575 0.031149066729076358 0.034089417868295863 0.03471094232699249 0.010850600456107327 0.0023416774190047518 -0.048813085525683954 0.030019206231320445 -0.024127700536732046 0.032937393424605617 0.0025691498971726922 0.017546606215804533 -0.020822701491618873 0.019370165651545222 0.0018145512212741919 -0.027681512838866631 0.03499203560307771 0.023530698087332214 0.033214552227194563 -0.026355400854582652 0.024362429503934913 -0.026361894282483013 -0.014435279786828291 0.0062154195614016385 -0.038085653395615815 0.019787106181788427 0.036153550093441192 0.037936787922142945 -0.033370984877452749 -0.010308037098228877 0.03866367203899327 -0.031569107470757592 0.0083777610240324193 0.0029262952104583233 0.025741550768335949 -0.016811997913943159 0.023598150584416683 0.0033889691720997311 0.01260271952581552 0.0077282314246181821 0.00077232537695734341 0.0029599095437854162 0.0023350073606007433 -0.038479369447947442 -0.008021364152802633 0.017763892884354031 -0.014467775017833044 0.033340172708116754 -0.0031707679259756604 -0.0023387168524937421 0.0070058120636243863 0.023981901022916339 -0.0088109773835097459 0.01935799952842391 -0.022640328098322688
leaf_weight=4.2894743151846333 8.6479554530233127 108.63111420284258 4.5830481712473645 63.555020153522491 0.81432674324605558 0.95269369153539241 6.7759999706177068 0.39518781984224816 7.7114630118012446 12.133732475340365 5.7330613750964394 1.7672998271882523 2.1772111747413865 3.3806122336536646 2.4975517023704041 4.6695404592901459 3.9136838503181917 3.2390769496560115 1.4575370607781217 2.488140769302845 3.3751168772578239 6.9761549346148959 1.4110073160845766 4.4689388449187382 1.8681190918432551 1.9066280424594877 2.5264628754812293 1.7827090949285773 1.4792313311481837 0.6660228684777374 3.9566120393574229 2.7990555476280861 2.449917484074831 8.0701235271990281 1.6011361493729053 6.8317390046431674 0.46342730196192894 2.083428310288582 5.473643301287666 0.31270882487297047 2.5898531787097454 3.2284252978861332 1.477149322570767 1.9405157916480664 0.4279188747750603 0.50695582479238499 4.8169528571888831 0.37886908272048359 0.28651865909341756 0.5514668971300124 2.6107215849915519 2.8925540432101116 2.098799298517406 3.0778897880809382 0.95848474674858153 2.2985927611589432 1.6466962952981701 36.099731466034427 6.5422092557419074 5.900786894839257 0.53841167862992634 8.1111413198523206
leaf_count=3548 189 149600 74 3216 432 271 166 43 164 365 184 47 52 88 40 33 58 27 48 29 69 73 113 123 43 32 93 63 166 98 59 66 38 256 126 2211 112 145 347 3 28 33 39 141 9 5 78 122 23 3 372 62 22 519 83 46 59 260 41 48 13 678
internal_value=0.000164293 -0.0212585 0.0205352 0.0311094 -0.0379357 0.00891805 0.00624122 0.00133087 0.00125103 0.0187386 0.0116072 0.00495401 0.015125 -0.0292464 -0.00506038 0.0125457 0.0021471 0.00377421 -0.000792654 0.0161417 0.00118227 -0.0132841 0.0220262 0.0125122 -0.000177659 0.00680606 -0.00449384 0.00944825 0.00349892 0.00247168 -0.00937654 -0.0166174 -0.00233286 0.0301722 0.0274158 -0.0197772 -0.00884201 0.0282311 -0.0258963 -0.0302482 0.0252943 0.0154014 0 0.00343768 -0.00532986 -0.0205499 0.00501672 -0.0391766 -0.0282744 -0.0275573 -0.033647 -0.0268864 0.00426799 -0.00311295 0.0141919 0.00935978 0.0126913 0.00400646 -0.000128953 0.00863452 -0.00854 -0.0178763
internal_weight=399.297 194.507 204.79 106.149 111.607 98.6414 89.9934 82.8996 69.3896 42.5936 30.4599 24.7268 19.5789 5.14791 44.6418 24.7478 14.4465 21.548 19.0504 9.77694 5.86326 23.0938 20.6039 13.8279 9.35891 7.94791 6.04128 2.59704 78.0586 76.0623 12.8873 8.93069 9.33156 10.2473 1.99632 16.1176 8.97319 2.54686 6.42634 7.14445 10.3013 6.16311 2.93469 74.5831 10.6333 3.83211 63.9497 109.01 3.32516 4.84094 2.89724 5.69161 6.8012 4.7024 1.62451 4.74851 3.51482 62.0092 25.9095 12.443 13.4665 8.64955
internal_count=165594 156493 9101 4366 150217 4735 4546 6276 3917 1150 785 601 466 135 3536 381 189 374 334 156 98 3162 629 463 340 227 195 495 2725 2556 214 155 158 308 169 3089 875 257 618 2214 192 120 87 2390 1131 409 1259 149722 404 3551 395 128 722 700 181 84 102 1118 858 89 769 691
is_linear=0
shrinkage=0.04


Tree=98
num_leaves=63
num_cat=0
split_feature=1 23 2 28 9 10 10 19 6 19 8 1 21 11 1 18 6 23 1 10 2 18 1 19 10 19 8 23 0 8 6 21 6 7 31 11 11 9 2 10 11 6 10 9 9 6 6 7 0 1 6 6 0 0 1 6 0 8 21 0 6 2
split_gain=103.533 47.6402 14.4873 5.8783 3.45536 3.85803 3.44157 2.89635 2.34608 2.59592 2.32124 3.5273 2.97459 2.86852 2.07117 2.59405 2.29956 3.09702 2.37878 2.08134 2.32276 1.96784 1.89013 2.17787 2.23344 1.65195 1.58829 1.52769 1.50047 2.92337 1.78828 1.2209 0.958395 1.44528 0.95012 0.876012 0.851977 2.12739 2.08754 2.17981 1.56603 1.14419 0.983818 0.932976 0.929387 2.86211 0.617523 0.598767 0.585404 0.842891 0.563018 0.760428 0.556767 0.777532 0.5447 0.540245 0.536813 0.516684 0.507755 0.506618 1.01013 0.503622
threshold=0.078810192644596114 0.26293487846851354 0.58757218718528759 1.0000000180025095e-35 0.12132352963089944 0.43650794029235845 0.240384615957737 0.82972848415374767 0.70659971237182628 0.88581016659736644 0.17267081141471866 0.43283110857009893 0.8603896200656892 0.7670542597770692 0.53663355112075817 0.77158385515213024 0.69804355502128612 0.61715260148048412 0.13631390780210498 0.36931818723678594 0.11427757143974306 0.5914268195629121 0.45897600054740911 0.88581016659736644 0.44949495792388922 0.64174234867095958 0.81284341216087352 0.33460560441017156 0.45338293910026556 0.83795946836471569 0.61633428931236278 0.61324787139892589 0.56294015049934398 0.43534001708030706 1.0000000180025095e-35 0.62115561962127697 0.89009663462638866 0.99230769276618969 0.4462836235761643 0.58571431040763866 0.51564025878906261 0.82426470518112194 0.86607143282890331 0.70064935088157665 0.9607692062854768 0.90366768836975109 0.90070420503616344 0.68457102775573742 0.87729144096374523 0.14944787323474887 0.85145786404609691 0.82097071409225475 0.87729144096374523 0.78874963521957409 0.36960017681121832 0.94804319739341747 1.0000000180025095e-35 0.77485185861587536 0.1490740776062012 0.99999997019767772 0.92940199375152599 0.47719497978687292
decision_type=2 2 2 2 2 2 2 2 2 2 2 2 2 2 2 2 2 2 2 2 2 2 2 2 2 2 2 2 2 2 2 2 2 2 2 2 2 2 2 2 2 2 2 2 2 2 2 2 2 2 2 2 2 2 2 2 2 2 2 2 2 2
left_child=1 6 4 8 -2 7 55 14 9 -4 -9 -12 13 -13 16 -16 17 25 -18 20 -19 -3 23 24 -10 27 -20 -6 -7 30 -30 -22 34 -34 -8 57 37 40 41 44 -35 43 -42 -38 45 47 -23 -40 -26 -50 51 -24 53 -39 -29 56 -1 -36 -5 60 -41 -32
right_child=2 21 3 58 5 28 32 10 22 -11 11 12 -14 -15 15 -17 18 19 26 -21 31 46 50 -25 48 -27 -28 54 29 -31 61 -33 33 36 35 -37 38 52 39 59 42 -43 -44 -45 -46 -47 -48 -49 49 -51 -52 -53 -54 -55 -56 -57 -58 -59 -60 -61 -62 -63
leaf_value=0.0052155959979421898 0.03218672162651625 -0.039490343452426795 0.016138303935638917 0.0017490961791269161 0.014761767915525319 0.036006169266684068 -0.027358865356907056 0.032957717817258356 -0.013744267784571896 -0.032248491939267029 0.032441076073220464 -0.031515090272612525 0.019749390630236032 0.0085833929278877584 0.029566946751259579 -0.0087814233372369693 -0.025926469467865684 0.0027402622351191024 0.02918904336977933 0.017053424330619568 -0.039424729115243924 -0.012378262795460598 0.021965680993430471 -0.019290997609309052 0.002882106047622643 0.029983828373504544 -0.0055360907996729611 -0.024030233930422244 0.016413136575041384 0.031627622345314056 -0.030301252063090232 0.0071507852429662112 0.040241763791654311 0.017999776748185529 0.026454818963445446 -0.019476526913369194 0.026792490867850644 0.011075838611165734 0.0056155971701400166 0 -0.024858050214468044 0.040683410641724795 0.0046243511271972203 -0.007794368475032341 -0.022431375280076656 0.02699349664802744 0.022678194099603591 -0.029496510295125743 0.00014573017820188806 0.030876412311852515 0.035309064958613738 -0.0066807616221802122 0.015654174959028513 -0.0066013191339959684 0.0016131376185346557 0.0021763488595467422 -0.032702588275278242 -0.00028664792700045785 0.038848501422968459 0.0037529136993159984 0.02466847699430964 -0.0034275463034148901
leaf_weight=0.19005909562110801 8.2817353010177595 103.30803913238924 2.968940350227057 0.92189864255487819 2.6352983501274156 6.6611094303661984 2.0495675991987801 5.5467327963560846 2.4331185077317121 2.1888164132833481 4.391816999763253 6.3798433952033502 4.2755706738680592 3.873311972245574 4.6903780624270421 4.6780214998871088 1.6854851944954115 2.5344354519620511 4.7978172864532098 0.92439986934186968 11.496433099033307 0.58462164946831652 3.3541514445096263 2.2278258167207232 2.7269242194015524 1.6487480767536906 2.6101280333241448 3.9009173726662993 3.0658462791470793 5.4503294790629297 1.8964926867047323 0.51540473848581392 0.84146463696379115 1.1740688404534037 1.0670394481858239 1.0752748477389102 0.98167650413233731 6.3940906153293344 0.41472423728555297 4.212423089018559 8.4316263437503913 3.2991332612000406 1.6259144246578223 2.2849298483342864 4.8738072308478877 2.4433138680178672 0.58550053089857101 2.4295096602290869 1.967076364904641 9.5609352737665159 13.542629048228264 1.4056014027446506 6.2788958491291842 7.4760651889955625 1.2706426717340944 0.55655692052096117 4.8959419702878222 1.938427988672629 61.15855585038662 13.812012757174669 6.57543970271945 2.9344755817437544
leaf_count=1 188 149650 61 9 89 149 300 148 39 44 43 57 69 64 61 44 389 30 102 83 1197 99 96 52 48 20 59 422 63 135 105 5 62 32 123 245 44 62 62 72 1402 47 9 454 24 18 4 220 16 230 509 39 33 37 13 4 4398 69 3210 105 59 71
internal_value=0.000190722 -0.0209194 0.0201887 0.03046 0.00878954 0.0062018 0.00124416 0.00147814 0.0181224 -0.00564858 0.0122559 0.00463636 -0.00505885 -0.0165951 -0.00464868 0.0110322 -0.00927283 -0.015442 0.00709586 -0.0259449 -0.0298558 -0.0388973 0.0215829 0.0114383 0.0166255 0.00219745 0.0172749 -0.00595489 0.0211982 0.0115346 -0.00388 -0.0367229 0.00355253 0.0048911 -0.0103798 0.00106711 0.00388729 -0.000966265 0.00760299 0.00322746 -0.0143216 0.0267513 -0.019743 0.00550557 -0.0114703 0 0.00568697 -0.0232072 0.0226325 0.0263822 0.0307246 0.0131205 0.00661437 0.00147561 -0.0178411 -0.0263781 -0.0300042 0.0124432 0.0383974 0.00966577 0.0159363 -0.0180507
internal_weight=390.402 189.8 200.602 104.456 96.1454 87.8636 85.322 67.8554 42.376 5.15776 24.4673 18.9205 14.5287 10.2532 43.3881 9.3684 34.0197 24.9263 9.09343 15.4707 14.5463 104.478 37.2183 18.9159 16.6881 9.45561 7.40795 7.80686 20.0083 13.3471 7.89681 12.0118 79.6794 73.5491 6.13031 4.08074 72.7076 31.3807 41.327 34.7612 11.2316 6.56574 10.0575 3.26661 10.1614 5.28755 1.17012 2.84423 14.2549 11.528 18.3024 4.75975 20.1491 13.8702 5.17156 5.64256 5.086 3.00547 62.0805 24.5999 10.7879 4.83097
internal_count=165594 157635 7959 4353 3606 3418 7882 2895 1134 105 381 233 190 121 2514 105 2409 1859 550 1315 1232 149753 1029 385 333 544 161 524 523 374 239 1202 3479 2742 737 437 2680 1575 1105 560 1443 545 1411 498 324 300 103 282 294 246 644 135 132 99 435 4403 4399 192 3219 236 131 176
is_linear=0
shrinkage=0.04


Tree=99
num_leaves=63
num_cat=0
split_feature=20 23 2 28 10 20 7 5 18 10 20 19 20 2 9 19 24 23 11 9 10 10 30 9 19 18 0 7 21 11 1 21 7 23 11 7 7 0 7 9 11 10 8 0 9 8 8 9 9 9 0 11 9 20 1 2 10 0 7 2 0 7
split_gain=98.1266 45.1675 14.4982 5.92432 3.65021 3.44599 3.58118 3.4376 3.37508 2.56802 2.77898 5.33652 3.34644 3.14335 2.1434 2.6911 1.62312 2.22581 1.51878 1.48757 3.08653 2.97297 1.82972 1.89223 1.75206 2.13247 1.75072 1.31308 1.28897 1.021 0.998044 1.26313 0.884054 0.873265 0.879708 0.854415 1.34752 1.13936 1.41385 1.0054 1.23117 1.35833 1.25632 1.97771 0.994913 1.18793 1.36811 1.01486 1.02228 1.44099 0.932896 0.798175 0.767866 0.767482 0.644179 0.629374 0.606275 0.850096 0.603256 0.600488 0.598691 0.924862
threshold=0.53863716125488292 0.26293487846851354 0.58757218718528759 1.0000000180025095e-35 0.240384615957737 0.99740931391716015 0.83910790085792553 1.0000000180025095e-35 0.46192501485347753 0.86607143282890331 0.97169560194015514 0.88581016659736644 0.82078272104263317 0.75379398465156566 0.12132352963089944 0.64174234867095958 1.0000000180025095e-35 0.37544326484203344 0.92637759447097789 0.47690120339393621 0.087121214717626586 0.30384616553783422 1.0000000180025095e-35 0.77694860100746166 0.90152388811111461 0.84764185547828685 0.44006718695163732 0.65648320317268383 0.14039409160614016 0.68496242165565502 0.21894425153732303 0.36602871119976049 0.34549072384834295 0.77158385515213024 0.70412456989288341 0.43534001708030706 0.49691358208656317 0.41016845405101782 0.75905716419219982 0.91476997733116161 0.88516482710838329 0.58571431040763866 0.99438202381134044 0.63326683640480053 0.83457711338996898 0.85053193569183361 0.91366460919380199 0.69028213620185863 0.70064935088157665 0.81302964687347423 0.32731349766254431 0.9529346525669099 0.54110360145568859 0.82078272104263317 0.32986950874328619 0.70000678300857555 0.76388889551162731 0.99999997019767772 0.94804319739341747 0.27583871781826025 0.96444573998451244 0.91024166345596325
decision_type=2 2 2 2 2 2 2 2 2 2 2 2 2 2 2 2 2 2 2 2 2 2 2 2 2 2 2 2 2 2 2 2 2 2 2 2 2 2 2 2 2 2 2 2 2 2 2 2 2 2 2 2 2 2 2 2 2 2 2 2 2 2
left_child=1 4 5 9 58 6 8 55 28 10 11 12 30 -13 -10 16 17 -16 -7 24 -21 -22 26 -24 25 53 -23 32 52 -14 -4 -32 -18 34 -30 50 -37 38 59 40 41 -39 43 -43 47 -46 -47 -42 -49 -50 -6 -36 -2 -17 -35 -3 60 -58 -1 -38 61 -41
right_child=2 7 3 -5 35 18 -8 -9 14 -11 -12 13 29 -15 15 19 27 -19 -20 20 21 22 23 -25 -26 -27 -28 -29 33 -31 31 -33 -34 54 51 36 37 39 -40 56 44 42 -44 -45 45 46 -48 48 49 -51 -52 -53 -54 -55 -56 -57 57 -59 -60 -61 -62 -63
leaf_value=-0.032420662632629695 0.014771675716611806 -0.039685207293370432 -0.013586947516120818 0.038708745343589909 -0.009477791902243982 0.033239782507671539 0.031629943435237992 0.0092545104042602803 0.023803031300870987 0.033577821336722623 0.034378875826656351 0.010668019214963062 0.0018690206865782186 -0.046094401168742659 0.02313452651082289 -0.0017815141000372709 0.0079353214426858398 -0.035130769196432793 -0.0032696632923413195 0.028488419984060057 -0.025934823955346655 0.039000948723930298 -0.029476785719135225 0.011237805012212507 0.015442591886989643 0.013329178701366986 0.0027546347412290358 0.021705110890089339 0.040660959081230567 0.035792339774263861 0.027504012853834227 -0.0090566313850940754 -0.025462522987785192 -0.012905827518992521 -0.0011430233621929375 -0.026308997499222126 -0.017412859796390481 -0.031052239568658841 0.047993700388770905 0.0027069532035628365 -0.013916793183301364 -0.017735336489386123 -0.015463185278227203 0.036895501523088459 -0.026278802916563683 0.018930342279851291 -0.01636347168406125 0.047359440499798885 -0.014165726334942477 0.027658870832859159 0.034293432026688983 0.029331026674946852 -0.02066940527542074 -0.023429103381787022 0.020684627012330835 0.0011073899092738408 0.027051607560492442 0.0016890144715248473 0.0021445254669764896 0.01784688008721964 -0.0029109667877599888 0.021137889344961806
leaf_weight=4.6850354241323648 0.71527728729415585 98.936698770674411 5.1212023918633438 58.992927480489016 0.41897951927967314 10.34151418507099 6.6742557224351904 1.8840070529840875 4.1251566447317591 11.512996759265659 5.4591743741184464 1.7505037300288666 2.1414924841374141 3.5107242241501808 0.42007346567697634 4.1604427999118405 1.2194734616787175 7.270316228910815 1.7398927304893721 7.0649765897542265 4.5899309103260775 3.0917646638117713 2.4642610650043926 2.8696887105470523 3.861939910799264 3.5135245826095334 5.3565194222610444 1.6527067925198933 5.1252852876787056 7.625008400529623 2.0515662394464016 2.0466221179813147 2.2790745694655925 1.3503467826521944 2.9055408436106518 1.502459630195516 0.87588945892639392 3.62784120521974 0.98215755191631604 23.101402549888011 0.64245394250610655 0.90543667401652816 3.5160288532497361 1.5754105452215297 1.9024875709437763 3.2708165219519287 1.9496855507604776 0.91925215977244068 1.7560201682499612 1.5002993536181746 1.7023354520788414 1.1850152958068063 1.2163217921624889 10.487681278493254 0.49399437429383386 0.36318584391847153 3.6299882680177671 4.8332295492291451 0.55705331778153766 0.28003890893887728 15.307014956139026 4.729174440726637
leaf_count=4359 44 148221 71 3216 62 239 195 334 81 365 184 47 52 88 8 69 22 2072 39 109 130 48 36 53 52 44 60 43 158 256 41 46 98 207 191 207 167 1222 13 288 84 127 38 30 292 92 15 17 283 118 151 35 590 105 7 122 40 56 4 41 79 31
internal_value=0.000223085 -0.0205842 0.0198865 0.0304869 0.00105493 0.00859996 0.00549595 -0.0384582 0.00281734 0.0179869 0.0109174 0.00432421 0.0143977 -0.0278822 -0.000975856 -0.00309681 -0.018639 -0.029192 0.0278281 0.00132379 0.0078393 -0.000955482 0.00828455 -0.00862471 -0.0060415 -0.0113862 0.0191667 -4.94177e-05 0.0206394 0.02959 -0.00262543 0.010266 -0.0137558 0.0256426 0.0302163 0.00338831 0.00246249 0.00342621 0.0271857 0.00232079 -0.00469079 -0.0147119 -0.00122979 0.0164407 0.00359002 -0.00537893 0.00459463 0.0161827 0.0233808 0.00613545 0.0241 0.010927 -0.00561896 -0.018043 0 -0.0394866 0.00536068 0.0146991 -0.0283516 -0.00269949 0.00314641 0.00660216
internal_weight=381.742 185.354 196.387 100.212 84.1705 96.175 84.0936 101.184 77.4193 41.2193 29.7063 24.2471 18.9859 5.26123 64.4275 60.3024 12.8416 7.69039 12.0814 47.4607 25.4371 18.3722 13.7822 5.33395 22.0236 18.1616 8.44828 5.15125 12.9918 9.7665 9.21939 4.09819 3.49855 11.0602 9.21584 78.9284 76.8071 75.3046 2.13809 73.1665 21.5657 9.62472 5.99688 2.48085 11.941 7.12299 5.2205 4.81803 4.17557 3.25632 2.12131 4.09056 1.9316 14.6481 1.84434 99.2999 51.6008 8.46322 5.24209 1.15593 43.1376 27.8306
internal_count=165594 156493 9101 4366 7816 4735 4457 148677 4262 1150 785 601 466 135 3030 2949 2243 2080 278 706 436 327 197 89 270 218 108 163 1232 308 158 87 120 598 384 3453 3240 3033 221 2812 2318 1417 195 157 901 399 107 502 418 401 213 226 634 174 214 148343 494 96 4363 208 398 319
is_linear=0
shrinkage=0.04


Tree=100
num_leaves=63
num_cat=0
split_feature=20 23 10 19 28 10 1 10 5 30 11 21 23 1 20 21 21 8 8 1 21 19 18 18 7 7 11 10 7 7 11 10 8 7 7 11 8 19 8 7 1 8 7 7 11 7 11 18 1 21 7 1 18 11 7 10 11 1 21 7 8 21
split_gain=92.8215 44.1036 13.9746 6.212 5.9069 3.55897 4.32555 3.48709 3.3913 3.32374 4.75312 4.34467 3.01375 2.22062 2.70888 1.84678 1.60577 1.52671 4.66624 4.02527 4.12906 1.47865 1.4442 1.61707 1.30988 0.966506 1.51299 0.845803 0.794671 1.2972 0.874033 0.832895 1.00346 1.00848 1.07866 0.907601 0.802704 0.690834 1.03133 0.648341 0.648336 0.625573 1.14869 1.08058 0.990438 0.921945 0.734802 0.615262 2.72817 1.35269 0.594003 0.593555 0.575104 0.574546 0.722996 0.650435 0.545292 0.525208 0.408495 0.372293 0.363335 0.353046
threshold=0.53863716125488292 0.26293487846851354 0.43650794029235845 0.82972848415374767 1.0000000180025095e-35 0.080128207802772536 0.43283110857009893 0.240384615957737 1.0000000180025095e-35 1.0000000180025095e-35 0.82247900962829601 0.73030304908752453 0.61715260148048412 0.53663355112075817 0.84764185547828685 0.43303571641445165 0.54772728681564342 0.17267081141471866 0.57804551720619213 0.51101076602935802 0.8603896200656892 0.74175426363945018 0.77158385515213024 0.43683740496635443 0.97467949986457836 0.78086888790130626 0.73431372642517101 0.240384615957737 0.43534001708030706 0.49691358208656317 0.78319624066352855 0.44949495792388922 0.87026646733284008 0.71834936738014232 0.57804551720619213 0.98936170339584362 0.94201681017875682 0.74175426363945018 0.17267081141471866 0.75162336230278026 0.11122195795178415 0.64051282405853283 0.77459675073623668 0.95311355590820324 0.40192307531833654 0.62258651852607738 0.98936170339584362 0.615800440311432 0.25371789932250982 0.26794873178005224 0.94804319739341747 0.25371789932250982 0.53532215952873241 0.73123827576637279 0.99438202381134044 0.76388889551162731 0.7670542597770692 0.21894425153732303 0.21980676054954532 0.70926907658576976 0.8521554470062257 0.5419580638408662
decision_type=2 2 2 2 2 2 2 2 2 2 2 2 2 2 2 2 2 2 2 2 2 2 2 2 2 2 2 2 2 2 2 2 2 2 2 2 2 2 2 2 2 2 2 2 2 2 2 2 2 2 2 2 2 2 2 2 2 2 2 2 2 2
left_child=1 7 3 5 9 12 22 50 58 25 11 21 -2 14 37 24 -15 -5 19 -19 -21 39 23 27 -12 26 -4 -7 30 -30 -9 41 33 34 -33 60 -34 38 -14 -11 -29 45 44 46 -43 -31 56 51 49 -49 -1 -25 -10 59 -55 -56 -44 -28 -3 -38 -36 -20
right_child=2 8 4 17 -6 6 -8 28 52 10 15 -13 13 16 -16 -17 -18 18 61 20 -22 -23 -24 47 -26 -27 57 40 29 31 -32 32 36 -35 35 -37 53 -39 -40 -41 -42 42 43 -45 -46 -47 -48 48 -50 -51 -52 -53 -54 54 55 -57 -58 -59 -60 -61 -62 -63
leaf_value=-0.03220810725540979 0.023530103251240084 -0.039663697972009831 0.026626513150584199 0.03541995461358572 0.038306350156953523 -0.019654357275196925 0.02277934577861079 0.032991475365401902 -0.0061762492697960492 -0.017134021448624033 0.018244324179245069 0.026191044854929072 0.0088740752275003939 0.027943766532381155 -0.03776818311520868 0.028279177086217223 -0.002919949082789159 0.031023842722153014 0.012103046587876982 -0.02976431166529149 0.017229388559572421 -0.044340859301599214 0.0097151089305632047 -0.042420931332815048 -0.017079180245227026 0.034762486920827056 -0.018999506025860084 -0.011032377012587547 -0.025995653510260706 -0.0110778315750824 -0.0092242571462965179 0.02173465942752879 -0.0097367006833883191 0.027718869530357276 -0.026542185985600028 0.014349409679887704 0.0052086622139359681 0.015857796990330693 -0.01904144446908616 0.014256639864406027 0.022120161784114922 0.010559475067489665 0.011303014407233962 -0.019186466700823447 -0.030654028778708806 0.03422885817067594 0.024079645585646708 -0.018469472103084014 -0.038861781839755291 0.024353164857019542 0.0021131584091887774 -0.00078742547607801015 0.024811047194233247 0.017087219600864619 -0.0013994262996484055 0.012419298291072712 -0.014494352140132498 0.0057787371738583174 0 -0.0061903151354528374 0.0012509580698350131 0.036761053374165902
leaf_weight=4.5369131218176326 10.943223388923796 94.891473079274874 5.1071468581212685 8.3548953551799041 56.42898050142685 1.1394336824305455 3.4776352019980541 1.7307966648368158 1.1431345707969729 1.2081519684288653 2.0803780705900872 1.9250617884099481 2.9656668901443499 4.285824195481835 3.4321472160518161 10.561170242726801 4.740825854241848 3.5851330123841789 3.0965435896068803 7.1454299055039865 3.7956246454268694 3.9635756630450487 1.5062612881883968 6.5291442415327747 2.6737030913354829 15.5408361213631 1.2557258617016489 0.50307834532577578 1.472410657617728 0.51652225200086721 0.41656739753670979 1.7639772618422265 6.016061838134191 4.8876749919145368 1.9919367708498619 0.78767002490349103 6.9516865895129767 2.2653775871731341 3.4744832844589837 0.96644624468171958 1.822856454818975 0.48134868079796289 1.4822228957200425 1.907757540233433 3.510784710815642 0.48424148210324347 2.1477159094065428 0.90035305405035648 2.683934647415299 2.1375860571861267 0.5575420670211314 0.84560214192606498 0.74232530593872059 8.7177114820806327 14.425375149585308 7.2331367805600157 1.7005453653982838 2.3177032675594091 0.5750385201536109 9.4823869289830309 0.54021943360567082 8.8486726712435466
leaf_count=4359 234 148158 111 254 2997 393 88 142 330 88 113 50 29 55 33 377 72 36 49 88 67 60 19 1829 53 461 85 229 207 171 71 79 85 152 241 30 41 34 426 22 49 30 34 11 1575 28 60 129 68 50 4 38 4 65 74 90 196 34 185 63 8 381
internal_value=0.00025625 -0.0202321 0.0195555 0.0076801 0.0294485 -0.000845252 -0.0131529 0.00104282 -0.0383981 0.0182931 0.00685512 -0.0164708 0.0074408 -0.00138414 -0.0123021 0.0196378 0.0126606 0.0205829 0.0146356 -0.000616313 -0.0130489 -0.0322056 -0.0211105 -0.0245353 -0.000442194 0.028465 0.0143511 0 0.0033072 0.00240496 0.0232023 0.00334951 0.00524104 0.0163551 0.00201195 -0.0101471 0.00280396 0.000182648 -0.00618388 -0.00182688 0.0125858 -0.00572189 -0.00897039 0.000597243 -0.0237637 0.0149963 0.0102219 -0.0305534 -0.0151524 0.00924027 -0.0280652 -0.0387888 0.00900806 0.00466929 0.00786302 0.00338341 -0.00169411 -0.00430433 -0.0394595 -0.00111687 -0.0208048 0.0321067
internal_weight=373.604 181.095 192.509 88.4797 104.029 53.6534 21.5459 83.7432 97.352 47.5999 23.3785 8.06324 32.1075 21.1643 12.1377 15.3153 9.02665 34.8263 26.4714 14.5262 10.9411 6.13817 18.0682 16.562 4.75408 24.2214 8.68058 3.46537 78.6488 76.5014 2.14736 75.029 62.7978 9.97148 5.0838 3.31983 52.8264 8.70553 6.44015 2.1746 2.32593 12.2311 11.2304 7.23824 3.99213 1.00076 5.33048 13.0966 5.72187 3.03794 5.09446 7.37475 1.88546 46.8103 30.3762 21.6585 3.18277 3.57343 95.4665 16.4341 2.53216 11.9452
internal_count=165594 156493 9101 4650 4451 3775 2892 7816 148677 1454 763 220 883 649 522 543 127 875 621 191 155 170 2804 2785 166 691 230 671 3453 3240 213 3033 928 510 358 279 418 489 455 110 278 2105 1906 301 1605 199 290 2114 247 179 4363 1867 334 333 229 164 230 119 148343 104 249 430
is_linear=0
shrinkage=0.04


Tree=101
num_leaves=63
num_cat=0
split_feature=22 23 2 28 5 9 10 6 20 20 30 10 10 2 19 18 22 18 19 23 28 6 22 18 23 6 22 9 2 7 24 8 2 22 18 20 18 7 6 2 7 6 9 9 5 8 2 11 19 20 20 2 19 2 9 6 9 31 11 8 10 11
split_gain=87.7486 43.5593 13.7854 7.81636 3.54467 3.40515 3.12916 2.88046 2.71846 2.29607 3.93662 3.56429 3.35197 4.3339 4.51174 2.21299 2.17562 1.65123 2.39109 2.16245 1.68454 1.45282 1.44207 1.40466 1.3967 1.35182 1.34122 1.14049 1.12127 1.09389 1.84093 1.14517 2.719 1.6069 1.36043 1.12902 1.06444 1.05886 1.2487 1.1873 0.953605 0.950391 0.900891 1.32481 0.928377 0.879002 0.83089 0.782527 0.713276 0.670951 0.666808 0.750436 0.651811 0.632531 1.45074 1.28706 0.675809 0.605935 0.890685 1.29889 0.716978 0.582166
threshold=0.14039409160614016 0.26293487846851354 0.53885021805763256 1.0000000180025095e-35 1.0000000180025095e-35 0.12132352963089944 0.240384615957737 0.75905716419219982 0.99740931391716015 0.97169560194015514 1.0000000180025095e-35 0.4083333313465119 0.86607143282890331 0.70000678300857555 0.88581016659736644 0.46192501485347753 0.41421568393707281 0.80090090632438671 0.90152388811111461 0.96441236138343822 1.0000000180025095e-35 0.90366768836975109 0.48529411852359777 0.65240275859832775 0.73743686079978954 0.38924963772296911 0.070197045803070082 0.8550420105457307 0.60462343692779552 0.65648320317268383 1.0000000180025095e-35 0.64565756916999828 0.41400390863418585 0.30384616553783422 0.57220077514648449 0.7353600561618806 0.65240275859832775 0.34330357611179357 0.62258651852607738 0.53885021805763256 0.81530213356018078 0.069570478051900878 0.70064935088157665 0.81302964687347423 1.0000000180025095e-35 0.17267081141471866 0.34101676940917974 0.70412456989288341 0.68599441647529613 0.49880382418632513 0.89498746395111095 0.18297153711318973 0.74175426363945018 0.47262573242187506 0.93440860509872448 0.83047896623611461 0.84292763471603405 1.0000000180025095e-35 0.6195238232612611 0.82972848415374767 0.44949495792388922 0.60791924595832836
decision_type=2 2 2 2 2 2 2 2 2 2 2 2 2 2 2 2 2 2 2 2 2 2 2 2 2 2 2 2 2 2 2 2 2 2 2 2 2 2 2 2 2 2 2 2 2 2 2 2 2 2 2 2 2 2 2 2 2 2 2 2 2 2
left_child=1 6 5 9 36 -2 -1 8 15 10 11 16 13 22 21 24 -4 18 29 20 -19 -15 28 27 47 -10 37 -9 -12 31 -31 32 33 35 -35 48 41 -8 39 57 -29 -3 -40 44 46 -26 -44 -7 -17 -6 51 -36 -23 54 55 56 -45 -39 59 60 -59 -55
right_child=2 4 3 -5 49 7 26 23 25 -11 12 -13 -14 14 -16 17 -18 19 -20 -21 -22 52 -24 -25 45 -27 -28 40 -30 30 -32 -33 -34 34 50 -37 -38 38 42 -41 -42 -43 43 53 -46 -47 -48 -49 -50 -51 -52 -53 -54 61 -56 -57 -58 58 -60 -61 -62 -63
leaf_value=-0.025823597928863788 0.031017321260585231 0.0069205538223260487 -0.029757669264501369 0.038737786528462402 -0.0098341224217913734 0.034208320566201614 0.033113259170536632 0.02528934556924162 0.030826427525625068 0.035786587317019988 -0.024984100662710694 0.030337747373521486 0.024517123391174844 -0.025549237151428372 -0.064080772164784042 -0.022499115282762189 0.017746037933690464 0.00010293830864192899 0.0292329525417531 -0.014063609442309905 0.032808589931523108 -0.0051849083387236128 0.03001742874725644 0.036042522615619299 0.017571219493901342 -0.0036689151018758736 0.035918550885427648 -0.021845173463519503 0.014010254067461305 -0.019664737917021662 0.024597083817173817 -0.03194919303237511 0.021972372021818152 0.0032056463054265013 -0.024463642457151682 0.022539138012319535 0.0077422002983920006 -0.030177434632023548 0.027722066212776827 0.017416921087872368 0.0095157717853935168 -0.03974942316256095 0.0042962680328608657 0.0041933546527876528 0.0092895656156472932 -0.023674536916295622 -0.031983965358275655 0.0025009500842083786 0.010859172120935347 0.026903086629919103 -0.040165720085791848 -0.001342332001972055 0.023974116298986114 -0.0074041616160745631 0.036526390106119647 0.016172692205990359 -0.025029460230686557 -0.0065958120002016776 -0.023912799826299142 -0.013166473333746051 0.036006610536580885 0.0040668573610718409
leaf_weight=5.3414392099366514 7.5826760455965987 0.28038971871137519 2.3050490795285468 58.512228955922183 0.4575836865697045 3.6620485758758141 0.77583444816991587 2.1525907471077499 5.5009140856564036 7.1634802352637044 1.3532283144304549 16.9939077666495 4.2292390633374444 1.8932705502957103 2.7367328740656376 1.7005245098262194 1.8917306456714866 5.5807670671492797 1.3149892631918181 4.9756727851927272 4.0126363690942526 1.42486071982421 2.59730439260602 5.0302701487671584 0.3094363436102866 1.9816935677081344 0.99545327620580693 1.8527825995697638 1.3324471092200836 1.714633090479764 2.3306679322267883 5.1021515798638566 2.5685495687648645 2.5905814113793921 6.3068249094067124 1.9208424971438942 0.32425791630521317 2.7513476964668353 1.4248981358250592 0.95227223285473872 2.3286281659384258 92.377842959773261 0.82689153589308206 1.4846367231220923 1.0550189316272733 1.3093914266210047 2.9327707260963507 2.3245522680226713 0.71042736340314139 0.98086364171467721 3.9619790399447075 3.9727976430440322 1.6227808911353347 7.207344979629851 2.0912917857058346 4.2965173029224388 1.846209739684127 0.31614555668784317 1.6058139163069425 1.836205042200163 1.1673981656786052 45.602200467372313
leaf_count=4412 186 3 50 3335 319 219 28 99 123 258 62 484 126 42 60 566 40 48 19 58 65 24 64 108 2 30 51 191 25 365 50 698 52 41 103 42 9 459 57 11 80 148558 136 289 5 579 441 305 7 10 42 84 62 58 41 75 590 158 396 56 31 607
internal_value=0.000270631 -0.0196828 0.0194022 0.0290452 -0.0382059 0.00703376 0.00117068 0.00418821 0.00069053 0.0159421 0.011322 0.0224806 -0.00269352 -0.0129794 -0.0307765 -0.00238242 -0.00828086 -0.00564279 -0.0103965 0.00520875 0.0159661 -0.00397493 0.0130299 0.0218717 0.0162839 0.0218636 0.00334127 0.00669238 -0.00600029 -0.0129155 0.00486436 -0.0156234 -0.010802 -0.015772 -0.0211538 0.00443522 -0.0392052 0.00242747 0.0016504 -0.011787 -0.00514243 -0.0394931 0.00353867 0.0025703 -0.0156237 -0.010564 -0.023938 0.0245893 -0.011195 0.0143359 -0.0257669 -0.0167937 0.0114403 0.00425809 0.0132248 0.00287907 -0.0131199 -0.0174603 -0.00578772 0.00555977 0.0263171 0.00231847
internal_weight=365.786 178.931 186.855 104.056 94.4209 82.799 84.5097 75.2164 63.8521 45.544 38.3806 21.1907 17.1899 12.9606 7.67765 56.3695 4.19678 48.764 34.195 14.5691 9.5934 4.94091 5.28298 11.3643 7.60543 7.48261 79.1683 6.334 2.68568 32.88 4.0453 28.8347 23.7325 21.164 16.8322 4.33179 92.9825 78.1728 77.397 8.62918 4.18141 92.6582 68.7678 67.3429 4.81468 1.61883 3.75966 5.9866 2.41095 1.43845 14.2416 10.2796 3.04764 62.5282 9.71866 7.62736 3.33085 7.67691 4.92556 3.31975 1.48354 52.8095
internal_count=165594 156800 8794 4632 148899 4162 7901 3976 3498 1297 1039 574 465 339 188 3345 90 2240 2069 171 113 128 151 478 1105 153 3489 370 87 2050 415 1635 937 885 270 615 148570 3438 3410 1111 271 148561 2299 2242 582 581 577 524 573 329 229 187 86 1660 995 954 879 1100 641 245 189 665
is_linear=0
shrinkage=0.04


Tree=102
num_leaves=63
num_cat=0
split_feature=20 23 2 28 5 10 9 10 10 20 19 20 0 19 8 1 9 8 1 18 23 2 18 2 19 18 0 8 1 24 18 11 19 21 21 1 18 2 11 10 31 11 31 0 2 11 11 10 0 2 10 0 2 10 9 11 11 11 18 9 1 1
split_gain=82.9169 42.0802 13.2008 5.97234 3.24943 3.18816 3.12701 3.60067 2.4592 2.62344 4.67268 3.18139 2.62765 2.36755 2.23419 3.28817 2.70527 1.89369 1.87089 2.37442 2.17987 2.51076 3.52066 2.17906 2.0625 1.50953 1.3105 2.64702 1.53148 1.23769 1.05431 1.00107 0.905908 0.778456 0.68261 0.642567 0.622688 0.617646 0.598684 0.598216 1.83326 1.63301 1.28443 2.2301 1.55154 1.44519 1.35517 1.07303 1.45546 1.40497 1.39574 1.15274 1.5211 1.05638 0.824346 0.728167 0.679724 0.591192 0.552632 0.49742 0.446203 0.592276
threshold=0.53863716125488292 0.26293487846851354 0.58757218718528759 1.0000000180025095e-35 1.0000000180025095e-35 0.240384615957737 0.12132352963089944 0.43650794029235845 0.86607143282890331 0.97169560194015514 0.88581016659736644 0.82078272104263317 0.83118847012519848 0.82972848415374767 0.17267081141471866 0.43283110857009893 0.7243877947330476 0.32071428000926977 0.53663355112075817 0.77158385515213024 0.61715260148048412 0.38258086144924169 0.65240275859832775 0.11427757143974306 0.64174234867095958 0.43259048461914068 0.44352366030216223 0.83935481309890758 0.36960017681121832 1.0000000180025095e-35 0.46192501485347753 0.68496242165565502 0.64174234867095958 0.23303167521953586 0.61324787139892589 0.25371789932250982 0.45478595793247228 0.70000678300857555 0.98936170339584362 0.44949495792388922 1.0000000180025095e-35 0.8452991545200349 1.0000000180025095e-35 0.60961154103279125 0.41028705239295965 0.92637759447097789 0.65881377458572399 0.5634920895099641 0.75352597236633312 0.45086249709129339 0.64583334326744091 0.99999997019767772 0.62731361389160167 0.58571431040763866 0.74464204907417308 0.9506097435951234 0.63733074069023143 0.98936170339584362 0.53532215952873241 0.73942822217941295 0.36960017681121832 0.11122195795178415
decision_type=2 2 2 2 2 2 2 2 2 2 2 2 2 2 2 2 2 2 2 2 2 2 2 2 2 2 2 2 2 2 2 2 2 2 2 2 2 2 2 2 2 2 2 2 2 2 2 2 2 2 2 2 2 2 2 2 2 2 2 2 2 2
left_child=1 5 6 8 37 57 -2 13 9 10 11 32 -12 18 -15 -16 17 -17 20 -20 24 23 36 -22 25 29 -9 28 30 33 -28 -13 -4 -8 38 -24 -23 -3 -25 42 41 56 43 -7 54 46 -45 49 50 -42 55 52 -50 -43 -44 -49 -41 -1 -6 -32 61 -27
right_child=2 4 3 -5 58 39 7 26 -10 -11 12 31 -14 14 15 16 -18 -19 19 -21 21 22 35 34 -26 60 27 -29 -30 -31 59 -33 -34 -35 -36 -37 -38 -39 -40 40 47 53 44 45 -46 -47 -48 48 51 -51 -52 -53 -54 -55 -56 -57 -58 -59 -60 -61 -62 -63
leaf_value=-0.032142535557668307 0.031099265236491085 -0.039625624068059022 -0.014665243506550027 0.038387951327807084 -0.0063252747299832792 -0.020291620578413615 -0.022716934128742566 0.035426141775472812 0.032750221760969499 0.033726794832827353 0.010058756073398685 0.0015309637205872795 -0.041679314647824671 0.032119254144369905 0.030919012136741919 0.0001881331669736874 0.021848044569953786 -0.031044959047077186 0.028536722585335281 -0.0083883916288020385 0.0033192112884344012 0.000599510679397437 0.032480887116965028 -0.041110389444864497 0.033935540195389816 0.0055315407655906965 0.0055774820258723658 0.030711784967844071 0.018668863041461065 0.026361938298114184 0 0.035330287624813626 0.0081532770854871525 0.014587494205807308 0.0030113185494428782 0.0032517074810045421 -0.032164421681322851 0.0011680725111075315 -0.0019291067859880078 -0.0019003039584835539 0.039072709046810206 -0.010872382533789941 -0.015761896685251079 -0.00023025835954173089 -0.02915358422636357 -0.004530721148965443 0.048733851299888754 -0.030612894558328441 0.0041622222832121405 0.0082688613281637433 0.0091609444054910685 -0.0022172583711303987 0.033594585430893852 0.009566232772876113 0.018472476208237911 0.0049798603284341722 -0.023032364012836627 0.0012260576182393269 0.024076267023478901 -0.031856993385305905 0.0017502234399044512 -0.025411079827681027
leaf_weight=4.1744248209870412 7.6724000237882128 87.925843336619437 4.4699090241338215 52.884769554249942 1.1343255903339002 2.1466418406344001 1.2838659993722084 5.8450328568578724 10.645741852000354 4.9895840454846612 1.6978699844330538 2.1157857459038478 3.7369659412652254 5.0925609301775721 4.2175890263170031 5.7965583521872741 3.1904505882412186 5.0974210724234581 4.552700709551571 4.6588400769978762 2.4766147437039789 0.85387638717656811 2.2509729815064929 8.2003740553045592 1.9080018028616894 0.59061973943607871 2.0251380502595548 5.3947782480972819 2.3448054194450378 2.6427768102148548 0.79665468359598923 7.0828841328620911 4.5484673213213682 0.4836382190696894 0.35839779675006944 2.856234420905821 3.0464221716974862 0.34944387414725397 1.0115566670428968 4.9043835569173115 3.5118893791222927 4.3777732596499872 0.80738321034004945 1.0538221487076955 4.0064002287108451 1.7640898810350334 1.9909154084161853 2.965805674029983 6.8383027076488379 7.5366623275913298 2.7776542622596025 5.9464243911206713 4.7640836257487535 14.737508510472251 1.9014993364107793 0.63840139453532163 5.5448493334697559 0.66100539109902445 0.72853104025125492 2.7084483446669765 1.2765811607241628 4.2293361647170968
leaf_count=4070 189 148221 74 3216 330 722 304 156 365 184 48 52 87 148 43 57 88 45 61 44 32 223 47 1389 23 218 89 172 43 46 35 256 84 7 3 45 772 122 93 47 132 68 326 56 595 97 157 205 58 81 16 48 41 160 518 26 100 293 4 134 14 215
internal_value=0.000297212 -0.0195251 0.0188772 0.0295475 -0.0382941 0.00101139 0.00804161 0.00558185 0.0168906 0.00995479 0.00361291 0.0134964 -0.0258431 0.00099179 0.0110085 0.00356752 -0.00586448 -0.0154713 -0.00453344 0.0104771 -0.00896484 -0.0165675 0 -0.0277829 0.0039043 -0.00367688 0.0204116 0.0114986 -0.00319004 0.0121603 -0.0145103 0.0288607 -0.00309225 -0.00948142 -0.0357625 0.0199983 -0.0255167 -0.0394081 -0.0378098 0.00314702 0.00477882 -0.00241731 -0.00408515 0.00715384 -0.015663 0.0214781 0.0349308 0.0108703 0.00546419 0.0208224 -0.00956925 0.0113681 0.0182717 0.00437873 0.00569177 -0.0237274 -0.0144956 -0.0274672 0.00842389 -0.025666 -0.0157964 -0.0206332
internal_weight=358.223 173.188 185.035 92.172 90.1381 83.0499 92.8626 85.1902 39.2872 28.6415 23.6519 18.217 5.43484 66.0754 23.3946 18.302 14.0844 10.894 42.6808 9.21154 33.4693 21.0544 9.00751 12.0469 12.4148 10.5068 19.1149 13.2698 7.87505 4.41028 5.53024 9.19867 9.01838 1.7675 9.57033 5.10721 3.9003 88.2753 9.21193 78.2145 64.5437 29.5645 13.6708 6.95547 6.71528 4.80883 3.04474 34.9792 23.9307 11.0486 6.38186 17.5488 11.6024 19.1153 2.70888 3.60421 10.4492 4.83543 1.86286 3.5051 6.09654 4.81996
internal_count=165594 156493 9101 4366 148677 7816 4735 4546 1150 785 601 466 135 3917 381 233 190 102 3536 105 3431 2604 1087 1517 827 804 629 473 301 357 258 308 158 311 1485 92 995 148343 1482 3453 982 375 2471 1032 1439 310 213 607 394 213 247 147 99 228 844 231 147 4363 334 169 447 433
is_linear=0
shrinkage=0.04


Tree=103
num_leaves=63
num_cat=0
split_feature=22 23 2 28 5 9 10 6 22 6 2 10 8 7 6 1 18 8 1 1 7 1 1 23 1 11 18 1 22 23 18 7 0 22 8 23 18 7 7 0 23 1 22 18 1 6 9 9 2 6 11 11 9 8 8 30 6 6 11 0 0 8
split_gain=78.4948 41.4371 12.7929 7.79013 3.42829 3.09079 2.83562 2.64666 2.23537 2.23429 1.99539 1.86911 2.25284 2.07259 3.8523 1.85328 1.7797 1.7469 1.6215 2.00791 2.10413 2.2432 1.34342 1.32777 1.27476 1.18937 1.13668 1.0683 1.03586 2.02526 1.0355 1.03473 0.917022 0.885348 0.933143 1.11125 0.829057 0.843884 1.13978 0.827407 0.640242 2.41189 0.613526 0.607123 0.591397 0.534649 0.518061 1.08418 0.951639 0.791778 1.13479 0.615331 0.605394 1.32917 1.16152 0.720796 1.18646 0.754602 0.580474 0.518445 0.503078 0.485305
threshold=0.14039409160614016 0.26293487846851354 0.53885021805763256 1.0000000180025095e-35 1.0000000180025095e-35 0.12132352963089944 0.240384615957737 0.75905716419219982 0.8603896200656892 0.83827373385429393 0.11427757143974306 0.36931818723678594 0.63944444060325634 0.270728349685669 0.598850578069687 0.14944787323474887 0.84764185547828685 0.71516755223274242 0.78118014335632335 0.63926216959953319 0.80229884386062633 0.21894425153732303 0.16783953458070758 0.42008402943611151 0.031006857752799991 0.81530213356018078 0.49238499999046331 0.40217100083827978 0.59411767125129711 0.7976859211921693 0.65240275859832775 0.5673658847808839 1.0000000180025095e-35 0.48529411852359777 0.82097071409225475 0.51964643597602855 1.0000000180025095e-35 0.43534001708030706 0.49691358208656317 0.32731349766254431 0.84389334917068493 0.40217100083827978 0.14495798945426944 0.43259048461914068 0.99057194590568554 0.94804319739341747 0.82683658599853527 0.77871939539909374 0.66425621509552013 0.63859337568283092 0.6195238232612611 0.8086080551147462 0.86319074034690868 0.88493064045906078 0.89699381589889537 1.0000000180025095e-35 0.83047896623611461 0.71209660172462474 0.46720430254936224 0.41016845405101782 1.0000000180025095e-35 0.77485185861587536
decision_type=2 2 2 2 2 2 2 2 2 2 2 2 2 2 2 2 2 2 2 2 2 2 2 2 2 2 2 2 2 2 2 2 2 2 2 2 2 2 2 2 2 2 2 2 2 2 2 2 2 2 2 2 2 2 2 2 2 2 2 2 2 2
left_child=1 6 5 9 30 -2 45 8 10 18 -7 13 -13 16 31 -11 28 26 19 20 21 -4 42 -19 36 -17 -16 -25 29 -12 32 40 -3 34 35 -14 37 39 -39 -8 41 -15 -9 -6 -10 60 47 49 58 50 -40 -51 53 61 55 57 -57 -54 -49 -60 -1 -48
right_child=2 4 3 -5 43 7 24 22 44 15 11 12 33 14 17 25 -18 23 -20 -21 -22 -23 -24 27 -26 -27 -28 -29 -30 -31 -32 -33 -34 -35 -36 -37 -38 38 46 -41 -42 -43 -44 -45 -46 -47 52 48 -50 51 -52 -53 54 -55 -56 56 -58 -59 59 -61 -62 -63
leaf_value=0.0049543751155343152 0.030194553929443646 0.0066332678790844294 -0.011984765364304985 0.038525607390146356 -0.0093547790313953712 0.018192090593730507 -0.0087528573711255307 0.015222023578459755 0.032191893339911994 -0.0050105049241463582 0.0077597780866274771 0.03216750258965366 0.007889919888016286 -0.03617858491589309 -0.0095024580870044246 0.00013040440481942861 0.024092208672007679 0.018529980058957549 0.028347971677521355 -0.028326938478991384 -0.022324081357682896 0.026635978584427844 0.027005757032897863 -0.033292686540317036 0.034968286984386858 0.028553670207151334 0.028293769809888781 0.010993761673029257 0.012430115056332769 -0.026181851821270433 0.0074931930171166896 0.0032903919151247817 -0.039705645838347507 0.017288579029661483 0.0076530259763597109 -0.03071603125888742 -0.02136783549038257 -0.025196843212424852 0.017015174645257411 0.033086346705572617 -0.039171103625707915 0.0049221684418433477 -0.018104216642163062 0.025726703999106815 0.0027530300840159449 0.0027146350166011193 0 0.0032123725357800104 0.012001965592471091 -0.0058407088198438517 -0.023017373151011739 0.023088984213938537 0.0075145069012205424 -0.013704880889587264 0.0051380719068066273 -0.021671825094726597 0.015228070650584138 -0.030113760794707647 0.0022663429191578459 -0.03774827763303723 -0.031953174696844652 0.031800798795714375
leaf_weight=0.18593490123748679 7.2081081457436076 0.27246972918510337 2.7513377072755265 54.386891983507667 0.43484453973360249 6.0604476752923793 0.38558808027300928 0.38842567545361717 3.2101398184895507 3.0581623598118339 4.2299478933564405 3.4421341860434023 1.0151802340988072 3.6638154339743796 0.9797611251124162 2.9514949452132013 3.5551619920879594 0.6937471752171408 2.2827221043407908 2.7305228095501652 2.3465427141054525 6.1459891833364964 9.2628968638600764 2.4904201900935736 0.98762807756429438 21.949836269021034 3.8863961869501509 0.46358016878366459 3.0349108446389428 5.2211719990009442 0.31881204061210056 1.2388965405989427 85.432679966150317 1.4976533800363538 2.1453640680410899 2.9295014383387752 1.2813523726654228 1.3616033667349245 0.81827625655568992 1.6861294185509903 7.0481748396996409 3.7801300508435816 1.3527416646829804 0.98372269596438855 2.1804249715059996 0.545921807643026 0.69617938390001599 0.42704438592773009 0.48384475708007801 0.93802694254554841 2.0235121589503251 2.7921392610878684 0.47077571396948714 0.95011570490896691 51.124233999056742 1.2837415882968346 2.5613251032773405 2.6138141364790499 0.26801558269653503 2.4402316226041876 4.3564632703200914 3.1384607871877961
leaf_count=1 186 3 87 3335 307 80 43 42 73 48 62 105 45 643 218 73 66 26 61 58 62 121 182 543 51 787 231 8 60 59 9 292 148558 19 66 304 713 166 81 126 512 37 254 22 49 4 111 9 5 65 413 163 53 17 378 211 44 189 23 372 4407 256
internal_value=0.000325691 -0.0189803 0.0187626 0.0283861 -0.0380804 0.00679242 0.00111214 0.00407907 0.000710386 0.0152497 -0.0016957 -0.00442376 0.00942205 -0.00844785 -0.0156221 0.0219439 0.00244113 0.00533029 0.00290067 -0.00260453 0.00511873 0.0142848 0.0213009 -0.0130666 0.00315326 0.0254743 0.0196793 -0.0243083 -0.00475634 -0.0113192 -0.0391334 -0.0268418 -0.0394374 -0.0029748 -0.0102577 -0.0203854 0.00225936 0.00297767 0.00204152 0.0236826 -0.029722 -0.0167222 -0.00636951 0.0138975 0.0232042 -0.0251439 0.0029369 -0.00491584 -0.0200461 0.00443507 -0.00902054 0.0152716 0.00433016 0.0168802 0.00295974 -0.011228 0.00015258 -0.0229578 -0.0276655 -0.0331664 -0.0290994 0.0265529
internal_weight=350.846 171.263 179.583 98.6035 87.4425 80.9791 83.8204 73.771 62.767 44.2166 57.3764 51.3159 11.0298 40.2861 24.2449 27.9595 16.0412 8.5139 16.2571 13.9744 11.2439 8.89733 11.0041 3.64775 78.732 24.9013 4.86616 2.954 12.486 9.45112 86.024 15.731 85.7051 7.5877 6.09005 3.94468 77.7444 76.4631 74.3913 2.07172 14.4921 7.44395 1.74117 1.41857 5.39056 5.08832 73.0297 10.1911 3.61914 6.57195 2.84179 3.73017 62.8386 4.78476 58.0539 6.92966 3.84507 3.08459 3.13529 2.70825 4.5424 3.83464
internal_count=165594 156800 8794 4632 148899 4162 7901 3976 3498 1297 3376 3296 539 2757 2510 908 247 1026 389 328 270 208 478 577 3489 860 449 551 181 121 148570 1484 148561 434 415 349 3438 2725 2556 169 1192 680 296 329 122 4412 2390 1131 409 722 494 228 1259 384 875 497 255 242 404 395 4408 367
is_linear=0
shrinkage=0.04


Tree=104
num_leaves=63
num_cat=0
split_feature=1 18 10 28 19 30 20 11 10 1 2 18 0 2 10 10 0 0 1 0 8 1 21 21 18 0 11 9 8 19 7 7 7 6 2 6 0 6 9 11 6 6 9 8 11 6 7 21 2 6 2 8 10 2 11 8 31 11 8 21 19 7
split_gain=74.2141 38.9069 11.8981 5.6115 5.31562 3.35741 3.89925 3.97041 3.00006 3.76299 2.84502 2.89057 5.13058 3.04759 2.77813 2.75065 2.02408 1.90016 2.48238 1.8796 4.26332 2.45281 3.45083 1.65581 1.3276 1.52935 2.21894 1.41697 1.15561 1.03442 0.947986 1.30459 0.923886 1.28204 1.3539 2.23623 1.16131 1.06144 1.3465 0.857957 0.830315 0.814313 0.747822 1.09432 0.719167 1.45032 0.679955 0.671092 0.661681 0.656842 0.670023 1.20226 0.891132 1.14705 0.854224 0.569764 0.565591 0.839231 1.21821 0.56404 0.552967 0.718238
threshold=0.078810192644596114 0.22654088586568835 0.43650794029235845 1.0000000180025095e-35 0.82972848415374767 1.0000000180025095e-35 0.97169560194015514 0.82247900962829601 0.080128207802772536 0.43283110857009893 0.36545780301094061 0.5914268195629121 1.0000000180025095e-35 0.1600352078676224 0.76388889551162731 0.240384615957737 0.83118847012519848 0.99999997019767772 0.36960017681121832 0.47354473173618322 0.17267081141471866 0.51101076602935802 0.8603896200656892 0.39009661972522741 0.77158385515213024 0.77666497230529796 0.93405798077583324 0.99230769276618969 0.17267081141471866 0.56928694248199474 0.60107529163360607 0.47140522301197058 0.34330357611179357 0.62258651852607738 0.35861176252365118 0.81530213356018078 0.76780930161476146 0.68237251043319713 0.91476997733116161 0.90550595521926891 0.25866188108921057 0.3310502320528031 0.78086888790130626 0.78319624066352855 0.92637759447097789 0.72065573930740368 0.72850123047828685 0.32738095521926885 0.15667484700679782 0.75582656264305126 0.60462343692779552 0.92637759447097789 0.68333333730697643 0.69999995827674877 0.89564427733421337 0.85053193569183361 1.0000000180025095e-35 0.6195238232612611 0.82972848415374767 0.070197045803070082 0.58470535278320324 0.8874824345111848
decision_type=2 2 2 2 2 2 2 2 2 2 2 2 2 2 2 2 2 2 2 2 2 2 2 2 2 2 2 2 2 2 2 2 2 2 2 2 2 2 2 2 2 2 2 2 2 2 2 2 2 2 2 2 2 2 2 2 2 2 2 2 2 2
left_child=1 15 4 5 8 30 7 16 10 24 11 12 -2 23 29 -1 -7 47 -19 20 -6 -22 41 -13 25 26 27 48 -15 -3 31 -4 -17 36 35 -35 56 -36 39 42 -30 -23 -39 -44 -41 -46 55 -9 -10 -40 51 54 -52 -54 -51 -47 -34 58 -58 -16 61 -28
right_child=2 14 3 -5 19 6 -8 17 9 -11 -12 13 -14 28 59 32 -18 18 -20 -21 21 22 -24 -25 -26 -27 60 -29 40 -31 -32 -33 33 34 37 -37 -38 38 49 44 -42 -43 43 -45 45 46 -48 -49 -50 50 52 -53 53 -55 -56 -57 57 -59 -60 -61 -62 -63
leaf_value=-0.025210718717350835 0.035210500414858313 -0.039485948041894613 0.025066115579316883 0.037250062121091776 0.034675196855938895 -0.0019954472203198982 0.033615252028113191 0 0.00092050073665651572 0.021684249222904163 0.029383431880467499 -0.003170084423329438 -0.025815204552361165 0.01996415799406933 -0.010635619479062242 0.031133722372225663 -0.045472578999408965 -0.029400532954853988 0.017585103569293336 0.033977151129851606 0.0231824710680642 -0.036294149030344655 0.017459250972404944 -0.042749614599767567 0.0094483332328888642 -0.052374409013047907 -0.017256162699660026 0.010610931243336941 -0.021266255110270998 0.00031945118716899298 0.031006837966649121 -0.013749532912118429 -0.029930634317606529 -0.002076433332574346 0.017455766005204688 0.049365681424125139 0.016994196096482186 0.0027456628948593132 -0.0085227697747242547 0.014523849433874161 0.006166303682077233 -0.0072552562060073378 0.010032007655934332 -0.03433087202160777 0.020973559565253486 -0.013767420512551315 -0.026469095218269297 0.030535313575884026 -0.033585826352002586 0.014522530651510093 -0.002624629447246507 0.024444932976005689 0.025039291630431691 0 -0.016682970709142139 0.019267808281751987 0.025212751891777831 -0.023687811779508496 -0.013047513285840646 0.022118387576298575 0.019845913254379999 0.016498886922712695
leaf_weight=5.1232217859942457 6.3458176106214577 80.686544981435873 1.6563982298830553 49.584660460241139 7.5668182298541096 3.4600236702826868 4.9105001073330632 1.3007477506180274 0.68001357407775209 3.242291825124993 5.909013249562121 3.2442190652946001 2.2364720952464268 3.8250290378928167 0.49749435717239865 0.79791103268507768 3.0971600357443094 2.5760014690458775 2.5985968019813299 9.4949505208060128 4.014885112643241 3.7947180662304145 3.8713144874200225 3.7877465293277055 1.449063536711036 1.9053620212944213 1.6178620527498422 0.88051572389667931 2.1081146877259016 0.84011038159951468 19.067263576202095 1.8528369272244161 2.7032470545382221 2.3316326122730966 5.5160771897644727 1.636746270349249 0.96081559016602103 1.1769048290443587 5.0455436885240479 2.1710059391334653 3.0010294402018189 3.8175490135326982 0.46438994450727467 3.8165665714186616 1.0280827549868261 0.62254164414480306 3.2654540048679337 4.6078998818993568 8.1031090909382311 1.4975595782743751 19.933916857466105 5.76324446068611 4.2452541793463734 6.9707562762778252 2.1285393455764279 0.66632028191816062 1.482402236550115 1.5736285013263112 1.8244217509054579 0.94425210519693792 1.708649532694835 0.60440174676477898
leaf_count=5102 108 147910 25 2997 254 78 193 61 40 88 144 56 217 57 418 44 49 46 97 436 34 26 69 47 19 33 242 26 15 290 582 59 574 423 432 16 18 75 61 93 79 56 170 395 80 122 228 146 1508 71 111 41 51 76 60 9 190 456 60 59 65 7
internal_value=0.000338172 -0.0188526 0.0182402 0.0278848 0.00701401 0.0169234 0.00539464 -0.00362836 -0.0010714 -0.0127514 0.00670374 0.00015156 0.0178558 -0.00962079 -0.0380358 0.000558786 -0.0263601 0.0105579 -0.00613071 0.0193675 0.0120252 -0.000222192 -0.0099269 -0.0276556 -0.0204028 -0.0238395 -0.0162515 -0.0259044 0.0055265 -0.0390284 0.0275521 0.00518057 0.00260951 0.00186561 0.00378081 0.0240012 -0.0118126 0.00212349 0.0003503 -0.0103603 -0.00612629 -0.024729 -0.0211663 -0.0277727 -0.00074751 -0.00859846 -0.0185684 0.0245241 -0.0306844 0.00369603 0.00548165 0.0143806 0.00231102 0.0109072 -0.00257721 0.00252009 -0.0174829 -0.00599055 0.00504699 0.009451 0.00710867 -0.00456307
internal_weight=343.636 165.715 177.921 94.7121 83.2089 45.1274 22.5509 17.6404 50.6487 20.1913 30.4574 24.5484 8.58229 15.9661 82.9684 82.7462 6.55718 11.0832 5.1746 32.5602 23.0653 15.4985 11.4836 7.03197 16.949 15.4999 13.5946 9.66364 8.93417 81.5267 22.5765 3.50924 77.623 76.8251 68.2805 3.96838 8.54452 64.3122 58.7961 13.2113 5.10914 7.61227 5.45786 4.28096 7.7534 5.5824 4.55432 5.90865 8.78312 45.5848 40.5393 9.38934 31.1499 11.216 3.6261 1.28886 7.5837 4.88045 3.30682 1.44175 3.93091 2.22226
internal_count=165594 157635 7959 4333 3626 1336 670 477 2751 2028 723 579 325 254 148677 8958 127 350 143 875 439 185 151 103 1940 1921 1888 1574 151 148200 666 84 3856 3812 2514 439 1298 2075 1643 1172 94 82 640 565 532 439 359 207 1548 471 410 172 238 127 131 131 1280 706 250 477 314 249
is_linear=0
shrinkage=0.04


Tree=105
num_leaves=63
num_cat=0
split_feature=20 23 2 28 5 20 8 10 2 1 10 21 19 2 20 2 8 1 28 23 8 7 11 11 19 2 11 11 10 10 18 1 19 8 19 7 7 0 7 0 0 7 7 2 2 10 8 7 11 2 10 0 2 7 23 7 2 2 2 11 18 7
split_gain=70.1003 39.0599 11.9036 5.958 3.07269 2.79527 3.01909 2.77346 2.6963 2.53001 2.42117 2.56886 4.11884 3.2137 2.92695 1.99241 5.03069 3.27303 2.97191 2.69825 2.1949 3.52499 1.76129 1.49769 1.2911 1.96336 1.19554 1.07309 1.04583 2.07406 0.986281 0.967976 0.817156 0.81036 0.859706 0.657575 1.15705 1.0933 1.25978 0.781955 0.629593 1.75228 0.953898 0.981831 2.58084 0.869797 1.53814 1.69931 1.33253 0.885153 0.756358 0.704129 0.60769 0.602347 0.594438 1.01817 0.562533 1.14333 0.540379 0.520922 0.509403 0.486793
threshold=0.53863716125488292 0.26293487846851354 0.58757218718528759 1.0000000180025095e-35 1.0000000180025095e-35 0.99740931391716015 0.88067796826362621 0.240384615957737 0.11427757143974306 0.29179082810878759 0.86607143282890331 0.73030304908752453 0.88581016659736644 0.75379398465156566 0.82078272104263317 0.25272463262081152 0.48331478238105779 0.13631390780210498 1.0000000180025095e-35 0.94146201014518749 0.27842378616333013 0.52114352583885204 0.89699381589889537 0.92637759447097789 0.82972848415374767 0.1600352078676224 0.49489796161651617 0.68496242165565502 0.087121214717626586 0.4083333313465119 0.84764185547828685 0.40217100083827978 0.64174234867095958 0.76277056336402904 0.74175426363945018 0.43534001708030706 0.49691358208656317 0.41016845405101782 0.75905716419219982 0.32731349766254431 0.57492128014564525 0.77459675073623668 0.680425524711609 0.45086249709129339 0.53278529644012462 0.58571431040763866 0.90259328484535228 0.95311355590820324 0.8452991545200349 0.69999995827674877 0.64583334326744091 0.87729144096374523 0.70000678300857555 0.94804319739341747 0.96684980392456066 0.46247655153274542 0.58757218718528759 0.52298858761787426 0.27583871781826025 0.44543650746345526 0.53532215952873241 0.8874824345111848
decision_type=2 2 2 2 2 2 2 2 2 2 2 2 2 2 2 2 2 2 2 2 2 2 2 2 2 2 2 2 2 2 2 2 2 2 2 2 2 2 2 2 2 2 2 2 2 2 2 2 2 2 2 2 2 2 2 2 2 2 2 2 2 2
left_child=1 7 5 10 52 6 8 53 9 -2 11 12 14 -14 32 20 19 30 22 -17 24 -22 28 -7 25 -10 -26 -16 -19 54 -18 -20 -4 34 -24 39 -37 38 58 -9 41 -39 43 -42 50 46 -44 56 51 -50 -45 -47 -3 -1 55 -30 57 -48 -38 -8 -6 -34
right_child=2 4 3 -5 60 23 59 35 15 -11 -12 -13 13 -15 27 16 17 18 31 -21 21 -23 33 -25 26 -27 -28 -29 29 -31 -32 -33 61 -35 -36 36 37 40 -40 -41 42 -43 45 44 -46 48 47 -49 49 -51 -52 -53 -54 -55 -56 -57 -58 -59 -60 -61 -62 -63
leaf_value=-0.031209084366212069 0.038615454102845975 -0.039567374821528827 -0.014395824480629052 0.038050605112387392 -0.0062733246385886466 0.031744312624687861 0.00014323800782238473 -0.0092663489586131704 -0.025176701967354043 -0.0044657930957163463 0.032076121845569489 0.033189210488725369 0.012314485303119151 -0.043071086667103034 0 0.046124940066658605 -0.033616582322934588 0.0091763719725959751 0.0046605536345874282 -0.0048153790111658268 -0.036438266679935584 0.019895312011547914 -0.017682043731098728 -0.0051709703110425428 0.029704590177187448 0.0054851026323839962 -0.0030681608036424272 0.034813331862628527 0.0039498413409093259 1.5843358596938761e-05 0.011673788986685805 0.033650651981319432 0.017903542896209306 0.025706191659579686 0.015983229567452208 -0.02523779297736076 -0.01671469264511816 -0.024238323428738363 0.046245281879114877 0.030171776859045946 0.030619670481412151 0.013792957523349469 -0.026468985425825559 -0.028609961933582607 0.029699378515087985 -0.014139975085377707 0.016660366225582417 -0.017128075627461645 0.017594315476231474 0.002202185608354086 0.002000612026063739 0.0042014789962723197 0.0012451947100659718 0.0030427350389118347 -0.00012604176250892823 -0.042896751624521522 0.017168019695602769 -0.012171902361255045 0.01680802343859953 0.032598426841798776 0.022979520395490102 -0.0040269396802456326
leaf_weight=3.9302766168839289 4.7341294882353386 78.195575437392108 4.4029900899622678 47.416148038581014 1.1226859871530894 9.109205322340129 1.1907726747449476 0.40983525442425106 4.8844642913900369 2.9699657717719674 9.9596587270498258 4.6451690942049018 1.9090748205780972 3.6493655163794756 1.9867414813488702 5.1577153051621272 4.6882256294484277 2.0068382313475039 3.9465581267140823 1.854458501387853 6.8606588853872363 1.4988834573887286 1.591146074177231 1.6047295574098814 2.5417785141617051 6.7277906117960811 2.8560033161193132 6.5266137234866619 0.50298368837684204 5.4632199731422588 0.24873526394367207 4.3196141310036182 2.2057650946080685 2.422581382736098 1.2484517022967336 1.3877901648520481 0.82384333357913353 3.7702184083755119 0.94199207809288044 1.7659291216405106 2.8451001387438719 2.284034661075566 3.3822757926536751 1.9338180483318868 2.3999116739723831 6.3501482945284788 2.8947664522565919 5.2257346082478753 11.502005960443057 13.400603955611587 1.6903485134243963 5.0305369693087414 0.336322920571546 0.54070055857300747 1.0301668302272444 4.2562669834587723 5.0815953251440078 4.0505238570622168 0.29421824280871078 5.7086362421396188 0.70594414323568333 2.2224121429026127
leaf_count=4359 72 148221 74 3216 330 239 48 62 66 35 365 181 55 85 49 115 2186 34 51 51 577 159 90 39 36 82 49 257 52 73 1 133 35 57 14 207 167 1063 13 151 305 72 591 217 27 66 43 26 160 104 9 33 122 4 28 238 41 55 41 210 4 49
internal_value=0.000354375 -0.0184932 0.0179274 0.0285926 -0.0381267 0.00755046 0.00470834 0.000942041 0.00203675 0.0229429 0.0158547 0.00893177 0.00266188 -0.0244615 0.0124318 -0.000728035 0.00487456 -0.00209562 0.00360095 0.0332343 -0.00929481 -0.0248637 -0.00522494 0.0259043 -0.000465709 -0.00806863 0.0139699 0.0278996 -0.0129108 -0.0176039 -0.0290791 0.0222381 -0.00339353 0.0124721 -0.00153121 0.00289696 0.00205693 0.002953 0.026495 0.0209049 0.00186855 -0.00940221 0.00309091 0.0146068 0.00319205 0.00100619 -0.00530654 0 0.00474967 0.00987071 -0.0161227 -0.00602501 -0.0393288 -0.0265367 -0.0323733 -0.037425 0.00827694 0 -0.00223399 0.0282306 0.00773713 0.00744598
internal_weight=336.645 162.297 174.348 84.9239 80.3605 89.424 78.71 81.9362 71.8106 7.7041 37.5078 27.5481 22.903 5.55844 17.3445 64.1065 38.737 31.7248 26.7878 7.01217 25.3696 8.35954 18.5217 10.7139 17.01 11.6123 5.39778 8.51336 13.2595 11.2526 4.93696 8.26617 8.83117 5.26218 2.8396 77.4652 75.2895 73.9017 2.06005 2.17576 71.8416 6.05425 65.7874 8.86918 6.02408 56.9182 20.6349 17.2526 36.2833 24.9026 3.62417 11.3807 78.5319 4.47098 5.78942 4.75925 12.0269 6.94529 1.11806 6.89941 1.82863 4.42818
internal_count=165594 156493 9101 4366 148677 4735 4457 7816 4199 107 1150 785 604 140 464 4092 3123 2957 770 166 969 736 586 278 233 148 85 306 425 391 2187 184 158 161 104 3453 3240 3033 221 213 2812 1135 1677 558 253 1119 756 165 363 264 226 99 148343 4363 318 290 139 98 208 258 334 84
is_linear=0
shrinkage=0.04


Tree=106
num_leaves=63
num_cat=0
split_feature=21 23 2 28 18 9 10 6 20 30 10 10 2 19 20 18 21 18 19 1 28 23 18 6 0 6 21 21 23 2 7 24 1 19 23 9 7 1 1 0 1 21 18 11 7 7 0 20 11 11 2 19 21 6 0 10 9 9 9 11 6 2
split_gain=66.2837 38.6482 11.6264 7.67109 3.32664 2.86809 2.44457 2.39047 2.19116 3.4662 3.24947 3.12886 3.83366 3.17152 2.17622 1.97671 1.96957 1.43231 2.09994 2.01034 2.47641 2.17406 1.34743 1.30605 1.30353 1.2691 1.24581 1.22241 1.1362 1.08193 0.999782 1.64798 1.08946 1.61154 1.00633 0.960216 1.37982 0.888774 0.924508 0.845626 0.843407 0.827414 0.770648 0.746626 0.731767 1.04194 0.680049 0.655694 0.592368 2.06786 1.13788 0.847186 0.562936 0.523024 0.482879 0.478065 0.822436 1.62768 1.17504 0.837265 0.704518 0.940044
threshold=0.13423423469066623 0.26293487846851354 0.53885021805763256 1.0000000180025095e-35 0.5914268195629121 0.12132352963089944 0.240384615957737 0.75905716419219982 0.97169560194015514 1.0000000180025095e-35 0.4083333313465119 0.86607143282890331 0.70000678300857555 0.88581016659736644 0.99740931391716015 0.46192501485347753 0.41421568393707281 0.80090090632438671 0.90152388811111461 0.43283110857009893 1.0000000180025095e-35 0.94764256477355968 0.65240275859832775 0.38924963772296911 0.46445365250110632 0.90366768836975109 0.48529411852359777 0.070197045803070082 0.73743686079978954 0.60462343692779552 0.65648320317268383 1.0000000180025095e-35 0.48549756407737737 0.78024387359619152 0.41125263273715978 0.93813776969909679 0.84889996051788341 0.66275858879089367 0.75846338272094738 1.0000000180025095e-35 0.32986950874328619 0.61324787139892589 1.0000000180025095e-35 0.70412456989288341 0.43534001708030706 0.49691358208656317 0.51247477531433117 0.82078272104263317 0.63373982906341564 0.7228132188320161 0.48888546228408819 0.64174234867095958 0.29520697891712194 0.94804319739341747 1.0000000180025095e-35 0.86607143282890331 0.82683658599853527 0.70064935088157665 0.69028213620185863 0.62115561962127697 0.44590643048286444 0.34101676940917974
decision_type=2 2 2 2 2 2 2 2 2 2 2 2 2 2 2 2 2 2 2 2 2 2 2 2 2 2 2 2 2 2 2 2 2 2 2 2 2 2 2 2 2 2 2 2 2 2 2 2 2 2 2 2 2 2 2 2 2 2 2 2 2 2
left_child=1 6 5 8 39 -2 53 14 9 10 16 12 26 25 15 28 -4 18 30 -19 -21 -22 24 -16 -9 -14 29 42 43 -11 32 -32 34 -34 -17 36 -26 -12 -39 -3 -30 48 44 -7 46 -46 -8 -27 -36 51 -51 -50 -45 54 -1 56 57 58 59 -47 -59 -62
right_child=2 4 3 -5 -6 7 27 22 -10 11 37 -13 13 -15 23 17 -18 19 -20 20 21 -23 -24 -25 35 47 -28 -29 40 -31 31 -33 33 -35 41 -37 -38 38 -40 -41 -42 -43 -44 52 45 55 -48 -49 49 50 -52 -53 -54 -55 -56 -57 -58 60 -60 -61 61 -63
leaf_value=0.0048468513527943477 0.029479467130040158 0.0060421114333288973 -0.029033903199276647 0.03819830486123648 0.014949070071496739 0.032904524966106928 -0.0011775830220234658 0.025642446595570207 0.034933181078286364 -0.024478956272118286 0.032649571868302765 0.023655834581554749 -0.024808323958323008 -0.055654246146712216 0.029474785823539233 0.010765353733333 0.016834514137121601 0.028111416890132811 0.027763321180820495 -0.022629129023736254 0.030913860049949907 -0.011908424153983932 0.03487682976748438 -0.0048543543768493529 -0.030895852187546848 -0.0065310018400065286 0.028905598361864408 0.034172180943113709 -0.023065907745286832 0.014254089830794197 -0.018826825671909801 0.02368949126085812 0.011756681641963682 -0.018535826302363938 -0.032442722105368055 0.0175288602362259 0.013546368254164569 -0.016833995290839503 0.020539343927172923 -0.039450988201492482 0.017304516610880168 0.0091410194421390721 -0.020981177052614298 -0.0083361479835028368 -0.024539871928687909 0.019275191471693313 0.034641416287019007 0.023085564742444099 -0.012263321733747558 -0.033029898959201269 0.0062976667881862137 0.022229773768298641 0.021811868812830534 0.0029986320884408928 -0.031336247649810169 0.01134742792582262 0.0031948636780087148 0.010245358564335923 0.032390275590694267 -0.021586802735803681 0.0010669675808563119 -0.0337522813531351
leaf_weight=0.18420335650443931 6.7585787344723931 0.25619802623987098 2.2543733905768049 48.840468942129519 1.2673692569369439 3.449564460432156 0.96041099133435581 2.0580719188437779 6.2378943134099236 1.2859320217976367 13.245091467513701 4.0275633782148352 1.9193577822297809 3.0419115852564573 4.9993266873061648 0.82438030920458061 1.7788324411958454 3.2930743526667348 1.2374182809144247 4.942809619009493 3.2586905062198639 2.5097106043249369 4.5343747157603502 1.8995840065181253 2.280158835928888 1.3402952332980933 2.3587602898478508 0.97314355854177748 1.1787634877255184 1.2909648939967153 1.6178232230595306 2.2512606789823622 4.7619365071877819 4.4236372271552682 8.405587293847935 0.78892132762121026 0.85225518670631562 1.0168836452066892 1.1875802688300607 76.150721232988872 0.34037619200535107 0.5859057828783979 1.2338784400490102 1.7649550784262831 1.3007917141658243 0.23985957633703803 1.1462072306312618 1.5087205693125723 0.84974121296545346 4.8780151704559103 0.91578910470707331 2.076792624196969 0.51185963675379742 0.54140072828158725 3.9902109800605103 8.1215948611497861 56.157074825430755 0.31467027962207783 1.1416265381849369 1.2620880707981994 1.3049934972659682 3.7502822924870998
leaf_count=1 186 3 51 3336 78 236 119 44 258 64 400 128 42 60 123 17 40 29 19 48 55 39 108 30 302 20 64 51 625 25 376 50 50 52 584 20 30 41 46 148644 4 5 713 325 166 22 50 66 221 671 42 33 3 4 4407 93 1179 13 54 219 212 598
internal_value=0.000381186 -0.0179912 0.0177745 0.0274112 -0.038058 0.00627184 0.00105557 0.00364626 0.014328 0.00983303 0.0209136 -0.00326478 -0.0131645 -0.0293683 0.000415905 -0.00234171 -0.0086837 -0.00548276 -0.010001 0.00480271 -0.00381029 0.012685 0.0203707 0.0200981 0.00537613 -0.00516499 0.0124309 0.00291841 0.0156785 -0.00539619 -0.0124094 0.00487472 -0.0150467 -0.00282658 -0.020443 -0.00749679 -0.0174842 0.0289415 0.00217798 -0.0391707 -0.00915416 -0.022607 0.00203834 0.0232426 0.00273436 0.00184582 0.0219013 0.0100365 -0.0243582 -0.0136181 -0.0262129 0.0106232 0.00180889 -0.0241458 -0.0283384 0.00270352 0.00139081 -0.00975968 0.0121955 -0.00836657 -0.0214137 -0.0254115
internal_weight=329.881 160.297 169.584 91.3346 77.6743 78.2494 82.6224 71.4908 42.4942 36.2563 19.4828 16.7735 12.7459 7.81029 60.977 54.0781 4.03321 46.8326 32.8283 14.0043 10.7112 5.7684 10.5138 6.89891 5.97941 4.76837 4.93566 77.9066 7.24552 2.5769 31.5909 3.86908 27.7218 9.18557 18.5362 3.92134 3.13241 15.4496 2.20446 76.4069 1.51914 17.7118 76.9335 5.72638 75.6996 73.593 2.10662 2.84902 17.1259 8.72034 5.7938 2.92653 2.27681 4.71582 4.17441 72.2922 64.1706 8.01352 2.64357 1.50195 5.36995 5.05528
internal_count=165594 156626 8968 4641 148725 4327 7901 4141 1305 1047 578 469 341 188 3637 3484 91 2291 2120 171 142 94 504 153 396 128 153 3489 1193 89 2101 426 1675 102 1573 352 332 487 87 148647 629 1556 3438 564 2725 2556 169 86 1551 967 713 254 328 4412 4408 2390 2297 1118 295 241 823 810
is_linear=0
shrinkage=0.04


Tree=107
num_leaves=63
num_cat=0
split_feature=20 23 10 28 19 30 23 11 19 23 10 10 1 10 23 2 1 0 8 1 21 1 2 18 18 2 9 21 18 11 18 9 21 0 8 9 1 11 23 2 11 1 1 2 11 8 0 8 0 11 10 9 0 11 2 10 8 0 0 2 2 11
split_gain=62.6743 37.1056 11.0309 5.79853 4.64118 3.02788 4.10933 5.25339 3.68197 3.19823 2.98751 2.88197 3.42375 2.52624 2.49867 2.61796 2.1014 1.79722 4.09012 2.33386 3.00442 1.49481 2.24811 1.26395 1.43549 1.05411 1.53407 1.02475 1.02068 0.935918 0.954842 0.802888 0.747248 0.634605 0.630652 1.48126 1.47982 0.603724 0.596724 0.590413 0.590033 0.583447 1.05066 0.568781 0.531054 0.52486 1.43231 1.34207 1.62836 0.881999 0.770179 0.882794 1.18047 1.06443 0.960627 0.965589 0.847428 2.37117 1.00231 1.29576 0.747913 0.566869
threshold=0.53863716125488292 0.26293487846851354 0.43650794029235845 1.0000000180025095e-35 0.82972848415374767 1.0000000180025095e-35 0.9689110815525056 0.82247900962829601 0.90152388811111461 0.84136661887168895 0.86607143282890331 0.080128207802772536 0.43283110857009893 0.240384615957737 0.63837969303131115 0.37468589842319494 0.71350193023681652 0.47354473173618322 0.17267081141471866 0.51101076602935802 0.8603896200656892 0.53663355112075817 0.11427757143974306 0.77158385515213024 0.43683740496635443 0.45086249709129339 0.77032968401908886 0.36602871119976049 0.615800440311432 0.77888888120651256 0.615800440311432 0.96225070953369152 0.23303167521953586 0.3525752872228623 0.84292763471603405 0.74464204907417308 0.29179082810878759 0.98936170339584362 0.69779554009437572 0.70000678300857555 0.4803846031427384 0.66275858879089367 0.75846338272094738 0.25084657967090612 0.79772728681564342 0.64051282405853283 0.53636872768402111 0.75931033492088329 0.48967123031616216 0.908033847808838 0.58571431040763866 0.90595519542694103 0.96444573998451244 0.54226192831993114 0.4462836235761643 0.44949495792388922 0.8521554470062257 0.63326683640480053 0.90921679139137279 0.54586797952651989 0.69999995827674877 0.70659971237182628
decision_type=2 2 2 2 2 2 2 2 2 2 2 2 2 2 2 2 2 2 2 2 2 2 2 2 2 2 2 2 2 2 2 2 2 2 2 2 2 2 2 2 2 2 2 2 2 2 2 2 2 2 2 2 2 2 2 2 2 2 2 2 2 2
left_child=1 13 4 5 11 34 7 8 9 38 39 14 23 37 40 21 -8 18 -6 -20 43 22 -16 24 31 26 -26 -27 -24 -28 -31 33 -9 -13 35 -4 -37 -1 -7 -3 -2 -36 -43 -21 -42 46 -15 -47 49 -49 51 54 53 -53 55 -50 57 -52 59 -58 -60 -55
right_child=2 10 3 -5 17 6 16 32 -10 -11 -12 12 -14 45 15 -17 -18 -19 19 20 -22 -23 28 -25 25 27 29 -29 -30 30 -32 -33 -34 -35 41 36 -38 -39 -40 -41 44 42 -44 -45 -46 47 -48 48 50 -51 56 52 -54 61 -56 -57 58 -59 60 -61 -62 -63
leaf_value=-0.031124978525161811 0.0036456239983526364 -0.039519392898845068 0.034030734552979704 0.03733908272304487 0.034166318808231372 -0.015238967171496752 -0.049264820310137576 0 0.025971317858654024 -0.058793735292182119 0.0074178515978042519 0.0078215794189057403 0.020820753055773935 -0.0038080518105408751 0.0090375729191435345 0.023504169865007682 0.0051701534520033786 0.033258362645355609 0.022251165577571938 -0.034182490026818217 0.016047979009322151 0.0030627474104331278 -0.0023921082332794496 0.0092812446612905268 -0.030987995191429519 -0.047785421257423473 -0.018012358130092134 -0.0022358987069989239 -0.041865557363128365 -0.0056419040343567463 0.033195009373826266 0.021768431650278416 0.031573422950465828 -0.023183627538848443 0.034229657742926668 -0.019067537636605507 0.022405079590943029 0.0025116033684600167 0.012159240925807713 0.0011455854542467101 0.032209643113456018 -0.013720374291048353 0.023996039608406211 -0.0083271205100389472 0.0045431081711477849 -0.020548021703204852 0.039367924000111118 -0.0023398167272133267 -0.018949249829680333 0.040421451354124741 -0.018462078611368872 -0.010176772623736226 -0.016389553553787933 0.020760523674184187 -0.026497703986267541 0.017092470066709452 0.0078592982513634533 0.037936321865838923 0.01726743994016457 -0.013448715627659457 0.0019098765400680762 0.0028534622922570595
leaf_weight=3.6211925192037588 3.3435642602853495 72.307371307048015 1.6207718957448385 44.216165748017374 7.0736074429005447 1.3803488188423263 2.0031631979509252 1.0983103448525078 1.8021006658673284 2.0413474778179079 1.8124547643237736 0.93026321154321312 3.0879856238607308 2.1028138113906603 2.2607127637602407 3.7903509838506571 1.3509502466768024 8.725484228692947 3.9190810527652493 3.7001951392739993 3.6521662184968591 6.8347329730167976 1.7616881274152545 1.4168560318648804 2.6107033088046574 4.84927250421606 0.85011579739511978 1.2494653912726787 4.085302660590969 1.1375086560146885 1.2308375284774227 0.81796605826821167 10.361150193726642 1.4567054823855867 13.066752621671183 2.6576289050281052 1.1838905736804006 0.6146952140261418 1.7188830066006628 0.32732270122505625 5.6470619281171821 1.1314721871167432 1.6398935746401546 3.8474349277094007 2.2103170921327546 3.0160983416717491 1.2034987579099832 0.69325943174771887 1.0419542135205146 1.7648428592947312 0.93921442772261743 3.8943598722107771 3.9230362214148036 5.0631658798083645 3.6439937736722641 1.8026086306781508 7.0017892968608093 2.6544680845108815 8.2964910184964538 9.4465556992217881 13.329260014928877 7.177170638286043
leaf_count=4070 62 148210 34 2997 254 39 51 91 40 59 345 96 88 363 27 106 50 436 34 23 69 77 301 19 907 543 373 17 113 249 25 19 379 556 406 118 17 293 54 122 117 46 70 59 80 1068 59 156 468 33 97 74 18 53 457 66 66 68 71 69 104 163
internal_value=0.000410631 -0.0177962 0.017335 0.0271264 0.00646658 0.0159385 0.00484353 0.0126798 -0.0132515 -0.0296432 -0.0379959 -0.00109597 -0.0127193 0.000905 0.00656474 -0.00230314 -0.0302692 0.0183716 0.0111644 -0.000801321 -0.0103585 -0.0101641 -0.0208655 -0.0200352 -0.0234332 -0.0293752 -0.0127717 -0.0406466 -0.0326428 0.00489944 0.0172171 0 0.028514 -0.0111774 0.0263662 0.0105806 -0.00347241 -0.0259324 0 -0.0392687 0.0206967 0.0306211 0.00798183 -0.0239867 0.0262701 0.00274631 0.0164715 0.00186463 0.0031503 0.0300156 0.00170474 -0.00345355 0.000698679 0.00580103 -0.0152026 0.00135516 0.00508872 0.0215155 0.00292494 -0.00421841 0.00848121 0.0115713
internal_weight=323.44 155.678 167.762 87.2728 80.4894 43.0567 21.7563 18.4021 6.94268 5.14058 74.4471 49.5714 19.6377 81.2305 29.9337 18.7328 3.35411 30.918 22.1925 15.1189 11.1998 14.9424 8.1077 16.5497 15.1328 11.9279 5.82917 6.09874 5.84699 3.21846 2.36835 3.20493 11.4595 2.38697 21.3004 5.46229 3.84152 4.23589 3.09923 72.6347 11.2009 15.8381 2.77137 7.54763 7.85738 76.9946 3.30631 73.6883 70.6722 2.4581 68.2141 26.5463 20.0577 16.1347 6.48856 2.84456 41.6678 3.59368 38.0741 16.4483 21.6258 12.2403
internal_count=165594 156493 9101 4451 4650 1454 763 662 192 152 148677 3775 2892 7816 883 624 101 875 439 185 151 518 441 2804 2785 2114 1554 560 414 647 274 671 470 652 691 169 135 4363 93 148332 259 522 116 82 197 3453 422 3031 1963 189 1774 1299 308 290 991 534 475 165 310 135 175 216
is_linear=0
shrinkage=0.04


Tree=108
num_leaves=63
num_cat=0
split_feature=1 23 2 28 9 7 6 19 20 20 18 18 1 19 6 1 18 11 2 1 18 23 24 23 8 2 7 19 11 1 19 6 18 11 1 1 9 11 5 9 6 6 2 8 2 11 11 2 9 9 2 31 11 7 7 11 23 11 18 20 19 2
split_gain=59.1888 37.4284 10.2601 5.85894 2.48374 2.37132 2.20551 2.49674 2.16133 1.88708 2.36715 1.77945 1.75432 1.66362 1.41784 1.28173 2.83727 2.35845 1.97609 1.44421 1.65329 1.27828 1.46729 1.16942 1.87191 1.23628 1.09207 1.04577 0.95457 0.920789 2.30398 1.71854 0.793534 0.748344 0.977456 0.739129 0.698638 1.49198 0.99105 0.844702 0.954313 1.43757 1.33982 0.923109 2.16959 1.01391 1.52611 1.16176 0.79453 1.25888 0.634784 0.619668 0.747545 0.667345 0.862778 0.599614 0.588044 0.57165 0.569564 0.562279 0.528103 0.516846
threshold=0.078810192644596114 0.26293487846851354 0.58757218718528759 1.0000000180025095e-35 0.12132352963089944 0.83910790085792553 0.70659971237182628 0.88581016659736644 0.7353600561618806 0.99740931391716015 0.46192501485347753 0.5914268195629121 0.031006857752799991 0.64174234867095958 0.56294015049934398 0.29179082810878759 0.73375529050827037 0.89379698038101207 0.28178173303604132 0.48549756407737737 0.69194823503494274 0.42008402943611151 1.0000000180025095e-35 0.87112742662429821 0.17267081141471866 0.26769448816776281 0.43534001708030706 0.58470535278320324 0.89699381589889537 0.45897600054740911 0.88581016659736644 0.90366768836975109 1.0000000180025095e-35 0.70412456989288341 0.13631390780210498 0.29179082810878759 0.82683658599853527 0.88516482710838329 1.0000000180025095e-35 0.83457711338996898 0.68133461475372326 0.75582656264305126 0.56336912512779247 0.92637759447097789 0.60462343692779552 0.89009663462638866 0.92637759447097789 0.44473314285278326 0.75147059559822094 0.69028213620185863 0.23075737059116366 1.0000000180025095e-35 0.6195238232612611 0.54653680324554454 0.49691358208656317 0.62115561962127697 0.77158385515213024 0.92052632570266735 0.77158385515213024 0.5265987515449525 0.58470535278320324 0.54586797952651989
decision_type=2 2 2 2 2 2 2 2 2 2 2 2 2 2 2 2 2 2 2 2 2 2 2 2 2 2 2 2 2 2 2 2 2 2 2 2 2 2 2 2 2 2 2 2 2 2 2 2 2 2 2 2 2 2 2 2 2 2 2 2 2 2
left_child=1 12 4 6 -2 9 7 -4 27 10 33 -3 14 21 51 16 18 19 -15 58 -21 -12 -23 50 -25 -26 -16 -8 -11 30 31 -10 36 56 -35 -24 37 38 -28 61 -41 42 -42 45 -45 -43 -47 -48 49 -39 -22 -1 53 54 -53 -31 -6 -36 -17 -5 -7 -38
right_child=2 11 3 59 5 60 8 -9 29 28 13 -13 -14 15 26 17 -18 -19 -20 20 23 22 35 24 25 -27 32 -29 -30 55 -32 -33 -34 34 57 -37 39 48 -40 40 41 43 -44 44 -46 46 47 -49 -50 -51 -52 52 -54 -55 -56 -57 -58 -59 -60 -61 -62 -63
leaf_value=-0.028687954323263987 0.029177333733338719 -0.039254343761987491 0.014280286724255874 0 0.031355473100751437 0.00075206647000768232 0.01321399094738855 -0.034718747793005475 -0.0035280250450390118 0.026917411092904225 0.012299115389417697 0.0059176881880768388 0.040263899581885899 0.022599016104008371 0.030975535625331493 -0.023650657845868929 0.033737898915419624 0.024334709255271991 -0.022169550805330146 0.021826096128502989 -0.004122272365790383 -0.033237883237608117 -0.014412440742071857 0.010203698521942212 -0.039409369659435006 -0.0043468136663056449 -0.031840056047671199 -0.013654516633594587 -0.0031333784337794612 0 -0.017119511163850711 0.033795956259212188 -0.021796570520334201 -0.018634603770152979 -0.00015206617299351748 0.013457981502097658 0.033501435546391352 -0.013588898486571068 0.0028178085667106621 0.01716494076204535 -0.026648894862562198 -0.027462686021602768 0.0066658470165795874 0.025171552656933115 0.0011938254952799598 0.020791954884513436 0.0086809161807180919 -0.022893901722802281 -0.0090463720068365439 0.032378377460431457 0.015927832147203277 -0.0052833438758225328 -0.022040998336673969 -0.017258844901710046 0.029022063616723534 0.032509087110039546 0 0.026778881354565909 -0.0018201979692852792 0.037759616086143234 0.03369366279109464 -0.0023594468230157825
leaf_weight=2.5069660597364409 6.5903133787214747 69.995318391534965 2.6375256434548637 0.67199834436178107 4.4802743609179725 1.2650666397530574 3.4810801012208712 2.0726705808192492 2.3951348941773194 5.9924184419214717 1.3326175359543402 1.0178094392176706 0.78645506111206387 1.4233107974869179 1.0252807080978517 7.349382866406815 4.2791884443722665 3.4311949610710135 3.4836634868988767 3.3409302458167103 4.5415404494851845 5.4947686730592959 2.3096887720166706 2.6782591100782138 3.3336599357426167 3.4620552137494087 3.2150440097320807 3.7804994899779558 1.678465489298105 0.95522836036979875 2.330804605036974 5.0816788040101528 1.3358881548047055 1.1813416463555766 1.9703926598303954 1.7771501075476406 1.2940867434372183 0.60008503281278569 1.4119498059153555 5.225333502108696 4.4140844519133671 1.8607011210988265 2.2300723046064377 6.6360627065878353 31.413281511515379 2.6881886823684891 2.1648286310955882 3.7081156015046872 1.7415601980173958 1.9338933466933665 3.5178856868296862 1.4465139735839336 1.3852745481999589 0.49842519225785498 1.4582322977366855 13.599688580259681 1.1375343041145241 1.4725684549193827 3.25050138682127 42.646691693924367 4.2837015809491277 0.45133415516465891
leaf_count=1212 188 149650 61 4 202 33 39 44 58 151 32 103 86 35 160 102 39 80 118 46 43 1367 123 56 28 57 1096 44 34 29 52 196 1094 413 63 27 158 124 7 322 464 309 12 49 210 87 109 167 350 221 49 436 889 126 187 611 86 31 46 3215 157 7
internal_value=0.000420593 -0.0174689 0.0170075 0.027263 0.00715202 0.00490795 0.0146291 -0.00888487 0.018419 0.00273667 0.000339128 -0.0384782 0.00104838 -0.00296753 0.00012848 0.000516955 0.0131033 -0.00295671 -0.00687939 -0.00671283 -0.00021892 -0.0162419 -0.0213765 -0.00558636 -0.0145743 -0.0249089 0.00192489 -0.000249645 0.0202777 0.0239315 0.0118931 0.0223619 0.00104169 0.0171378 0.0030426 -0.00124357 0.00182384 -0.00797379 -0.0219319 0.00339625 0.00229579 0.000534038 -0.0155345 0.00308697 0.00601565 -0.00684578 0 -0.0111035 0.00766749 0.0195959 0.00498005 -0.0155056 -0.00414925 0.00557691 0.0139362 0.0305002 0.0259229 0.0139008 -0.0180351 0.0372004 0.0280558 0.0252897
internal_weight=317.156 152.445 164.711 79.653 85.0579 78.4676 36.3343 4.7102 31.6241 72.9188 65.2479 71.0131 81.4317 55.0058 80.6452 44.0916 9.18616 34.9054 4.90697 31.4742 20.8743 10.9142 9.58161 17.5334 9.47397 6.79572 73.3498 7.26158 7.67088 24.3625 9.80762 7.47681 72.3245 10.2421 4.6243 4.08684 70.9886 8.90253 4.62699 62.0861 60.3407 55.1153 6.64416 48.4712 38.0493 10.4218 8.56113 5.87294 4.27554 2.53398 8.05943 7.29541 4.78845 3.40317 2.90475 14.5549 5.61781 3.44296 10.5999 43.3187 5.54877 1.74542
internal_count=165594 157635 7959 4353 3606 3418 1134 105 1029 3228 3043 149753 7882 2248 7796 699 192 507 153 427 279 1549 1517 233 141 85 4946 83 185 946 306 254 4786 795 507 150 3692 1798 1103 1894 1729 1407 476 931 259 672 363 276 695 345 92 2850 1638 749 623 640 288 94 148 3219 190 165
is_linear=0
shrinkage=0.04


Tree=109
num_leaves=63
num_cat=0
split_feature=22 23 2 28 18 9 11 6 10 22 30 10 10 2 6 1 30 24 10 24 11 9 18 22 9 7 9 7 8 1 1 1 1 22 22 9 8 19 2 7 6 2 24 1 6 6 2 9 11 10 2 10 1 1 9 8 22 9 8 5 2 6
split_gain=55.961 35.678 10.3725 7.55194 3.2167 2.56838 3.67689 2.62161 2.18109 2.06759 2.84071 2.98836 2.88254 3.67862 2.57791 1.72493 1.50685 4.14573 1.88326 1.81371 1.62618 1.50957 1.25129 1.22716 1.70214 3.33493 1.6206 1.18177 1.29955 1.17925 1.14581 1.14036 1.11049 1.08091 1.06927 0.99504 1.25157 0.948421 0.898227 0.873558 0.99657 1.10496 0.841458 0.81609 0.801019 0.792729 0.774752 1.15893 1.70707 1.18734 0.915996 0.759346 0.755881 1.85173 0.634884 0.632717 0.621376 0.576443 1.49494 2.50993 1.53109 0.50544
threshold=0.13423423469066623 0.26293487846851354 0.53885021805763256 1.0000000180025095e-35 0.5914268195629121 0.1702898591756821 0.39559109508991247 0.75905716419219982 0.240384615957737 0.73030304908752453 1.0000000180025095e-35 0.4083333313465119 0.86607143282890331 0.70000678300857555 0.90366768836975109 0.45897600054740911 1.0000000180025095e-35 2.5000000000000004 0.080128207802772536 1.0000000180025095e-35 0.9529346525669099 0.62258651852607738 0.65240275859832775 0.69397994875907909 0.47690120339393621 0.270728349685669 0.73942822217941295 0.5912291705608369 0.49675324559211737 0.29179082810878759 0.031006857752799991 0.25371789932250982 0.66275858879089367 0.88562092185020458 0.48529411852359777 0.8550420105457307 0.86874485015869152 0.53627237677574169 0.60462343692779552 0.34330357611179357 0.62258651852607738 0.53885021805763256 1.0000000180025095e-35 0.29179082810878759 0.270728349685669 0.069570478051900878 0.47262573242187506 0.93440860509872448 0.88516482710838329 0.58571431040763866 0.45938509702682501 0.44949495792388922 0.51101076602935802 0.40217100083827978 0.79743590950965892 0.78319624066352855 0.42481203377246862 0.8989795744419099 0.86391696333885204 1.0000000180025095e-35 0.53278529644012462 0.94804319739341747
decision_type=2 2 2 2 2 2 2 2 2 2 2 2 2 2 2 2 2 2 2 2 2 2 2 2 2 2 2 2 2 2 2 2 2 2 2 2 2 2 2 2 2 2 2 2 2 2 2 2 2 2 2 2 2 2 2 2 2 2 2 2 2 2
left_child=1 8 5 9 45 6 -2 16 61 10 11 31 13 34 -15 -16 17 23 19 21 33 43 35 24 25 -7 37 28 -28 -23 39 -4 -13 51 38 -9 55 -26 -12 -10 41 -41 56 -18 -21 -3 47 48 50 -50 -42 54 53 -8 -20 -37 -29 58 60 -60 -48 -1
right_child=2 4 3 -5 -6 7 52 22 30 -11 12 32 -14 14 15 -17 18 -19 20 44 -22 29 -24 -25 26 -27 27 42 -30 -31 -32 -33 -34 -35 -36 36 -38 -39 -40 40 46 -43 -44 -45 -46 -47 57 -49 49 -51 -52 -53 -54 -55 -56 -57 -58 -59 59 -61 -62 -63
leaf_value=-0.027830297841573662 -0.024048445741743422 0.0055642921079498186 -0.027293619176349621 0.037862590482635933 0.014523842763383173 0.012400959440492495 0.031519562516821434 0.023324898687924187 0.029433893236021913 0.034281787208357478 -0.021112485071986976 0.03182997231840206 0.023304230383442953 -0.047808128789985409 -0.020244199022222568 0.022710926421101115 0.0066743023194567605 -0.045085861143119445 -0.046758738992842136 0.031798008427973014 0.013994459497111348 -0.01407021735158903 0.034180292267256239 0.030897992148778971 -0.0022207235852394077 -0.03120517856059777 0.016216668991663775 -0.01986202275008539 -0.02599933902219664 0.03131400314156467 0.033037663203044063 0.0080135468205373411 0 0.011028267677233963 0.028602795140687514 0.0057980789005120086 0.017939766757962688 0.032325181879248252 0.01411913744430162 -0.016930814210695002 -0.027402232080464717 0.0168239388274204 0.022528625449507941 -0.025230991916545424 0 -0.039359750784826897 -0.016336488803637469 0.033202224609970896 0.022802658016325722 -0.0087156904127339684 0.013541340724429337 -0.0073826467809627273 0.037021499291037444 -0.0067604674060199885 -0.0099963697216254137 -0.028228819149868998 0.013306793522351278 0.0024591210782791825 -0.035266163777034988 0.011911340984916941 0.03270514712312042 0.0030203121241847144
leaf_weight=3.8947353950352399 1.7246376834809769 0.24308276176452537 1.6955935677106055 43.924052414484322 1.2511048413580272 5.1862433002097621 3.0693941731005889 1.9053964755148607 0.80646815081126888 5.655537672340869 1.3048736351192958 12.346148950047789 4.0075210863724342 3.7909792196005565 2.742422393290326 1.4688378991559146 0.94996979457209985 1.4972439365228627 3.7894551747303886 2.3620516482624225 1.0819720849394787 0.63988774153403927 4.2588058933615685 2.576069824397563 1.1644839279761061 4.1295503711444326 0.77047896489966516 1.1226890660182105 2.8042990274261683 1.2770843915641306 0.96153794304700468 2.2180917710065842 1.8959531653672446 0.48619094677269536 2.2915792623534799 0.57071181185892861 1.200578518793918 5.5588349855388515 1.2756585151655597 7.2495769287925196 2.312369545397813 0.95183104393072415 3.2650845997559372 4.9206050895154476 1.8249981087865306 67.852728137891972 0.81933547375956406 2.1143409970682105 5.3803808255470358 1.8864114843891 0.36110759433358897 2.7979207480675541 6.8559277132153511 3.1807938646525145 2.0563263971998822 2.0583129722217564 0.5434037223458289 47.025134823168628 3.7926644086837769 2.0956028085201979 1.4567759332712737 0.5372245730832218
leaf_count=4408 23 3 41 3336 78 54 63 103 30 251 65 400 135 71 55 73 150 19 854 48 134 113 108 49 298 59 23 325 267 12 51 49 76 14 64 29 70 186 25 1100 793 11 77 91 43 148644 183 41 548 91 58 147 238 37 492 194 7 431 111 15 26 4
internal_value=0.000435222 -0.0169671 0.0168609 0.0264199 -0.0378469 0.00590853 0.020297 0.00206236 0.000962474 0.0133608 0.00901534 0.019593 -0.00259632 -0.0120455 -0.027631 -0.00301132 -0.0016662 0.00425492 -0.00933049 0.00128502 -0.0211395 -0.00957457 0.0198082 0.00862747 0.00501549 -0.0076924 0.0130304 0.000448704 -0.0144702 0.0151633 0.00269932 -0.00891066 0.0277588 -0.0266686 0.0132179 0.0050513 -0.00615943 0.0263111 -0.00349984 0.00184226 0.00111383 -0.011176 0.0125546 -0.0192659 0.020206 -0.0390633 0.00281316 0.0115975 0.00402161 0.0140723 -0.0186023 -0.0301274 0.0277071 0.0132412 -0.0377606 -0.0201777 -0.0066101 0.000651032 -0.00845867 -0.0186035 0.0142326 -0.0234867
internal_weight=311.239 150.992 160.247 84.6172 69.3469 75.6294 14.8308 60.7986 81.6455 40.6932 35.0377 18.1558 16.8819 12.8744 8.00224 4.21126 50.8048 28.6184 22.1865 11.9746 10.2119 7.78755 9.99381 27.1211 24.5451 9.31579 15.2293 8.50596 3.57478 1.91697 77.2135 3.91369 14.2421 9.12989 4.87211 5.735 3.8296 6.72332 2.58053 76.252 75.4455 8.20141 4.93118 5.87057 4.18705 68.0958 67.2441 12.0546 9.94027 7.26679 2.67348 8.6437 13.1061 6.25019 5.84578 2.62902 1.66609 55.1895 8.16438 5.88827 2.27611 4.43196
internal_count=165594 156626 8968 4641 148725 4327 361 3966 7901 1305 1054 566 488 353 199 128 3462 1364 2098 457 1641 366 504 1345 1296 113 1183 699 290 125 3489 90 476 1507 154 396 293 484 90 3438 3408 1111 409 241 91 148647 2297 1531 1490 639 851 1493 338 100 1346 223 332 766 335 126 209 4412
is_linear=0
shrinkage=0.04


Tree=110
num_leaves=63
num_cat=0
split_feature=21 23 6 20 20 18 10 21 31 10 8 28 10 23 18 10 11 20 11 0 24 19 19 2 20 24 1 23 1 11 10 6 6 21 8 1 1 23 2 0 11 21 11 18 8 0 8 8 18 10 9 0 31 10 6 2 11 0 9 10 9 19
split_gain=52.7424 34.7322 10.0149 5.67167 4.63732 3.16163 2.63621 3.2005 2.59712 3.34278 4.20231 2.56071 2.3479 2.16784 2.1603 2.07769 1.65284 1.60768 1.60407 1.82221 1.52062 1.35801 2.38907 1.27511 1.21684 1.20071 1.16032 1.97565 1.09933 1.03448 0.998801 0.933114 2.27033 1.08884 0.926904 0.919492 0.902544 0.866833 0.805275 0.787362 0.764349 0.757381 0.72814 0.705248 0.668411 1.29998 1.00941 1.12345 0.563321 0.55709 1.12863 0.657233 0.55446 3.0247 1.17116 2.70593 0.977019 1.22875 0.880526 0.789838 0.550137 0.545352
threshold=0.13423423469066623 0.26293487846851354 0.70659971237182628 0.82078272104263317 0.99740931391716015 0.5914268195629121 0.44949495792388922 0.36038962006568914 1.0000000180025095e-35 0.26136364042758947 0.17267081141471866 1.0000000180025095e-35 0.080128207802772536 0.73183304071426403 0.80090090632438671 0.240384615957737 0.92940199375152599 0.97169560194015514 0.78867626190185558 0.55062541365623485 1.0000000180025095e-35 0.64174234867095958 0.58470535278320324 0.15310041606426242 0.91458967328071605 1.0000000180025095e-35 0.53663355112075817 0.85781672596931469 0.031006857752799991 0.5039682686328889 0.11805555596947671 0.2152509689331055 0.37089946866035467 0.2788888961076737 0.83457711338996898 0.45897600054740911 0.53663355112075817 0.83796653151512157 0.46851472556591039 1.0000000180025095e-35 0.74133810400962841 0.19292803853750232 0.28708791732788091 1.0000000180025095e-35 0.64051282405853283 0.32731349766254431 0.75931033492088329 0.78319624066352855 0.73375529050827037 0.86607143282890331 0.81725418567657482 0.99999997019767772 1.0000000180025095e-35 0.44949495792388922 0.82807883620262157 0.60462343692779552 0.60922586917877208 0.76780930161476146 0.94494947791099559 0.4083333313465119 0.69504830241203319 0.39721170067787176
decision_type=2 2 2 2 2 2 2 2 2 2 2 2 2 2 2 2 2 2 2 2 2 2 2 2 2 2 2 2 2 2 2 2 2 2 2 2 2 2 2 2 2 2 2 2 2 2 2 2 2 2 2 2 2 2 2 2 2 2 2 2 2 2
left_child=1 15 4 6 8 39 7 30 11 10 -10 12 29 38 18 -1 42 24 23 35 21 22 41 -12 36 40 27 -13 43 37 -4 -31 -33 -34 -22 -20 -15 -2 -14 -3 -5 -8 -6 44 45 -17 -46 -48 -23 50 60 -51 54 58 56 -56 57 -52 -54 -58 -49 -32
right_child=2 5 3 25 16 -7 20 -9 9 -11 14 26 13 17 -16 28 -18 -19 19 -21 34 48 -24 -25 -26 -27 -28 -29 -30 31 61 32 33 -35 -36 -37 -38 -39 -40 -41 -42 -43 -44 -45 46 -47 47 49 -50 51 52 -53 53 -55 55 -57 59 -59 -60 -61 -62 -63
leaf_value=-0.023127153209671 -0.025872015276286801 0.0055255787811768096 0.0054676822145986606 0.002299894350687288 0 0.01419368873139739 -0.00846584202183253 0.021971623286772171 0.023745270537222658 0.024186639868448347 0.0015360627350362202 0.019126975272481899 -0.01432921973984882 -0.027897241013736616 0.0070468743440392136 -0.014417052724543111 -0.0099669939090093126 0.010654894452395361 -0.029852989159771377 0.031131479415958119 -0.0020453180022146993 0.028929084585015998 -0.038055615793496318 -0.03933158832483135 -0.067241092323500729 0.037609740404028175 0.024850012679117527 -0.027999443898272018 0.032349794343747511 0.024113904989900882 0.0022043462715576091 -0.03389992831083858 -0.014111536843611621 0.026429449186016269 0.03558760130567868 0.0087601674444952975 0.01108121348075183 0.0018540480432899626 0.018722704271927442 -0.03931168519243395 0.025504077195866351 0.022474425061775837 0.035486421216654844 -0.02048122673863512 -0.018813358828632786 0.029922150880236892 0.025403409129528081 0.0036801780876550365 0.00027002882899640072 0.021587172322867804 -0.018176594606134754 0 0 0.010764959078387221 0.023236192507381417 -0.0073114662977409517 0.0017912299603108153 0.015343553471441162 -0.036772336855831263 -0.036926432029818927 -0.026169186066774489 -0.03698641086498624
leaf_weight=4.3341370804118915 2.8431042398733606 0.24202195927500625 0.79962781796348537 3.3312661200761804 0.90806418284773727 1.2522357301786531 1.2145585622056407 2.4139201594516635 6.6123008374124792 12.818297387275377 1.1832898709690178 1.945481984468642 1.4063646916474666 3.8704397321562283 5.3527122223749748 0.68189953046385143 1.0526254018768657 0.46276816725730885 1.6360951958049561 0.96038552367826913 0.87292139302007754 2.6402990063652396 1.5455938335508106 5.5840148173738271 1.9839927107095716 38.661988799460232 3.7982573816552758 1.7278049484011715 0.9639196555945081 2.3497236658586189 0.30826328077819187 1.3745362695772199 0.66016550728818435 2.3724429621361196 6.1882573773036711 0.79157018824480463 0.44643341004848469 2.7028580149926711 1.2797401657444423 65.271508021163754 15.463999359635636 2.0821163726504892 9.7802507942542416 1.1806132068159048 2.6868906834279178 2.4662065441370942 2.3161776904016724 0.74898176942951922 2.0122779421508312 3.4460308589041224 2.5227115233428794 4.5366704016923904 1.760567262826956 24.598845378262922 5.9766850080341127 12.708511278033255 0.74804681760724667 2.4439506847411394 2.0493061197921634 2.4380777908954769 2.7036628964706324 3.8582879148889333
leaf_count=4412 59 3 25 81 30 78 79 40 145 575 52 86 389 889 48 91 42 11 205 56 19 50 26 431 19 2886 135 41 51 28 52 68 173 41 355 6 6 56 65 148644 580 59 391 713 856 247 243 38 61 38 73 55 248 203 79 65 213 15 36 76 149 608
internal_value=0.000459179 -0.016603 0.01655 0.0262319 0.00590975 -0.0377538 0.00913514 -0.00954137 0.00144373 0.00874167 -0.000694381 -0.00714947 -0.0140329 -0.0280106 -0.0121644 0.000963171 0.0279732 -0.0387583 -0.0223729 0 0.0177576 0.00569522 -0.00793415 -0.032393 -0.0438976 0.0330077 0.0117095 -0.00343203 0.00265004 -0.00169745 -0.0266447 0.00799068 -0.00273569 0.0153013 0.0307625 -0.0172131 -0.0217879 -0.0135295 0.00113984 -0.0390053 0.0219174 0.0108271 0.0325849 0.00180632 0.00247613 0.0181934 0.00149005 0.00259532 0.0194821 0.00138036 0 0.0106577 0.00149655 0.005349 -0.00248333 0.0029404 -0.014314 -0.00120477 -0.023756 -0.0286243 -0.0194234 -0.0334472
internal_weight=305.375 148.078 157.297 81.3934 75.9037 66.7658 23.9361 7.3801 64.1628 34.9387 22.1204 29.2241 21.7526 9.44974 15.5081 81.3119 11.7409 6.76363 10.1554 3.38805 16.556 9.49485 4.84227 6.7673 6.30087 57.4573 7.47154 3.67329 76.9778 12.3028 4.96618 6.75687 4.40714 3.03261 7.06118 2.42767 4.31687 5.54596 2.6861 65.5135 18.7953 3.29667 10.6883 76.0138 74.8332 3.14811 71.6851 68.9982 4.65258 66.682 58.6993 7.9827 55.2467 28.4087 26.838 18.6852 8.15279 4.96666 3.80987 3.18612 3.45264 4.16655
internal_count=165594 156626 8968 4921 4047 148725 1374 725 3584 1518 943 2066 1804 1379 798 7901 463 925 750 267 649 275 164 483 914 3547 262 127 3489 425 685 310 282 214 374 211 895 115 454 148647 661 138 421 3438 2725 338 2387 1531 111 1288 1195 93 1008 487 521 144 377 88 284 289 187 660
is_linear=0
shrinkage=0.04


Tree=111
num_leaves=63
num_cat=0
split_feature=1 23 10 28 19 30 23 11 10 1 2 18 9 2 10 18 9 8 11 9 21 1 21 20 18 19 2 7 18 21 8 7 11 23 7 9 2 7 9 9 5 11 2 20 11 21 7 7 2 11 8 8 11 10 2 8 11 11 11 20 7 7
split_gain=49.7654 34.5763 9.33589 5.43004 3.90639 2.9823 3.67711 4.13781 2.35819 3.01939 2.38655 2.48761 4.09151 2.59136 1.8589 1.71084 1.68758 4.51153 1.56395 1.5188 1.45888 1.33051 1.26169 1.2161 1.09959 1.27852 0.987669 1.925 1.35423 1.15893 0.937448 0.903965 1.23032 0.891649 0.761606 0.716967 0.838346 1.17779 0.70101 1.45229 1.10337 0.639381 0.609266 0.602485 0.5716 0.533915 0.530834 0.858872 1.61358 1.44591 1.14544 1.22688 0.721657 0.629851 0.611292 0.598922 0.585794 0.970834 0.497278 0.47756 0.454145 0.428999
threshold=0.078810192644596114 0.26293487846851354 0.43650794029235845 1.0000000180025095e-35 0.82972848415374767 1.0000000180025095e-35 0.9689110815525056 0.82247900962829601 0.080128207802772536 0.43283110857009893 0.36545780301094061 0.5914268195629121 0.40370370447635656 0.1600352078676224 0.240384615957737 0.5914268195629121 0.71834936738014232 0.32071428000926977 0.61451050639152538 0.33687943220138555 0.39009661972522741 0.58753976225852977 0.23303167521953586 0.89498746395111095 0.77158385515213024 0.39541453123092657 0.45086249709129339 0.65648320317268383 0.615800440311432 0.36038962006568914 0.17267081141471866 0.78086888790130626 0.73431372642517101 0.81497043371200573 0.34330357611179357 0.66228070855140697 0.27728973329067236 0.75905716419219982 0.70064935088157665 0.81302964687347423 1.0000000180025095e-35 0.89379698038101207 0.27267150580883032 0.87559524178504955 0.98936170339584362 0.5419580638408662 0.85145786404609691 0.80229884386062633 0.52799281477928173 0.60791924595832836 0.78319624066352855 0.77485185861587536 0.92940199375152599 0.58571431040763866 0.48148170113563543 0.64241620898246776 0.51564025878906261 0.4246212244033814 0.98936170339584362 0.5265987515449525 0.067816093564033522 0.90070420503616344
decision_type=2 2 2 2 2 2 2 2 2 2 2 2 2 2 2 2 2 2 2 2 2 2 2 2 2 2 2 2 2 2 2 2 2 2 2 2 2 2 2 2 2 2 2 2 2 2 2 2 2 2 2 2 2 2 2 2 2 2 2 2 2 2
left_child=1 14 4 5 8 31 7 18 10 24 11 12 -2 20 58 -3 17 19 -7 -6 -13 -8 -9 -20 25 -10 27 44 -29 -28 -15 32 -4 -32 -16 -36 37 42 41 40 -40 -38 -37 -14 -27 -18 47 48 50 -50 51 55 -48 -54 -49 -41 57 -52 60 -5 -1 -17
right_child=2 15 3 59 16 6 21 22 9 -11 -12 13 43 30 34 61 45 -19 23 -21 -22 -23 -24 -25 -26 26 29 28 -30 -31 33 -33 -34 -35 35 36 38 -39 39 46 -42 -43 -44 -45 -46 -47 52 54 49 -51 56 -53 53 -55 -56 -57 -58 -59 -60 -61 -62 -63
leaf_value=0.0046938321544403019 0.035989768471652209 -0.039161254616398869 0.023237830016957364 0 0.031182098130304942 0.01170859764303313 -0.04767623290824214 -0.0054424394764222986 0.0062907076484700801 0.020031368426870998 0.027467770182194609 -0.0027437945698893418 -0.026580577816834764 0.018257278673074657 0.028325858620352546 -0.010304188904828256 0.0080527837291139506 -0.01700863590146226 -0.041727208018717016 0.0013898498429603581 -0.040878102869351618 -0.00019299225377178908 0.030769774388012521 -0.0022348605690421285 0.0083131695048272117 -0.032752691131625905 -0.045922115024839769 -0.010956932328702127 0.032607756559005725 -0.002164459729785552 0.0090034224351319483 0.032291130419102976 -0.0058152733487677509 -0.019549376463180584 -0.020586951252106946 -0.017310391892124435 -0.0021864922577127543 0.045280162707378661 -0.025193362889749445 0.014840124099284124 0.0099149846905983649 0.03238388526757436 0.018448961857139696 0.0050829280118883293 0.0023946211643233999 0.035540805922157796 0.015568308161034985 0.0047805530948455757 -0.00025844903469736559 0.027213225971157672 -0.018667156198362282 0.0355058695576322 -0.0069605923258063973 0.0058938952665731062 -0.019592177120030831 -0.01998043435986922 -0.022288358823142868 0.01238844131649916 0.0027739115667029892 0.036736276206833007 -0.030485330942062908 0.019551748051470568
leaf_weight=0.18170568346977178 5.0903144674375715 62.296716706303414 4.5283663925947648 0.64717492647468944 8.4629030488431507 2.2540094824507895 1.5955316454637789 1.2737367986701418 1.579427308053712 2.9132602298632255 5.3740755865583187 3.0708510106196618 1.9725097285408995 3.5771072655916196 0.81786010833457012 0.47574058757163473 2.6127476794645172 6.1577071808278552 1.8802605662494896 4.3968303296715012 3.6004359857179224 1.7682109531015155 9.4988050705287588 2.8243618104606867 1.3841614280827332 3.2301280122774174 4.7252568427356891 1.4392391212750228 1.1931680366396902 1.5264023130293933 2.4209187465021387 12.189696597284636 3.15948979370296 2.5137688452377915 1.1873135635978531 0.87450768682174274 0.88676638755714465 0.70861494494602073 4.4872342112357719 0.25561798829585969 1.139723941683769 1.1825104620074851 0.25303589296527207 0.73643562011420716 0.49307874153600995 7.2769032111391425 8.1892196797998604 1.5037238607765164 5.8668444404611346 4.7984362329589203 1.9657840214204023 0.88718287379015226 7.3082038323627811 20.845057464204729 4.8124582573072985 1.1140678726369513 4.8381498918752186 2.4711334192543291 0.60373030742630351 38.532204577699304 3.3391374696511775 0.53994981199502945
leaf_count=1 117 149650 100 7 275 46 30 55 126 88 144 56 200 57 31 99 54 68 45 42 47 62 377 55 19 969 468 254 27 20 27 455 111 67 275 176 134 9 935 4 6 61 11 8 57 436 69 76 42 73 46 101 58 173 83 339 721 56 299 2990 4103 4
internal_value=0.000455199 -0.0164408 0.0160741 0.0255266 0.00581763 0.0146274 0.00360986 0.0113201 -0.00128766 -0.0121193 0.00580904 -2.28921e-05 0.0169337 -0.0094885 0.000966018 -0.0383111 0.0171227 0.00903368 -0.0113879 0.0221198 -0.0264919 -0.0293967 0.0260497 -0.0232675 -0.0192219 -0.0225423 -0.0266453 -0.0117169 0.0112288 -0.0375616 0.00480178 0.0253952 0.0115424 -0.00571083 0.00254586 0.00184837 0.00252785 0.0239885 0.00161158 0.000727201 -0.0170556 0.0203803 -0.00250582 -0.0178447 -0.0277296 0.0300524 0.00256635 -0.00138832 0.00228197 0.0130318 -0.00758734 0.0133256 0.00573029 0.00229554 -0.0133826 -0.00827387 -0.0138669 -0.00153779 -0.0223013 0.0361773 -0.0271483 0.00540877
internal_weight=299.73 143.83 155.899 80.1518 75.7476 40.9725 21.0949 17.7312 46.8405 18.4841 28.3564 22.9823 7.79926 15.1831 80.518 63.3124 28.9071 19.0174 6.95863 12.8597 6.67129 3.36374 10.7725 4.70462 15.5709 14.1867 12.6073 6.35561 2.63241 6.25166 8.51179 19.8776 7.68786 4.93469 76.3934 75.5756 74.3883 1.83616 72.5521 70.4828 5.62696 2.06928 1.12754 2.70895 3.72321 9.88965 64.8559 28.5134 22.1972 10.6653 11.5319 2.25687 36.3425 28.1533 6.31618 1.36969 9.27507 4.43692 4.12457 39.1794 3.52084 1.01569
internal_count=165594 157635 7959 4333 3626 1336 670 578 2751 2028 723 579 325 254 7882 149753 875 385 146 317 103 92 432 100 1940 1921 1795 1307 281 488 151 666 211 94 3479 3448 3173 196 2977 2782 941 195 187 208 1026 490 1841 1541 1382 115 1267 444 300 231 159 343 823 102 4403 2997 4104 103
is_linear=0
shrinkage=0.04


Tree=112
num_leaves=63
num_cat=0
split_feature=21 23 6 24 28 18 21 10 8 8 0 10 18 10 21 24 6 21 21 21 18 23 8 21 10 21 21 0 18 19 11 11 10 7 6 0 9 9 0 5 18 19 0 6 0 0 6 9 11 6 11 0 0 7 0 10 10 0 11 18 18 21
split_gain=46.8821 32.8332 9.44446 4.66504 3.86331 3.07076 2.73916 2.45057 4.39775 2.31591 2.81669 1.87694 1.81636 3.51404 1.881 1.7259 1.57163 1.40143 1.53874 1.69424 1.20261 1.23019 1.15905 1.10552 2.56088 1.04701 1.00891 0.989252 0.837034 3.27457 0.948426 1.58536 1.53055 0.800915 0.854246 1.01815 0.758182 0.932966 0.755951 0.738276 0.73685 0.968432 0.657761 0.583398 0.56637 0.778687 1.30716 1.34564 1.68088 1.42294 1.00972 1.50113 1.03628 0.826871 0.750204 1.09012 0.876723 0.959609 0.630122 0.530756 1.14348 0.573175
threshold=0.13423423469066623 0.26293487846851354 0.70659971237182628 1.0000000180025095e-35 1.0000000180025095e-35 0.5914268195629121 0.20942982286214831 0.19090909510850909 0.17267081141471866 0.47690120339393621 0.29973532259464269 0.240384615957737 0.8686291277408601 0.30384616553783422 0.48529411852359777 1.5000000000000002 0.2152509689331055 0.62202382087707531 0.52786380052566539 0.42481203377246862 0.615800440311432 0.87551653385162365 0.82807883620262157 0.3514705896377564 0.44949495792388922 0.070197045803070082 0.23303167521953586 0.42639465630054479 0.5914268195629121 0.64174234867095958 0.87652438879013073 0.80217391252517711 0.64583334326744091 0.34330357611179357 0.62258651852607738 0.76780930161476146 0.70064935088157665 0.81302964687347423 1.0000000180025095e-35 1.0000000180025095e-35 0.65240275859832775 0.35909883677959448 0.48814642429351812 0.54950982332229625 0.78874963521957409 0.76780930161476146 0.91476997733116161 0.83457711338996898 0.51564025878906261 0.7454303801059724 0.92637759447097789 0.63529169559478771 0.66915929317474376 0.70678734779357921 0.90921679139137279 0.64583334326744091 0.58571431040763866 0.99999997019767772 0.908033847808838 0.8686291277408601 0.77158385515213024 0.56385868787765514
decision_type=2 2 2 2 2 2 2 2 2 2 2 2 2 2 2 2 2 2 2 2 2 2 2 2 2 2 2 2 2 2 2 2 2 2 2 2 2 2 2 2 2 2 2 2 2 2 2 2 2 2 2 2 2 2 2 2 2 2 2 2 2 2
left_child=1 11 4 6 9 38 40 8 -6 10 16 -1 13 -11 22 17 20 18 19 -10 -2 -22 27 24 26 33 -5 43 -8 -30 31 32 -31 -13 35 -35 -36 39 -3 42 41 -4 -38 -15 45 46 47 53 -49 -50 52 -52 58 -39 55 -46 -56 -58 -51 60 61 -18
right_child=2 5 3 23 7 -7 28 -9 15 12 -12 25 -14 14 -16 -17 59 -19 -20 -21 21 -23 -24 -25 -26 -27 -28 -29 29 30 -32 -33 -34 34 36 -37 37 44 -40 -41 -42 -43 -44 -45 54 -47 -48 48 49 50 51 -53 -54 -55 56 -57 57 -59 -60 -61 -62 -63
leaf_value=-0.022408960782931066 0.027155440223394178 0.005240185113420952 0.01230735812700956 0.011109004233497531 0.028242030531928503 0.013758068159839012 0.030172440441820859 0.030193491711578035 -0.013437286448231779 -0.032287316634862742 0.045462016003836613 0.028004727906569608 -0.034441143878904387 -0.010592588322151618 0.028221037219083145 -0.026613978671104481 -0.022366117804756471 0.020231791630800803 -0.029351869047379138 0.029286984598519371 -0.0099782535363596801 0.016634630046707392 0.015378150006813932 0.036675947778721671 0.03216377390709288 0.031452310305258954 -0.025865706703947829 -0.020461623455218295 -0.028505381950740143 0.031150818465785161 0.024272645391950235 -0.018232039882597501 -0.00659552358888008 -0.016223093741833759 0.02471106821028022 0.016124520227484031 0.0032491200542443832 -0.0079838998824058975 -0.039234258870608357 0.0078001332919656408 0.011729341027891154 -0.0293066572296511 -0.030095154085322946 0.023043272542044219 0.0021985099476013363 0.026305815935574756 0.026730560821795958 0.019899987688065678 -0.034649658957905914 -0.022342853710040602 0.0070972761013151807 -0.032524420035845165 0.022295418680952118 0.035325992586100918 -0.0088774665919257242 -0.018353449879311486 0.018677641993391159 0.00092536039637645202 0.0088050269073199471 -0.029479406617141813 0.015737359456740645 0.0069058473133207458
leaf_weight=4.1523430324159554 3.221762450761168 0.23421128839254279 0.39713868126273499 1.1334544449346133 8.2890672720968741 1.2442183267557982 6.3680700383265529 11.110430121771058 2.2942865272343611 4.3769305121095448 1.6133512058877375 0.81609796825796266 3.6392303705215445 0.47241946175927096 3.2232486028224221 3.8335358779877415 3.2086514546826943 3.3524063434451818 2.2382468916475773 1.681653589941561 5.6291214441880566 3.7559397052973509 2.4482625090458896 38.662381148897111 4.3006950817944016 0.96648197597823937 1.735257174586877 4.9524515787197743 1.8385456391260984 3.1050496210809806 11.940066061913967 2.1829077107831836 2.2025865148752928 7.0538012352189963 1.4110420384677116 0.96300051570869971 0.77325144503265564 0.37194070033729687 60.430135150760179 1.0264117717742918 0.51068786834366608 2.9933773723896593 2.5192682761698961 0.93628151036682539 8.7105076025472936 2.3895356127177356 2.4565003514289847 2.369343747093807 2.282275683770421 1.2233884140732683 2.0304938749177381 2.3487890409305692 2.6547152576385997 1.3961677841725757 5.1797840632498291 6.1177003164775661 7.4276286438107517 13.042754372581838 0.9600655487156472 1.3583732582628725 1.8199347839690743 0.66691035777330387
leaf_count=4412 54 3 17 81 306 78 254 596 84 1514 80 28 48 71 58 56 386 47 13 13 55 53 85 3053 217 51 32 425 49 69 480 60 46 1100 57 11 139 167 148644 5 10 553 438 58 87 32 16 24 428 215 91 148 98 91 24 34 67 102 36 9 31 5
internal_value=0.000463231 -0.0159305 0.015919 0.0256244 0.00552886 -0.0375914 0.0129721 0.0155812 0.00691881 -0.00253519 0.00640447 0.000905951 -0.0120648 -0.0051793 0.00609523 -0.00703882 0.000960528 0.00220314 -0.00842469 0.00608353 0.00937839 0.000863379 -0.00364419 0.0337825 0.0151102 0.00249608 -0.0111274 -0.0126034 0.0174671 0.0122994 0.0175625 0.00479616 0.0162902 0.00166709 0.000960445 -0.0105365 0.00253678 0.00163154 -0.0389155 -0.0143535 -0.0151224 -0.0218283 -0.0223998 0.010388 0.00304196 0.00829616 0.00445507 -0.000200181 -0.00518015 -0.0118462 -0.00296984 -0.0155056 0.00840417 0.0251773 0.000150833 -0.00665178 0.00433551 0.00812295 -0.00892691 -0.0128839 -0.00451668 -0.0161253
internal_weight=294.045 142.552 151.493 77.3702 74.1225 61.9086 31.5384 32.7996 21.6892 41.3229 21.274 80.6433 20.0488 16.4096 12.0327 13.4001 19.6607 9.56659 6.21419 3.97594 12.6068 9.38506 8.80942 45.8318 7.16941 76.4909 2.86871 6.36115 27.6372 21.2692 19.4306 7.49054 5.30764 75.5245 74.7084 8.0168 66.6916 65.2805 60.6643 4.31893 3.9012 3.39052 3.29252 1.4087 60.9616 20.4832 18.0937 15.6372 13.8691 11.4997 9.21745 4.37928 4.83817 1.76811 40.4784 14.8282 25.6502 20.4704 2.18345 7.05387 5.6955 3.87556
internal_count=165594 156626 8968 4921 4047 148725 1538 1115 519 2932 673 7901 2259 2211 697 213 593 157 110 97 162 108 639 3383 330 3489 113 554 958 704 655 175 115 3438 3410 1111 2299 2242 148647 582 580 570 577 129 1660 1346 1314 1298 1040 1016 588 239 349 258 314 121 193 169 251 431 422 391
is_linear=0
shrinkage=0.04


Tree=113
num_leaves=63
num_cat=0
split_feature=20 13 6 21 10 1 19 11 24 2 8 6 1 10 1 30 19 18 21 21 9 8 11 1 11 18 10 10 21 20 1 24 7 7 11 18 11 0 21 1 18 2 18 18 11 11 2 19 18 11 11 11 11 2 30 11 11 0 7 6 8 9
split_gain=44.1713 30.3076 9.16282 4.89878 3.61664 2.47128 2.69298 2.37042 2.34312 1.70732 2.25179 1.84936 1.95351 1.57523 1.5643 1.37725 2.25795 2.11305 1.90962 1.36437 1.68638 2.42969 2.39817 1.57088 1.32078 1.27675 1.46855 1.19566 1.07941 0.946765 0.850409 0.808896 0.646385 0.912497 0.614597 0.601291 0.600168 0.580243 0.56931 0.544524 0.539296 0.509854 0.450065 0.88067 0.411217 0.478105 0.406663 0.399577 0.399235 0.383753 0.901453 1.48562 1.18838 1.86548 1.04999 1.04163 1.14841 1.00056 0.791739 0.727199 0.977965 0.687068
threshold=0.53863716125488292 1.0000000180025095e-35 0.83827373385429393 0.78019323945045482 0.76388889551162731 0.45897600054740911 0.88581016659736644 0.75931033492088329 1.0000000180025095e-35 0.53885021805763256 0.17267081141471866 0.29679679870605474 0.43283110857009893 0.240384615957737 0.16783953458070758 1.0000000180025095e-35 0.68599441647529613 0.49720634520053869 0.18019481003284457 0.48529411852359777 0.88067796826362621 0.46709956228733068 0.5039682686328889 0.56005036830902111 0.38165266811847692 0.88947063684463512 0.64583334326744091 0.44949495792388922 0.3514705896377564 0.78319624066352855 0.32986950874328619 1.0000000180025095e-35 0.43534001708030706 0.49691358208656317 0.73431372642517101 0.615800440311432 0.98936170339584362 0.51247477531433117 0.18350168317556384 0.19251272827386859 0.53532215952873241 0.70000678300857555 0.22654088586568835 0.22009174525737765 0.31311275064945226 0.9506097435951234 0.58757218718528759 0.3080128282308579 0.40586884319782263 0.53001201152801525 0.61620295047760021 0.66987180709838878 0.88516482710838329 0.54586797952651989 1.0000000180025095e-35 0.92403846979141246 0.97530490159988414 0.76780930161476146 0.91476997733116161 0.99438202381134044 0.89699381589889537 0.84680575132370006
decision_type=2 2 2 2 2 2 2 2 2 2 2 2 2 2 2 2 2 2 2 2 2 2 2 2 2 2 2 2 2 2 2 2 2 2 2 2 2 2 2 2 2 2 2 2 2 2 2 2 2 2 2 2 2 2 2 2 2 2 2 2 2 2
left_child=1 13 3 8 41 6 27 -7 15 10 24 -12 14 36 35 16 17 18 47 20 21 22 -17 -21 -10 39 -27 28 -4 -24 -19 40 37 -34 -18 38 -1 -15 -13 -11 -6 42 43 -3 -5 -46 -22 -2 -23 -35 57 54 53 -53 -52 58 -57 -51 -54 60 61 -58
right_child=2 4 5 44 31 7 -8 -9 9 25 11 12 -14 32 -16 19 34 30 -20 23 46 48 29 -25 -26 26 -28 -29 -30 -31 -32 -33 33 49 -36 -37 -38 -39 -40 -41 -42 -43 -44 -45 45 -47 -48 -49 -50 50 51 52 55 -55 -56 56 59 -59 -60 -61 -62 -63
leaf_value=-0.028879440234674238 0.0070686634931372743 -0.021157719420933054 -0.013037124522383679 0.00016490579466868754 -0.019872903872105087 -0.0085581371210421125 -0.018386828452194498 0.037969598743843196 -0.0063523283467589202 0 -0.016975945595753512 0.015103839068939589 0.023589222455760561 -0.0011526455050004942 -0.014888505583490023 -0.024291732542794806 0.024376327621285058 -0.03371617836792299 0.03196715609523073 0.016327203105776442 -0.0035919492833817973 0 -0.009068704045179286 -0.013319683884722839 0.030374744120416967 0.018940236329991807 -0.032060854226720836 0.026555744857363513 0.022546033345447331 0.026585149954913293 0.0025684913034965408 0.026620128015841883 -0.023723760745501549 0.010720580067343366 0.0041157187282699452 0.028304651806652079 0.0046381641508899708 0.031838673835769521 -0.013782683959248847 0.035132999104773036 0.012834563968486612 0.00062159778586325944 -0.039361289343319512 0.020242800761775294 0.032703575709361214 0.00057994864850071087 0.023516520159083149 -0.020148110698336705 -0.043416655898767871 -0.027897256183439297 0.038959504197764436 -0.031532707247691215 0.025913594009160785 0 0 -0.013391585935535362 0.014354185986700612 0 -0.004804485128361311 0.00077271624866507215 0.026384626597137171 -0.013862518677082065
leaf_weight=2.7345126883592452 0.40436148326262111 1.3295120930415567 2.5053842006891567 1.0396651905030001 1.0465608214726665 1.3558707991614927 2.2792071048170319 31.412283768877387 1.396305819973352 0.88151756391743941 6.685271181631836 1.0838598534464861 5.7037996537983409 0.93044082005508189 6.5852002712199464 3.7830687999667152 6.1111727883107942 3.4844271665788256 1.9329780220868995 5.2249393020756525 0.7785171277646431 0.53387897703214537 0.97259698613197576 4.2337514013051987 6.2480621412396431 1.0562072563916443 0.59246427286416281 13.902545067889148 1.2255725208669899 2.5990489819087088 0.91425316827371705 0.91667915415018786 1.2130019638570946 6.7983776879264033 5.1710310035850853 1.4094732850790022 0.54056680056964967 1.1755834375508127 1.2926281164400277 6.6598964100703597 0.32371570914983738 0.29869314195820962 57.022363274532836 0.26137124985689286 12.275720197707413 1.0942995967343438 1.0472230148443484 1.715119699394563 4.573544258979382 2.3839544678921802 1.9648233361658631 3.0994657347328021 4.4466271084384053 11.08648893679492 1.4598607764346525 5.571913744963239 1.5721349961822881 4.5579393142834306 1.1456220783293245 20.711358059197664 3.975963544100523 1.9627207699231801
leaf_count=3333 54 2105 93 33 484 83 79 2515 28 19 43 76 99 119 86 91 94 587 120 73 180 172 179 67 187 80 37 599 34 34 24 8 166 153 73 14 218 50 82 467 3 122 146950 545 667 65 16 542 1409 166 86 820 254 86 68 315 142 27 8 155 31 79
internal_value=0.000486573 -0.0157303 0.0154785 0.0080151 -0.036519 0.0288082 0.0160635 0.0357295 0.00406362 0.0109968 0.0058511 -0.000554902 0.00663428 0.000926651 -0.00359306 -0.00226535 0.00527859 -0.00944855 0.00969456 -0.00865597 -0.0160996 -0.0213848 -0.00459581 0.00266993 0.0232447 0.0253833 -0.00306218 0.0214788 0.000100974 0.0161413 -0.0263548 0.00831786 0.00230882 0.00145645 0.016507 0.0142239 -0.0226207 0.0202969 0 0.0317007 -0.00830358 -0.0384361 -0.0387093 -0.00762422 0.0287945 0.030576 0.0133612 -0.0130719 -0.040195 0.00226869 0.00115718 0.00292616 0.000989549 -0.00847747 0.0252462 0.00462385 0.00160681 -0.0114031 0.0192397 0.00506176 0.0149385 -3.3048e-05
internal_weight=288.695 138.53 150.165 97.4843 61.1989 52.6809 19.9127 32.7682 83.0746 39.5947 30.4046 22.7602 16.075 77.3314 10.3712 43.4799 19.7333 8.45114 4.05246 23.7466 14.2879 12.4621 7.35471 9.45869 7.64437 9.19009 1.64867 17.6335 3.73096 3.57165 4.39868 2.28696 74.0563 71.9503 11.2822 3.78596 3.27508 2.10602 2.37649 7.54141 1.37028 58.9119 58.6132 1.59088 14.4097 13.37 1.82574 2.11948 5.10742 70.7373 63.9389 56.997 53.5723 14.186 3.42468 39.3863 33.7941 6.94189 5.59225 28.2222 7.51082 3.53486
internal_count=165594 156493 9101 5698 150217 3403 805 2598 4933 1218 615 400 357 6276 258 3715 1494 1327 716 2221 2081 1885 304 140 215 603 117 726 127 213 611 495 2725 2556 167 172 3551 169 158 486 487 149722 149600 2650 765 732 196 596 1581 2390 2237 2044 1890 906 154 984 722 193 262 407 252 221
is_linear=0
shrinkage=0.04


Tree=114
num_leaves=63
num_cat=0
split_feature=20 23 28 7 6 5 8 9 20 20 23 21 18 30 20 6 21 19 6 18 30 23 0 20 7 18 9 8 8 11 11 9 0 8 7 6 31 11 7 7 21 7 21 9 19 20 21 23 0 0 0 8 7 11 20 18 8 11 7 9 7 21
split_gain=41.6043 30.7885 9.05134 5.76481 4.50496 2.85515 2.4514 2.68942 2.05656 4.508 1.9744 1.9481 2.03742 1.70514 1.62204 1.58505 1.33014 1.32043 1.24279 1.22039 2.04775 1.68306 1.03921 0.982967 1.06045 0.690635 0.673077 0.945644 1.08771 1.19833 0.944353 0.816388 0.816021 0.64057 1.00978 0.620563 0.611589 0.697009 0.645408 0.814641 0.592628 0.58365 0.54399 0.542201 0.687729 0.762486 0.593193 0.511301 0.508424 0.500175 0.494378 1.30133 0.841664 1.10321 0.483035 0.452754 0.451366 0.438673 0.430876 1.04673 0.405299 0.404758
threshold=0.53863716125488292 0.26293487846851354 1.0000000180025095e-35 0.5604878067970277 0.83827373385429393 1.0000000180025095e-35 0.17267081141471866 0.47690120339393621 0.97169560194015514 0.94352909922599804 0.97073099017143261 0.5419580638408662 0.46192501485347753 1.0000000180025095e-35 0.87559524178504955 0.80259740352630626 0.16172623634338382 0.53627237677574169 0.56294015049934398 0.73375529050827037 1.0000000180025095e-35 0.52512624859809887 0.33583191037178045 0.91458967328071605 0.78086888790130626 0.84764185547828685 0.91476997733116161 0.91366460919380199 0.84680575132370006 0.63733074069023143 0.88516482710838329 0.83457711338996898 0.67507311701774608 0.99438202381134044 0.24068965017795566 0.63859337568283092 1.0000000180025095e-35 0.6195238232612611 0.54653680324554454 0.49691358208656317 0.32738095521926885 0.42761905491352087 0.48529411852359777 0.1702898591756821 0.64174234867095958 0.78319624066352855 0.28869047760963445 0.94609123468399059 0.38433659076690679 0.53636872768402111 0.80084761977195751 0.92637759447097789 0.95311355590820324 0.73123827576637279 0.82078272104263317 0.97067421674728405 0.55848154425621044 0.79772728681564342 0.91476997733116161 0.80810147523880016 0.75905716419219982 0.3514705896377564
decision_type=2 2 2 2 2 2 2 2 2 2 2 2 2 2 2 2 2 2 2 2 2 2 2 2 2 2 2 2 2 2 2 2 2 2 2 2 2 2 2 2 2 2 2 2 2 2 2 2 2 2 2 2 2 2 2 2 2 2 2 2 2 2
left_child=1 18 4 6 8 -3 -4 -8 9 11 16 12 17 -12 56 19 -6 33 36 21 -21 57 60 24 43 47 27 28 29 49 -31 35 -28 34 -2 -32 -1 38 39 -38 -17 -13 -22 -23 61 46 -46 -18 -33 -24 51 -34 53 -52 -5 -16 -9 -14 59 -29 -20 -45
right_child=2 5 3 54 10 -7 7 14 -10 -11 13 41 15 -15 55 40 25 -19 22 20 42 23 26 -25 -26 -27 32 58 -30 30 31 48 50 -35 -36 -37 37 -39 -40 -41 -42 -43 -44 44 45 -47 -48 -49 -50 -51 52 -53 -54 -55 -56 -57 -58 -59 -60 -61 -62 -63
leaf_value=-0.027713465214277862 0.017763921487635888 -0.039040208532805244 0.027649012507937592 0.020714775542301275 -0.0082454209361433536 0.0080653166175361935 -0.013374287336314348 0.0074610324476825328 0.020052555623122546 -0.035631056530096884 0.020006816926020295 0.0032709743955140979 0.021794856470370608 -0.02676055628681967 0.033862307406954333 -0.0027250881873600481 0.033281714339747512 0.033088565678811487 0 0.0229229695568768 -0.017497515292603044 0.0013078011923612005 -0.0063610560188092878 0.01613722139985432 0.013971669905729711 0.010810248260136955 0.021521110854373967 0 0.014098975440116462 -0.028585827439440051 -0.012428940270706736 0.008643426543013373 -0.025039833820512267 0.02091503690765157 -0.018902261379001698 0.017826297963335184 -0.0048699437898894965 -0.0210073467700682 -0.016547625704301183 0.028894426970577022 -0.046207905248885045 0.03116872143975909 0.0034240534637622654 -0.037361760725605236 0.01443725066724382 -0.022134093646298283 -0.010900425177307542 0.00036629532112647349 -0.024618484568845991 0.028193095940846586 0.00080588529579007017 0.0034365201672817347 -5.5048382481695932e-05 0.023077607394961425 0.038158446885089702 0.000705207755513696 -0.013941618165410941 -0.0033546433810573029 -0.00018102314297266988 -0.03706047573532717 0.042243887696907151 0
leaf_weight=2.2813177004572927 0.77294217332382631 55.461241689161398 7.9424967542290714 8.5345102695864608 1.2906969273462952 1.6686174602364179 8.6838412524084578 2.3984398307220527 5.88817190285772 5.0585941588506094 1.1806388478435101 2.5995607501827172 2.065137806232094 1.8969192451331764 4.1667527602985501 1.1064053943264291 13.546351284894628 2.7674659772310406 0.68971435842104145 5.2195247551426274 3.3745957388309762 1.2472529634833289 0.30629025871167126 0.63116793148219663 0.76778325304621908 5.7495317021384826 3.0487581043271339 1.8146688306005665 5.5632773120305492 2.7203931125113741 0.5711405202164318 0.23427124187583093 2.5502459720592006 0.73906095852726128 2.6954363570257556 2.635450251866132 1.3738026912906214 1.2640294315642675 0.47352357208728779 1.4471790260868145 1.1271430160850284 2.9830932011827826 2.6607243795879185 4.3447126326791468 1.7298870872473329 4.3138145280536264 2.1995231322944164 1.0807418208569277 1.6873385163489727 1.0012004705495199 7.7563169980421645 8.0311064285342564 22.195378097705543 6.3985822090180591 32.470641278661788 1.0927484873682258 1.8470216233981771 0.9913062767300288 2.3611223921179771 2.0889661972178146 0.44776024995371699 0.42338916182052333
leaf_count=1212 13 148343 309 428 71 334 76 48 141 80 63 31 99 64 190 83 495 323 178 65 54 13 250 7 49 275 180 44 318 1879 275 3 135 20 774 642 437 892 125 187 17 71 35 1844 98 59 67 44 479 180 45 75 169 47 2891 56 43 73 22 38 4 32
internal_value=0.000494075 -0.0153868 0.0151677 0.0259263 0.00593252 -0.0374805 0.0104615 0.00169804 -0.000385448 -0.00322683 0.0197737 0.00104657 -0.00219106 -0.00733172 0.0158114 -0.00658705 0.0239537 0.0158842 0.000821073 -0.00344458 0.00641052 -0.00959901 0.00248105 -0.0149697 -0.0174513 0.0264707 0.001571 -0.00421837 0.00127771 -0.00673987 -0.0131729 -0.00101349 0.00411517 0 -0.00768908 0.00981294 -0.0142518 -0.00302148 0.00623267 0.0144333 -0.0334094 0.0212562 -0.00852982 -0.0202103 -0.0225046 -0.0122339 0.000108715 0.0312847 -0.0176238 0.0191163 0.0024756 -0.00465075 0.0047261 0.011996 0.0352027 0.0288256 -0.00197051 0.0138358 -0.0160806 -0.0228837 0.0300887 -0.0343681
internal_weight=283.66 136.072 147.588 67.1365 80.4516 57.1299 26.1313 18.1888 55.7067 49.8185 24.7449 44.7599 39.1773 3.07756 9.50496 32.2024 21.6673 6.97491 78.9418 29.9688 11.2548 18.714 72.102 15.6575 15.0264 20.3766 70.9645 20.9841 14.7194 9.15608 7.84859 5.1282 49.9804 4.20744 3.46838 3.20659 6.83985 4.55853 3.29451 2.82098 2.23355 5.58265 6.03532 14.2586 13.0113 8.24322 3.92941 14.6271 1.92161 1.30749 46.9316 10.5814 36.3503 14.1549 41.0052 5.2595 4.24546 3.05644 6.26476 3.90364 1.13747 4.7681
internal_count=165594 156493 9101 4041 5060 148677 722 413 4048 3907 1012 3827 3725 127 337 2595 885 1130 7816 2495 154 2341 4963 2169 2162 814 4781 4130 4026 3708 3278 1399 651 807 787 917 2853 1641 749 624 100 102 89 2113 2100 224 165 539 482 430 471 210 261 92 3319 246 91 172 104 82 182 1876
is_linear=0
shrinkage=0.04


Tree=115
num_leaves=63
num_cat=0
split_feature=1 23 10 28 20 30 20 23 10 0 2 9 21 8 18 18 1 10 8 18 2 8 18 21 11 11 21 0 18 1 20 8 18 1 1 18 8 0 8 8 6 11 11 20 10 9 0 11 30 10 6 2 11 0 9 10 11 8 9 11 0 9
split_gain=39.2697 31.0895 8.16468 5.22955 3.2298 2.92665 3.31334 5.0709 4.37261 5.04688 2.68209 2.31267 5.02788 3.12166 1.64478 1.63925 1.58752 1.75794 1.5594 1.79409 1.74864 2.09358 1.58911 1.47996 1.27445 1.26508 2.00497 1.25174 1.24429 1.52441 1.16369 1.02109 0.864833 0.780354 0.68828 0.625886 0.652187 1.16094 0.880531 0.99123 0.614492 0.872777 0.571677 0.537017 0.503513 0.980678 0.630238 0.495869 0.489788 2.8742 1.02716 2.51742 0.952255 1.09214 0.829909 0.786932 0.531616 0.849325 1.37787 0.504836 0.489254 0.483894
threshold=0.078810192644596114 0.26293487846851354 0.43650794029235845 1.0000000180025095e-35 0.96168524026870739 1.0000000180025095e-35 0.97169560194015514 0.84136661887168895 0.86607143282890331 0.83118847012519848 0.11427757143974306 0.77032968401908886 0.40588235855102545 0.74133810400962841 0.5914268195629121 0.43683740496635443 0.031006857752799991 0.240384615957737 0.27842378616333013 0.84764185547828685 0.28036922216415411 0.48934240639209753 0.69194823503494274 0.41421568393707281 0.7670542597770692 0.71291208267211925 0.21980676054954532 0.55062541365623485 0.88947063684463512 0.83970978856086742 0.84764185547828685 0.62258651852607738 0.615800440311432 0.25371789932250982 0.25371789932250982 1.0000000180025095e-35 0.64051282405853283 0.32731349766254431 0.75931033492088329 0.78319624066352855 0.77694860100746166 0.73431372642517101 0.98936170339584362 0.5071096420288087 0.86607143282890331 0.81725418567657482 0.99999997019767772 0.77459675073623668 1.0000000180025095e-35 0.44949495792388922 0.82807883620262157 0.60462343692779552 0.60922586917877208 0.76780930161476146 0.94494947791099559 0.4083333313465119 0.61620295047760021 0.92637759447097789 0.87841832637786876 0.98936170339584362 0.56846129894256603 0.69504830241203319
decision_type=2 2 2 2 2 2 2 2 2 2 2 2 2 2 2 2 2 2 2 2 2 2 2 2 2 2 2 2 2 2 2 2 2 2 2 2 2 2 2 2 2 2 2 2 2 2 2 2 2 2 2 2 2 2 2 2 2 2 2 2 2 2
left_child=1 16 4 5 10 40 7 25 9 -9 33 18 13 24 -3 -15 17 42 19 22 31 -22 32 -6 34 -7 -27 -23 -25 -30 -17 -20 -12 -2 -13 36 37 -19 -38 -40 41 -4 -1 -5 45 61 -46 -39 49 54 52 -52 53 -50 59 -54 -51 58 -58 -47 -49 -41
right_child=2 14 3 43 23 6 -8 8 -10 -11 11 12 -14 15 -16 30 -18 35 20 -21 21 27 -24 28 -26 26 -28 -29 29 -31 -32 -33 -34 -35 -36 -37 38 47 39 44 -42 -43 -44 -45 46 48 -48 60 50 56 51 -53 55 -55 -56 -57 57 -59 -60 -61 -62 -63
leaf_value=-0.029640708794741844 0.035091230986635351 -0.039024208493146403 0.022196824219305685 0 -0.012346701969018546 -0.0079769652484331603 0.03170576677407852 0.0063165876265914994 0.023635630263361709 -0.05823581731291759 0.026163959342976582 -0.020362788236171971 0.031361969586975041 0.0095531443209048578 0.005440249335894539 -0.0333901762695622 0.038270042692774488 -0.013701336140861416 -0.034649011215714433 0.024214366273461622 0.025006631579849326 -0.02465805140178895 -0.015951255628413725 0.036865314266828819 0.032102700702826455 -0.012230269459197855 0.035998943243685987 0.011078903850207494 -0.014698828295383897 0.020824774223137107 0.0070730662861383633 0.0066392438272145559 -0.0055770542106298631 0.0042925109185419814 0.012692892702471467 -0.019805560296658777 -0.018120175557134181 0.037419980741661231 0.023637431924814139 0.0030694961328617356 0.030775328083239805 -0.0025867865079330899 0.0031515881476432738 0.036058610333675384 0.020850245538072697 -0.016078430095062653 0 -0.013550927410972274 -0.017210563880300959 0.00017853387495877211 0.022196758733593332 -0.0073950778038529806 0.0022036272932260755 0.014547464140063422 -0.036492834907790039 -0.036498158674082661 0.017869871978985302 0.018584812363370923 -0.019306942984262245 0.013346836521697726 0.019619872596190451 -0.025188466362037969
leaf_weight=3.0204276807198762 3.2169959153980008 53.408851384971058 4.3109538236749385 0.47055793600156803 1.1618315335363139 1.7340179543243781 3.8199794711545101 2.480609789490698 1.5734786717221139 4.8123087324202061 1.9428734546818334 1.0678610582835997 7.682371092028915 1.659010072122326 0.96861690666992117 6.4138653352565598 0.78169560217065637 0.64092807273846064 6.9397028105158807 2.7759957667440167 1.9198796850687356 4.4719265771273058 8.7606192021630687 6.5612913612276298 2.4919729210378136 1.1364094071905126 4.560729724355042 1.3501102811715098 1.8611883716657756 5.0920497635379434 0.79383323714137066 0.58292630000505585 1.7253900697687639 2.8570701722055674 0.91216269694268692 1.1101154537755054 2.5572233026032327 1.5979575234232473 2.3147690904443143 0.73989771032938678 11.06214556150371 3.1938730336260051 0.58816010254668061 34.018773765536025 3.3422806411981574 0.78756096307188561 4.4931562915444374 0.63731300755171094 2.4468179043033187 7.0573157873004702 5.9013497480191317 12.651830516755579 0.72775265999371219 2.4533946253359318 2.0080760763958097 2.3644043648964725 2.103476189309732 12.887078017927706 2.2617857202421874 0.94020926207304001 0.25253530335612595 2.5573817469412461
leaf_count=4065 56 149650 97 5 16 38 193 74 68 93 57 174 317 160 103 574 86 91 478 55 46 546 95 256 168 46 158 163 57 255 11 66 28 39 9 713 856 97 243 38 455 114 293 2992 38 223 55 138 73 36 79 65 213 15 36 76 39 78 50 25 12 149
internal_value=0.000501672 -0.0150805 0.0148506 0.0241969 0.00512792 0.0133968 0.00233883 -0.00574826 -0.0251027 -0.0376826 0.000660919 -0.00239719 0.00749741 -0.00719697 -0.038076 -0.0204182 0.000930862 3.13781e-05 -0.00937198 0 -0.0179819 -0.00318855 -0.00699213 0.0212337 0.0172268 0.0171083 0.0253917 -0.0153752 0.0250479 0.0101606 -0.0281275 -0.0305766 0.012381 0.0238245 -0.0046431 0.00153829 0.00217396 0.0177101 0.0011918 0.00222753 0.0244419 0.0121152 -0.0239039 0.0354792 0.00107057 -0.000215863 0.00997625 0.0285575 0.00114322 0.00479909 -0.00260803 0.00246667 -0.0137973 -0.000861587 -0.0237801 -0.0280994 0.0101151 0.0137282 -0.000655399 0 0 -0.018678
internal_weight=279.017 133.602 145.415 73.1738 72.2409 38.6845 20.1175 16.2976 8.8664 7.29292 57.5646 51.4905 21.0211 13.3387 54.3775 8.86671 79.2249 78.4432 30.4694 15.2049 15.2645 7.74192 12.4289 14.6764 4.472 7.43116 5.69714 5.82204 13.5145 6.95324 7.2077 7.52263 3.66826 6.07407 1.98002 74.8346 73.7245 3.12873 70.5958 68.0385 18.567 7.50483 3.60859 34.4893 65.7238 57.8883 7.83544 2.48781 54.5911 28.0455 26.5455 18.5532 7.99237 4.90021 3.73585 3.09216 24.3097 17.2523 4.36526 1.72777 0.889848 3.29728
internal_count=165594 157635 7959 4333 3626 1336 670 477 235 167 3042 2947 1413 1096 149753 745 7882 7796 1534 235 1299 755 180 584 351 242 204 709 568 312 585 544 85 95 183 3438 2725 338 2387 1531 666 211 4358 2997 1288 1195 93 247 1008 487 521 144 377 88 284 289 203 167 89 248 150 187
is_linear=0
shrinkage=0.04


Tree=116
num_leaves=63
num_cat=0
split_feature=21 23 2 28 18 9 9 0 10 7 20 18 8 1 2 1 1 10 7 30 20 7 1 5 18 19 1 28 23 7 8 18 1 7 0 0 19 19 9 9 9 5 0 8 23 20 1 7 0 7 7 8 8 7 2 0 10 9 8 9 2 10
split_gain=37.1351 29.2815 8.04109 7.76696 2.94288 2.89063 2.2925 2.01129 1.60773 1.3308 1.51253 2.03624 1.36887 1.28097 1.28766 1.24698 2.35043 1.45969 2.10141 1.88623 1.65221 1.44539 1.54823 1.44196 1.23089 1.91371 1.11547 1.45673 1.88992 1.08585 1.24183 1.01079 0.980211 0.73124 0.716382 0.667288 0.62894 0.598314 0.589218 0.834412 1.21549 0.918497 0.695202 0.568124 0.515946 0.503641 1.0987 0.5006 0.415062 0.356346 0.343605 0.331129 0.81442 0.455317 0.748125 2.13263 0.804701 0.803937 0.80568 0.739819 0.690645 0.930738
threshold=0.13423423469066623 0.26293487846851354 0.51850178837776195 1.0000000180025095e-35 0.5914268195629121 0.81120249629020702 0.12132352963089944 0.65562933683395397 0.240384615957737 0.82078272104263317 0.99740931391716015 0.501101315021515 0.48074074089527136 0.25371789932250982 0.48888546228408819 0.71350193023681652 0.63926216959953319 0.44949495792388922 0.64241620898246776 1.0000000180025095e-35 0.84764185547828685 0.89059829711914074 0.45897600054740911 1.0000000180025095e-35 0.80090090632438671 0.90152388811111461 0.58753976225852977 1.0000000180025095e-35 0.96441236138343822 0.64326766133308422 0.78629976511001598 0.90731194615364086 0.031006857752799991 0.34330357611179357 1.0000000180025095e-35 0.50945481657981884 0.36854232847690588 0.74175426363945018 0.66228070855140697 0.70064935088157665 0.81302964687347423 1.0000000180025095e-35 0.39328017830848699 0.6705426573753358 0.97883537411689769 0.89498746395111095 0.48549756407737737 0.94804319739341747 1.0000000180025095e-35 0.80901724100112926 0.81120249629020702 0.78319624066352855 0.77485185861587536 0.85145786404609691 0.52799281477928173 0.78874963521957409 0.5634920895099641 0.86899313330650341 0.81661397218704235 0.93440860509872448 0.52298858761787426 0.58571431040763866
decision_type=2 2 2 2 2 2 2 2 2 2 2 2 2 2 2 2 2 2 2 2 2 2 2 2 2 2 2 2 2 2 2 2 2 2 2 2 2 2 2 2 2 2 2 2 2 2 2 2 2 2 2 2 2 2 2 2 2 2 2 2 2 2
left_child=1 8 6 5 34 7 -2 -4 47 10 11 12 -8 14 36 16 17 18 -7 -19 -20 -21 23 -23 25 29 -26 -28 -29 44 35 -12 33 -10 -3 -31 -14 -9 -35 42 41 -41 -40 -44 45 46 -13 48 -1 -32 -45 52 -42 54 57 -56 -57 58 -53 -59 -55 -62
right_child=2 4 3 -5 -6 15 9 37 32 -11 31 24 13 -15 -16 -17 -18 19 20 21 -22 22 -24 -25 26 -27 27 28 -30 30 49 -33 -34 38 -36 -37 -38 -39 39 40 51 -43 43 50 -46 -47 -48 -49 -50 -51 -52 53 -54 60 55 56 -58 59 -60 -61 61 -63
leaf_value=0.0043028087724877517 0.027047720424133476 0.0048931285064334439 0.0086044552773215204 0.036943394939130236 0.013509021371957114 0.024459881987061231 0.029625437673190588 -0.0022771912100419769 0.026521121168733099 0.022828800213399881 0.029850680585313434 -0.019119417902016128 0.0067580771098905814 0.026193629363029589 0.017639429637253314 0.030071969934780306 -0.023518775011151342 0.030281003926848037 -0.034508115409878533 0.022549629522459428 0.011180342310689515 -0.028954927779308304 0.021919260065407679 0.0086599538252313552 0.016403863916034343 0.026076832694016439 -0.02386483469389479 0.029379232601860799 -0.015159042638775742 0.025290936882530271 -0.02801566314302158 -0.0005496495899652542 0.030413751697839598 -0.019906661526325843 -0.039076113308033095 -0.0042069715289729595 -0.024769480108656695 -0.044905942304641421 -0.0089929292323558865 -0.022521180776604779 -0.003049701838302026 0.00923965323745452 0.039081427722224185 -0.01223423561632265 0.0053413111658062529 -0.030567844845324658 0.0019200489118649036 0.0040996444805765 -0.029578237630154779 0.0026158277835034989 0.014653439808915624 -0.014211858362359851 0.031966357684384029 0.016903694426672163 0.025273241477243042 0.0043475105191618868 -0.015478568050507313 -0.029675162854910959 0.021742563461834719 -0.0050159726777859017 -0.0094007509179008849 0.0058157855187987995
leaf_weight=0.1751490831375121 5.4766578301787368 0.22442358732223411 2.544329712400212 35.768433374236338 1.2057052112650115 1.7237899443716802 3.6402625359769427 1.064201146917185 0.82935110316611726 3.488720657886005 3.2715101810172191 12.540856507694132 0.60708523445646267 1.3423020220361648 1.2178058285790028 6.6674867626279584 1.9904090370982874 10.140100438438822 2.5040902673208625 3.6983456265588757 1.2081982418894766 3.3781139706261456 1.3778797313570974 1.7961330031976102 5.345769237726925 1.1544696390628804 2.958051661029458 2.1269327625632286 1.9746008869260547 2.2479075893934346 0.97200663978583157 2.4798425612971187 0.94745574536500399 1.1201389228808682 51.890874585631536 1.2473107648256698 3.4791791044117417 1.591107804328203 0.38483024906599839 4.8133938544196999 1.6092673514503979 1.1228128820657728 1.2140593528165484 0.5383562847273422 0.91453477306640607 4.3686152598820618 4.9142680810764423 0.51218384620733548 3.1709692261356395 0.33824243195704184 0.48801710153929889 0.66992151329759808 0.94754882750567038 4.9087864174507549 3.9222513417480505 5.3487073519499955 5.6317353982012719 2.7352931805071403 1.4642628622241316 6.2675333339138888 7.725492428813598 22.808059984003194
leaf_count=1 186 3 40 3373 78 55 276 63 30 138 82 1077 93 21 72 327 79 372 110 86 35 77 84 54 57 22 33 54 30 104 140 70 51 273 148644 161 1357 40 58 1010 367 6 109 80 80 54 47 4 4407 19 5 227 109 62 68 52 36 482 113 115 47 189
internal_value=0.000520301 -0.0146121 0.0147342 0.0235868 -0.0372412 0.0108378 0.00436945 -0.0146073 0.0008175 0.00185041 0.000130189 -0.00210011 0.0129231 0.000573879 -0.00840176 0.0150907 0.010442 0.0139876 -0.00335726 0.0187394 -0.0195725 0.00528989 -0.00561858 -0.015962 -0.00617248 -0.0106503 0.00390976 -0.00591637 0.00838469 -0.0131895 0.00291825 0.0180104 0.00227204 0.00146361 -0.0387229 0.0152803 -0.0188913 -0.0342124 0.000777014 0.00141662 0.000383302 -0.0154711 0.0201527 0.0276236 -0.0167417 -0.0180358 -0.0131962 -0.0214301 -0.0263024 -0.0206672 0 0.00212973 0.0141415 0.00134786 -0.00251852 0.00310341 -0.00593039 -0.0100068 0.00824671 -0.0151256 0.00428943 0.00166288
internal_weight=274.236 132.677 141.56 75.4526 53.321 39.6842 66.1069 5.19964 79.3556 60.6303 57.1416 51.3902 10.2866 6.64637 5.30407 34.4845 27.8171 25.8267 5.43608 20.3906 3.71229 10.2505 6.55213 5.17425 41.1036 28.6982 12.4054 7.05959 4.10153 27.5437 4.80547 5.75135 75.4973 74.5498 52.1153 3.49522 4.08626 2.65531 73.7205 72.6003 69.9751 5.93621 2.62526 2.24043 22.7383 21.8237 17.4551 3.8583 3.34612 1.31025 1.02637 64.0389 2.55682 61.482 26.0397 14.9027 10.9804 11.137 2.13418 9.00283 35.4423 30.5336
internal_count=165594 156626 8968 4795 148725 1422 4173 143 7901 3987 3849 3697 1819 1543 1522 1279 952 873 200 673 145 301 215 131 1878 1704 174 117 84 1682 424 152 3489 3438 148647 265 1450 103 3408 3135 2883 1016 252 194 1258 1178 1124 4412 4408 159 85 1867 476 1391 1093 156 88 937 340 597 298 236
is_linear=0
shrinkage=0.04


Tree=117
num_leaves=63
num_cat=0
split_feature=1 23 28 2 6 8 1 20 20 21 18 10 6 18 1 6 19 23 18 1 1 7 8 21 18 2 2 19 21 21 31 20 18 19 23 7 6 2 0 18 18 8 7 7 7 0 2 6 2 10 30 10 10 0 6 8 6 10 7 6 8 6
split_gain=34.9845 28.7758 8.08576 8.11578 3.80918 2.88876 1.90375 1.78421 4.09288 1.86117 1.76516 1.70357 1.66423 1.64791 1.52377 1.50267 1.49479 1.19765 1.09568 2.41973 1.77167 1.76942 1.47041 1.78584 1.19534 1.10105 1.00814 0.985931 0.97567 0.96938 0.96142 0.860822 0.724816 0.999898 0.845686 0.66025 0.852891 1.19759 0.950136 0.653607 0.805196 0.651493 0.998375 0.598025 1.07169 0.847774 0.586868 0.56363 0.556652 0.518686 0.621189 2.36312 0.894432 0.562329 0.519186 0.516273 0.494544 0.580039 0.492274 0.474101 0.586178 0.490061
threshold=0.059397457167506225 0.26293487846851354 1.0000000180025095e-35 0.50553902983665477 0.83827373385429393 0.17267081141471866 0.14944787323474887 0.97169560194015514 0.94352909922599804 0.5419580638408662 0.46192501485347753 0.240384615957737 0.29679679870605474 0.5914268195629121 0.43283110857009893 0.80259740352630626 0.53627237677574169 0.97156333923339855 0.73375529050827037 0.32986950874328619 0.36960017681121832 0.78086888790130626 0.47140522301197058 0.30384616553783422 0.615800440311432 0.1600352078676224 0.53885021805763256 0.88581016659736644 0.28869047760963445 0.48529411852359777 1.0000000180025095e-35 0.84764185547828685 0.84764185547828685 0.91820004582405101 0.86497211456298839 0.34330357611179357 0.62258651852607738 0.47262573242187506 0.76780930161476146 0.65240275859832775 0.42631272971630102 0.99438202381134044 0.24068965017795566 0.81530213356018078 0.64241620898246776 0.50945481657981884 0.1600352078676224 0.94804319739341747 0.28329823911190039 0.76388889551162731 1.0000000180025095e-35 0.44949495792388922 0.44949495792388922 0.85118389129638683 0.94201681017875682 0.95553359389305126 0.83047896623611461 0.58571431040763866 0.77849927544593822 0.43792808055877691 0.55625879764556896 0.42179392278194433
decision_type=2 2 2 2 2 2 2 2 2 2 2 2 2 2 2 2 2 2 2 2 2 2 2 2 2 2 2 2 2 2 2 2 2 2 2 2 2 2 2 2 2 2 2 2 2 2 2 2 2 2 2 2 2 2 2 2 2 2 2 2 2 2
left_child=1 11 4 5 7 46 -6 8 9 10 16 47 -7 -3 31 18 41 32 20 -20 21 22 23 -12 -24 -22 -17 -16 -26 -21 -19 39 -8 34 -34 -13 38 43 59 40 -14 42 -2 44 45 -38 -4 -1 -11 50 51 55 53 -52 58 -39 57 -46 -54 61 -61 -37
right_child=2 13 3 -5 6 12 17 -9 -10 48 15 35 14 -15 27 26 -18 30 19 29 25 -23 24 -25 28 -27 -28 -29 -30 -31 -32 -33 33 -35 -36 36 37 49 -40 -41 -42 -43 -44 -45 56 -47 -48 -49 -50 -51 52 -53 54 -55 -56 -57 -58 -59 -60 60 -62 -63
leaf_value=-0.028971849044837083 0.017105697697788681 -0.03912816720872956 0.0052342353277753497 0.036786622412789398 -0.0085357414762998202 -0.01493019015954207 0.031191795356776294 0.018959142676045693 -0.033797864447331211 0.0030022901811872635 0.020595254139356655 0.025852047529724701 0.0025892238014577316 0.0071249997998449133 0.03288235662734347 0 0.033562995100839411 -0.017835078358547723 0.029048943056986701 -0.020085222842360525 -0.0083426301563853389 0.020311507346396366 -0.040467412156995952 -0.021996601012308558 0.0094609546548226238 0.02620109133763826 -0.048565928367743184 0 -0.023203217495161476 0.0055508926068164521 0.018786820065395473 0.015423380595084005 0.011598376939625208 0.026702321078182215 -0.019772721930529057 -0.012305116571341833 -0.0094516939266448066 0 0.015391022905228551 0.0057569126773806779 -0.030618274145530085 0.019629721412339013 -0.019510175354782409 0.024511566507071727 -0.022117183167163192 0.030905264901582897 0.033804869069935718 0.0040416469812300862 0.030725259687365575 0.0081134901946934117 -0.0058951846047314693 0.0083060972766486902 -0.0032087505952554537 0.020826102919125823 -0.0018895119076186644 -0.035474984003239819 0.01249759915807324 0.0035021734435091803 -0.023008496337239729 0.0062053343620976486 -0.024122072800824745 0.019027685043068756
leaf_weight=2.9539323625795073 0.74131824381765854 48.595494415814755 2.3754872372373965 36.470207088743336 2.961789931170645 7.3003181049425647 12.946484510786837 5.6394046414643517 5.1081936359405509 2.4821234215050927 2.1847077416314375 0.83744854608084907 1.2396202851086839 0.82426868053153057 3.3185746027156711 1.0999281386320938 2.6453765600163024 1.5916378507390609 3.6785360258072597 3.4214016855694354 1.7729608353693027 1.0590736538288172 4.9274841159640328 2.1135594701045193 1.8918996393622367 2.2863940356182866 1.1193485666590275 2.4127726815640926 1.9420602817554025 3.9984579915180802 1.0351211791858077 1.4164558937773106 1.8947773044928902 2.1300738304853439 1.5635857358574865 0.56624007498612516 0.43450291402404984 1.1414014209876795 0.97018337692134071 1.4372956198640165 2.4251126976159867 0.77592608079430636 2.7997831035754643 4.3894797365064733 2.2752594353514728 2.0953375828103162 5.1525188367813826 0.51308372989296902 2.9307230855338275 9.9995083569083345 1.2742791270138725 19.677715246274602 4.2330816081957909 1.9510826473124323 8.8815407156944257 1.687352308537811 0.76532441424205888 1.6665728710941037 5.4283758834935725 0.56230118189705525 5.1834771070280112 0.56574142252793536
leaf_count=4391 13 148308 66 3412 96 62 518 141 80 28 231 31 77 73 65 62 178 55 44 58 36 59 1669 52 158 52 26 60 57 52 58 25 104 109 65 113 152 172 11 16 105 35 1110 95 818 324 243 4 74 116 114 190 46 11 47 31 16 137 46 76 889 32
internal_value=0.000547264 -0.0145962 0.0141488 0.0246734 0.00540202 0.00748711 0.0182967 -0.000447832 -0.00309699 0.00106212 -0.00211789 0.000561226 -0.000750788 -0.0381514 0.00788663 -0.00629099 0.0146768 0.0224484 -0.00317173 0.00618657 -0.00911854 -0.0157321 -0.0201763 0 -0.0287637 0.0116563 -0.0324302 0.0214322 -0.00763456 -0.00677671 -0.00109977 -0.00475773 0.0258758 0.0100883 -0.00294152 0.00202159 0.00135524 0.00292856 -0.010242 -0.0126255 -0.0203811 -0.000279674 -0.00888506 0.0140316 0.00498548 0.0221267 0.0269293 -0.0233797 0.0210869 0.00026691 -0.00155696 0.00292799 -0.00629461 0.0104257 -0.00979226 -0.0258372 -0.00578894 -0.0119593 -0.0158233 -0.0158603 -0.0200813 0.00305803
internal_weight=269.763 127.473 142.29 63.5484 78.7421 27.0782 24.1235 54.6187 48.9793 43.8711 38.4582 78.0532 19.5501 49.4198 12.2498 31.4958 6.9624 21.1617 29.2765 11.0984 18.1781 14.1188 13.0597 4.29827 8.76144 4.05935 2.21928 5.73135 3.83396 7.41986 2.62676 6.51848 18.5349 5.58844 3.45836 74.5862 73.7488 65.9008 7.84794 5.10203 3.66473 4.31703 3.5411 11.6265 7.237 2.52984 7.52801 3.46702 5.41285 54.2743 44.2748 22.5065 21.7684 3.22536 18.543 2.82875 4.70716 3.94183 9.66146 6.87776 5.74578 1.13198
internal_count=165594 156243 9351 4131 5220 719 1005 4215 4074 3994 3892 7862 410 148381 348 2556 1336 909 2468 154 2314 2226 2167 283 1884 88 88 125 215 110 113 223 796 278 169 3467 3436 2315 1121 198 182 1158 1123 1542 1447 476 309 4395 102 773 657 393 264 125 139 203 971 955 92 1110 965 145
is_linear=0
shrinkage=0.04


Tree=118
num_leaves=63
num_cat=0
split_feature=21 23 6 1 28 18 2 8 8 2 2 0 30 10 10 0 18 6 10 11 0 10 10 1 19 21 23 10 24 2 21 7 10 11 1 19 5 2 2 23 21 0 7 7 6 0 6 6 0 9 6 7 7 2 10 6 0 0 0 2 2 11
split_gain=32.9592 27.6202 7.70762 4.95831 2.95847 2.85381 2.84433 3.11868 2.067 3.66708 2.13005 1.62489 1.60351 1.53852 1.51711 2.78741 2.62289 1.81514 1.57414 2.19965 2.25491 1.9746 1.45549 1.4529 1.35235 1.41437 1.34799 1.23071 1.64405 1.26846 1.19838 1.10314 0.980895 0.965988 0.937855 0.931005 0.896013 1.64508 1.05578 0.887762 0.81093 0.699664 0.693692 0.677816 0.6783 0.941912 0.742226 0.760597 1.03166 1.04382 0.862589 1.14127 1.18035 0.782573 0.73292 0.683407 1.03126 0.62397 0.704016 0.630731 0.578662 0.566459
threshold=0.13423423469066623 0.26293487846851354 0.70659971237182628 0.48549756407737737 1.0000000180025095e-35 0.5914268195629121 0.50553902983665477 0.17267081141471866 0.47690120339393621 0.24895579367876056 0.22450952976942065 1.0000000180025095e-35 1.0000000180025095e-35 0.30384616553783422 0.84523808956146251 0.99999997019767772 0.5914268195629121 0.90366768836975109 0.68333333730697643 0.76043477654457103 0.4581278413534165 0.11805555596947671 0.240384615957737 0.71350193023681652 0.82972848415374767 0.36602871119976049 0.73183304071426403 0.19090909510850909 1.5000000000000002 0.46851472556591039 0.1863425895571709 0.31662489473819738 0.44949495792388922 0.80707195401191723 0.031006857752799991 0.64174234867095958 1.0000000180025095e-35 0.75379398465156566 0.53278529644012462 0.66547620296478283 0.45804196596145635 1.0000000180025095e-35 0.55351883172988903 0.34330357611179357 0.62258651852607738 0.63326683640480053 0.68133461475372326 0.75582656264305126 0.48967123031616216 0.91476997733116161 0.80810147523880016 0.85145786404609691 0.95311355590820324 0.60462343692779552 0.64583334326744091 0.83424907922744762 0.78874963521957409 0.50945481657981884 0.6291719675064088 0.53278529644012462 0.1600352078676224 0.75931033492088329
decision_type=2 2 2 2 2 2 2 2 2 2 2 2 2 2 2 2 2 2 2 2 2 2 2 2 2 2 2 2 2 2 2 2 2 2 2 2 2 2 2 2 2 2 2 2 2 2 2 2 2 2 2 2 2 2 2 2 2 2 2 2 2 2
left_child=1 22 4 14 8 41 7 60 9 10 11 24 13 -10 15 17 -17 18 19 -4 -21 -22 -1 26 25 -2 39 28 31 -29 -16 -9 -23 -34 43 -5 37 38 -28 -14 -27 -3 -15 -24 45 -45 57 53 -49 55 -51 -52 -53 -48 -54 -50 -57 -46 -59 -60 -6 -37
right_child=2 5 3 35 6 -7 -8 27 12 -11 -12 -13 23 42 30 16 -18 -19 -20 20 21 32 34 -25 -26 40 36 29 -30 -31 -32 -33 33 -35 -36 61 -38 -39 -40 -41 -42 -43 -44 44 46 -47 47 48 49 50 51 52 54 -55 -56 56 -58 58 59 -61 -62 -63
leaf_value=-0.020782121560189069 0.018017601585054954 0.0047484874160402275 0.030338972110944048 -0.0036534358998051436 0.0051036727525861835 0.013037591300468306 0.035980117453436891 0.01176201274004438 -0.024026631665955735 0.038444955521288675 -0.03760998747490174 -0.025400524872333085 -0.017370708551972577 -0.0029996388252418365 -0.0073693846437111604 0.014344521200676032 -0.038129033978619352 0.032041333031404683 -0.025685473175252112 0.026936430450743409 0.018742959352123448 -0.032879419443219961 0.025434485315101785 0.0090436221351398467 0.027372025474514367 -0.020807629092087172 -0.032920414914698201 0.025831946881551115 -0.029123046928765991 -0.012345953218434028 0.034152869428366428 -0.014242481317001223 -0.024576175298384566 0.011461036650920018 0.029740487227328045 0.017207939053209366 0.0061953147810267064 -0.082275076042419168 0.0020465889076983065 0.017117961610154431 0.0032301806601120254 -0.038983160320421512 0.019186386114675661 -0.020736110968359419 -0.011105894498809983 0.0043532675409682425 -0.014481547900492052 0.026128859774580231 -0.025287036980394063 0.019988985529772126 -0.014033231460437149 0.01698569966774599 -0.010708056392640629 0.012678456220319063 0.0044267769394539368 0.0097283457556727355 -0.017295955175427064 0.033162089654110986 -0.010150330888263417 0.016627566269790291 0.033575283035721215 0.037697178863921488
leaf_weight=3.680331428651697 3.6664761579595559 0.22049621492624183 4.4513664940605038 0.65459863841533561 2.364611844532198 1.2012597707216617 6.3038094444200388 5.0259392913430947 1.9787884972756726 3.4616971867799284 1.3617328925756726 1.7174343012447923 1.7678931377886313 3.2352893440111075 0.78419767320155997 1.6919300497975189 2.8607739266008139 4.9168771137483409 1.2929989467374969 2.4373408010287667 1.7698227100190687 3.4985217896464746 0.8388061550213014 1.3900068495422608 3.205250588245689 3.6184961721301079 3.3612619719351642 2.8975967683654735 3.5415251787344451 1.2622534111142156 5.4842306673526764 3.5925378080864903 0.88475782418390769 2.1679527811647858 0.94092492759227653 5.9355913968756786 0.28524889051914204 0.55912695080041874 1.5594164547219405 1.065071816643467 3.4511714158579707 48.069211365742376 3.9287204444117378 4.2198594027431673 0.49734447017544781 3.4952881343197078 7.605053808540104 1.8288297099643376 2.3185772623401117 3.8450366607285096 5.0817176371929227 8.1020479769795219 6.2905908497050431 1.1405598539859054 16.18252208083868 4.0163181158713996 3.052597843692638 2.0333948480547406 1.6287559547927233 1.9275958223734049 4.9903611252084374 28.734930332750082
leaf_count=4412 56 3 218 33 66 78 496 46 552 97 47 350 309 112 12 60 84 235 30 59 53 541 30 26 42 45 862 106 43 27 357 88 33 140 51 438 7 4 34 156 36 148644 197 991 173 120 747 39 456 50 88 61 33 10 141 85 37 262 96 19 243 2628
internal_value=0.000558544 -0.0139496 0.0141528 0.023694 0.00462825 -0.0370438 0.0139144 0.0066569 -0.00247048 0.00610475 -0.00201913 0.0029077 -0.0116974 0.00022575 0.0116235 0.00660184 -0.0188364 0.0127861 0.00531776 0.00962212 -0.000460653 -0.0109436 0.00080081 -0.0220028 0.0081293 0.000200819 -0.027858 -0.00312024 -0.00963488 0.0133246 0.0281088 0.000152627 -0.0209133 -0.00148348 0.00217123 0.0339772 -0.0376422 -0.0411453 -0.0226894 -0.00227773 -0.00963136 -0.03861 0.00953698 0.00137659 0.000708527 -0.00971531 0.00212303 0.000584308 0.00256786 0.00110025 0.00405169 0.00172556 0.00483291 -0.00959155 0 -0.0101285 -0.00214317 0.0143868 0.0186031 0.00394966 0.0266069 0.0348823
internal_weight=265.375 128.217 137.158 67.5659 69.5917 49.491 29.9786 23.6748 39.6131 20.4823 17.0206 15.6588 19.1308 9.1428 32.2408 25.9723 4.5527 21.4196 16.5028 15.2098 10.7584 8.32106 78.7262 9.98803 13.9414 10.7361 8.59802 16.3199 12.16 4.15985 6.26843 8.61848 6.55123 3.05271 75.0458 35.3251 5.76505 5.47981 4.92068 2.83296 7.06967 48.2897 7.16401 74.1049 73.2661 7.71515 65.5509 59.4639 50.7182 48.8894 39.5019 35.6569 30.5752 8.74561 22.4731 9.38749 7.06892 6.08709 5.58975 3.55635 7.35497 34.6705
internal_count=165594 156626 8968 4921 4047 148725 1115 619 2932 673 576 529 2259 861 1822 1453 144 1309 1074 1044 826 767 7901 1398 179 137 1372 310 177 133 369 134 714 173 3489 3099 907 900 896 465 81 148647 309 3438 3408 1111 2297 1747 990 951 373 323 235 757 174 578 122 550 377 115 309 3066
is_linear=0
shrinkage=0.04


Tree=119
num_leaves=63
num_cat=0
split_feature=20 23 28 2 6 5 23 20 20 22 18 10 6 30 6 22 19 11 2 1 18 2 23 22 6 9 1 2 19 11 2 18 18 19 7 6 2 6 0 6 9 0 10 2 10 11 9 6 6 2 23 2 9 7 19 23 23 6 6 6 9 11
split_gain=30.996 26.666 7.63161 7.49543 3.60863 2.71443 1.80272 1.66356 3.74769 1.71199 1.83082 1.56011 1.43537 1.43168 1.42247 1.19534 1.11595 1.08684 1.32088 1.2932 2.53788 1.6526 1.53976 1.14206 1.18659 1.05544 1.96611 1.0359 1.59022 0.959002 0.926302 0.907447 0.741626 0.638785 0.599086 0.74484 1.13284 1.88378 0.902904 0.807368 1.12078 0.674871 0.75744 0.583712 0.575 0.569052 0.553344 1.62044 1.58052 0.552522 0.535488 0.528767 0.476144 0.894087 0.467522 0.450566 0.882746 0.427437 1.39408 0.419837 0.391333 0.875636
threshold=0.53863716125488292 0.26293487846851354 1.0000000180025095e-35 0.50553902983665477 0.83827373385429393 1.0000000180025095e-35 0.97073099017143261 0.97169560194015514 0.94352909922599804 0.5419580638408662 0.46192501485347753 0.240384615957737 0.069570478051900878 1.0000000180025095e-35 0.80259740352630626 0.16172623634338382 0.53627237677574169 0.33045977354049688 0.11427757143974306 0.36960017681121832 0.615800440311432 0.62731361389160167 0.35021367669105535 0.30384616553783422 0.6900656819343568 0.47690120339393621 0.40217100083827978 0.1600352078676224 0.80608585476875316 0.56711712479591381 0.53885021805763256 0.65240275859832775 0.84764185547828685 0.55701982975006115 0.34330357611179357 0.62258651852607738 0.35861176252365118 0.81530213356018078 0.63326683640480053 0.68801230192184459 0.91476997733116161 0.80084761977195751 0.44949495792388922 0.1600352078676224 0.76388889551162731 0.98936170339584362 0.9607692062854768 0.90366768836975109 0.83827373385429393 0.28329823911190039 0.94609123468399059 0.70000678300857555 0.99230769276618969 0.30901856720447546 0.64174234867095958 0.92893216013908397 0.90254694223403942 0.83424907922744762 0.72481885552406322 0.95311355590820324 0.680425524711609 0.62115561962127697
decision_type=2 2 2 2 2 2 2 2 2 2 2 2 2 2 2 2 2 2 2 2 2 2 2 2 2 2 2 2 2 2 2 2 2 2 2 2 2 2 2 2 2 2 2 2 2 2 2 2 2 2 2 2 2 2 2 2 2 2 2 2 2 2
left_child=1 11 4 12 7 51 15 8 9 10 16 45 43 -8 17 -6 52 -12 -19 20 21 22 -20 54 -25 29 31 -21 -29 -14 -16 33 50 -27 -13 38 37 -37 60 -38 41 42 59 -4 46 -1 47 48 -42 -11 -17 -3 53 -2 -22 56 -34 58 -44 -41 61 -36
right_child=2 5 3 -5 6 -7 13 -9 -10 49 14 34 25 -15 30 32 -18 18 19 27 23 -23 -24 24 -26 26 -28 28 -30 -31 -32 -33 55 -35 35 36 39 -39 -40 40 44 -43 57 -45 -46 -47 -48 -49 -50 -51 -52 -53 -54 -55 -56 -57 -58 -59 -60 -61 -62 -63
leaf_value=-0.028779090487599281 0.016318177525648809 -0.039178066610082364 0.00282334548880485 0.036816895111970636 -0.0082311100515230374 0.0081425191257313723 0.018621746457941905 0.01846008474098048 -0.032256821818834581 0.0026003047661700284 -0.027887717849339088 0.024784762780379669 0.0058858999296685323 -0.024882703786730579 0 0.032266227652439486 0.031242861212734244 0.02100691092057529 0.01560885641429338 -0.011013149254333011 -0.0031576887096996069 0.015037104903414077 -0.040507831620627169 -0.023931604900211678 0.01102899775353737 0.00040561685632425524 0.02704679824217876 0.027682158075773559 -0.0064114960721402461 -0.016949482533209249 -0.046980790144664421 0.013965591063424961 0.010634298310020013 -0.026276986112939587 0.019107321025337954 -0.0024567439707802417 0.014632045297775851 0.046070035159159674 0.0042233255670600604 -0.024709828784785497 0.017875679686180836 -0.021685518092258209 0.019875041480283819 0.031670053611891784 0.012439242638224601 0.0039038992223909513 -0.0014722192907910654 0.029668335857653164 -0.027138850862714052 0.030193977564995401 0 0.0012095446590463981 0.017979304008952635 -0.018317064359871852 0.022990604680470289 0.022544018887105187 -0.022817688279454105 0.014045862692000017 -0.02394238530569559 0.0065682482883129825 -0.028564208985173305 -0.019497166941258578
leaf_weight=2.7293356708833012 0.81617785460548464 45.568795268569374 2.1681162063032415 33.117554978933185 1.2417895462713264 1.5805605598725367 1.0483159862051243 5.5005214074626556 5.1613809466361991 2.4632617197930804 1.6145417929510646 0.84684352530166407 4.4048438662430289 1.9442043752060272 1.0899977550434408 12.238381262868645 2.6965115842758678 2.8558004589285728 0.25554203055799263 2.8129947965498996 0.86254346073837806 0.53704966697841872 5.3925234955968335 2.6157398171490058 1.7524731699377296 2.149732516059883 4.9042957173660398 4.2472231328720227 2.9512926312163472 5.3734156773425639 1.1393764744279904 1.762033720500767 3.1171414526179428 2.0045724804513156 0.686328720592427 2.1560318478732365 5.6212821117951526 1.475740317488089 3.4999697584426031 1.763475930900311 1.2791201785439619 4.2654517547925934 1.0711917061125862 3.793047615326941 7.1944721899926654 0.56317613983992476 31.634942176577169 2.6368322465568781 1.742025375657249 2.8170229019597173 1.0163289206102479 0.27093232455081206 0.75136028981069092 2.4055571371281985 3.0200132082100026 1.4168535815551875 0.81849241070449341 2.974301295587793 1.6039509757538324 0.20943684875965107 2.3861601607059129 1.0845243874355217
leaf_count=4070 28 148221 60 3399 71 334 63 141 80 28 68 31 51 64 71 495 323 33 2 54 150 10 1868 78 23 74 125 84 43 79 29 23 171 38 77 398 421 17 119 720 73 69 60 192 93 293 175 21 52 74 44 122 23 756 82 68 36 32 173 1 627 294
internal_value=0.000561473 -0.0137638 0.0137187 0.0243454 0.00518107 -0.0370491 0.0181387 -0.000482118 -0.0030533 0.00100565 -0.00205866 0.000737341 0.00787804 -0.00779371 -0.00628813 0.0224265 0.015416 -0.00320401 -0.000669289 -0.00408456 -0.0115231 -0.0289817 -0.0354012 0.00285033 -0.00971896 0.00223986 0.0105402 0.00635042 0.0141392 -0.00669994 -0.0316744 -0.00449661 0.024992 -0.0142936 0.00211694 0.00147104 0.00293293 0.0220874 -0.00948821 0.00141455 -6.57265e-05 -0.0105435 -0.00205262 0.0236657 0.00281642 -0.0226498 0.000579177 0.0111482 -0.00737964 0.0204221 0.0301127 -0.0388332 0 -0.00680836 0.0169053 0.0089374 0 0.00520987 -0.00467459 -0.0189515 -0.0203886 -0.00159557
internal_weight=261.123 124.845 136.278 59.6776 76.6004 47.4203 22.8415 53.7589 48.2584 43.097 37.8167 77.4246 26.5601 2.99252 31.1471 19.849 6.66961 28.9177 27.3032 24.4474 14.4359 6.18512 5.64807 8.25077 4.36821 20.5989 10.8206 10.0115 7.19852 9.77826 2.22937 5.91634 18.6072 4.1543 74.1321 73.2852 65.6283 3.63177 7.65698 61.9965 56.3752 11.8878 7.62236 5.96116 44.4874 3.29251 37.2929 5.65798 3.02115 5.28028 13.2547 45.8397 3.9731 3.22173 3.88256 5.35249 3.93563 5.64944 2.67514 1.97291 4.15701 1.77085
internal_count=165594 156493 9101 4041 5060 148677 1012 4048 3907 3827 3725 7816 642 127 2595 885 1130 2495 2427 2394 2213 1880 1870 333 101 390 260 181 127 130 100 135 814 112 3453 3422 2305 415 1117 1890 1469 1055 986 252 414 4363 321 146 125 102 539 148343 807 784 232 275 207 265 233 721 998 371
is_linear=0
shrinkage=0.04


Tree=120
num_leaves=63
num_cat=0
split_feature=1 23 28 2 6 8 1 18 20 20 21 18 6 10 1 6 19 23 1 9 30 11 2 1 18 2 23 21 6 10 23 19 2 20 23 11 18 18 7 6 2 6 0 6 9 7 8 2 6 11 8 7 2 6 2 9 8 0 10 0 11 31
split_gain=29.195 26.4288 7.27588 7.6849 3.21879 2.60697 1.76858 1.60186 1.56365 3.45727 1.6297 1.64294 1.49886 1.49141 1.38804 1.35655 1.28413 1.13549 1.95205 1.56693 1.6901 1.05767 1.22583 1.18202 2.48215 1.62169 1.50952 1.16121 1.12719 1.01901 1.14338 0.949688 0.882168 0.801354 0.673923 0.702708 0.589454 0.751713 0.58627 0.70554 1.10491 1.83795 0.868964 0.771342 0.986321 0.592075 1.08256 1.23712 1.66173 1.07462 0.583772 0.916146 0.561622 0.559537 0.538526 0.490554 1.64382 0.956206 0.559726 0.717361 0.52245 0.488293
threshold=0.059397457167506225 0.26293487846851354 1.0000000180025095e-35 0.50553902983665477 0.83827373385429393 0.17267081141471866 0.14944787323474887 0.5914268195629121 0.97169560194015514 0.94352909922599804 0.5419580638408662 0.46192501485347753 0.29679679870605474 0.240384615957737 0.43283110857009893 0.80259740352630626 0.53627237677574169 0.78800719976425182 0.45897600054740911 0.99230769276618969 1.0000000180025095e-35 0.33045977354049688 0.11427757143974306 0.36960017681121832 0.615800440311432 0.62731361389160167 0.35021367669105535 0.30384616553783422 0.6900656819343568 0.30384616553783422 0.84650033712387096 0.88581016659736644 0.53885021805763256 0.84764185547828685 0.82870012521743786 0.78867626190185558 0.65240275859832775 0.42631272971630102 0.34330357611179357 0.62258651852607738 0.35861176252365118 0.82097071409225475 0.76780930161476146 0.68237251043319713 0.91476997733116161 0.94804319739341747 0.88067796826362621 0.53278529644012462 0.86526826024055492 0.63733074069023143 0.99438202381134044 0.24068965017795566 0.1600352078676224 0.94804319739341747 0.28329823911190039 0.9607692062854768 0.92637759447097789 0.67507311701774608 0.68333333730697643 0.99999997019767772 0.67799538373947155 1.0000000180025095e-35
decision_type=2 2 2 2 2 2 2 2 2 2 2 2 2 2 2 2 2 2 2 2 2 2 2 2 2 2 2 2 2 2 2 2 2 2 2 2 2 2 2 2 2 2 2 2 2 2 2 2 2 2 2 2 2 2 2 2 2 2 2 2 2 2
left_child=1 13 4 5 8 52 -6 -3 9 10 11 16 -7 53 33 21 50 -8 19 -19 -21 -13 -23 24 25 26 -24 -26 -29 30 -25 -16 -17 36 -20 -36 37 -14 -15 42 41 -41 61 -42 45 46 47 48 49 -45 51 -2 -4 -1 -12 56 57 -46 60 -60 -57 -40
right_child=2 7 3 -5 6 12 17 -9 -10 -11 54 15 14 38 31 32 -18 18 34 20 -22 22 23 29 27 -27 -28 28 -30 -31 -32 -33 -34 -35 35 -37 -38 -39 39 40 43 -43 -44 44 55 -47 -48 -49 -50 -51 -52 -53 -54 -55 -56 58 -58 -59 59 -61 -62 -63
leaf_value=-0.028336382782185053 0.016646339430971682 -0.039020400265414194 0.0049317357134491388 0.036304766408827856 -0.0086996394943954121 -0.014157093768181616 0.035062261000387618 0.0068925367525069208 0.018037461583099029 -0.030759868131296539 0.0025270510370534538 -0.027515349371901004 0.0025535495874799917 0.024269776062396376 0.032219124828292832 0 0.031857275475466164 0.020056852631110317 -0.0026157493952483359 0.01029340227883749 -0.031916802035202266 0.020387223489521326 0.015468644575190772 0.013722769569411522 0.017591540804122868 0.015217378512748221 -0.040039482809391916 -0.023333103232998722 0.010765411177098307 0.022375707543783954 -0.014961829937997497 0 -0.04563146071439373 0.015032924712329514 -9.5180530646034295e-05 0.034012355645157401 0.0053024196651924628 -0.029636143334262125 -0.027540048607070978 -0.0013541171199489921 0.014421297652951985 0.047095114352669658 0.014861835117575599 0.016073557771462382 0.017267574412660615 0.010234302815348572 -0.025241740703453603 0.024175652041632991 0.023433122961964377 -0.027937104678945147 0.018991085107937535 -0.018711414058532886 0.03318160789599215 0.0044682111896733176 0.029865257065273855 0.0056683088339209362 0.033305711209144495 -0.016724924602769437 0.019425296632080369 0 -0.0058441152792700537 -0.0042932290670395492
leaf_weight=2.7426602175401054 0.7170133637846442 43.275091460469412 2.3504745066165951 33.018825270060915 2.9204933322034803 7.3229113267443635 6.2881650356575873 0.81457676994614203 5.4291193112730971 5.2430202122777692 2.4622866935096672 1.5780839542567324 1.2222002013295408 0.85134757065679778 3.1711361398920417 1.0808057644171634 2.6174857664154842 2.0447823470458371 0.7715077269822358 1.7486384334042666 2.6805212078616023 2.8484425206843325 0.25658710487187164 2.9095426577841845 3.7760291805316211 0.52359843440353859 5.2875668432679959 2.6014652325538918 1.7481400128453968 2.9964527525007725 4.0685564603190869 2.3712416738271713 1.1505457810126243 1.3812549049034712 0.85350734554231156 5.6396218743175268 1.4154297350905833 2.3705756379640661 2.1643971744342698 2.3059000177890989 5.3487820447771801 1.2963745014276353 0.9775149612687527 0.28392151359002848 1.0821295141358853 1.1016509258188296 4.8923584282165393 1.2667101556435225 0.80487549677491177 3.755159676715266 0.7544674937671515 2.6882388200610876 4.7285416936501861 0.50427232682704914 2.7465454526245594 7.8727304821368334 2.2498152379412204 2.5341694203671068 4.0454219309613091 6.866292648948729 19.657050546782557 4.4839982020203024
leaf_count=4391 13 148308 66 3412 96 62 282 73 141 80 28 69 77 31 65 62 178 65 51 77 58 36 2 44 210 9 1860 78 23 56 81 60 26 25 28 348 16 105 460 403 371 14 11 15 55 10 125 30 13 918 35 1110 243 4 74 44 20 74 48 71 104 650
internal_value=0.000574239 -0.0136227 0.0132802 0.0236909 0.00494252 0.00697908 0.0171353 -0.0379494 -0.000433846 -0.00292739 0.00101415 -0.00197417 -0.000782101 0.000547345 0.00757719 -0.00604356 0.0144181 0.0213276 0.0128174 -0.00269053 -0.0156889 -0.0030005 -0.000494762 -0.00382711 -0.0110284 -0.0284571 -0.0348881 0.00324024 -0.00943032 0.00612675 -0.00227938 0.0207262 -0.0308054 -0.00454858 0.0257747 0.0295808 -0.0122181 -0.0196431 0.00189834 0.00125885 0.00268888 0.021657 -0.00942535 0.00119137 -0.000222702 -0.00994604 -0.0129841 -0.000438094 -0.0105946 -0.0214738 0 -0.00826971 0.0260683 -0.0224473 0.0200748 0.00250628 0.0123916 -0.00414951 0.000620457 0.00796699 -0.0023284 -0.0149955
internal_weight=256.961 121.177 135.784 59.3526 76.4312 26.3338 22.9472 44.0897 53.484 48.0549 42.8119 37.603 19.2547 77.0875 11.9318 30.8258 6.77721 20.0267 13.7386 6.47394 4.42916 28.5945 27.0164 24.1679 14.1934 6.06775 5.54415 8.12563 4.34961 9.97455 6.9781 5.54238 2.23135 6.38946 7.26464 6.49313 5.00821 3.59278 73.8406 72.9893 65.3633 3.60227 7.62591 61.7611 56.4123 12.1047 11.003 6.11067 4.84396 4.03908 4.15972 3.40525 7.07902 3.24693 5.20883 44.3076 5.86611 3.6163 38.4415 10.9117 27.5298 6.6484
internal_count=165594 156243 9351 4131 5220 719 1005 148381 4215 4074 3994 3892 410 7862 348 2556 1336 909 627 200 135 2468 2399 2363 2182 1871 1862 311 101 181 125 125 88 223 427 376 198 182 3467 3436 2315 417 1121 1898 1527 1111 1101 976 946 933 1158 1123 309 4395 102 416 149 129 267 119 148 1110
is_linear=0
shrinkage=0.04


Tree=121
num_leaves=63
num_cat=0
split_feature=20 23 6 28 2 8 1 11 23 10 9 18 22 30 10 9 1 19 9 1 10 10 24 9 1 0 10 22 10 8 19 9 2 11 0 10 7 0 9 10 9 11 7 9 11 2 2 7 6 2 6 0 7 9 6 5 0 0 6 2 10 7
split_gain=27.4753 26.1078 7.37484 4.26309 4.20913 2.42959 2.35086 2.56128 2.52239 2.15715 4.5823 1.58191 1.55506 1.82998 1.83356 1.84822 2.11184 1.68773 1.45608 1.84164 1.428 1.16994 1.01107 1.19749 1.0692 0.980898 1.2487 1.70335 0.977345 2.62935 0.930402 0.921836 1.36258 0.844431 0.835976 0.719486 0.708296 0.756537 0.695411 0.68753 1.26754 0.673684 0.624672 0.582123 0.557336 0.553131 0.551894 0.550096 0.674618 1.04107 1.78295 0.858446 0.706693 0.745589 1.07247 0.816675 0.630177 0.585982 0.931599 0.584479 0.569306 0.532014
threshold=0.51732715964317333 0.26293487846851354 0.83827373385429393 1.0000000180025095e-35 0.50935709476470958 0.17267081141471866 0.45897600054740911 0.75931033492088329 0.76329937577247631 0.86607143282890331 0.97825059294700634 0.53532215952873241 0.80625000596046459 1.0000000180025095e-35 0.080128207802772536 0.88067796826362621 0.63926216959953319 0.93127068877220165 0.47690120339393621 0.40217100083827978 0.240384615957737 0.73214286565780651 1.0000000180025095e-35 0.71209660172462474 0.29179082810878759 0.83118847012519848 0.44949495792388922 0.48529411852359777 0.4083333313465119 0.82972848415374767 0.82972848415374767 0.81302964687347423 0.11427757143974306 0.73431372642517101 1.0000000180025095e-35 0.44949495792388922 0.59299960732460033 0.51094213128089916 0.12132352963089944 0.19090909510850909 0.78086888790130626 0.68496242165565502 0.77015754580497753 0.1702898591756821 0.98936170339584362 0.1600352078676224 0.54586797952651989 0.34330357611179357 0.62258651852607738 0.35861176252365118 0.82097071409225475 0.63326683640480053 0.680425524711609 0.91476997733116161 0.72255688905715953 1.0000000180025095e-35 0.57827606797218334 0.78874963521957409 0.86729559302330028 0.54586797952651989 0.76388889551162731 0.91734972596168529
decision_type=2 2 2 2 2 2 2 2 2 2 2 2 2 2 2 2 2 2 2 2 2 2 2 2 2 2 2 2 2 2 2 2 2 2 2 2 2 2 2 2 2 2 2 2 2 2 2 2 2 2 2 2 2 2 2 2 2 2 2 2 2 2
left_child=1 20 3 12 5 45 8 -8 35 10 -10 -3 13 28 22 17 -17 25 -7 39 44 -12 23 24 34 26 61 -28 29 30 31 32 -2 41 -15 -4 -33 -38 -34 -20 -41 -30 -35 -26 -1 -5 -40 -22 51 50 -50 -49 56 54 -54 57 -51 58 59 -56 -55 -16
right_child=2 11 6 4 -6 18 7 -9 9 -11 21 -13 -14 14 15 16 -18 -19 19 -21 47 -23 -24 -25 43 -27 27 -29 33 -31 -32 36 38 42 -36 -37 37 -39 46 40 -42 -43 -44 -45 -46 -47 -48 48 49 52 -52 -53 53 60 55 -57 -58 -59 -60 -61 -62 -63
leaf_value=-0.028303256821242843 0.01837822911916755 -0.03887206038083342 0.0032181263648607028 0.0048082162398047617 0.036942844282232046 -0.012016672002738938 -0.012648839812119363 0.037138071799472899 0.02066135358744883 0.024845291305639967 -0.049188044356256899 0.0085654653666595356 0.026812508496022236 0.026877446844662273 -0.035522365474003351 0.021109008209252256 -0.028241543117630843 0.014749334970018122 -0.020250510783381567 0.025855117736116501 0.023765788143894528 -0.0029936963114939831 0.023028865956348132 0.017872409934309587 -0.0010290758853606443 -0.064652953140715341 -0.019935665902373344 0.025973341553548024 0.0089001857294416578 -0.036154361884991951 0.021828819289102307 0.026854160838778989 0.01037224764922242 -0.010008765811610133 -0.01223197549269343 0.035483432407449014 0.017147210772781522 -0.017599376782509616 -0.026816358518781148 0.023916585251612603 -0.014192589106435867 0.041983413495677545 0.016837003159904673 -0.02390456579333812 0.0040672372368498588 0.032947362068833655 0.0063876725520994309 -0.01988527631815179 -0.0012724330994300403 -0.011660046670390301 0.046624962981669189 0.0042280512607545647 0.0099081227593752538 3.4393044938693887e-05 -0.024697882061854085 0.0083986248473924448 0.017468134358897294 -0.033096716156107764 0.0116800297332008 0.0076274796584921978 0.011866131743993103 0.004331514106331159
leaf_weight=2.5863748320261943 1.1964229570003242 42.192522039840696 1.9065359485684918 2.3403202574700144 10.56091394042596 8.6105655180290359 1.1758011318743253 24.358383147977293 3.1622732750256528 2.8593423962593079 2.501778035541065 0.67831735630170342 2.0625672359019509 1.1322214119136358 4.9420377138885616 2.7676087639993052 1.1808345243334768 0.68466837704181749 1.9718548706441632 4.5182639956474304 0.85574223031289776 1.6131966615212148 1.7522888377134211 2.1642568522656793 3.2715715840458852 0.81699359370395619 2.229944686259842 1.14450266957283 3.6073478729231265 1.8259775471815363 3.2183902161195865 1.7109040007635488 0.42468060739338387 2.5993029717647009 0.55835307543748047 5.9806376041087788 0.75802389500313472 1.2764284639852119 4.3792862783302553 1.6879876970779153 1.8592369312245862 1.4632536509889176 1.2537857169809283 4.7332187908468768 0.55591769533930335 4.581754807382822 0.33124823408434156 4.0362567311967714 2.3003912558779116 0.54456284857587789 1.2677312885643912 3.4907198645523749 2.7015665406361213 36.802725578076206 2.8596084607997896 1.1703196987509725 5.7183476216159761 2.6920904948492534 1.5783857664791865 0.43753701582318161 7.0932718105614176 0.17563873529434193
leaf_count=4065 22 146939 68 66 1031 76 83 2515 182 169 86 262 74 10 2041 295 21 18 67 109 31 62 45 122 31 16 211 21 116 226 41 128 6 141 289 285 76 248 1090 34 47 35 43 92 293 243 5 997 401 216 14 119 233 312 513 7 411 68 23 10 93 1
internal_value=0.000609417 -0.0132393 0.0130621 0.00631983 0.0167454 0.0071765 0.0264174 0.0343044 0.0138178 0 -0.011365 -0.0378522 -0.000804559 -0.0024733 -0.00940753 -0.0190976 0.00281712 -0.0275883 -0.000472606 0.00925959 0.000778014 -0.0359862 0.00087162 -0.00362733 -0.0100229 -0.0322189 -0.0221946 -0.00107241 0.00537153 -0.000732828 0.00604092 -0.000155751 -0.0093575 0.0151501 0.0127285 0.0293739 0.013251 -0.00195044 -0.0184137 -0.00559497 0.00433396 0.0244493 0 -0.0161521 -0.0220114 0.0257464 -0.0230713 0.00208752 0.00145901 0.00285159 0.0213509 -0.00904897 0.00139216 -7.45633e-05 -0.00880554 -0.0154254 0.013128 -0.0201269 -0.00787056 -0.0187006 0.00225713 -0.0330163
internal_weight=252.913 119.562 133.351 89.7927 36.1309 25.57 43.5579 25.5342 18.0238 10.1366 7.27725 42.8708 53.6618 51.5992 27.5541 13.9422 3.94844 9.99379 18.6479 10.0373 76.6915 4.11497 13.6119 11.8596 9.69536 9.30912 8.49212 3.37445 24.0451 15.1214 13.2954 10.077 6.33164 8.92369 1.69057 7.88717 3.74536 2.03445 5.13522 5.51908 3.54722 5.0706 3.85309 8.00479 3.14229 6.92208 4.71053 73.5493 72.6935 65.1665 3.56812 7.52698 61.5984 55.3355 11.4395 8.73794 6.26291 7.56762 4.87553 3.29715 43.896 5.11768
internal_count=165594 155007 10587 7137 1673 642 3450 2598 852 499 330 147201 5464 5390 3213 2624 316 2308 333 257 7806 148 589 544 422 2290 2274 232 2177 1842 1616 1575 1123 335 299 353 452 324 1101 148 81 151 184 123 4358 309 1095 3448 3417 2301 415 1116 1886 1259 854 621 627 614 546 523 405 2042
is_linear=0
shrinkage=0.04


Tree=122
num_leaves=63
num_cat=0
split_feature=1 23 28 2 6 8 1 18 21 31 10 9 1 19 10 6 1 23 23 31 1 21 10 8 6 19 0 10 21 9 6 9 20 23 8 6 2 2 21 1 9 8 6 2 18 23 7 6 2 6 0 7 9 6 5 0 0 6 2 7 7 10
split_gain=25.9151 24.9941 6.6961 7.34576 2.82377 2.39246 1.67063 1.55443 1.44185 1.7204 1.69878 1.72464 2.03559 1.60806 1.36674 1.35174 1.26628 1.12988 1.78125 1.63316 2.45757 1.01518 1.11117 2.83036 1.19663 0.924861 0.923612 1.16892 1.61904 0.792452 1.62344 0.953421 0.752328 0.707505 0.645636 1.5521 0.762102 0.86055 0.617396 0.616213 1.01918 1.25739 0.54798 0.544521 0.542862 0.75503 0.538849 0.634262 1.01945 1.74088 0.815821 0.667792 0.687262 1.02132 0.789952 0.601234 0.574777 0.887542 0.569827 0.522614 0.592556 0.683666
threshold=0.059397457167506225 0.26293487846851354 1.0000000180025095e-35 0.50553902983665477 0.83827373385429393 0.17267081141471866 0.14944787323474887 0.5914268195629121 0.80625000596046459 1.0000000180025095e-35 0.080128207802772536 0.88067796826362621 0.63926216959953319 0.93127068877220165 0.240384615957737 0.29679679870605474 0.43283110857009893 0.78800719976425182 0.81857365369796764 1.0000000180025095e-35 0.45897600054740911 0.65942031145095836 0.4083333313465119 0.81284341216087352 0.57735043764114391 0.88581016659736644 0.83118847012519848 0.44949495792388922 0.48529411852359777 0.71209660172462474 0.2152509689331055 0.40370370447635656 0.84764185547828685 0.98802351951599132 0.22474747896194461 0.64565756916999828 0.11427757143974306 0.48381753265857702 0.19292803853750232 0.29179082810878759 0.74464204907417308 0.82097071409225475 0.94804319739341747 0.1600352078676224 0.65240275859832775 0.64414930343627941 0.34330357611179357 0.62258651852607738 0.35861176252365118 0.82097071409225475 0.76780930161476146 0.680425524711609 0.91476997733116161 0.72255688905715953 1.0000000180025095e-35 0.57827606797218334 0.78874963521957409 0.86729559302330028 0.54586797952651989 0.79469618201255809 0.95311355590820324 0.64583334326744091
decision_type=2 2 2 2 2 2 2 2 2 2 2 2 2 2 2 2 2 2 2 2 2 2 2 2 2 2 2 2 2 2 2 2 2 2 2 2 2 2 2 2 2 2 2 2 2 2 2 2 2 2 2 2 2 2 2 2 2 2 2 2 2 2
left_child=1 14 4 5 8 43 -6 -3 9 10 29 13 -13 26 42 -7 32 -8 -19 20 -20 22 23 34 -25 -18 27 -12 -29 30 -2 -32 44 -22 -11 36 -36 -38 -37 40 -24 -42 -1 -4 45 -17 -16 50 49 -49 -48 55 53 -53 56 -50 57 58 -55 -54 -61 -62
right_child=2 7 3 -5 6 15 17 -9 -10 21 11 12 -14 -15 46 16 25 18 19 -21 33 -23 39 24 -26 -27 -28 28 -30 -31 31 -33 -34 -35 35 38 37 -39 -40 -41 41 -43 -44 -45 -46 -47 47 48 51 -51 -52 52 59 54 -56 -57 -58 -59 -60 60 61 -63
leaf_value=-0.027874652210425989 0.0071701807042695801 -0.03894158110923588 0.0046875910590454496 0.035938206142599897 -0.0086845806294866129 -0.013338886187629665 0.034602648660770188 0.0065915172230317908 0.026534280998918049 0.02116982402868663 -0.032082823107097369 0.02109892606222059 -0.027303435854358758 0.014589400570806526 0.023272517842475637 0 0.031657457160904026 -0.023874201685922167 -0.017743472642503269 0.032447712064168258 0.029916603460811431 -0.021571503798311582 0.028385690653242594 0.0079807285595610393 -0.040910988895866487 0 -0.062274451978601549 -0.019355488886192224 0.025642003137121672 0.018737661849422913 -0.037585761128199287 0 0.014754712987727075 -0.0046180336309237053 0.014659082428767961 -0.0084063156303000302 -0.028035354389286171 0.0064418254251035617 0.025283398437110995 0.031276400649464874 -0.021796766207761165 0.014201131327504142 0.004588110613095611 0.032711407851948142 0.0050435980294201875 -0.033473155719753726 -0.01446373084617289 -0.0012817895841593253 -0.011582523555028271 0.046170414319265413 0.01444062240326606 0.0095290326342972881 -0.0064963098380201026 -0.024368606616469519 0.0082372588510363758 0.016801346540432523 -0.032771143766088619 0.011334684741389702 0.0075259309049195144 0.010535261553073091 -0.010184766662114248 0.0044369641305625814
leaf_weight=2.6025471366592678 7.3830915268044937 40.056555040064268 2.3304572487249997 30.9170518531173 2.9011757334810708 7.3434827172313843 5.9395916089415577 0.80656565824756299 2.0123313535004845 3.8885757435346076 4.770958992769005 2.7119341437064572 1.206381522119045 0.67563243024051267 0.86003256076946755 2.0107879949500771 3.0529545741155744 1.0031671430915583 3.556262086145578 5.0274843079969287 3.1081224121153359 1.0057611921802152 1.3949686216074022 0.53041761595522929 2.0878512448107358 2.3433036971837282 0.85053560335654843 2.1893320746894465 1.1262127626687286 2.2765315652941345 1.7102009857189844 2.0652135032578371 1.3621439225971697 0.6790501121431588 0.44899241617531505 0.38508436566917259 2.8807841004454535 0.96059901633998368 2.9893211814924143 2.9950085673481226 1.9918913698056711 2.1763117104710545 0.50024701911024738 4.4402888780459762 1.4045325028710065 1.5317435394099446 6.5221213719341895 2.3025458251941013 0.54052233963739027 1.2394206860335542 0.98335271677933622 2.7115188515745094 8.1111338914488424 2.8106103626196259 1.1652101278305051 5.745060496556107 2.6495893059764057 1.579997624736279 0.43916343885939557 13.177767479268367 6.2849329710006741 16.179307288490236
leaf_count=4391 82 148308 66 3412 96 62 282 73 74 53 1400 198 21 18 31 62 65 49 85 266 196 23 38 39 198 60 14 158 21 86 44 218 25 31 11 327 813 15 88 83 135 58 4 243 16 120 1110 403 217 14 11 238 109 516 7 412 69 24 10 121 33 142
internal_value=0.000632874 -0.0129675 0.0127826 0.0230495 0.00475463 0.0067025 0.016382 -0.0378113 -0.000284701 -0.00191914 -0.00874096 -0.0182423 0.00286196 -0.0266807 0.00058474 -0.000688925 0.00735751 0.0205864 0.0121091 0.0168935 0.00315257 0.00570949 0.00794338 0.00050547 -0.0304326 0.0200919 -0.0313575 -0.0211698 -0.000743991 0.00115192 -0.00335292 -0.0219614 -0.00424567 0.0232177 0.00970115 0.0016494 -0.012651 -0.0190378 0.0194815 0.0185 0.00729472 -0.00311643 -0.0218233 0.025425 -0.0117512 -0.018935 0.00186802 0.00124602 0.00260352 0.0209517 -0.00895389 0.00116205 -0.000266926 -0.00867454 -0.0151951 0.0125567 -0.0198583 -0.00768208 -0.0183606 0.00197095 0.00413174 0
internal_weight=248.934 117.268 131.666 56.7367 74.9288 25.8197 22.2149 40.8631 52.7139 50.7016 26.966 13.531 3.91832 9.61267 76.4051 19.0489 11.7055 19.3137 13.3741 12.3709 7.34343 23.7356 22.7298 14.1716 2.61827 5.39626 8.93704 8.0865 3.31554 13.435 11.1585 3.77541 6.30921 3.78717 11.5534 7.66478 4.29038 3.84138 3.37441 8.55818 5.56317 4.1682 3.10279 6.77075 4.94706 3.54253 73.3023 72.4423 64.9368 3.54197 7.50547 61.3948 55.1092 11.3561 8.64457 6.28558 7.47936 4.82977 3.24977 43.7531 35.642 22.4642
internal_count=165594 156243 9351 4131 5220 719 1005 148381 4215 4141 2260 1830 219 1611 7862 410 348 909 627 578 312 1881 1858 1544 237 125 1593 1579 179 430 344 262 223 227 1307 1254 839 828 415 314 231 193 4395 309 198 182 3467 3436 2315 417 1121 1898 1269 864 626 629 619 550 526 405 296 175
is_linear=0
shrinkage=0.04


Tree=123
num_leaves=63
num_cat=0
split_feature=20 23 6 28 2 1 11 23 8 10 9 20 20 21 23 2 30 23 9 1 10 8 9 1 10 21 10 5 2 9 19 9 2 10 10 8 11 2 24 8 6 11 0 9 5 0 0 10 21 11 8 11 20 10 8 8 9 0 0 6 10 0
split_gain=24.3907 24.621 6.75638 3.83861 3.99016 2.33909 2.56401 2.39401 2.23351 2.03523 4.22505 1.4836 3.03476 1.64058 2.13299 1.86098 1.55286 2.31798 1.73795 1.51845 1.49676 1.73579 1.31136 1.7108 1.30251 1.24466 1.04703 0.984806 0.889375 0.85734 1.20406 0.811979 1.1192 0.729621 0.65436 0.55279 0.545604 0.535807 0.532828 0.528151 0.919397 1.17339 0.78973 0.759343 1.35983 1.44151 0.737164 0.624151 0.52437 0.516666 0.516823 0.483019 0.418444 0.391173 0.794944 0.367434 1.03506 0.461275 0.418142 1.48534 0.729704 1.22051
threshold=0.51732715964317333 0.26293487846851354 0.83827373385429393 1.0000000180025095e-35 0.50935709476470958 0.45897600054740911 0.75931033492088329 0.76329937577247631 0.17267081141471866 0.86607143282890331 0.97825059294700634 0.97169560194015514 0.94352909922599804 0.48529411852359777 0.96441236138343822 0.11427757143974306 1.0000000180025095e-35 0.57197383046150219 0.90595519542694103 0.53663355112075817 0.4083333313465119 0.82972848415374767 0.47690120339393621 0.40217100083827978 0.240384615957737 0.23303167521953586 0.73214286565780651 1.0000000180025095e-35 0.18297153711318973 0.81302964687347423 0.82972848415374767 0.74464204907417308 0.51369920372962963 0.44949495792388922 0.19090909510850909 0.059714796021580703 0.98936170339584362 0.1600352078676224 1.0000000180025095e-35 0.8521554470062257 0.82426470518112194 0.63733074069023143 0.60961154103279125 0.8989795744419099 1.0000000180025095e-35 0.63745751976966869 0.53636872768402111 0.44949495792388922 0.2788888961076737 0.7245689630508424 0.81284341216087352 0.61620295047760021 0.87559524178504955 0.36931818723678594 0.82972848415374767 0.92637759447097789 0.91734972596168529 0.72156745195388805 0.78874963521957409 0.7454303801059724 0.68333333730697643 0.99999997019767772
decision_type=2 2 2 2 2 2 2 2 2 2 2 2 2 2 2 2 2 2 2 2 2 2 2 2 2 2 2 2 2 2 2 2 2 2 2 2 2 2 2 2 2 2 2 2 2 2 2 2 2 2 2 2 2 2 2 2 2 2 2 2 2 2
left_child=1 24 3 11 8 7 -7 33 37 10 48 12 13 15 28 -2 20 25 19 38 21 29 -10 34 36 -18 -12 -3 -15 30 35 -22 -33 -4 -24 -17 -1 -5 -19 40 41 46 47 44 45 -41 51 -43 -9 -31 -51 -26 -37 -44 -55 56 57 -45 59 -57 -60 -62
right_child=2 27 5 4 -6 6 -8 9 22 -11 26 -13 -14 14 -16 16 17 18 -20 -21 31 -23 23 -25 39 -27 -28 -29 -30 49 -32 32 -34 -35 -36 52 -38 -39 -40 43 -42 42 53 55 -46 -47 -48 -49 -50 50 -52 -53 -54 54 -56 58 -58 -59 60 -61 61 -63
leaf_value=-0.027832980439113461 0.017802590066293474 -0.038739947685442068 0.0026234501103178983 0.0045698022304236294 0.036575007272095811 -0.01312220682251561 0.036886516183267617 -0.0036250118352438594 -0.011306072498431179 0.024296665325640544 -0.046656153427195077 0.017558061428872167 -0.029022430526240803 0.0010405078572340266 -0.012398459327653979 0.0071013461303160155 -0.015926904343222074 -0.044562552389314287 0.010013613435352396 0.0055597870390933979 0.030221979317394246 -0.03751567657660581 -0.01976443197033368 0.025234274520750177 -0.016136541806526468 0.028013311314483716 -0.0029010493281646601 0 0.031412028109144799 -0.004324275272150198 0.017453145235179539 -0.016093248085126341 0.016123092864892514 0.035013243706611588 0.0043199435197127803 -0.030959352773230867 0.0042196368837623564 0.032473767340072901 -0.0027356625081861839 0.010166181827729406 0.027874688011073401 -0.02616999874984681 0.02372414616713444 -0.004194903970996376 0.011719098832856038 -0.030384007202363426 0.030457558930893937 -8.220395593532833e-05 0.026811756702556311 0.027334146639602843 -0.0061361141536702274 0.015391260672315029 0.0027467080229203822 -0.018752181954369129 0.017024822180402556 -0.0025200332992133439 -0.021186280413829348 0.022323158878609237 -0.0025168439274873291 0.025961249165576756 0.023367368459715578 -0.0014737471996622456
leaf_weight=2.4555423475685525 4.2761768877098829 38.667784916673554 1.8748313443211397 2.3208767175674465 9.8641358804889006 1.1566307265311504 22.762607073411345 0.64779154522693572 8.6367537288460898 2.7609814116731286 2.5823751511343289 5.2464487683027974 5.3085599448531857 2.4862765246070904 2.8539854758419096 0.2933531403541586 0.7794842462753907 5.7120540003816114 1.0656644281989427 0.9120765235275029 1.8883603578433383 1.7050915899744721 1.9383157420961632 4.3735902868211269 0.82420120184542545 1.5422974782995877 1.6161436658585442 1.1034951262990933 5.4646057938225567 1.2615973969805057 0.7869981676340102 1.9918022776837458 3.0075207080808468 5.6698243616265245 3.5160745527537074 2.6912602999072992 0.54902395120006975 4.3039495246484876 0.89742201747139905 1.1834771464345966 2.2300095160026094 2.144643906678537 0.72861328738508779 1.2447148145583917 2.1209585769101977 4.2150770432781428 2.1313128619804047 3.3561781294993125 2.43414520425722 2.0198520290141464 0.3291663301642983 0.31167789921164513 0.27098613884299982 1.02899663784774 0.92836999683640886 5.9140916013275255 2.6851569093996659 1.0154344686307011 25.757631030632183 4.1539188027381897 4.4546696348115784 6.6286622397601604
leaf_count=4065 62 146869 68 66 1031 83 2515 69 76 169 86 141 80 30 42 3 253 2434 149 10 47 223 67 109 286 35 62 332 113 160 7 147 81 285 81 1075 293 243 78 47 62 1246 271 71 16 170 155 296 113 247 42 39 5 241 58 85 101 26 132 25 51 70
internal_value=0.000634796 -0.0126203 0.0125504 0.00606955 0.0161555 0.025692 0.0338782 0.0131187 0.00687995 0 -0.0111862 -0.000710342 -0.00312878 0.000629201 0.0134614 -0.00393776 -0.00801406 -0.0189861 -0.0280563 -0.0344616 0 -0.00997158 -0.000406897 0.00896138 0.000762057 0.0117035 -0.0343808 -0.037703 0.0235389 0 -0.0115843 0.0131544 0.00207787 0.0286816 -0.00535526 -0.0219954 -0.021386 0.0251042 -0.0405149 0.0020034 0.00880538 0.00283144 -0.00510096 0.000249602 -0.0107615 -0.0206699 0.0201829 -0.0133296 0.0201135 0.0122781 0.0210178 -0.00245703 -0.0269514 0.00971029 -0.000411839 0.00209542 -0.00714854 0.00968499 0.00328231 0.0101534 0.00108015 0.00928705
internal_weight=245.084 115.834 129.25 87.7447 34.9537 41.5053 23.9192 17.5861 25.0896 10.0414 7.28046 52.791 47.5446 42.236 10.8049 31.4312 27.155 10.909 8.58722 7.52155 16.246 9.35831 18.4647 9.82798 76.0624 2.32178 4.19852 39.7713 7.95088 7.65321 4.0426 6.88768 4.99932 7.54466 5.45439 3.2556 3.00457 6.62483 6.60948 73.0578 13.684 11.454 8.1868 59.3738 7.51951 5.39855 3.26719 5.50082 3.08194 3.61062 2.34902 1.13588 2.96225 2.68598 1.95737 51.8543 4.94531 2.26015 46.909 10.068 36.841 11.0833
internal_count=165594 155007 10587 7137 1673 3450 2598 852 642 499 330 5464 5323 5243 185 5058 4996 2959 2671 2522 2037 1762 333 257 7806 288 148 147201 143 1539 1090 275 228 353 148 1083 4358 309 2512 3448 2654 2592 2112 794 233 217 480 1542 182 449 289 325 1080 570 299 561 198 97 363 110 253 121
is_linear=0
shrinkage=0.04


Tree=124
num_leaves=63
num_cat=0
split_feature=20 23 7 28 2 8 30 20 20 18 21 23 23 11 2 10 6 25 10 21 11 19 23 23 0 20 21 11 20 18 0 23 21 18 21 11 2 8 11 8 2 7 7 20 8 8 10 30 8 30 11 2 9 6 11 6 0 11 11 9 21 23
split_gain=22.9425 23.8847 6.56479 4.09327 4.16651 2.1863 1.77231 2.04678 2.29395 1.55064 1.47228 2.66687 1.64494 1.44807 1.26315 1.24502 1.23051 1.13414 1.14921 1.12083 1.11275 1.49785 1.10313 1.10132 1.08778 1.07735 0.966012 1.046 1.37889 0.814562 0.761493 0.725163 0.721728 0.690691 0.628147 0.534105 0.527001 0.520667 0.986256 0.908355 1.52562 0.593886 0.561887 0.49092 0.414984 1.02289 0.623449 2.06302 1.53142 0.792412 1.44911 0.747687 0.678447 1.10851 0.770977 0.659001 1.3151 0.618174 0.407565 0.381026 0.372822 0.359637
threshold=0.51732715964317333 0.26293487846851354 0.90070420503616344 1.0000000180025095e-35 0.50553902983665477 0.17267081141471866 1.0000000180025095e-35 0.97169560194015514 0.94352909922599804 0.53532215952873241 0.48529411852359777 0.63178947567939769 0.90867391228675853 0.86754387617111217 0.12405638396739961 0.240384615957737 0.29679679870605474 1.0000000180025095e-35 0.38750000298023229 0.23303167521953586 0.89699381589889537 0.74175426363945018 0.97073099017143261 0.97156333923339855 0.29973532259464269 0.84764185547828685 0.14039409160614016 0.6900656819343568 0.82078272104263317 0.65240275859832775 0.90921679139137279 0.81497043371200573 0.59411767125129711 0.42631272971630102 0.74537035822868358 0.98936170339584362 0.1600352078676224 0.64051282405853283 0.62115561962127697 0.75931033492088329 0.28770673274993902 0.63859337568283092 0.30901856720447546 0.82078272104263317 0.78319624066352855 0.77346038818359386 0.44949495792388922 1.0000000180025095e-35 0.89699381589889537 1.0000000180025095e-35 0.8452991545200349 0.62731361389160167 0.94826048612594616 0.70926907658576976 0.90550595521926891 0.76253134012222301 0.99999997019767772 0.62115561962127697 0.98936170339584362 0.69504830241203319 0.18019481003284457 0.93563184142112743
decision_type=2 2 2 2 2 2 2 2 2 2 2 2 2 2 2 2 2 2 2 2 2 2 2 2 2 2 2 2 2 2 2 2 2 2 2 2 2 2 2 2 2 2 2 2 2 2 2 2 2 2 2 2 2 2 2 2 2 2 2 2 2 2
left_child=1 15 3 6 5 36 13 8 10 -3 11 19 24 26 -13 35 -7 22 -19 -8 -15 43 60 30 -12 29 -2 28 61 33 58 -30 -29 -18 -27 -1 -5 38 -17 59 -41 42 -40 -22 45 -42 47 -46 -49 52 57 -52 53 -48 -55 -54 -57 -51 -16 -39 -4 -28
right_child=2 9 17 4 -6 16 7 -9 -10 -11 12 14 -14 20 23 37 25 18 -20 -21 21 -23 -24 -25 -26 34 27 32 31 -31 -32 -33 -34 -35 -36 -37 -38 39 41 40 44 -43 -44 -45 46 -47 49 48 -50 50 51 -53 55 54 -56 56 -58 -59 -60 -61 -62 -63
leaf_value=-0.027572111008779338 -0.01098086868278559 -0.038719753679824213 0 0.0044547938955636123 0.034332250836881066 -0.012571379799443562 -0.014398365720343148 0.015184444778989739 -0.035576833567251054 0.0085613781223338875 -0.001966630638422374 0.0037325436226941346 -0.011305340353467766 -0.024339130318194457 -0.039895673950471215 0.034173261137175913 0.0055201447866844574 -0.0058595013929855604 0.036344936723079313 0.021717665831588108 -0.019702255981733439 0.027005543029439735 -0.0068905015901192428 0.0059422041808443737 0.033731987676482937 0.026273807013357936 -0.014831288331637165 0.030197876723634227 0 0.011543644893397325 0.0046023257913633299 0.026210604492433159 -0.0035435383378095093 -0.024363334358411901 0 0.0041559620449965083 0.032234468545079893 0.0013780323629111445 0.011288818794698141 0.037029775271831364 -0.012708130019266423 0.020138671762708595 -0.022314156490856548 0.0061637153176548436 -0.028613323225503126 0.02998475187351439 0.015924471442568172 -0.020817894818240586 0.019309566623775729 -0.0013061380343858053 0.015930023499744879 -0.0013307509859407005 -9.7014764923089323e-05 -0.025728973476794922 6.8526870569973668e-05 0.024108486086026421 0.00010028641763399256 -0.0231549368672694 0 -0.02517028026177175 0.023149074411808076 0.007253711142258981
leaf_weight=2.3904062163783233 1.5359466594527535 37.653634837770369 1.1692222917918105 2.3115701284259584 13.051805641036479 7.362111960072073 1.062654382520132 4.7503741141408673 4.0529699185863128 0.66388361039571364 1.6371198222041119 1.7411281731037869 3.1407171641476452 2.4736582550976882 6.1978760432684794 1.2282708738930517 1.1572606093832276 0.65021037869155662 18.101163717452437 3.31717441874207 2.1282441082294103 1.7350459946319459 2.0429301029071203 0.75738470582291473 2.8775168554857373 3.7311456184834242 3.4991373211087211 6.7765119864488943 2.2194007276557386 2.1162394592538476 0.3576483130455016 3.7437567682936788 0.70468872226774681 2.4441914428607561 1.8044412760064004 0.55043090996332456 4.1725489469245076 0.7096953678701533 0.2797531624091788 0.95617178705287997 0.58402227953774755 0.23403514130040992 1.4100693465443326 0.97424631938338269 3.6392994489870016 1.34835778089473 2.3193957781186345 1.2245900223497299 3.7636918293428607 3.9440755024552363 4.6280772514874124 12.381283383816481 6.4711474499199548 2.3816739551839419 3.4238282172591425 8.3182321288622898 6.5726050483062872 5.1215749419643544 0.60806687318836328 1.884655285568442 10.238205501809714 0.64767019351711486
leaf_count=4065 809 146939 29 66 1394 62 402 140 54 262 22 41 49 160 2164 88 29 64 2170 67 448 52 78 213 70 73 273 365 45 26 4 73 23 104 52 293 243 159 6 43 176 8 320 18 536 147 66 337 66 29 79 92 33 94 88 59 51 63 175 908 483 47
internal_value=0.000648989 -0.0123033 0.0122938 0.0068076 0.0167637 0.00650937 0 -0.00651048 -0.0110803 -0.0376019 -0.00496235 -0.0124605 0.00817966 0.00739503 -0.0235873 0.000762229 -0.000591134 0.027681 0.0344564 0.0111639 -0.00675585 0.00417927 0.0162276 -0.0297861 0.0220522 0.00730645 0.0130698 0.0158626 0.00595049 -0.00417269 -0.0343187 0.0173608 0.0265049 -0.0147787 0.0185995 -0.0210709 0.024784 0.00197157 0.0158153 0.00107372 0.00214657 -0.00221623 -0.0131354 -0.0110822 0.00103837 0.0157841 0.000297787 -0.00904404 0.00695918 0.00195334 -0.00296783 0.00376739 0.00639091 -0.00283228 -0.0121525 0.0100475 0.0144365 -0.015121 -0.037204 -0.0184321 0.0209118 -0.00986559
internal_weight=241.375 114.083 127.292 95.0903 38.1513 25.0995 56.9389 30.5006 25.7503 38.3175 21.6973 14.0419 7.65535 26.4383 9.6621 75.7653 18.6154 32.2017 18.7514 4.37983 7.31119 4.83754 13.4504 7.92098 4.51464 11.2533 19.1271 17.5912 10.11 5.71769 7.16359 5.96316 7.4812 3.60145 5.53559 2.94084 6.48412 72.8245 3.15213 69.6724 67.078 1.92386 1.68982 3.10249 66.1219 1.93238 64.1895 8.62758 4.98828 55.5619 26.075 17.0094 29.4869 8.1249 5.8055 21.362 14.8908 9.06565 6.80594 2.59435 11.4074 4.14681
internal_count=165594 155007 10587 7763 2049 655 5714 3401 3261 147201 3207 3066 141 2313 2597 7806 346 2824 2234 469 678 518 590 2556 92 284 1635 826 438 159 2343 118 388 133 125 4358 309 3448 422 3026 1959 334 326 466 1916 323 1593 939 403 654 263 171 391 248 182 143 110 92 2339 1067 512 320
is_linear=0
shrinkage=0.04


Tree=125
num_leaves=63
num_cat=0
split_feature=1 23 28 2 20 30 23 5 0 10 9 21 7 21 2 7 10 7 7 2 0 7 1 21 21 9 1 1 1 19 1 11 11 7 23 1 9 2 20 19 2 2 23 7 20 7 9 0 7 9 9 5 2 11 9 10 20 9 9 7 0 11
split_gain=21.5914 22.865 5.96631 6.86846 2.22836 3.08416 2.32652 2.42388 4.73561 2.19852 2.12686 1.48188 1.47056 2.32708 1.28017 1.26939 1.19172 1.18761 1.11811 1.10054 1.09648 1.26842 1.05153 1.11312 1.22343 0.944921 1.7331 0.880477 0.936831 0.865893 0.819335 0.799367 0.990282 0.799085 0.779737 0.71488 0.683864 0.647629 0.586543 0.586079 0.791169 0.544763 1.43022 0.535314 0.523389 0.508857 0.514134 0.888747 0.87187 0.653364 0.922865 0.920501 0.563405 0.499477 0.456078 0.588385 0.432661 0.352012 0.667639 1.04185 0.781149 0.622791
threshold=0.059397457167506225 0.26293487846851354 1.0000000180025095e-35 0.50553902983665477 0.97169560194015514 1.0000000180025095e-35 0.84389334917068493 1.0000000180025095e-35 0.83118847012519848 0.43650794029235845 0.88067796826362621 0.21980676054954532 0.60107529163360607 0.42481203377246862 0.44931989908218389 0.63453349471092235 0.240384615957737 0.21164613962173465 0.90070420503616344 0.1629181578755379 0.55229255557060253 0.31662489473819738 0.51101076602935802 0.30384616553783422 0.23303167521953586 0.47690120339393621 0.40217100083827978 0.66275858879089367 0.75846338272094738 0.68599441647529613 0.29179082810878759 0.68496242165565502 0.7245689630508424 0.78086888790130626 0.40078739821910864 0.32986950874328619 0.70320320129394542 0.54586797952651989 0.84764185547828685 0.68599441647529613 0.24498521536588672 0.17189858108758929 0.65868008136749279 0.94804319739341747 0.82078272104263317 0.34330357611179357 0.66228070855140697 0.3953788429498673 0.75905716419219982 0.70064935088157665 0.81302964687347423 1.0000000180025095e-35 0.27583871781826025 0.89379698038101207 0.82683658599853527 0.19090909510850909 0.50112107396125805 0.83457711338996898 0.8989795744419099 0.72850123047828685 0.69439807534217846 0.63373982906341564
decision_type=2 2 2 2 2 2 2 2 2 2 2 2 2 2 2 2 2 2 2 2 2 2 2 2 2 2 2 2 2 2 2 2 2 2 2 2 2 2 2 2 2 2 2 2 2 2 2 2 2 2 2 2 2 2 2 2 2 2 2 2 2 2
left_child=1 16 4 17 5 9 10 8 15 12 22 -12 20 14 -14 19 43 41 -3 -8 21 -2 23 24 -7 -19 38 30 -29 -17 31 -11 -33 -34 -16 -25 -23 -21 54 -6 -41 42 -4 -1 -38 -18 -47 48 52 53 51 -51 -48 -49 55 -27 -5 61 59 60 -59 -52
right_child=2 18 3 56 39 6 7 -9 -10 27 11 -13 13 -15 34 29 45 25 -20 37 -22 36 -24 35 -26 26 -28 28 -30 -31 -32 32 33 -35 -36 -37 44 -39 -40 40 -42 -43 -44 -45 -46 46 47 49 -50 50 57 -53 -54 -55 -56 -57 -58 58 -60 -61 -62 -63
leaf_value=-0.027198325104595595 0.012770269906137504 -0.038802958547394385 0.023550153480343883 0 -0.0011998039586941008 -0.017260235223450153 0.0073251434747146826 0.022085304625597272 -0.049077566564563913 -0.0067888814244298091 -0.01058351593968871 0.032184023736215837 0.0034492877995312651 0.022141057437068127 0 -0.011395727833114268 0.022520486438759001 -0.0094519453458516457 0 -0.028861524444003951 0.028697785565640441 -0.028119994248667811 0.014438112813592996 -0.0020861823481042388 0.019355874574400762 -0.017173200858136548 0.024843847118814284 -0.023899680966294246 0.016501958236775121 0.02642313064040732 0.035134794538280202 0.041209834045114094 -0.010895467518920635 0.016925221246797621 -0.042996649691264259 -0.03285538946793784 -0.012830900403312459 0.0012583584678737927 0.011878970176624766 0 0.03370789330924321 0.026191015484694265 -0.01921858889363862 0.0048712130582563243 0.017175807505439778 -0.018678825139885061 -0.016004954291509374 -0.0015871078588843926 0.042472202885756156 -0.023338924619758745 -0.012396344312245905 0.0091583587011927186 0.019039058565781846 0.029398511196663684 -0.024160881945889594 0.011468905190872661 0.036062880598042628 -0.010821590273520533 0.0021045622892620613 -0.02333214338460602 0.021923363653161373 0.020236088935153555
leaf_weight=2.4149354055989529 5.1425165506661887 35.359673201019177 1.5495439921505778 0.56485085585154848 0.94831156730651756 1.5675133627810303 2.2524516506527998 1.369416628964246 5.3074679735000254 1.8442899819056018 1.023018462845356 4.154367727926001 1.3268767414847378 1.2451272644102571 0.60576696059433777 0.57876030425541136 0.86447302473243226 7.7490310512948808 1.1204620907810738 3.6205882134963758 2.2628147163632084 1.6817496691364797 2.129373242147266 2.3612043719622307 2.3229882729647215 0.97307935950811808 4.3090814640745521 0.7961901556700457 0.83928735461086035 2.0241541238501668 5.8663700753822923 1.2756066331057807 1.7361241637408964 3.0675030498532578 2.9515289885312086 3.0045957114489283 0.82036548266478326 1.0832592789083717 1.1619448922574518 1.4864368252456186 5.1336867036297917 4.5144967855885625 1.427319338545203 0.49158823885954905 0.84700367227196693 1.0092699038505077 0.78288461727788561 0.82264980243053232 0.65700697922147799 3.8610674006922627 0.35706225468311403 1.1242750585079191 0.22872428846312687 1.1796027008676899 1.7234721225104292 1.73323179455474 27.480778427794576 1.3147220092359924 53.192604912706884 3.3851211903383955 1.2988509174319913 2.5563420963007957
leaf_count=4391 121 146828 59 11 17 950 85 67 99 53 114 182 386 34 32 240 31 66 1553 476 187 333 28 57 135 61 119 42 46 61 291 21 123 112 243 51 299 12 21 21 290 243 22 4 12 275 182 134 9 929 50 6 4 61 65 63 3401 399 728 328 60 271
internal_value=0.000654307 -0.012045 0.0119943 0.0220693 0.00436746 0.00174935 -0.00672034 -0.01707 -0.0220935 0.0104112 0.00359156 0.0227406 3.44779e-05 -0.0140851 -0.0261933 -0.00350353 0.00056828 0.00628773 -0.0375889 -0.0124318 0.00893561 0.000779387 -0.00592611 -0.0119518 0.00327236 0.000136512 0.00818667 0.0208319 -0.00325426 0.0160749 0.0239859 0.0122709 0.0187604 0.00603623 -0.0364585 -0.0223985 -0.0154155 -0.0222193 -0.00586443 0.0235905 0.027358 0.0185863 0.00236179 -0.0208919 0.00163714 0.00175341 0.00114226 0.00173707 0.0244454 0.000790643 0 -0.0150363 -0.000567324 0.0190471 -0.0125858 0 0.0353752 0.00139817 0.000549698 -0.010997 0.00590816 0.0130689
internal_weight=237.885 112.021 125.864 53.1868 72.6767 65.1083 32.7992 16.2361 14.8667 32.3091 16.5631 5.17739 16.8838 6.1293 4.88417 9.55921 75.5412 25.1412 36.4801 6.9563 10.7545 8.49164 11.3857 9.2563 3.8905 17.6498 9.90081 15.4254 1.63548 2.60291 13.7899 7.92352 6.07923 4.80363 3.5573 5.3658 3.34912 4.70385 5.59173 7.56844 6.62012 7.49136 2.97686 2.90652 1.66737 72.6347 71.7702 70.7609 1.66862 69.0923 67.09 4.98534 1.01161 2.00225 4.42978 2.70631 28.0456 62.1047 59.1913 5.99869 2.61357 2.9134
internal_count=165594 156243 9351 4131 5220 4892 2557 1040 973 2335 1517 296 1647 695 661 874 7862 719 148381 573 952 765 1221 1193 1085 395 329 688 88 301 600 309 256 235 275 108 644 488 210 328 311 324 81 4395 311 3467 3436 3161 195 2966 2771 935 186 195 189 124 3412 1836 1515 787 459 321
is_linear=0
shrinkage=0.04


Tree=126
num_leaves=63
num_cat=0
split_feature=20 23 7 21 28 2 21 1 23 6 21 30 23 10 2 10 18 23 6 1 11 11 23 19 10 2 7 11 21 20 1 23 18 30 21 21 24 11 11 11 8 8 8 0 0 21 1 0 8 8 10 30 8 30 11 2 9 6 11 6 0 11
split_gain=20.3234 22.4927 6.14342 3.80708 2.24486 2.6674 2.0924 1.96141 4.60542 1.95567 1.84908 1.66899 1.6506 1.63801 1.53195 2.18866 1.49398 1.38016 1.49028 2.20509 1.42737 1.36455 1.18821 1.18659 1.1355 1.07891 0.969199 0.875025 1.16625 1.13463 0.872243 0.862941 0.795417 0.778246 0.760676 1.04435 0.719737 0.682814 0.553487 0.522246 0.519369 0.934126 0.848514 1.44261 0.658065 0.488065 0.455296 0.400443 0.397518 0.97189 0.584627 1.95207 1.44273 0.737358 1.36471 0.713532 0.623652 1.03168 0.735244 0.621163 1.71323 0.579061
threshold=0.51732715964317333 0.26293487846851354 0.90070420503616344 0.78019323945045482 1.0000000180025095e-35 0.50553902983665477 0.65942031145095836 0.45897600054740911 0.97073099017143261 0.63453349471092235 0.46862745285034185 1.0000000180025095e-35 0.63178947567939769 0.58571431040763866 0.80868041515350353 0.76388889551162731 0.53532215952873241 0.73935687541961681 0.29679679870605474 0.36960017681121832 0.56711712479591381 0.85053193569183361 0.85023364424705516 0.90152388811111461 0.240384615957737 0.85124641656875621 0.33568075299263006 0.63373982906341564 0.14039409160614016 0.82078272104263317 0.21894425153732303 0.97156333923339855 0.45478595793247228 1.0000000180025095e-35 0.23303167521953586 0.35504202544689184 1.0000000180025095e-35 0.28708791732788091 0.9506097435951234 0.98936170339584362 0.64051282405853283 0.55351883172988903 0.75931033492088329 0.41016845405101782 0.32731349766254431 0.28869047760963445 0.14944787323474887 0.90921679139137279 0.78319624066352855 0.77346038818359386 0.44949495792388922 1.0000000180025095e-35 0.89699381589889537 1.0000000180025095e-35 0.8452991545200349 0.62731361389160167 0.94826048612594616 0.70926907658576976 0.90550595521926891 0.76253134012222301 0.96444573998451244 0.62115561962127697
decision_type=2 2 2 2 2 2 2 2 2 2 2 2 2 2 2 2 2 2 2 2 2 2 2 2 2 2 2 2 2 2 2 2 2 2 2 2 2 2 2 2 2 2 2 2 2 2 2 2 2 2 2 2 2 2 2 2 2 2 2 2 2 2
left_child=1 24 3 4 6 17 10 8 14 -8 11 21 34 -11 -4 -16 46 26 20 -20 -19 27 -12 31 39 -7 -6 29 -29 -2 -23 32 -14 -24 -13 -36 47 -5 -39 -1 41 -26 -42 -44 -43 -30 -3 -34 49 -45 51 -50 -53 56 61 -56 57 -52 -59 -58 -61 -55
right_child=2 16 7 37 5 25 9 -9 -10 13 22 12 23 -15 15 -17 -18 18 19 -21 -22 30 33 -25 40 -27 -28 28 45 -31 -32 -33 36 -35 35 -37 -38 38 -40 -41 42 44 43 48 -46 -47 -48 -49 50 -51 53 52 -54 54 55 -57 59 58 -60 60 -62 -63
leaf_value=-0.027100326741195307 -0.011558092737876826 -0.039003716009590503 0.029028129662677715 -0.0032163641261067051 0.028341348619928059 0.034693906726198917 -0.038611283062855745 0.035842492653561833 -0.03985872415373088 0.024282677275660303 0.02720941384790539 -0.016519646266749496 0.0012990140725574911 -0.021262274748977655 -0.033180717549343132 0.022336772866642516 0.008256620567698679 0 -0.016779255398234109 0.026792608226708477 -0.03319486483258853 -0.024258869390731654 0.014791791905564011 0.015795855994547591 -0.012783125346497719 -0.0069908869316601119 0 -0.011069864215360005 0.034959186170399163 0.018634321303260055 0.0025490130652838111 0.0051740634852723479 -0.038570075203840246 -0.0087305307727927502 0.025270136609891004 -0.0067538075372607477 7.7324623058685991e-05 0.031223318478077099 0 0.0042963070379066501 -0.018044682942876394 -0.0067932664098245702 0.03614301243058772 -0.012495964564816815 0.031783886225571253 0.006901748661105862 0.00010494228717114044 0.00014572027049549835 -0.02808408762333937 0.029119453555798987 0.015323705772557386 -0.020517078026154708 0.018571360267408112 -0.0013040601652728673 0.0155028318621451 -0.0013580882598691094 -0.00018573491650212046 -0.025187517762885983 8.8686748919360078e-05 0.029999719702252518 0.0023598206565148962 -0.0225228164592342
leaf_weight=2.272810094786109 4.1008379913255357 34.665200075789471 9.2958681036834623 0.71919333562254806 3.7469948741782053 7.2133317906409493 3.377002282999455 17.557555563747883 1.282429015263914 1.5727935107424857 5.1220083818770927 1.1981961956043949 0.87891094891528521 1.4620790779590604 1.1058786683715871 1.4437612188048661 0.64961243656580236 4.3623082078993303 2.1329354788322235 3.615231997333467 2.8261203458532691 2.5420555425953344 3.1745714619755745 0.43726347014308053 0.59138891292968709 0.61362587427720416 3.1277780245436588 0.89345102950755961 3.4941521379805636 2.2657447783276439 3.4171403620275669 0.78440096168196838 6.5138798435218632 3.7775782444514334 2.4671802977391053 2.1660164976492524 0.70030919951386739 10.470257797744122 0.96141034364700395 0.54389582885778498 2.5262302545597768 0.31586250406689975 0.93410670111188565 0.5734668881050301 2.2179922565119341 2.5770619112299755 0.2708477876149108 0.22863578423857678 3.5744530415686295 1.3617615916882639 2.3157606921740825 1.1942593010026028 3.7841059008496813 3.9414036883972603 4.6278922465862715 12.361983831971884 6.4696487726178029 2.3361139263142832 3.4100004197098315 5.3837425799574712 9.4440893866121751 5.1025193674722686
leaf_count=4065 577 146916 418 28 96 714 41 2168 36 49 103 403 602 34 58 144 262 78 76 78 44 635 71 4 130 88 79 467 303 38 67 216 1715 64 61 26 58 799 85 293 1067 53 42 176 239 61 23 3 536 147 66 338 66 29 79 92 33 94 88 29 81 63
internal_value=0.000664841 -0.0116966 0.0117877 0.00646472 0.00311836 0.012167 -0.00165083 0.0270709 0.0133499 -0.0214354 0.00137166 -0.00328422 -0.012776 0.00151799 0.0220763 -0.00318027 -0.0374278 0.00359284 -0.00392484 0.00994133 -0.0153613 0.00434055 0.0142736 -0.0223006 0.000745047 0.0305509 0.0169492 0.0113555 0.0201941 0 -0.0101545 -0.0259077 -0.0295073 0.00201689 0.00320872 0.0110476 -0.033342 0.0264811 0.0287796 -0.0204525 0.0018906 0.0157563 0.000993689 0.00202797 0.0252815 0.0262755 -0.0385947 -0.0368914 0.000951282 0.0153689 0.000223442 -0.0088604 0.00666195 0.00182918 -0.00291444 0.00361879 0.00612469 -0.00273978 -0.0118049 0.009632 0.0139095 -0.0147243
internal_weight=234.495 110.869 123.626 92.9405 80.7896 27.6383 53.1513 30.6855 13.1279 6.41187 46.7394 34.6652 15.3748 3.03487 11.8455 2.54964 35.5857 19.8114 12.9366 5.74817 7.18843 19.2904 12.0742 9.5434 75.2835 7.82696 6.87477 13.3312 6.96467 6.36658 5.9592 9.10614 8.32174 6.95215 5.83139 4.6332 7.44282 12.1509 11.4317 2.81671 72.4668 3.12524 69.3415 66.8153 2.53385 6.07121 34.936 6.74252 65.8812 1.93523 63.946 8.55282 4.97837 55.3932 26.0338 16.9899 29.3594 8.06188 5.74611 21.2975 14.8278 9.04392
internal_count=165594 155007 10587 7763 6851 1253 5598 2824 656 124 5474 5236 3088 83 620 202 147201 451 276 154 122 2148 238 2598 7806 802 175 1446 831 615 702 2594 2378 135 490 87 1776 912 884 4358 3448 422 3026 1959 292 364 146939 1718 1917 323 1594 940 404 654 263 171 391 248 182 143 110 92
is_linear=0
shrinkage=0.04


Tree=127
num_leaves=63
num_cat=0
split_feature=1 23 28 2 8 7 23 1 21 18 30 0 21 0 18 0 11 11 18 11 1 9 1 18 11 18 21 18 23 2 9 8 8 8 0 11 19 11 18 1 0 0 18 8 18 23 18 11 0 11 2 8 2 4 8 9 0 8 8 7 2 11
split_gain=19.1003 21.4978 5.4784 6.61918 2.03838 1.97713 2.15563 2.78661 1.55855 1.48442 1.41616 1.48763 2.22309 2.72231 1.86196 1.35553 1.57699 1.28352 1.16088 1.0796 2.02194 1.0631 1.7556 1.00794 0.919463 0.866073 0.743075 0.576822 1.11139 0.539623 0.527255 0.524043 0.782243 1.23676 1.38751 0.674617 0.506068 0.763065 1.23541 0.895829 0.485879 0.441987 0.440127 0.43516 0.391337 0.368247 0.359071 0.350402 0.909594 0.7875 1.99506 0.840327 0.907052 0.702741 1.36528 0.741124 0.695584 0.621384 0.614362 0.929285 1.38287 0.549684
threshold=0.059397457167506225 0.26293487846851354 1.0000000180025095e-35 0.50553902983665477 0.17267081141471866 0.90070420503616344 0.97073099017143261 0.45897600054740911 0.18019481003284457 0.5914268195629121 1.0000000180025095e-35 0.83118847012519848 0.48529411852359777 0.47060722112655645 0.80090090632438671 0.37065701186656957 0.5039682686328889 0.86754387617111217 0.615800440311432 0.89699381589889537 0.21894425153732303 0.47690120339393621 0.40217100083827978 0.84764185547828685 0.35805861651897436 0.82621711492538463 0.14039409160614016 0.65240275859832775 0.54852983355522167 0.1600352078676224 0.8941769301891328 0.55351883172988903 0.64051282405853283 0.75931033492088329 0.41016845405101782 0.6195238232612611 0.91820004582405101 0.6900656819343568 0.77158385515213024 0.21894425153732303 0.60961154103279125 0.39328017830848699 0.65240275859832775 0.5646599829196931 0.65240275859832775 0.96791350841522228 0.40586884319782263 0.97530490159988414 0.90921679139137279 0.81016731262207042 0.60462343692779552 0.78319624066352855 0.50184985995292675 1.0000000180025095e-35 0.89699381589889537 0.83752354979515087 0.63326683640480053 0.92637759447097789 0.91366460919380199 0.81120249629020702 0.53885021805763256 0.51564025878906261
decision_type=2 2 2 2 2 2 2 2 2 2 2 2 2 2 2 2 2 2 2 2 2 2 2 2 2 2 2 2 2 2 2 2 2 2 2 2 2 2 2 2 2 2 2 2 2 2 2 2 2 2 2 2 2 2 2 2 2 2 2 2 2 2
left_child=1 31 5 4 29 10 8 -8 -7 -3 17 12 15 25 -13 16 18 24 -12 -19 -21 -6 27 -10 -2 -14 -26 28 -23 -4 -17 -1 35 -34 -35 41 37 38 39 42 43 -33 46 -37 -41 -24 -28 48 49 51 57 56 61 54 55 -49 -36 58 59 60 -51 -53
right_child=2 9 3 -5 21 6 7 -9 23 -11 11 14 13 -15 -16 30 -18 19 -20 20 -22 22 45 -25 26 -27 36 -29 -30 -31 -32 32 33 34 47 40 -38 -39 -40 44 -42 -43 -44 -45 -46 -47 -48 53 -50 50 -52 52 -54 -55 -56 -57 -58 -59 -60 -61 -62 -63
leaf_value=-0.019174899959398202 -0.009986783178448878 -0.03872031715055916 0.0037119792980842576 0.034992081329599481 -0.010709658534485609 -0.012668109784319433 -0.044251514910059381 0.020277964694181399 0.033037394366431348 0.0066509925455027884 0.0097092265023437825 0.00274441552868703 0.0081913930087776192 0.034341234933261564 -0.040865866327970866 -0.030597462737033509 0.013857272796016762 -0.02365167344361915 -0.029251054046535871 -0.020683380659454506 0.023804438845058559 0.0088166480335216263 0.031304439418524649 0.0051026614227809167 -0.0074272696499694136 -0.01596760139025654 0.0013919065412149464 0.0094930822431796586 -0.026442456424828356 0.031751753511684196 0 -0.0024177816737531357 -0.021140070027061905 0.034736145517679527 -0.0067409813689644259 0.0097505837681159755 -0.004214229966707863 0.029092451231901156 0.026940412044631927 0.018957090484501022 0.020275009378629805 0.038880522678208178 0.0041028223712191551 -0.019828377328005835 -0.0031410413535965069 0.002307571519059888 -0.032073524184724998 0.015698946833675394 0.012916258528042733 -0.028162721883201541 -0.043491234632335535 -0.0024448867739794602 0.0021990634115005118 0 0.027111526226267873 -0.016629978547483552 0.03582014874108342 0.0173149331308779 -0.02492763581865937 0.01128553095161643 0.013448750399877141 -0.02852529510718943
leaf_weight=1.080137802986427 1.6977118150534867 33.073827392436215 2.2454288220033076 26.333213333244203 8.5923031689599174 1.1252125013561443 1.155774291546549 1.1870407927781341 8.9211767669767124 0.75999244133708899 1.0479010626586442 2.226369251497089 3.9861472933553141 3.9896092992275953 2.7179255103692412 4.3171187126572468 4.4349293824052438 2.4435863757535108 2.6768290905165486 1.8639269702543968 2.7654514911118895 1.4913285249494928 2.8023768812417984 3.5945412116125217 1.2874423940666044 3.4379664128646255 0.27643950722994892 1.5186984501779077 2.6534785372059559 3.918943252414465 0.83059824489464507 0.16442326767719295 3.1122180806123643 0.94847741918056172 0.32111648374120949 0.30584199063014228 0.90399482846260149 6.9301617201999761 2.5776590947061777 1.6484084779513071 0.22751948796212662 1.0678230483608784 0.44504818221321318 1.1489876088453455 1.5282436622073872 1.4556087236851452 1.3102433956228194 0.75412299676100092 4.6325977109372607 2.433909581101029 1.6465755141107372 3.4482900590228409 17.374411895871162 20.613804423250258 3.93349091662094 2.1007656431756914 0.77897720830515027 0.91909249161835838 1.4259748263284562 3.6808078614994884 1.1339690077293196 1.8637136589677537
leaf_count=1221 88 148308 66 3412 76 25 21 78 444 73 98 42 65 129 51 1290 486 149 50 406 80 38 87 232 513 50 40 23 151 243 157 104 2413 77 279 86 28 369 46 54 15 137 8 756 31 35 190 65 31 936 11 200 211 162 38 183 37 14 17 190 35 644
internal_value=0.000657347 -0.0114496 0.0114772 0.0213783 0.00589871 0.00414328 0.0160886 -0.0140742 0.0221497 -0.0374247 0.000398074 -0.00539802 -0.000872854 0.0113849 -0.0233975 -0.0117268 -0.000475377 0.00719541 -0.0177084 -0.0063233 0.00468946 -0.000859089 0.00750504 0.0262816 0.0125991 -0.00308877 0.0155213 -0.00641278 -0.0137307 0.0240401 -0.0259325 0.000535379 0.00112795 0.000111553 0.00143425 0.0185441 0.0179866 0.0197862 0.00867925 -0.00259768 0 0.0329635 -0.0192603 -0.0105418 0.0091616 0.0244766 -0.0264126 0.00040104 -0.0019213 -0.00429877 -0.0125431 0 -0.00220199 0.00385232 0.0140885 -0.00519542 0.0241978 -0.00324988 -0.00740671 -0.000870881 -0.0140129 -0.0152984
internal_weight=231.29 108.951 122.339 51.0114 24.6782 71.3275 15.9837 2.34282 13.6409 33.8338 55.3437 29.6654 24.7211 11.4137 4.94429 13.3074 8.15966 25.6783 3.72473 7.07296 4.62938 18.5138 9.92149 12.5157 18.6054 7.42411 16.9076 5.66351 4.14481 6.16437 5.14772 75.117 74.0369 71.1223 68.0101 2.9146 15.6202 14.7162 7.78604 5.20838 1.68235 1.23225 2.03173 1.45483 3.17665 4.25799 1.58668 67.0616 39.6594 35.0268 11.2403 23.7865 22.6864 27.4022 6.78838 2.85489 1.10009 9.59375 8.67466 7.24869 3.56788 5.312
internal_count=165594 156243 9351 4131 719 5220 800 99 701 148381 4420 2418 2325 244 93 2081 634 2002 148 635 486 410 334 676 1367 115 1279 212 189 309 1447 7862 6641 5543 3130 1098 766 738 369 323 857 241 238 842 85 122 230 3053 2605 2574 1203 1371 1055 448 286 248 316 1192 1178 1161 971 844
is_linear=0
shrinkage=0.04


Tree=128
num_leaves=63
num_cat=0
split_feature=20 23 7 20 28 2 20 23 1 23 11 2 10 21 23 2 30 23 10 8 2 8 21 21 21 10 20 23 5 2 6 11 19 0 19 24 23 0 8 6 8 7 11 30 6 0 10 7 11 6 0 8 6 7 7 11 11 7 1 2 21 2
split_gain=17.955 21.1391 5.67506 3.60841 2.0229 3.03012 2.14842 2.36052 2.01309 4.15395 1.55333 1.51385 2.09091 1.47049 1.58212 1.51568 1.37564 2.26481 1.60541 1.5767 1.31902 1.23737 1.33794 1.68191 1.15499 1.06499 1.02019 1.008 0.974536 0.936771 0.855798 0.851681 0.759728 0.721129 0.664941 0.615654 0.574864 0.762149 0.665016 0.503927 0.50348 0.852002 1.25075 0.880428 0.72654 0.573625 0.848889 0.61134 0.498106 0.486607 0.550334 0.479406 0.638138 0.476346 1.08957 0.45638 0.696935 0.388678 0.384165 0.358058 0.355703 0.351602
threshold=0.51732715964317333 0.26293487846851354 0.90070420503616344 0.99740931391716015 1.0000000180025095e-35 0.50935709476470958 0.94352909922599804 0.92511683702468883 0.45897600054740911 0.97073099017143261 0.92940199375152599 0.80868041515350353 0.76388889551162731 0.48529411852359777 0.9261208474636079 0.11427757143974306 1.0000000180025095e-35 0.64879238605499279 0.4083333313465119 0.82972848415374767 0.18297153711318973 0.059714796021580703 0.45227272808551794 0.60555556416511547 0.23303167521953586 0.240384615957737 0.84764185547828685 0.97156333923339855 1.0000000180025095e-35 0.85124641656875621 0.69504830241203319 0.28708791732788091 0.82972848415374767 0.90921679139137279 0.88581016659736644 1.0000000180025095e-35 0.33460560441017156 0.63977327942848217 0.059714796021580703 0.94804319739341747 0.8521554470062257 0.71834936738014232 0.6195238232612611 1.0000000180025095e-35 0.82426470518112194 0.60961154103279125 0.36931818723678594 0.30901856720447546 0.98936170339584362 0.72481885552406322 0.42972144484519964 0.89699381589889537 0.85145786404609691 0.65648320317268383 0.36237373948097235 0.855400711297989 0.68496242165565502 0.57307061553001415 0.83970978856086742 0.53278529644012462 0.21980676054954532 0.70000678300857555
decision_type=2 2 2 2 2 2 2 2 2 2 2 2 2 2 2 2 2 2 2 2 2 2 2 2 2 2 2 2 2 2 2 2 2 2 2 2 2 2 2 2 2 2 2 2 2 2 2 2 2 2 2 2 2 2 2 2 2 2 2 2 2 2
left_child=1 25 3 4 6 21 13 -8 9 11 31 -4 -13 15 20 -2 18 24 19 30 -15 -6 26 -24 -18 39 53 33 61 -7 32 -5 36 35 -25 -19 -17 38 -38 -1 41 42 43 -27 49 47 -47 -44 -12 -43 -51 52 -42 54 -23 56 -20 -21 -31 -48 -32 -3
right_child=2 28 8 10 5 29 7 -9 -10 -11 48 12 -14 14 -16 16 17 27 55 57 -22 22 23 34 -26 40 -28 -29 -30 58 60 -33 -34 -35 -36 -37 37 -39 -40 -41 51 44 45 -45 -46 46 59 -49 -50 50 -52 -53 -54 -55 -56 -57 -58 -59 -60 -61 -62 -63
leaf_value=-0.02650235271165156 0.017027955532184613 -0.038802491658870973 0.028275886539543271 -0.0023428517181992262 0.026232966877259428 0.035046121392332437 -0.036993922959718623 0.0048468789305008472 0.03553798210364479 -0.037178409569306244 -0.021566552418393257 -0.032806309797312798 0.021762933197953034 -0.001859448409463633 -0.0051483884507978498 0.0073728297332445224 -0.017329882751289296 -0.039814955479561889 0.0017572826946050848 0 0.031885260686218588 0.010586040516887106 -0.025485858571958647 0.018740453671726238 0.021806914436075533 0.028679713353067428 0.029540475087536495 0.0058457389474317195 0 0.01005802600595637 -0.0057206590019492666 0.034527494217828976 0.015088351800615865 0.0046608568387702604 -0.0066877947591768494 0 0.0065673747120429879 0.010037382727742248 -0.0330008861730419 0.0046944072334165008 -0.025077088042485682 0.019350345695381549 0.010704457790986159 -0.01074358746060698 0.035045758378351256 0.026514396213438297 -0.01936981336761134 -0.022822200423931318 0.0085444423478743189 0.013156161517221196 -0.016843349161914916 0.0012599153240950539 0.00099870328257618607 0.014191792643634373 -0.02084838376382795 -0.0004619768061805673 0.031045898603284609 -0.037074038594177051 -0.019582249723290389 0.007582633580494426 0.020091620727281767 0
leaf_weight=2.2406167286972045 4.1968651660426977 31.800150290553578 8.8822973457281496 0.75358681613579293 2.0232683885842624 7.096233705058693 4.2342757163569322 3.0610797256231308 16.468003434594721 1.3407596172764886 0.65908663952723034 1.1157566127367309 1.3711513173766434 2.1303730527870339 4.2450468074530363 0.638566737878138 0.89377559561399023 5.5314309012173908 2.729714655535644 0.33588159031933207 5.5978944189846516 2.4441799148480658 4.9352847915142757 2.0382858803495765 2.3248440359020606 2.1385322286514552 1.83842740021646 0.75075049248698622 1.0435005297767919 0.46524224430322636 0.35985546775918953 9.3127104677259904 0.67499873042106617 0.35945448279380787 2.4846221338957548 0.84238103168900114 0.27765164524316865 0.34968229285732366 2.8972174292866839 0.49108598777092982 1.6985794319771219 0.92706665504374486 0.27912464435212347 0.49638495553517703 1.8620843178941866 0.63994737359462339 1.0432363469735717 3.4917147167725489 0.81422292068600655 0.55001327587524462 1.5493199217307845 54.435317028081045 2.6103769324254245 1.846995814994443 2.5591466807527468 2.0484330140025122 2.5818810817872873 1.9823654578794956 0.27429419569671154 0.34090993576683093 2.485563586524222 0.18618015438550983
leaf_count=4354 62 146752 418 30 100 785 69 74 2168 36 37 58 144 26 81 121 445 2224 89 58 143 39 60 48 69 255 31 214 332 69 286 675 6 4 57 71 3 48 1044 4 193 90 6 158 42 180 187 1299 53 16 413 535 66 52 86 122 96 204 41 8 41 117
internal_value=0.000650712 -0.0111288 0.0112504 0.00613376 0.00289417 0.0113671 -0.00176335 -0.0204877 0.0263562 0.0124434 0.026132 0.0211512 -0.00395966 0.00162097 0.0130692 -0.0027728 -0.0063555 -0.0169689 0.000537103 -0.00931543 0.0229776 0.00246517 -0.00120756 -0.0112478 0.00845909 0.000700965 0.00934179 -0.0280842 -0.0372676 0.0309566 0.000107291 0.0314435 -0.00913303 -0.0326513 0.00536573 -0.0356447 -0.0159967 -0.0218085 -0.0278382 -0.020067 0.00180685 0.00853705 0 0.01924 0.0202168 -0.00982287 0.00465354 -0.0177785 -0.00658197 0.00366147 -0.00598415 9.66952e-05 -0.0113142 0.000339062 -0.00562059 0.0139172 0.019291 -0.0323719 -0.00357342 -0.0106577 0.0151482 -0.0384718
internal_weight=228.078 107.824 120.254 91.0756 79.536 28.006 51.53 7.29536 29.178 12.71 11.5396 11.3692 2.48691 44.2346 11.9733 32.2613 28.0644 10.7026 17.3618 10.0018 7.72827 20.1702 18.1469 9.45819 3.21862 74.7943 8.68875 7.48402 33.0298 7.83577 7.68354 10.0663 4.83812 6.73327 4.52291 6.37381 4.16312 3.52455 3.17487 2.7317 72.0626 13.3183 8.42985 2.63492 4.88848 5.79493 2.02409 3.77084 1.47331 3.0264 2.09933 58.7443 4.30896 6.85032 5.00333 7.36003 5.3116 2.31825 0.739536 1.38415 2.84542 31.9863
internal_count=165594 155007 10587 7763 6968 1368 5600 143 2824 656 795 620 202 5457 250 5207 5145 3027 2118 1811 169 473 373 165 514 7806 208 2513 147201 895 1549 705 1222 2299 105 2295 1216 1095 1047 4358 3448 2654 2093 413 561 1680 375 1305 90 519 429 794 259 177 125 307 185 262 110 195 327 146869
is_linear=0
shrinkage=0.04


Tree=129
num_leaves=63
num_cat=0
split_feature=1 18 10 28 30 10 21 2 7 9 20 23 5 18 19 2 9 2 21 21 9 6 2 7 24 21 7 21 9 20 7 10 18 10 2 19 7 7 10 6 24 6 10 1 2 2 18 10 2 6 7 6 2 2 2 10 2 6 7 2 2 7
split_gain=16.8942 20.8689 6.02005 4.30133 2.81901 2.68272 3.22519 3.0052 3.20265 2.93164 2.53116 3.34414 2.96433 2.26914 2.23364 2.23203 1.78648 1.70599 1.50381 1.14661 1.04434 1.04106 1.1564 1.02309 0.9187 1.56669 0.957004 0.90206 0.829579 1.12441 1.12118 0.828307 0.818976 0.771053 0.737152 0.63403 0.513685 0.739264 0.483618 0.528396 0.451726 0.451221 0.441936 0.705432 0.967788 0.413639 0.345328 0.311917 0.545263 0.428162 0.736159 0.403617 0.724496 0.642368 0.470366 0.339142 0.52434 0.493534 0.77807 1.38192 0.335765 0.33404
threshold=0.031006857752799991 1.0000000180025095e-35 0.43650794029235845 1.0000000180025095e-35 1.0000000180025095e-35 0.087121214717626586 0.40588235855102545 0.36545780301094061 0.31662489473819738 0.71834936738014232 0.97169560194015514 0.84136661887168895 1.0000000180025095e-35 0.57220077514648449 0.82972848415374767 0.70000678300857555 0.33687943220138555 0.1600352078676224 0.39009661972522741 0.21980676054954532 0.86319074034690868 0.56980520486831676 0.11427757143974306 0.78086888790130626 1.0000000180025095e-35 0.28869047760963445 0.57932874560356151 0.54772728681564342 0.63914892077445995 0.6926884949207307 0.59516963362693798 0.30384616553783422 0.5914268195629121 0.240384615957737 0.89698815345764171 0.60723635554313671 0.43534001708030706 0.49691358208656317 0.19090909510850909 0.70087718963623058 2.5000000000000004 0.94804319739341747 0.52777779102325451 0.32986950874328619 0.85124641656875621 0.35861176252365118 0.77158385515213024 0.44949495792388922 0.46114827692508703 0.9607692062854768 0.85145786404609691 0.64051282405853283 0.40903526544570928 0.32763232290744787 0.60462343692779552 0.81666666269302379 0.69999995827674877 0.92940199375152599 0.81284341216087352 0.52799281477928173 0.42943686246871954 0.84680575132370006
decision_type=2 2 2 2 2 2 2 2 2 2 2 2 2 2 2 2 2 2 2 2 2 2 2 2 2 2 2 2 2 2 2 2 2 2 2 2 2 2 2 2 2 2 2 2 2 2 2 2 2 2 2 2 2 2 2 2 2 2 2 2 2 2
left_child=1 33 5 4 23 7 24 8 13 -8 11 19 15 -2 17 -13 46 18 -15 -6 -21 22 -10 28 26 38 35 -19 -4 -30 -31 -11 -3 41 -25 -7 45 -38 -26 -40 -24 -1 43 -5 -45 -35 -16 49 61 50 51 52 -39 -53 -55 57 -57 58 59 -50 -54 -49
right_child=2 32 3 42 10 6 9 -9 21 31 -12 12 -14 14 16 -17 -18 27 -20 20 -22 -23 40 34 25 -27 -28 -29 29 30 -32 -33 -34 36 -36 -37 37 47 39 -41 -42 -43 -44 44 -46 -47 -48 48 55 -51 -52 53 60 54 -56 56 -58 -59 -60 -61 -62 -63
leaf_value=-0.02479982814831147 0.030214982917024492 -0.038675475722313321 0.031843272667823198 -0.0050392084690050317 -0.013028251030388887 -0.021244907857532871 -0.016770147416363807 0.030442892397986979 0.01334119971718872 0 0.029014151917702988 0.0025093141959976425 0.02132035165405816 0 0.0046907451388881367 -0.042585535750076432 -0.0040843705150426799 0.017838594091220399 -0.038605745528687743 -0.00087769628808272897 0.03241124012123945 0.0067908674248672489 -0.03601796599808376 0.034886916282576209 -0.011284424078262131 -0.026049886824569685 -0.039028445393719288 -0.0084466656887289635 -0.023057240186126596 -0.01105025015050894 0.022593031157891536 0.033450048068467957 0.0034987829350050198 -0.00082275963424261389 0 0.0070589787853132637 -0.022530584062166563 -0.015695424708693746 0.024404071974985148 -0.0021349804719703915 0 0.0047244274736810863 0.037030482754140413 0.030447270980842735 -0.0099809230279052155 0.027300858022355188 0.033043736208892505 0.0054664751204549292 -0.014366919192201328 -0.01953131459240226 0.013280852343095713 0.0086444246139331955 0.029445175231511814 -0.028051027698237495 0.0018417002128802544 0.017764790100777725 -0.00071134277840701062 0.0047522548303952292 -0.01222783783785588 0.009696339336136001 0 0.025598676898619784
leaf_weight=1.8788124059501563 5.390951458495695 30.779105804889699 0.82744011929025774 1.2476599043584453 1.1812839123012988 1.3248855226265752 3.3514951197430474 7.069928488941513 0.34678405262820788 1.7029100477229802 2.7938697319477788 2.0164422292000364 1.2814302258193491 2.9133622351801041 1.6104544894769768 5.6943436545552686 3.8700548615306616 3.3191525819711387 2.9155520340427756 1.9078968537796752 3.2441440992988646 1.2134214110410537 4.363077023110236 7.6637255194800655 0.55996156134642694 2.6211505725514144 4.5444640501227695 2.969153500162065 1.2683976707194231 1.6467914059758184 3.0440443707630038 4.0764655834063888 0.41462037316523392 0.84497294633183573 0.92011517658829678 1.7155297457356935 1.0837022706400592 0.80225318111479138 1.9740112119034168 1.3423738114215664 0.58753164159134019 0.48889397084712971 17.800955116486875 3.3771661771461372 0.51798508130013932 1.1759730597259475 4.5923818368464708 6.6952745289308933 4.692522356053817 1.3632062226533879 3.0379883463028818 0.67088840377982739 0.48397581290919311 2.46588582257391 0.64258847106248129 3.5114235766232005 4.3884282112121582 16.17943911999464 9.7988703828304988 10.435378841590135 0.96372167480876669 1.4129472114145754
leaf_count=3548 214 145234 19 44 248 2522 74 396 16 77 193 184 68 44 57 105 37 46 36 41 148 166 805 425 255 43 3234 46 303 33 81 285 35 119 71 149 166 515 236 156 6 3 2485 411 84 50 206 287 80 6 38 104 38 850 5 41 56 92 82 76 106 14
internal_value=0.000657524 -0.0110677 0.0108125 0.0202389 0.0104201 0.0023046 -0.0082651 0.00841493 0.00299547 0.00936215 -0.000220132 -0.00724538 -0.0221044 0.00912256 0.00274384 -0.0313993 0.0159983 -0.0083491 -0.0224104 0.0134438 0.0212947 -0.0201863 -0.027098 0.0224549 -0.0198226 -0.00644972 -0.0287267 0.00542259 0.00822022 0.000261023 0.0102128 0.0253448 -0.0378994 0.000698204 0.0312599 -0.0064902 0.00161954 0.000835161 0.00860763 0.0147292 -0.0323689 -0.0179231 0.03337 0.0160831 0.0233132 0.0178381 0.027911 0.00159163 0.00280202 -0.00435145 0 -0.00813887 0.00324372 -0.015013 -0.0219538 0.00101994 0.00812502 -0.000411067 -0.00397078 0.00155614 0.0174977 0.0118392
internal_weight=225.02 104.211 120.809 56.4337 33.4899 64.3751 23.2132 41.1618 34.0919 9.13087 18.1194 15.3255 8.99222 27.5811 22.1901 7.71079 10.0729 12.1172 5.82891 6.33332 5.15204 6.51081 5.29739 15.3705 14.0824 6.4975 7.58488 6.28831 6.78667 5.95923 4.69084 5.77938 31.1937 73.0171 8.58384 3.04042 70.6494 68.6285 3.87635 3.31639 4.95061 2.36771 22.9438 5.14281 3.89515 2.02095 6.20284 67.5448 57.1143 10.4305 9.0673 6.02931 2.24995 3.77936 3.10847 49.0061 7.89985 41.1062 24.9268 15.1279 1.4477 8.10822
internal_count=165594 151545 14049 4943 1919 9106 7031 2075 1679 436 987 794 357 686 472 289 300 172 80 437 189 993 827 932 6595 690 5905 92 436 417 114 362 145269 6276 496 2671 2725 2556 647 392 811 3551 3024 539 495 169 263 2390 728 1662 1656 1618 659 959 855 427 97 330 238 156 144 301
is_linear=0
shrinkage=0.04


Tree=130
num_leaves=63
num_cat=0
split_feature=1 18 10 28 30 10 21 2 0 1 9 20 18 21 10 2 1 6 19 21 8 11 7 11 24 21 7 7 18 10 18 2 8 10 2 19 11 8 0 8 8 11 1 10 6 10 11 7 11 20 6 9 11 0 10 30 8 30 11 6 9 11
split_gain=15.8868 20.2134 5.74511 4.18907 2.67462 2.54677 3.0618 2.85417 3.40751 2.8758 2.79199 2.40929 1.95625 2.38572 1.87574 3.03044 2.10437 1.57294 1.46241 1.27267 1.20977 1.12494 0.990747 0.894935 0.885413 1.47453 0.917399 0.857813 0.814227 0.809327 0.736567 0.756907 1.89901 0.735937 0.722391 0.612391 0.588822 0.582157 0.839248 0.581404 0.71288 0.493897 0.482515 0.46417 0.503554 0.448393 0.720754 1.98465 0.4361 0.415921 0.397277 0.374148 0.366503 0.431408 0.365506 1.4502 1.35832 0.721136 1.25469 0.684235 0.574929 0.535585
threshold=0.031006857752799991 1.0000000180025095e-35 0.43650794029235845 1.0000000180025095e-35 1.0000000180025095e-35 0.087121214717626586 0.40588235855102545 0.36545780301094061 1.0000000180025095e-35 0.29179082810878759 0.71834936738014232 0.97169560194015514 0.57220077514648449 0.80625000596046459 0.86607143282890331 0.70000678300857555 0.32986950874328619 0.90366768836975109 0.88581016659736644 0.48529411852359777 0.43534001708030706 0.7670542597770692 0.78086888790130626 0.73431372642517101 1.0000000180025095e-35 0.28869047760963445 0.57932874560356151 0.77376341819763195 0.5914268195629121 0.30384616553783422 0.84764185547828685 0.1600352078676224 0.17267081141471866 0.240384615957737 0.89698815345764171 0.60723635554313671 0.79772728681564342 0.64051282405853283 0.32731349766254431 0.75931033492088329 0.78319624066352855 0.98936170339584362 0.21894425153732303 0.19090909510850909 0.70087718963623058 0.52777779102325451 0.77459675073623668 0.78629976511001598 0.35355392098426824 0.6926884949207307 0.52885684370994579 0.69504830241203319 0.70871210098266613 0.4676442295312882 0.44949495792388922 1.0000000180025095e-35 0.89699381589889537 1.0000000180025095e-35 0.8452991545200349 0.99438202381134044 0.94494947791099559 0.61620295047760021
decision_type=2 2 2 2 2 2 2 2 2 2 2 2 2 2 2 2 2 2 2 2 2 2 2 2 2 2 2 2 2 2 2 2 2 2 2 2 2 2 2 2 2 2 2 2 2 2 2 2 2 2 2 2 2 2 2 2 2 2 2 2 2 2
left_child=1 33 5 4 22 7 24 8 9 -2 -8 14 -11 21 15 19 -17 -18 -19 27 -10 30 23 -4 26 43 35 -6 -3 -12 31 -14 -33 41 -24 -7 -25 38 -35 51 52 -1 -38 -26 -45 46 47 -5 -15 -16 -40 -39 -41 -54 55 60 -57 61 -59 -60 -42 -56
right_child=2 28 3 45 11 6 10 -9 20 12 29 -13 13 48 49 16 17 18 -20 -21 -22 -23 34 36 25 -27 -28 -29 -30 -31 -32 32 -34 37 -36 -37 42 39 50 40 54 -43 -44 44 -46 -47 -48 -49 -50 -51 -52 -53 53 -55 57 56 -58 58 59 -61 -62 -63
leaf_value=-0.025064717306339333 0.037737601597739763 -0.038621006320552757 0.018765191199370052 0.01775161052528277 -0.018719806170370123 -0.021013821800888705 -0.01620859625731938 0.029890215094675512 -0.036066937562838866 0.028326390988336871 0 0.028753118621919815 -0.028269282704834801 0 -0.0010637647914428516 0.0043229946559516733 -0.05367724210755203 0.018649970759508729 -0.028224720237433453 0.028830506317480378 0 0.011091358716066193 0.034556445474940398 -0.02795021807098861 -0.011161828312105451 -0.025340803765604381 -0.038500188668363473 0.014429432434897176 0.0034566933838023222 0.033175721429720334 0.0020220686895188558 0.013641771574613748 -0.023855333993686605 -0.011640782146728668 0 0.0068781425438430377 -0.012561040519194691 0.0028691232759732238 0 0.031604094966297749 -0.0011390758132856491 0.00556859472542194 0.014136204458101674 0.023778908978837745 -0.0020865794159215675 0.036816870841338473 0.02701888981030362 -0.039646664389163554 0.029676207767023458 0.025542683829229508 0.031991570712810578 -0.023298926527097998 0.014994757703717753 -0.013204932182956583 -0.0022127971261796833 -0.020156053440268672 0.018003549835351337 -0.01428062224305026 0.012828146992104645 -0.002667150351570835 -0.034550273664866786 0.0093565207984315207
leaf_weight=1.8297289809852366 3.6324585722759393 29.614500022420547 3.9475103148579356 2.0035905204131299 2.1092800470069073 1.2974308038974434 3.3633057608967629 6.9339016930753123 3.1971100071241372 3.1180425500497249 1.7029100477229802 2.7170990104787043 4.7594797355122918 0.88701802026480381 0.86917934985831324 1.9524081033305263 3.3720238236710429 1.0152172865346076 1.2363917194306848 1.8509257878176866 2.1867569225869374 3.0263920917641363 7.4416059548675531 0.4175387871655406 0.55456031036737874 2.6148288981057703 4.4384278513898607 1.0545308906584976 0.41504989028908212 3.9564663115888834 3.5423860400915137 3.1387219130992889 3.4847116433084011 0.5318229811964551 0.92011517658829678 1.7164803049818145 0.82870747719425741 0.65607227897271458 0.66457423759857226 0.85958148882491459 1.6211621804686711 0.49319281469797704 1.5371123440563677 1.9712210232391956 1.3417801270115886 17.205907956886222 2.6309408340312075 0.41803696754504915 2.8150781728327274 1.9214075729250906 1.7875474553438833 1.5729182753420898 0.82476967031834625 0.61529288452584296 7.8947906494140652 1.1569973359291905 3.7677666209056042 8.9984596633585188 6.3715107939206073 10.516776949167252 1.8629340874031186 20.756521259783767
leaf_count=3333 61 145234 188 171 355 2522 74 396 534 68 77 193 56 20 8 35 49 65 28 58 566 44 425 33 255 43 3234 77 35 285 70 84 23 91 71 149 184 133 112 57 299 218 31 236 156 2485 333 35 153 119 135 723 23 163 46 340 65 90 93 77 36 242
internal_value=0.000661611 -0.0107831 0.0105796 0.0198823 0.0102032 0.00223516 -0.00811594 0.00822121 0.002928 0.00870113 0.00915177 -0.000120852 0.00298902 -0.00157222 -0.00690945 -0.0136724 -0.0283875 -0.039286 -0.00662373 0.00891714 -0.0234953 -0.0079939 0.0220702 0.00803469 -0.0194287 -0.00630658 -0.0282731 -0.0058983 -0.0378179 0.0249946 -0.0125684 -0.0172287 -0.00610287 0.000678456 0.0308759 -0.00637619 -0.00706405 0.00157669 0.0164806 0.000628132 0.00148244 -0.0176385 0.00264265 0.00830279 0.0143209 0.0330841 0.0157292 0 0.0237939 0.018106 0.0253437 -0.0158547 0.0196393 0.000832825 0.000459817 -0.00675328 0.00647455 0.00174555 -0.00293596 0.00334553 -0.023617 0.00606661
internal_weight=221.941 102.812 119.129 55.4495 33.1911 63.6795 22.9574 40.7221 33.7882 28.4043 9.02268 18.0985 24.7718 21.6538 15.3814 12.5908 7.57604 5.62363 2.25161 5.01474 5.38387 17.9517 15.0926 6.73087 13.9347 6.48239 7.45234 3.16381 30.0295 5.65938 14.9253 11.3829 6.62343 72.7824 8.36172 3.01391 2.78336 70.4595 2.98394 67.4756 65.2466 2.32292 2.36582 3.86756 3.313 22.2585 5.05257 2.42163 3.7021 2.79059 2.45212 2.22899 2.29964 1.44006 62.9469 8.40886 4.92476 54.5381 25.8867 16.8883 3.4841 28.6513
internal_count=165594 151545 14049 4943 1919 9106 7031 2075 1679 579 436 987 518 450 794 667 177 142 93 490 1100 277 932 436 6595 690 5905 432 145269 362 233 163 107 6276 496 2671 248 2725 338 2387 1531 3551 215 647 392 3024 539 206 173 127 247 856 243 186 1288 740 405 548 260 170 335 288
is_linear=0
shrinkage=0.04


Tree=131
num_leaves=63
num_cat=0
split_feature=24 10 1 2 23 8 30 10 0 9 6 2 11 20 0 11 2 11 1 23 7 11 10 30 0 8 6 0 9 11 9 1 6 7 11 7 18 1 11 8 10 11 9 0 10 11 7 2 1 1 10 11 9 7 11 23 23 23 2 9 10 0
split_gain=14.9973 10.5833 8.20085 5.79326 5.11129 2.14182 1.96792 1.93268 1.87843 1.99686 1.7324 1.54688 1.46107 1.45626 1.3851 1.74316 1.60007 1.31834 1.67654 1.85298 1.14715 1.16373 1.24957 1.11293 2.24073 1.29053 1.25789 1.21047 1.09281 1.07463 1.07181 1.37355 1.35921 1.16071 1.071 1.46966 1.04793 1.01808 0.951682 0.940455 1.08523 0.879656 0.82294 0.810133 0.896704 0.799425 1.13929 0.78956 0.753093 1.6274 0.879334 0.730957 0.714758 0.806562 1.03379 1.18159 1.3765 1.27799 0.976987 0.974541 0.947399 0.759014
threshold=1.0000000180025095e-35 0.44949495792388922 0.19251272827386859 0.53885021805763256 0.37544326484203344 0.17267081141471866 1.0000000180025095e-35 0.86607143282890331 0.78874963521957409 0.88067796826362621 0.82097071409225475 0.53885021805763256 0.36451049149036413 0.82078272104263317 0.44352366030216223 0.59807693958282482 0.51850178837776195 0.82683658599853527 0.36960017681121832 0.86222714185714733 0.65648320317268383 0.5604878067970277 0.38750000298023229 1.0000000180025095e-35 0.60961154103279125 0.63702240586280834 0.9574275314807893 0.53636872768402111 0.69504830241203319 0.80217391252517711 0.69804355502128612 0.29179082810878759 0.2152509689331055 0.5388936996459962 0.28708791732788091 0.270728349685669 0.615800440311432 0.48549756407737737 0.98936170339584362 0.91476997733116161 0.64583334326744091 0.65881377458572399 0.94494947791099559 0.45499026775360113 0.58571431040763866 0.71291208267211925 0.38757823407649999 0.39755122363567358 0.68475580215454113 0.14944787323474887 0.73214286565780651 0.6900656819343568 0.82807883620262157 0.72613638639450084 0.63373982906341564 0.81857365369796764 0.72986486554145824 0.78800719976425182 0.54586797952651989 0.94392031431198131 0.64583334326744091 0.83118847012519848
decision_type=2 2 2 2 2 2 2 2 2 2 2 2 2 2 2 2 2 2 2 2 2 2 2 2 2 2 2 2 2 2 2 2 2 2 2 2 2 2 2 2 2 2 2 2 2 2 2 2 2 2 2 2 2 2 2 2 2 2 2 2 2 2
left_child=1 2 4 5 23 12 14 8 10 -10 11 -8 -2 -6 15 -3 28 29 19 -19 21 34 45 25 -25 27 41 -1 -16 48 31 -4 -33 -32 -7 -36 43 -35 -27 40 -30 -26 -43 -22 -45 -23 -47 -48 49 50 -11 -13 -18 -54 58 56 59 -58 -55 -56 -61 -60
right_child=3 6 30 -5 13 20 7 -9 9 17 -12 51 -14 -15 16 -17 52 18 -20 -21 36 22 -24 24 26 38 -28 -29 39 -31 33 32 -34 37 35 -37 -38 -39 -40 -41 -42 42 -44 44 -46 46 47 -49 -50 -51 -52 -53 53 54 55 -57 57 -59 61 60 -62 -63
leaf_value=-0.015629300580212609 -0.0088745361254095306 -0.01227290079768539 0.020943481077008087 0.030577411797062748 -0.038542426590456286 -0.01828343133885409 -0.014429980811928001 0.015367457673536455 -0.044689248512113436 -0.022267285608323549 0.024160338543947404 0.029216816360527777 0.030049958279044366 0.0079745322435650218 0.019619279649277257 0.042843152960114345 -0.0058525343074221975 0 0.026185233010452533 -0.039610233409611673 0.015735156857920887 -0.032784179064207643 0.012050261837632099 -0.023301632811509824 -0.0017874774808746049 -0.034780419867530735 -0.011959849264903542 0.027225971980694028 -0.02582208143536311 -0.052443927396986827 0.028506279341724176 0.00076838957569935794 -0.023990980742818066 -0.010734497673437156 0.031272590760224768 -0.0013071744190554658 0.027370203914586548 0.021700626970037228 0 0.0034212139082179954 0.012017189552532814 0.0044336696870323185 0.047770941047078373 -0.029404459667619131 0.011241896326189785 0.010867286455651338 -0.032203248518916525 0.0029377307466582521 -0.032196569933635517 0.024284854730933107 0.014884501487455576 -0.0040939829679921391 0.027726400954610934 0.015475934815374555 -0.014549674917367868 0.0304290281533032 0.0091200937862228569 -0.048072072719365505 -0.036303572659481177 0.026470908959490398 0.0050859693606110637 0.00076251098277407749
leaf_weight=1.160180547158234 1.2792502604424942 0.59847134180017691 1.8239482470671671 27.732214984600432 28.367617665498987 1.4868155096774041 6.7551607516506902 6.7239651263807891 1.9562427032797156 3.612478104783805 4.0192035849613594 1.5687425215874102 6.390137649141252 0.64815016684587945 1.2209115025325434 2.628982540947618 2.774664768730875 11.243154101422986 1.9811077499762184 1.3020082266884845 1.1984523096616606 3.4271000022272329 1.6072372937633179 2.5881966606975766 1.1143617756169986 4.3649302187550347 1.1676834583777234 1.030845020082779 5.4026163286762294 0.61764601425966237 3.1180251411278714 7.8795938752591592 4.9659076942480169 3.7220280814508442 2.5387695743120275 5.147830147005152 2.9883580198511481 1.3036298239603636 1.8891321291157508 3.7653368135070195 0.71665293913974881 1.5665686442807785 1.6450187341542912 1.3232301574898881 0.54381884494796384 2.3335191718506394 1.842514256553841 1.0585351004265247 1.0312727103009818 1.4421450383961198 0.4211098728555952 1.1106580969208151 4.3923118349630412 0.73001904017292263 1.3536953689181324 3.7365674999600733 0.49293771570955769 0.37808687206415925 1.0962369689077607 4.7955240095616327 10.773051447322358 1.1105616519635075
leaf_count=1805 36 180 119 3736 132279 56 4510 338 457 374 565 126 325 16 334 491 477 286 107 198 126 363 247 2760 101 4326 7 126 4221 25 68 90 160 119 26 415 90 60 458 494 73 550 21 825 83 86 508 194 16 24 48 71 331 33 161 650 148 88 91 139 307 50
internal_value=0.000653946 -0.00582943 -0.0175775 0.0173734 -0.0272143 0.00564371 0.00316902 -0.00280641 -0.00652592 -0.013173 0.00496537 -0.00436025 0.0228212 -0.037139 0.00888456 0.0311912 0.00643402 -0.00830159 -0.000744231 -0.00691141 -3.87013e-05 -0.00498098 -0.0137534 -0.00843687 0.00180789 -0.0178179 0.0160203 0.00549341 -0.00601574 -0.0212296 0.00182796 -0.00441379 -0.00955581 0.0127619 0.00483247 0.0113543 0.0137226 0 -0.0261675 -0.0110612 -0.0197632 0.0251514 0.0336534 -0.00205753 -0.0163785 -0.0197071 -0.00661866 -0.0208894 -0.0111426 -0.00220017 -0.0154075 0.0169619 0.0109777 0.0128716 0.00906377 0.0121857 0.00672649 -0.025992 -0.0100888 0.00999007 0.0131146 -0.0219819
internal_weight=219.005 158.107 68.3558 60.8978 45.5427 33.1656 89.7515 43.7849 37.0609 23.6072 13.4538 9.43456 7.66939 29.0158 45.9666 3.22745 42.7392 21.6509 14.5263 12.5452 25.4962 19.4423 10.2689 16.5269 8.08183 8.44509 5.49363 2.19103 11.1055 7.12465 22.8131 14.6694 12.8455 8.14368 9.17342 7.6866 6.05386 5.02566 6.25406 9.88461 6.11927 4.32595 3.21159 3.0655 1.86705 8.66167 5.23457 2.90105 6.50701 5.47573 4.03359 2.6794 31.6337 28.859 24.4667 21.5299 17.7933 0.871025 2.93682 16.9223 15.5686 2.2068
internal_count=165594 158478 143065 7116 142449 3380 15413 7145 6807 1535 5272 4707 361 132295 8268 671 7597 1078 591 484 3019 1895 1398 10154 3439 6715 679 1931 5122 487 616 369 250 247 497 441 1124 179 4784 4788 4294 672 571 1034 908 1151 788 702 462 446 422 197 2475 1998 1667 1493 843 236 174 607 446 141
is_linear=0
shrinkage=0.04


Tree=132
num_leaves=63
num_cat=0
split_feature=20 23 22 5 18 8 9 20 28 2 20 19 18 22 11 0 22 18 9 22 8 22 1 18 23 30 19 1 11 1 23 24 9 18 22 1 23 1 20 9 22 8 8 8 8 0 11 0 4 8 0 2 0 2 9 11 0 11 11 18 11 11
split_gain=14.201 18.7571 4.73559 4.03755 2.15724 2.07668 2.50638 1.97798 1.82047 3.26671 3.03938 2.55633 1.76099 2.02961 1.6626 1.73909 1.46849 1.307 1.26891 1.20796 1.20073 0.9412 0.903032 0.878995 0.714938 1.10068 1.04282 0.834293 0.822089 1.19239 0.767243 0.666453 0.59153 0.532275 0.46055 0.445076 0.442198 0.89572 0.559119 0.453488 0.403835 0.39148 0.812462 0.799868 0.617789 0.531637 0.368623 0.887812 0.823316 1.0372 0.603681 1.01881 0.774513 1.83531 0.564992 0.362955 0.427265 0.362201 2.02812 0.357894 0.355247 0.810126
threshold=0.51732715964317333 0.26293487846851354 0.73030304908752453 1.0000000180025095e-35 0.501101315021515 0.51222422719001781 0.33687943220138555 0.97169560194015514 1.0000000180025095e-35 0.42397989332675939 0.94352909922599804 0.64174234867095958 0.80090090632438671 0.44097222387790685 0.33045977354049688 0.99999997019767772 0.14039409160614016 0.53532215952873241 0.1702898591756821 0.3514705896377564 0.99438202381134044 0.045983087271451957 0.83970978856086742 0.92605021595954906 0.77435165643692028 1.0000000180025095e-35 0.90152388811111461 0.53663355112075817 0.46247655153274542 0.36960017681121832 0.68543857336044323 1.0000000180025095e-35 0.53907206654548656 1.0000000180025095e-35 0.71008405089378368 0.14944787323474887 0.77158385515213024 0.25371789932250982 0.99740931391716015 0.95553359389305126 0.37980769574642187 0.55351883172988903 0.64051282405853283 0.75931033492088329 0.78319624066352855 0.32731349766254431 0.97530490159988414 0.90921679139137279 1.0000000180025095e-35 0.89699381589889537 0.83118847012519848 0.56336912512779247 0.78874963521957409 0.53885021805763256 0.87841832637786876 0.70871210098266613 0.4676442295312882 0.86754387617111217 0.89009663462638866 0.36260522902011877 0.88516482710838329 0.92940199375152599
decision_type=2 2 2 2 2 2 2 2 2 2 2 2 2 2 2 2 2 2 2 2 2 2 2 2 2 2 2 2 2 2 2 2 2 2 2 2 2 2 2 2 2 2 2 2 2 2 2 2 2 2 2 2 2 2 2 2 2 2 2 2 2 2
left_child=1 21 3 4 16 6 -4 8 10 12 11 18 13 -10 -13 24 32 35 -6 -11 -12 33 -21 -8 30 57 27 28 -27 -30 -16 -20 -2 41 -24 -3 38 39 -18 -38 -32 -1 45 -44 55 -43 47 50 49 54 51 52 53 60 -48 -45 -57 -26 -59 -5 -46 -62
right_child=2 17 5 59 7 -7 23 -9 9 19 20 14 -14 -15 15 -17 36 -19 31 22 -22 -23 34 -25 25 26 -28 -29 29 -31 40 -33 -34 -35 -36 -37 37 -39 -40 -41 -42 42 43 44 46 -47 48 -49 -50 -51 -52 -53 -54 -55 -56 56 -58 58 -60 -61 61 -63
leaf_value=-0.017211253577931903 0.010292933053981879 -0.038763539636020292 0.029969897380537645 0 0.014966956121036884 0.037164367218357065 0.0044932063652844152 0.029283358998515766 0.0075917310198766932 -0.0010156378732218739 -0.0085670278216517133 -0.026946345721198833 0.013622152599075959 -0.029615532561048794 0.01111596274093052 -0.019736092991935319 0.026303473781514687 0.0073273113346458366 -0.030838471661155845 0.034994166335694188 -0.048671352550289634 0.033341991185938474 0.01124403136633649 -0.027887972687011292 0.027923020640682021 0.0095809387041249222 0.023989715894465639 0.011145933459273488 0.0029630511762460737 -0.035307313142239352 -0.020864710742452951 0 -0.022008140661632293 -0.019797836726641958 -0.021236051910098874 0.0001635070305602585 -0.021509202865908437 0.018975920080115768 -0.0023671160892798403 0.0072299042727171775 0.0014614253041125888 -0.0073560969022367943 -0.018283422984451413 0.029449085520610645 -0.010984546236696596 0.025146976787850162 0.0087704932179923419 0.012355914300053733 -0.00024816867184300202 0.026298338902382833 -0.01253816071126084 0.017621034434166089 -0.022856285038553456 0.024809908258302076 -0.019504753943111641 0.014407946272426298 -0.013606813435286335 -0.0219138404762842 0.026061847914679567 0.032455549671452248 0.014995222890077011 -0.012026627944448927
leaf_weight=0.90145846139057439 0.51304910099134104 27.769088176559315 3.0685273073613653 0.5567457159049799 0.65402429737150569 12.58762522879988 1.8135604928247631 2.5660292925313106 3.0382215641875536 2.0670326305262261 3.127134329173713 1.581593398295811 3.9434977648779741 5.0838435739278793 3.2238145130104447 2.6031731320545068 10.460023491061289 0.58655254062614304 5.8017856376245618 6.8221738333813846 2.3748376248404384 0.38220906202332017 0.52523911604657758 1.7545254956930876 6.3383672316849697 1.0790721389348616 1.7411298733204601 2.5090042864903808 1.6361198511731347 2.2591236657463014 2.1042164715472613 1.5230679877568034 1.4280136344459604 1.1068930410256133 0.24018215760588646 0.26159584140987036 1.1889633636601491 2.4017604294931516 0.75164493173360902 0.5579681398521642 1.4892420275136826 0.33925314061343614 2.587883474334375 0.90075200755381901 9.9385305200703531 2.426483439252479 1.6216076789423852 4.5649402029812327 20.100631766021252 3.8106093164533377 9.9888322725892049 2.9435037563089272 2.1493187909945837 2.5669742871541521 0.93012022977927689 0.82923293462954439 0.64139329851604998 1.3210590821981898 2.580705608939752 8.4184145382605475 2.5132002489117431 2.5421818474133033
leaf_count=1020 102 146916 203 21 10 1751 46 138 74 76 59 20 63 68 55 85 784 262 2022 917 46 195 88 38 138 23 32 51 96 57 49 78 1704 1335 42 23 417 78 20 25 50 164 1942 148 998 799 76 31 155 34 77 31 26 39 57 42 264 16 111 934 171 202
internal_value=0.000642831 -0.0100913 0.0103461 0.00645293 0.00354711 0.0280224 0.00756319 0.00021359 -0.00128455 0.00788949 -0.00598228 -0.00155336 -0.00567737 -0.0159524 0.00375126 0.00641137 0.0157454 -0.0369839 -0.020416 0.0241612 -0.0313159 0.000640351 0.0308053 -0.0131732 0.00977633 0.0135305 0.00249691 -0.00427066 -0.0132803 -0.0210939 -0.000790426 -0.0254741 -0.0115136 0 -0.00293796 -0.0382694 0.0199277 0.00558057 0.0240174 -0.0115834 -0.0124374 0.000593689 0.00110839 5.64136e-05 0.00109673 0.0192032 0.000147364 -0.00233176 0.0037367 0.0151932 -0.00481089 -0.00084853 -0.00451756 -0.000947033 -0.00299959 0.0177959 8.64455e-06 0.0220074 0.00784544 0.0306132 -0.00688225 0.00100418
internal_weight=216.138 102.403 113.735 94.5103 85.5351 19.2242 6.63661 68.2337 65.6677 21.7202 43.9475 38.4455 12.0656 8.12207 30.4666 28.885 17.3014 28.6172 7.97888 9.65463 5.50197 73.786 7.5876 3.56809 26.2819 19.4646 9.22445 7.48332 4.97432 3.89524 6.81727 7.32485 1.94106 73.4038 0.765421 28.0307 15.3604 4.14869 11.2117 1.74693 3.59346 72.2969 71.3954 68.6297 66.0418 2.76574 63.6705 37.2075 26.463 6.36234 32.6425 22.6537 19.7102 17.5609 2.55173 2.37138 1.47063 10.2401 3.90176 8.97516 14.9939 5.05538
internal_count=165594 155007 10587 8549 7594 2038 287 4464 4326 1328 2998 2893 205 142 783 763 3130 147201 2110 1123 105 7806 1047 84 678 524 259 227 176 153 154 2100 1806 7611 130 146939 1324 520 804 442 99 6276 5256 4293 2351 963 1897 1575 322 167 1544 1467 1436 1410 133 454 306 265 127 955 1371 373
is_linear=0
shrinkage=0.04


Tree=133
num_leaves=63
num_cat=0
split_feature=25 10 21 2 18 8 30 21 23 11 11 0 11 2 0 7 11 0 6 11 10 11 7 18 9 20 7 11 1 8 10 6 21 6 9 8 21 9 21 7 1 6 21 0 11 10 28 20 20 9 7 11 23 23 23 9 2 10 0 2 11 6
split_gain=13.3484 9.6723 7.79663 5.47161 4.95707 2.01401 1.87144 2.22296 3.18881 1.40881 1.27604 1.27402 1.63923 1.42998 1.21495 2.34786 1.13001 1.12707 1.08562 1.25484 1.20825 1.06579 1.28668 1.04194 1.02342 0.929927 0.911175 0.907537 0.952172 0.902628 1.02877 0.843802 0.820921 0.817578 0.891425 0.849104 0.809068 0.803653 1.51742 2.26314 1.29488 1.26364 0.836665 0.760769 0.72991 1.90522 0.709776 1.97694 1.16156 0.669681 0.758226 0.945271 1.13553 1.4045 1.17544 0.944427 0.925283 0.883016 0.735963 0.663441 1.31737 0.633943
threshold=1.0000000180025095e-35 0.44949495792388922 0.22902098298072818 0.53885021805763256 1.0000000180025095e-35 0.17267081141471866 1.0000000180025095e-35 0.48529411852359777 0.66789215803146373 0.36451049149036413 0.8452991545200349 0.44352366030216223 0.59807693958282482 0.51850178837776195 0.83118847012519848 0.90366768836975109 0.92403846979141246 1.0000000180025095e-35 0.69504830241203319 0.5604878067970277 0.44949495792388922 0.28708791732788091 0.270728349685669 0.615800440311432 0.69504830241203319 0.82078272104263317 0.75905716419219982 0.7670542597770692 0.85624375939369213 0.91476997733116161 0.64583334326744091 0.56980520486831676 0.56385868787765514 0.9607692062854768 0.90595519542694103 0.64051282405853283 0.48529411852359777 0.69804355502128612 0.41421568393707281 0.52704679965972911 0.29179082810878759 0.2152509689331055 0.45227272808551794 0.48967123031616216 0.63733074069023143 0.73214286565780651 1.0000000180025095e-35 0.94352909922599804 0.97169560194015514 0.82807883620262157 0.72613638639450084 0.63373982906341564 0.81857365369796764 0.73743686079978954 0.78800719976425182 0.94392031431198131 0.54586797952651989 0.64583334326744091 0.83118847012519848 0.56336912512779247 0.60791924595832836 0.88273492455482494
decision_type=2 2 2 2 2 2 2 2 2 2 2 2 2 2 2 2 2 2 2 2 2 2 2 2 2 2 2 2 2 2 2 2 2 2 2 2 2 2 2 2 2 2 2 2 2 2 2 2 2 2 2 2 2 2 2 2 2 2 2 2 2 2
left_child=1 2 4 5 31 9 11 8 10 -2 44 12 -3 24 -9 -16 26 -6 19 21 27 -7 -23 25 -13 -20 -12 28 -21 30 -26 -1 -29 34 35 -33 -24 40 39 -39 -4 42 -42 -37 59 -46 47 -5 -49 -15 -51 56 53 55 -55 -53 -52 -57 -58 60 -8 -59
right_child=3 6 37 46 17 18 7 14 -10 -11 16 13 -14 49 15 -17 -18 -19 23 20 -22 22 36 -25 29 -27 -28 32 -30 -31 -32 33 -34 -35 -36 43 -38 38 -40 -41 41 -43 -44 -45 45 -47 -48 48 -50 50 51 52 -54 54 -56 57 58 61 -60 -61 -62 -63
leaf_value=-0.025493273991178258 -0.0086666018125460039 -0.012047303454386912 0.018846140117317681 0.026718219896190557 0.0094073407727294205 -0.017682200010430662 -0.019941391361380349 0.031982968662508451 -0.033029792898448748 0.029609097080572744 -0.0061300592363313098 0.019232236752391892 0.041503665765463479 -0.00568476928667751 -0.022739887183047359 0.021558497814131671 -0.00021662966947415011 -0.037392694860603759 -0.017011259389426433 -0.035407599068809914 0.012806034465689594 0.030724978484984337 0.013919429338943348 0.029099187074490412 -0.025218724801910879 0.018999097478105284 0.032435051063861839 -0.015512328875203331 0.0085286057602017538 0.003589913160063339 0.011619768547350525 0.01387514191522014 0.012811845020183201 -0.021578237001383772 0.012913308701553579 0.0048408415871427643 -0.012673308037789389 0.024958912098296936 0.025174030606820913 -0.024047099210379109 -0.0099969428230716213 -0.023421464633283724 0.013381858672378861 -0.027519006357204272 -0.032666662346684631 0.011139934662064064 0.0336830227699738 -0.03337640745716533 0.013016584615371963 0.026929466611219532 0.015186205763859338 -0.014470141847836886 0.029962351691067115 0.0084260767460107074 -0.047422262359144707 0.02574719924419009 -0.03537203489501789 -0.012309002192252954 0.0009789328798821184 0.017989285368471043 0.023599973021280789 0.0094829333431191397
leaf_weight=2.0012427413312244 1.2855994533747424 0.58707405460881945 2.176757935521894 3.9150751691777286 0.338369101285937 1.4851611763442685 3.0409768438403284 2.7928810734301788 5.3888710854516821 6.1367054348811507 0.76666202886554069 1.2129053147655202 2.6044115700788097 2.7623849472147439 2.4230157826095819 3.3140557035803795 15.715837121155346 28.178978663432645 1.8178401792538346 4.1515722212352539 1.4609551627072495 2.4955561987590045 2.4088232204230735 2.4669543597847223 5.2646065123844874 0.90704335179179896 2.4124651224119589 3.0020877466449747 0.36955969501286734 3.7540797869442031 0.72040741673845321 0.97952118737157245 1.7140616765245793 1.5929903686046589 5.8064529587572906 1.0932021196349526 2.9476754637435079 1.4537954870902448 4.2841445500962436 2.8697924529114971 4.2115239081904274 4.8796502947807312 3.5844850670546293 2.375199669826543 4.2789066107216058 1.5205884700408203 20.672491780729615 1.0622153594158588 0.62012100685387839 4.3394295371108482 0.73170125483011661 1.3416861535224676 3.5870632264850419 0.44772743410430749 0.38296066911425442 4.7739313554775444 1.0909622735198357 1.6580747876141657 1.1089812367281409 1.1830285007745258 0.53676340010133561 9.0987839293666184
leaf_count=2429 36 180 217 251 3 56 226 101 4845 325 286 334 491 477 41 196 599 136691 901 623 142 26 396 88 4221 31 106 681 9 494 73 429 24 8 286 593 42 75 117 202 37 156 53 1769 628 27 3373 48 64 331 33 166 650 127 88 142 91 49 50 41 49 271
internal_value=0.000642901 -0.005516 -0.0170251 0.0166994 -0.0270798 0.00532082 0.00306165 -0.00278826 -0.0073708 0.0222627 -0.00161471 0.00866824 0.0301746 0.0062925 0.0143204 0.00165733 0.00443492 -0.036402 -0.000170039 -0.0046418 -0.0135507 0.00550211 0.0118413 0.0144033 -0.00555295 -0.00206796 0.0229363 -0.0189537 -0.0301975 -0.0105156 -0.0191832 -0.00645535 -0.00407784 -0.00119413 0.00325302 -0.00867911 0 0.00133357 0.0105342 -0.00522452 -0.00407451 -0.00939336 0.000596819 -0.0176236 -0.0122323 -0.0206435 0.0299809 0.0126688 -0.016307 0.0106016 0.0124511 0.00873375 0.0117487 0.00643963 -0.0269759 0.0097259 -0.00956319 0.012807 -0.0212182 0 -0.00880677 0.00502242
internal_weight=213.587 154.667 65.8261 58.9195 42.366 32.6496 88.8412 43.3741 34.8441 7.4223 29.4552 45.4672 3.19149 42.2757 8.52995 5.73707 18.895 28.5173 25.2273 20.0355 10.6982 9.33722 7.85205 5.19184 10.952 2.72488 3.17913 9.23728 4.52113 9.73909 5.98501 13.8486 4.71615 11.8474 10.2544 4.44792 5.3565 23.4601 8.60773 4.32359 14.8524 12.6757 7.79601 3.4684 10.5603 5.7995 26.2699 5.59741 1.68234 31.3237 28.5613 24.2219 21.2902 17.7032 0.830688 16.8725 2.93164 15.5308 2.19994 4.76077 3.57774 10.7569
internal_count=165594 158478 143065 7116 142208 3380 15413 7145 6807 361 1962 8268 671 7597 338 237 991 136694 3019 1999 1479 520 464 1020 5122 932 392 1337 632 4788 4294 5514 705 3085 3077 2791 438 857 394 277 463 246 90 2362 971 655 3736 363 112 2475 1998 1667 1493 843 215 628 174 462 141 316 275 320
is_linear=0
shrinkage=0.04


Tree=134
num_leaves=63
num_cat=0
split_feature=1 18 10 28 23 10 2 0 18 21 7 21 30 10 0 1 21 30 7 23 6 21 8 21 6 21 18 2 7 18 11 18 18 23 10 18 10 11 6 0 8 8 18 2 8 6 8 0 8 8 11 11 1 20 10 9 6 10 8 8 8 9
split_gain=12.6959 17.8533 4.8727 3.77984 2.66228 2.34147 2.66345 3.01858 2.66465 2.65134 2.57042 2.11101 2.50429 1.58396 2.15508 2.25598 1.55586 1.41188 1.39695 1.21329 1.23371 1.18414 1.13854 1.11718 1.01091 1.16268 0.808451 0.824726 0.913369 0.798627 1.04868 0.771085 0.770735 0.836579 0.658424 0.563275 0.520307 0.728776 1.91676 0.500046 0.653527 0.491933 1.448 0.730842 1.08559 0.472751 0.470873 0.749561 0.485132 0.665317 0.466706 0.448675 0.441247 0.370028 0.367835 0.357046 0.340476 0.329056 0.560317 0.430573 0.40715 0.837975
threshold=0.031006857752799991 1.0000000180025095e-35 0.43650794029235845 1.0000000180025095e-35 0.76329937577247631 0.087121214717626586 0.36545780301094061 1.0000000180025095e-35 0.57220077514648449 0.40588235855102545 0.6308579444885255 0.73030304908752453 1.0000000180025095e-35 0.86607143282890331 0.83118847012519848 0.32986950874328619 0.80625000596046459 1.0000000180025095e-35 0.80901724100112926 0.81857365369796764 0.92422503232955944 0.48529411852359777 0.43534001708030706 0.36602871119976049 0.54950982332229625 0.21980676054954532 0.84764185547828685 0.52298858761787426 0.62801122665405285 0.501101315021515 0.65571120381355297 0.5914268195629121 0.65240275859832775 0.60499015450477611 0.240384615957737 0.37745475769042974 0.52777779102325451 0.77459675073623668 0.78830561041831981 0.3953788429498673 0.90521115064620983 0.27842378616333013 0.84764185547828685 0.1600352078676224 0.17267081141471866 0.67962265014648449 0.64051282405853283 0.32731349766254431 0.75931033492088329 0.78319624066352855 0.4246212244033814 0.98936170339584362 0.99999997019767772 0.50112107396125805 0.26136364042758947 0.69504830241203319 0.52885684370994579 0.44949495792388922 0.89699381589889537 0.9607692062854768 0.87026646733284008 0.8989795744419099
decision_type=2 2 2 2 2 2 2 2 2 2 2 2 2 2 2 2 2 2 2 2 2 2 2 2 2 2 2 2 2 2 2 2 2 2 2 2 2 2 2 2 2 2 2 2 2 2 2 2 2 2 2 2 2 2 2 2 2 2 2 2 2 2
left_child=1 34 5 4 18 6 7 8 -2 26 17 12 19 14 21 -16 23 54 29 20 -6 -14 -9 -10 -21 -26 27 32 -29 35 -31 -3 33 39 51 -4 37 38 -5 -7 -41 42 43 -25 50 -34 47 -36 55 -50 -45 -1 -18 -38 -11 -48 -49 58 -51 -60 -59 -62
right_child=2 31 3 36 11 9 -8 22 16 10 -12 -13 13 -15 15 -17 52 -19 -20 24 -22 -23 -24 41 25 -27 -28 28 -30 30 -32 -33 45 -35 46 -37 53 -39 -40 40 -42 -43 -44 44 -46 -47 48 56 49 57 -52 -53 -54 -55 -56 -57 -58 60 59 -61 61 -63
leaf_value=-0.024403988602429098 0.032598003978017369 -0.038408016230073463 -0.0055398176127763087 0.016664361118810752 0.011329297127176266 0.01110502912469268 0.029317846041463362 -0.034935144299601401 0.016952043310449558 -0.0030538883165191879 0.030507666849464248 0.028818887133901631 -0.015611909161598454 0.01147923663521464 0.0019173330194117348 -0.046540004597155446 0.029379007694113828 -0.024752610504915899 0.039007027400564352 -0.010567732914029411 -0.037799226249828698 0.023691121799201187 0 -0.020032084096211593 -0.0092876295517830953 0.031317772458929471 0.012820955760981483 0.0032397025188356772 -0.041378581655426017 0.013158368245392786 -0.025405411944757723 0.0032446445389320566 -0.0072592858603956791 -0.030746184453908785 -0.011531587626319865 0.027510892173543001 0 0.025947906365985842 -0.040258696950955297 -0.023644669287479624 0.010333065289410729 -0.019740019553151949 0.019268929421817987 -0.00050448801923090223 -0.01502086851561147 0.018599520206726589 0.0031197757646434644 0 0.01892669123619518 -0.020495708785650737 0.02443614684163915 0.0049819580467919886 0 0.037186029624613592 0.021346659044935032 -0.0224539228912627 0.029172272460970296 0.011142923643758337 0.012145489945528821 -0.0068302668923261233 -0.012889332190178333 0.0022880707509472507
leaf_weight=1.7180696093419094 4.7326081460341838 25.636823384455059 0.48809845036885446 1.8888107624370634 0.85400387266418298 1.4411249541881246 6.5298442763451012 3.0829136188258408 2.6995613684412154 0.98481274535879348 3.5607709111645818 2.7543150288984171 1.3898985098639953 1.9861257877200849 1.8037342137686208 4.5750017673708498 2.5924326563253994 2.8714966274565086 4.9829587391577661 0.81376054920838203 0.53345240093767643 1.4767625378444789 2.1163124327140395 4.6796557214111107 0.73806946357944969 5.0617355965077877 0.42270224541425783 0.52131369580456643 3.478109985080664 1.2420028040942273 1.2436546061508122 0.39630779135040839 1.3664092408434956 2.9690925300965318 0.52472661680076216 2.0264051788690267 0.48367409197089628 2.3688505123136565 0.40062259710975912 1.5003985202056358 0.51962928101420391 2.9966435804963103 2.5793635454028836 1.582886962220073 3.0227470379322767 1.0859502943931145 0.64413578086532597 0.6533334598061632 2.2644185803364953 2.0930306881782581 1.6382732987403867 0.49398584477603424 0.91775181423872698 14.792705233121522 1.1492917076684532 1.4573440602689514 1.8357500734855419 5.2728637014515689 2.0593590596690774 4.0934385801083408 5.694392181467264 43.094635499175638
leaf_count=3333 114 145234 117 173 64 292 396 534 32 32 267 206 218 98 36 95 130 81 266 20 36 51 566 48 100 275 4 50 296 39 69 35 94 4669 91 229 14 333 33 1149 17 31 71 24 21 24 133 112 243 619 65 218 43 2471 56 723 135 154 36 85 95 299
internal_value=0.000651251 -0.00981528 0.00976805 0.0186646 0.00946981 0.00195987 0.00779968 0.00263255 0.0081765 -0.00820801 0.00827144 0.00118879 -0.00379926 -0.0155696 -0.022324 -0.0338926 0.00175812 -0.00932643 0.025575 0.0121732 -0.013805 0.00449132 -0.0225824 -0.00288342 0.0192459 0.0249562 -0.0189346 -0.0211132 -0.0352779 0.00725238 -0.00674188 -0.0375294 -0.0114064 -0.0180807 0.000541652 0.0202064 0.0320628 0.0139914 -0.00129112 -0.00186273 -0.0130524 -0.00714061 -0.00290037 -0.00964764 0 0.00510353 0.00139169 0.0147392 0.000520357 0.00130028 0.0140166 -0.0170884 0.0230426 0.0361294 0.0114287 -0.014847 0.0231416 0.000307663 -0.00660038 0 0.0015347 0.000213007
internal_weight=210.879 97.9326 112.947 51.9046 31.97 61.0421 39.171 32.6412 27.4419 21.8711 8.56637 21.9869 19.2325 11.2315 9.2454 6.37874 22.7093 5.0056 9.98312 8.00102 1.38746 2.86666 5.19923 19.1991 6.61357 5.79981 13.3047 12.882 3.99942 5.00016 2.48566 26.0331 8.8826 6.43025 71.8995 2.5145 19.9347 4.65828 2.28943 3.46115 2.02003 16.4996 13.5029 10.9236 6.24391 2.45236 69.6874 3.01381 66.6736 64.5721 3.22116 2.21206 3.51018 15.2764 2.1341 2.10148 2.48908 62.3077 8.24583 6.1528 54.0619 48.789
internal_count=165594 151545 14049 4943 1919 9106 2075 1679 579 7031 436 1199 993 498 400 131 465 169 720 495 100 269 1100 292 395 375 6595 6591 346 454 108 145269 6245 6127 6276 346 3024 539 206 1458 1166 260 229 158 110 118 2725 338 2387 1531 89 3551 173 2485 88 856 247 1288 740 121 548 394
is_linear=0
shrinkage=0.04


Tree=135
num_leaves=63
num_cat=0
split_feature=24 10 22 23 10 30 22 23 8 7 22 22 11 7 9 24 0 11 11 0 7 9 11 7 19 23 11 11 7 8 10 9 8 0 9 22 7 1 7 22 6 8 0 8 6 7 7 9 0 11 10 1 10 6 23 11 1 0 11 0 6 0
split_gain=11.9737 8.74639 7.21932 4.79935 4.15849 1.68411 2.09527 2.86341 1.55638 1.77813 1.79369 1.56912 1.36472 1.22336 1.69994 1.38889 1.18352 1.54936 1.16092 1.11426 2.14482 1.08494 1.05533 0.87368 0.873122 0.863752 0.863347 2.44308 0.799315 0.995277 1.23859 1.07565 1.39818 0.856539 0.732389 1.39139 2.11499 1.23043 1.16301 0.939779 0.716128 1.28384 1.04075 0.960387 1.26461 0.73633 0.71336 0.708258 0.693301 0.689975 1.8287 0.668389 0.646494 1.00623 0.696286 0.633354 0.664913 0.624157 1.26066 0.623045 0.58234 1.0647
threshold=1.0000000180025095e-35 0.44949495792388922 0.22902098298072818 0.36256869137287145 0.43650794029235845 1.0000000180025095e-35 0.48529411852359777 0.66789215803146373 0.17267081141471866 0.5604878067970277 0.36038962006568914 0.30384616553783422 0.36451049149036413 0.38757823407649999 0.86542212963104259 1.5000000000000002 0.44352366030216223 0.59807693958282482 0.8452991545200349 0.83118847012519848 0.90366768836975109 0.94826048612594616 0.92403846979141246 0.75905716419219982 0.74175426363945018 0.93120351433753978 0.77888888120651256 0.75277778506279003 0.92422503232955944 0.91366460919380199 0.86607143282890331 0.86391696333885204 0.82097071409225475 0.81607216596603405 0.69804355502128612 0.41421568393707281 0.52704679965972911 0.29179082810878759 0.29679679870605474 0.48529411852359777 0.56980520486831676 0.64051282405853283 0.53636872768402111 0.89699381589889537 0.95311355590820324 0.43534001708030706 0.85145786404609691 0.70678734779357921 0.4676442295312882 0.63733074069023143 0.73214286565780651 0.29179082810878759 0.64583334326744091 0.76833632588386547 0.81857365369796764 0.65881377458572399 0.43283110857009893 0.80084761977195751 0.60791924595832836 0.83118847012519848 0.99438202381134044 0.99999997019767772
decision_type=2 2 2 2 2 2 2 2 2 2 2 2 2 2 2 2 2 2 2 2 2 2 2 2 2 2 2 2 2 2 2 2 2 2 2 2 2 2 2 2 2 2 2 2 2 2 2 2 2 2 2 2 2 2 2 2 2 2 2 2 2 2
left_child=1 2 3 40 8 16 7 18 12 13 11 -11 -2 15 -15 25 17 -3 49 -8 -21 28 23 -20 -5 -10 27 -6 29 31 -31 32 47 -33 37 36 -36 -4 39 -39 -1 42 -42 45 46 -43 -45 -18 -47 57 -51 -49 53 -23 -54 -9 -57 58 -7 -56 -55 -62
right_child=4 5 34 24 26 6 19 55 9 10 -12 -13 -14 14 -16 -17 21 -19 22 20 -22 52 -24 -25 -26 -27 -28 -29 -30 30 -32 33 -34 -35 35 -37 -38 38 -40 -41 41 43 -44 44 -46 48 -48 51 -50 50 -52 -53 54 60 59 56 -58 -59 -60 -61 61 -63
leaf_value=-0.024481635332348147 -0.0086959127957425761 -0.011910798383612607 0.018495363177696057 -0.038285537674072133 0.023781839758312814 -0.019456063289187898 0.031422419185963953 0 0.019818598714223118 0.01080651093366162 0.029731801428409643 -0.030651531337283232 0.029069717629579609 -0.03012557608986427 0.014238296629561074 -0.01711308808798297 0.015414728263911055 0.040120067394551276 -0.0061952946337694619 -0.020972580833030434 0.02127235950652958 0.00064792143526137358 -0.00032015770659636232 0.031474043715795659 0.0069189818970810156 -0.005292037537716455 0.034172387051446013 -0.023636995294879743 0.020187656584545619 -0.034488377890584523 0.0080955344101529634 -0.023038310148190067 0.027187073886770753 0.016433756814802473 0.02434442091239376 0.024457855560600997 -0.023257612084258718 -0.012259938619454689 -0.028316997985666077 0.010273600670947878 -0.010530624094420219 0.010438373065455022 0.035540986253614557 -0.0031382281686345697 -0.019438772224212572 0.0012570113930802562 0.023742221158855232 -0.021561787820614478 -0.031309374407902602 -0.031889692250810162 0.011048461327728408 0.011297530528534811 0.00096961711067926587 0.03569680941996773 -0.0057509106998461738 -0.040998768591055799 0.00092153302730091954 0.01755459807595218 0.023119834846218303 0.027522494741660717 -0.020649263855054362 0.021514204010350254
leaf_weight=2.5977105692727482 1.2822424424812187 0.5801668572967168 2.1553379983379299 24.0601337980188 7.0388710054976418 3.0196279921947302 2.668757436797021 0.96801358075754151 4.8185760013730086 3.3673100343148672 4.6313422261737287 1.1754069575108586 5.8567722486332059 4.4797193444683208 1.045958703572978 3.2290675698168343 0.86507901400909615 2.584784816543106 0.76293993544823147 2.4897749684751034 3.2486196095123887 3.7043892754736607 15.688078194507398 2.391790590409073 0.26104355358984221 2.6264720829203725 16.038167013728525 1.276432914091856 1.0983250859717362 2.3420449966506562 0.95280042843660329 2.8843232886429182 2.7933462909568334 0.2417474266985663 1.4294406210683499 4.1344219837337732 2.8310237365367357 5.2029790325323102 2.7016391315846695 4.5980937941931188 0.48751045639801205 0.38260775079834086 1.1779945168673291 2.0621431279578246 2.0201871227909578 0.95245415800309263 2.5511199718894204 2.658439444174292 3.728485873711179 4.2268948502314743 1.5176441139046799 0.47548321355134238 15.05031014166889 3.8220244736294262 0.57635300148103796 3.9825931752420729 0.43077546358108509 1.1788306451635433 0.53910513404116489 2.3891120484040584 0.61432116472860787 1.3041357295733176
leaf_count=3736 36 180 217 132526 758 224 101 1152 219 1479 411 21 325 774 167 49 356 491 286 41 196 500 599 106 4 52 2745 80 72 685 21 1580 456 29 75 117 202 68 112 66 605 94 95 161 18 753 49 2513 4167 628 27 9 534 308 68 3683 10 43 49 335 26 105
internal_value=0.00065064 -0.00521499 -0.016439 -0.0264578 0.016155 0.0029074 -0.0026472 -0.0070925 0.00630288 0.00120381 0.0145415 -0.00279361 0.0215601 -0.00652313 -0.0202199 0.00134933 0.00826527 0.0290521 -0.00160769 0.0140818 0.00195723 0.00595439 0.0041571 0.0221029 -0.0373883 0.0109087 0.0283829 0.0143174 -0.00264556 -0.00611175 -0.022225 0.000419917 0.0094537 -0.0157733 0.00127319 0.0101779 -0.00493438 -0.00389549 -0.00913556 -0.00134575 -0.00834309 -0.0034411 0.0216633 -0.00875533 0.00104711 -0.0203115 0.0125955 -0.00509372 -0.024924 -0.0117785 -0.0199966 -0.0140818 0.0105124 0.0187093 0.00524691 -0.0314186 -0.0367538 0 -0.00847215 0.0202275 0.0279458 0.004193
internal_weight=208.251 151.385 63.3343 40.2814 56.8663 88.0506 43.1134 34.7063 32.5129 25.3739 9.17406 4.54272 7.13901 16.1998 5.52568 10.6741 44.9372 3.16495 29.3249 8.40715 5.73839 41.7722 18.8428 3.15473 24.3212 7.44505 24.3535 8.3153 14.3116 13.2133 3.29485 9.91842 6.79235 3.12607 23.0529 8.39489 4.26046 14.658 12.5027 9.80107 15.9602 13.3625 1.6655 11.697 6.63345 5.06355 4.61326 3.999 4.68094 10.4821 5.74454 3.13392 27.4606 9.44487 18.0158 5.38138 4.41337 4.73756 3.55873 2.96547 5.74048 1.91846
internal_count=165594 158478 143065 142208 7116 15413 7145 6807 3533 3172 1911 1500 361 1261 941 320 8268 671 1962 338 237 7597 991 392 132530 271 3583 838 5721 5649 706 4943 3334 1609 857 394 277 463 246 134 9678 5942 700 5242 228 5014 210 2878 4920 971 655 2522 1876 939 937 4845 3693 316 273 403 439 131
is_linear=0
shrinkage=0.04


Tree=136
num_leaves=63
num_cat=0
split_feature=1 18 6 1 21 18 2 0 10 0 23 6 10 30 7 18 18 1 11 10 10 2 10 2 2 21 11 10 28 6 19 11 11 18 8 10 11 11 23 1 11 21 7 7 23 0 11 11 11 11 0 6 6 6 0 0 10 0 11 21 7 7
split_gain=11.3188 16.7795 4.47345 3.61543 1.88024 2.43953 1.62015 1.59742 2.05799 2.09288 2.54818 2.2117 1.43036 2.15711 1.96679 1.51932 1.8721 1.38294 1.29603 2.2281 1.33175 1.20331 1.22917 1.04248 1.02613 1.26954 1.02158 0.828726 0.771293 0.827837 0.760662 0.917724 1.81165 0.756957 0.630682 0.606338 0.582644 0.990264 0.433111 0.433088 0.428279 0.427317 0.42211 0.682769 0.407016 0.369294 0.356988 0.354802 0.644994 1.3531 0.882786 0.68171 0.91515 1.32744 0.878269 0.839827 0.666527 0.630681 0.378517 0.348669 0.308535 0.298656
threshold=0.031006857752799991 1.0000000180025095e-35 0.70659971237182628 0.48549756407737737 0.8603896200656892 0.92605021595954906 0.11427757143974306 0.4581278413534165 0.76388889551162731 0.99999997019767772 0.77158385515213024 0.8941769301891328 0.30384616553783422 1.0000000180025095e-35 0.270728349685669 0.84764185547828685 0.615800440311432 0.29179082810878759 0.76253134012222301 0.68333333730697643 0.11805555596947671 0.42397989332675939 0.20714285969734195 0.62731361389160167 0.1600352078676224 0.52786380052566539 0.9529346525669099 0.58571431040763866 1.0000000180025095e-35 0.65166836977005016 0.64174234867095958 0.75931033492088329 0.73746865987777721 0.5914268195629121 0.69804355502128612 0.240384615957737 0.28708791732788091 0.92637759447097789 0.94609123468399059 0.48549756407737737 0.98936170339584362 0.13100686669349673 0.43534001708030706 0.49691358208656317 0.73183304071426403 0.51247477531433117 0.58236432075500499 0.53001201152801525 0.61620295047760021 0.66987180709838878 0.76780930161476146 0.82807883620262157 0.72065573930740368 0.63859337568283092 0.7269541621208192 0.4138705730438233 0.58571431040763866 0.50945481657981884 0.46247655153274542 0.35504202544689184 0.84292763471603405 0.91734972596168529
decision_type=2 2 2 2 2 2 2 2 2 2 2 2 2 2 2 2 2 2 2 2 2 2 2 2 2 2 2 2 2 2 2 2 2 2 2 2 2 2 2 2 2 2 2 2 2 2 2 2 2 2 2 2 2 2 2 2 2 2 2 2 2 2
left_child=1 35 4 7 5 6 17 -4 9 11 -11 18 14 41 15 16 -8 -2 19 -9 -20 39 34 27 -18 -26 28 60 29 44 -5 32 -32 -3 -23 40 -6 -38 -10 -16 -1 -14 45 -44 46 -37 -15 58 50 -50 -49 52 53 -51 -53 -54 -56 -55 -45 -30 -22 -58
right_child=2 33 3 30 36 -7 12 8 38 10 -12 -13 13 26 21 -17 24 -19 20 -21 23 22 -24 -25 25 -27 -28 -29 59 -31 31 -33 -34 -35 -36 42 37 -39 -40 -41 -42 -43 43 47 -46 -47 -48 48 49 51 -52 54 55 57 56 -57 61 -59 -60 -61 -62 -63
leaf_value=-0.02393465722320787 0.032905368627616977 -0.038288923314411194 0.03401183755882807 -0.0044431893550028051 -0.0034500796140784292 -0.03079075968850857 0.024291003320207064 0.024102231140120188 0.026968617322612208 0.011756418853700957 -0.044422959694061424 0.027322700146863804 -0.0036758839139644558 0.011072711361544077 -0.029352200928875118 0.028187473856881917 -0.024286393300158169 -0.0021388198509297743 0.013750050327196811 -0.026708084075324857 -0.041119489545156346 0.023110558104515958 -0.022538750566827286 0.0044403023558842207 0.018349203288345561 -0.013856592295703971 0.018493625999549276 0 -0.0084905063440361035 0.0035805275534969896 0.022542219375748258 0.035678441931835961 -0.025558755315922565 0.0032115079422980475 -0.008233418525590978 -0.0013339760521733177 0.03288893998276101 -0.0082111503287362417 0 -0.0093114812398260409 0.0048309469244541695 0.021703188579122571 -0.022115774681188728 -0.00083386377099570446 -0.036669943558461565 0.024946328198243509 -0.015844299656951069 -0.026469446134138992 0.023275293988067755 -0.020058939742195143 6.7038778698720879e-05 0.01549427434059864 0.011371719044270954 -0.0098843563723526439 -0.0084394844229961317 -0.024168292374090065 -0.0032966419565769647 0.02255319572122521 0.016296876071756256 0.017168679776275488 -0.00017635254889409921 0.0061207700151130031
leaf_weight=1.6456175082712428 3.5554258527117772 23.84977833516314 2.3968691430054632 0.54651388898492115 0.70712123066186805 2.9414144009351721 2.2672082118951975 3.7788028805662233 4.9865492644603355 1.3621490873920259 2.4760336835461203 3.8769812197569982 0.59864812697924463 0.51654122132458657 6.0705419559671991 2.3454102519899598 3.6783009734936041 2.4571306444704533 1.2693298773083368 0.95551979813899368 3.0470066773996227 2.3698144839145239 1.1215889261948175 1.3080033182486657 2.5515704659046605 3.3518791869282722 0.89009270498354442 0.96027760245488014 0.49486858522868693 1.100394863533438 3.5448535927571383 16.891747403889894 0.7429997008293866 0.38913327443878998 0.65327171304670617 0.80944655981147562 4.1992786610499024 0.54637406393885601 0.87250510370358814 5.0306166890077293 0.49292769521707658 9.1680374873394594 1.0366739558812685 2.7058632734115227 2.3963856376212789 1.1890922519378362 0.56535063612682279 2.2319738341029725 3.3348126438213503 1.5087339548917933 4.5030135328415781 5.823958699591457 0.51398644718574349 0.44095853256294537 9.9614855505060387 4.8495494725357275 6.2888680957257774 3.0014310709084384 3.8517030742950737 0.86434736847877502 0.54143661256239273 17.283461723476648
leaf_count=3333 100 145234 180 33 27 75 118 366 371 69 66 262 462 56 4061 77 40 38 65 17 1359 173 201 47 31 86 92 184 41 228 377 2628 61 35 404 119 325 37 54 46 218 529 166 72 350 50 178 166 154 428 27 105 16 136 79 574 48 355 81 64 71 149
internal_value=0.000663027 -0.00932298 0.0093938 0.018186 0.00194108 -0.000377728 0.00181367 0.0079795 0.00418115 -0.0021355 -0.0253495 0.00446344 -0.000814145 0.00818651 -0.00612125 0.00427195 -0.00197596 0.0197508 -0.00424141 0.0102805 -0.0144594 -0.0157112 0.00164214 -0.0222703 -0.0102774 0.000125484 -0.00801785 -0.0300879 -0.0146613 -0.0216959 0.0301583 0.0313915 0.0101936 -0.0373633 0.0149801 0.000515515 0.0223798 0.0268553 0.0231032 -0.022121 -0.0166031 0.0195791 0.00132894 0.000603994 -0.0295995 0.0160732 -0.00192597 0.00134202 0.00023608 0.00184271 -0.0104951 0 -0.00870353 0.00297079 0.00240606 -0.0188821 -0.000134049 0.016208 0.00952389 0.00649207 -0.0371984 0.0034136
internal_weight=205.712 95.7125 109.999 49.5576 60.4416 54.9888 52.0474 27.8315 25.4346 19.5755 3.83818 15.7374 46.0349 16.5947 29.4402 14.1944 11.849 6.01256 11.8604 4.73432 7.12605 15.2458 4.14468 5.85672 9.58175 5.90345 6.82798 4.54872 5.93789 4.57867 21.7261 21.1796 4.28785 24.2389 3.02309 71.4736 5.45277 4.74565 5.85905 11.1012 2.13855 9.76669 69.335 67.3365 3.47828 1.99854 1.08189 66.2998 59.7422 53.0072 6.73499 49.6724 10.3147 4.95112 39.3578 5.36354 33.5338 3.44239 6.55757 1.35922 3.58844 23.5723
internal_count=165594 151545 14049 6210 7839 7450 7375 3111 2931 2506 135 2371 7237 2000 5237 352 275 138 2109 383 1726 4885 778 1661 157 117 1009 1614 917 812 3099 3066 438 145269 577 6276 389 362 425 4107 3551 991 2725 2556 584 169 234 2390 2237 2044 193 1890 1509 919 381 590 276 491 153 105 1430 197
is_linear=0
shrinkage=0.04


Tree=137
num_leaves=63
num_cat=0
split_feature=24 6 19 23 6 0 20 8 0 8 21 19 19 0 23 1 6 11 18 21 9 21 7 0 8 0 18 8 20 7 20 11 6 6 6 18 1 0 11 6 0 0 11 7 9 6 9 9 18 1 11 19 30 1 23 18 7 7 11 1 0 28
split_gain=10.6791 4.42126 4.89746 7.99822 3.79377 2.80948 2.01522 1.38219 2.94588 1.70509 1.19022 1.58147 2.16611 1.38417 1.18843 1.18765 1.38005 1.14565 1.01077 1.78472 0.957711 0.965322 0.955004 1.92505 1.16945 0.953667 0.90806 1.1366 0.841632 0.811283 0.730774 0.729426 1.74786 1.15932 0.726032 0.719368 0.712475 0.697768 0.978379 0.685875 0.777571 0.695665 0.724869 0.652286 0.642356 0.621984 1.26554 0.959776 0.614816 0.601416 0.582653 0.575999 1.28001 0.950791 0.93631 0.726127 1.18312 1.06102 0.575019 0.54083 0.556217 0.463188
threshold=1.0000000180025095e-35 0.77836257219314586 0.64174234867095958 0.4381487518548966 0.86391696333885204 0.52207660675048839 0.93039408326148998 0.92637759447097789 0.83118847012519848 0.79008570313453685 0.73030304908752453 0.88581016659736644 0.91820004582405101 0.67195799946784984 0.62547710537910473 0.48549756407737737 0.29679679870605474 0.855400711297989 0.73375529050827037 0.19292803853750232 0.12132352963089944 0.48529411852359777 0.34330357611179357 0.57827606797218334 0.64051282405853283 0.48967123031616216 0.97067421674728405 0.47690120339393621 0.50112107396125805 0.24068965017795566 0.93039408326148998 0.73123827576637279 0.80982521176338207 0.89512962102890026 0.70659971237182628 0.92605021595954906 0.45897600054740911 0.90921679139137279 0.95505049824714672 0.72255688905715953 0.76780930161476146 0.66078668832778942 0.63733074069023143 0.51649147272109996 0.85880398750305187 0.83424907922744762 0.93440860509872448 0.86729559302330028 0.73375529050827037 0.32986950874328619 0.62583333253860485 0.80608585476875316 1.0000000180025095e-35 0.53663355112075817 0.61134067177772533 0.65240275859832775 0.34549072384834295 0.53093111515045177 0.74322345852851879 0.21894425153732303 0.85118389129638683 1.0000000180025095e-35
decision_type=2 2 2 2 2 2 2 2 2 2 2 2 2 2 2 2 2 2 2 2 2 2 2 2 2 2 2 2 2 2 2 2 2 2 2 2 2 2 2 2 2 2 2 2 2 2 2 2 2 2 2 2 2 2 2 2 2 2 2 2 2 2
left_child=1 2 3 22 10 -3 7 9 -9 -7 11 13 30 14 25 17 29 48 19 31 -5 -22 -1 -24 -25 -2 61 -28 -15 -17 -13 32 -10 -33 35 51 49 38 -35 40 41 42 43 -26 -43 46 -11 -47 -16 -20 -41 53 -53 54 -4 56 -56 -57 -8 60 -49 -12
right_child=4 5 34 20 -6 6 58 8 18 45 26 12 -14 28 15 16 -18 -19 36 -21 21 -23 23 24 39 -27 27 -29 -30 -31 -32 33 -34 37 -36 -37 -38 -39 -40 50 -42 44 -44 -45 -46 47 -48 59 -50 -51 -52 52 -54 -55 55 57 -58 -59 -60 -61 -62 -63
leaf_value=0.019400520588558925 0.024471189796063674 0.035020413321848125 0.013835551768099632 0.0081195359876427495 0.03258784098723267 0.020192982046188291 -0.0012664181228524279 0.027246708396377717 0.010110428386013455 -0.037676971335372719 0 -0.0022981298012437587 0.012205752064145694 -0.010151041752425576 -0.028249349307068621 0.0068861198008458137 0.024491107806816226 0.0076222176113379505 -0.0012327889725665534 0.024065411971785192 -0.036336933592468278 0.0074026559428428812 -0.020549328767995919 0.032068187235526263 -0.0086439690896015237 -0.0049632814272493695 -0.015509122142598237 0.02203502687406644 0.029963983622516729 -0.019250576425388626 -0.049546127184174379 0.01549436038237555 -0.0360304484043747 -0.037776752664963359 0.017620891621150596 -0.018023204242514849 0.0037534971194849295 -0.0013544612384113976 0.0039343917267357312 -0.0015964168708239941 0.015383654816876044 0.0059704016468553733 -0.011045467844824481 0.027790549109892249 -0.019914745242862214 0.014452747477504444 0.0093194972285972743 -0.021144776495643908 0.0018807161875121162 -0.035807759330372994 -0.026705240257896931 0.026939850081421714 -0.0017398059461643089 0.016213074509875899 0.025538791383604043 -0.030496846267517277 -0.017103918367468763 0.0034532465674233666 0.030561251600760366 0.010018458098998298 0.010004050523967783 0.033487244289172151
leaf_weight=1.6344928124162859 4.8911920941318483 3.0072483674302921 1.3662333393003878 0.33962046355009334 14.496378615469437 1.3066486390162015 0.75726763904094596 5.3077871932036933 1.5166097506880754 3.3631864127964941 0.71119898557662775 1.0636414154432707 1.8265688903629778 0.32116496659000304 4.2341016478021656 3.2391183618456107 3.1901682657189667 2.0802210575056961 1.543623095378279 3.5159871624782673 24.128448468734863 0.36067178659140964 8.4040706731611881 0.80854484908923296 0.35414052907435944 1.8042933335527775 1.7372926953248682 1.4115718672983346 4.7041869977692841 2.3702633529901505 1.2314221914857624 4.9927647981385261 2.0414297425886616 1.1194905275915545 3.5467521576792924 2.0709080081433049 1.2923734569922087 23.261707485420629 1.0010923098889177 4.5973282806371563 4.5751253482012535 1.4390078736614667 0.97847583715338249 1.8460567222500683 3.6003863552759867 1.3227461843925974 0.57097896923369251 6.208433899373631 0.91371910367161024 2.0018393956124783 1.6276205485482931 3.131380155682562 5.4035305343568325 2.1096223471686235 0.96603037207387421 4.0079356659553014 1.17560730909463 1.5417265376308931 3.2989952508360147 0.43322419002652157 0.27360161374963343 4.8279908006079495
leaf_count=502 452 1008 16 5 2548 994 19 713 177 6918 29 51 105 223 1112 86 129 616 54 132 128405 7 8806 103 93 439 77 234 419 12 51 491 276 89 108 40 97 1251 24 77 107 409 1188 226 192 560 424 3019 12 59 1178 54 76 23 12 118 74 38 245 20 51 521
internal_value=0.000647308 -0.00492962 -0.0112575 -0.0179039 0.0155463 0.00249869 0.000429712 -0.00149404 0.00169119 -0.0123576 0.00872143 0.00465789 -0.0157763 0.00827543 0.00338897 -0.00245773 0.00683026 -0.0137071 -0.00197943 0.00032087 -0.0342309 -0.0352707 -0.00353147 -0.0056143 0.00120697 0.0164052 0.0211953 0.00161154 0.0254772 -0.00479446 -0.0362059 -0.00264339 -0.0175821 -0.000261414 0.00308257 0 -0.0174757 -0.00398206 -0.0218531 -0.00144167 0.0036429 -0.00341921 0.00898255 0.0198076 -0.0120962 -0.0174232 -0.0295391 -0.0086329 -0.0228147 -0.0252174 -0.0115028 0.00272254 0.0100848 -0.002942 -0.00896962 -0.0146066 0.00286431 -0.0213674 0.0247529 -0.0148221 -0.018134 0.0297674
internal_weight=203.205 148.151 80.0137 54.694 55.0545 68.137 65.1298 61.0735 47.5947 13.4788 40.5581 31.8701 4.12163 27.7484 22.7231 16.0276 8.79955 7.22804 42.2869 37.4491 24.8287 24.4891 29.8652 28.2308 19.8267 6.69549 8.68805 3.14886 5.02535 5.60938 2.29506 33.9331 3.55804 30.3751 25.3197 21.773 4.83784 25.3823 2.12058 19.0181 12.7932 8.21807 3.17867 2.2002 5.03939 12.1722 3.93417 8.23801 5.14782 3.54546 6.22495 19.7021 8.53491 11.1672 9.05753 7.6913 2.14164 5.54966 4.05626 6.91526 6.48204 5.53919
internal_count=165594 158478 141857 141298 7116 16621 15613 15349 3363 11986 4568 3707 207 3500 2858 1967 227 1740 2650 2440 128417 128412 12881 12379 3573 891 861 311 642 98 102 2308 453 1855 559 451 210 1364 113 3470 2215 2108 1507 319 601 10992 7342 3650 1124 113 1255 411 130 281 258 242 86 156 264 3090 3070 550
is_linear=0
shrinkage=0.04


Tree=138
num_leaves=63
num_cat=0
split_feature=1 18 21 5 18 0 9 20 28 20 2 21 18 18 21 2 23 2 19 1 6 23 30 19 24 1 9 23 1 18 1 1 18 23 18 21 6 7 0 9 7 20 1 21 19 9 6 18 0 2 0 7 0 0 9 9 7 9 0 9 7 0
split_gain=10.038 15.8114 4.03874 2.95965 2.32642 1.95038 2.17216 1.29054 1.25024 3.01688 2.32282 1.98447 1.37702 1.67514 1.24547 1.1908 1.06887 1.36818 1.03508 0.980988 0.832081 0.768161 1.15219 1.41663 1.03811 0.907692 0.814095 1.41738 0.797711 0.92277 1.57843 0.89187 0.756909 0.714009 0.710536 0.645839 0.49688 0.743486 0.726406 0.558886 0.511437 0.459505 0.455579 0.44102 0.434235 0.429542 0.418111 0.417805 0.405249 0.549739 0.395885 0.352547 0.705061 0.87926 0.347458 0.907995 0.716897 0.484745 0.44827 0.349983 0.483283 0.346432
threshold=0.031006857752799991 1.0000000180025095e-35 0.73030304908752453 1.0000000180025095e-35 0.40792746841907507 0.38195264339447027 0.33687943220138555 0.97169560194015514 1.0000000180025095e-35 0.94352909922599804 0.44791465997695928 0.48529411852359777 0.80090090632438671 0.57220077514648449 0.3514705896377564 0.11427757143974306 0.90038165450096141 0.18297153711318973 0.74175426363945018 0.83970978856086742 0.71516755223274242 0.52512624859809887 1.0000000180025095e-35 0.74175426363945018 1.0000000180025095e-35 0.53663355112075817 0.90595519542694103 0.86497211456298839 0.32986950874328619 0.615800440311432 0.25371789932250982 0.21894425153732303 0.5914268195629121 0.62547710537910473 0.92605021595954906 0.19292803853750232 0.56294015049934398 0.57735043764114391 0.66915929317474376 0.75615617632865917 0.62258651852607738 0.87559524178504955 0.086183592677116408 0.71008405089378368 0.64174234867095958 0.40370370447635656 0.598850578069687 0.82621711492538463 0.45179778337478643 0.46114827692508703 0.64378082752227794 0.65648320317268383 0.78874963521957409 0.57827606797218334 0.81302964687347423 0.77871939539909374 0.81120249629020702 0.83457711338996898 0.76780930161476146 0.8989795744419099 0.76253134012222301 0.51247477531433117
decision_type=2 2 2 2 2 2 2 2 2 2 2 2 2 2 2 2 2 2 2 2 2 2 2 2 2 2 2 2 2 2 2 2 2 2 2 2 2 2 2 2 2 2 2 2 2 2 2 2 2 2 2 2 2 2 2 2 2 2 2 2 2 2
left_child=1 36 3 4 33 6 -4 8 9 11 12 15 13 41 44 -6 17 -13 -15 -16 -11 35 23 28 25 26 -24 -28 29 31 -31 -23 -3 48 -8 -17 -1 38 39 -38 -39 45 -5 -21 -12 -10 -37 -18 -2 -50 -25 52 53 -42 55 56 -53 58 -56 60 -59 -62
right_child=2 32 5 42 7 -7 34 -9 10 20 14 16 -14 18 19 21 47 -19 -20 43 -22 22 24 50 -26 -27 27 -29 -30 30 -32 -33 -34 -35 -36 46 37 40 -40 -41 51 -43 -44 -45 -46 -47 -48 -49 49 -51 -52 54 -54 -55 57 -57 -58 59 -60 -61 61 -63
leaf_value=-0.010066537276527898 0.039497919570182102 -0.038166578687682425 0.0290103506559099 -0.00084417809286957055 0.013257160111193203 0.036516800006475718 0.0042826094004602914 0.023427481502859972 0.014264896704733023 -0.040537452071335675 0.0091403035028347155 -0.0030987410231946583 0.013980332782959973 -0.0018602341831828898 0.034237004250345898 -0.013006272725068569 0.010390323545556362 0.033070561965763107 -0.034799621850368063 0.0097493201254838062 -0.0053032994415402705 -0.036177577560730388 -0.03933128267230402 0 0.0055639420780569139 0.0051188755587753647 0.015332527996764331 -0.026540226266277337 0.008560543049622284 0.017037839514044976 -0.025468591181998609 0.0049007615413740593 0.0033398975057892057 -0.0023891735793025873 -0.024544352477758047 -0.0022615902436401284 0.014105919116816358 -0.01761955424737122 0.038393159156031288 -0.015522786222500926 -0.010125594289370559 0.0225362093283074 0.029210587575178644 -0.022590966843821097 -0.015087449376356492 -0.011406994218314082 0.022293500203038743 -0.0079021014678960118 -0.0061771647283092321 0.020153837313410437 0.025028181670072151 -0.013746644122660608 -0.014207255194222841 0.030257512063275586 0.025907391991451496 -0.030119073017141063 0.016944040390668821 0.0043223116346855139 -0.0011899445283891073 0.0014903474360338041 0.0024243086149693181 -0.022555461172458591
leaf_weight=5.3633547758217892 2.5060811420407836 22.246175610009235 2.7575102504342821 0.54689513565972259 3.5024113600957234 10.478147571440784 1.7575428881682456 2.7792784729972473 0.62888208404183643 3.2228028215467921 1.8533485015650497 1.9076698683202247 3.9318571058101943 2.9129539679852314 5.9904481205157936 1.0469462371838769 2.5496260691434145 4.4628636292181909 3.465383680537343 0.45100845303386439 2.2848160550929606 3.0017043342668317 4.80802009432227 1.9936164771206688 1.415792722968036 0.85263463575393039 1.3507024721911878 1.8788758918817619 1.6639248236315323 2.2357868193357722 1.4488138848682863 0.59219468920491625 0.38461105432361264 1.0731893084594046 1.8843218227848411 1.0658799731463662 1.3890719391056334 1.3796003060415376 0.69989074958721165 0.7470768189523368 0.46669810390449118 1.0879890089854596 7.7348917033523321 0.21351553127169609 1.0049987537786362 1.7795525266265029 2.0116353915946092 3.5685348780825734 1.0586808189545993 2.7235424265527399 1.7333229435607789 1.1961914630373938 0.32454474130645383 2.0221753493242431 1.3624657866603223 1.0797497699677476 1.6551657777745274 1.9038989657710761 1.0757217629579825 47.300540444935905 0.5981894112483136 2.3837080962839536
leaf_count=2448 409 145234 203 9 64 1751 45 151 17 32 88 23 68 51 962 400 79 172 49 88 77 1807 2756 28 149 13 164 87 55 85 28 38 35 1775 39 56 345 575 30 406 305 24 955 42 43 148 68 77 522 275 77 268 3 166 173 210 21 415 16 642 23 230
internal_value=0.000662414 -0.00883902 0.00899714 0.00543556 0.00292134 0.0264672 0.00676035 0.000618092 -0.000517711 -0.00420387 0.00685673 -0.000269985 -0.00345378 -0.0114106 0.021106 -0.00583295 0.0124868 0.022746 -0.0225895 0.0295316 -0.0295964 -0.00882651 -0.0116731 -0.00277938 -0.0210397 -0.0258151 -0.0297425 -0.0085975 -0.0114058 -0.0169362 -0.000690992 -0.0289447 -0.0371804 0.0229452 -0.0118453 0.00543366 0.000536751 0.0016021 0.0187289 0.000822842 0.000483624 0.00858123 0.0269178 -0.00556804 -4.40204e-05 -0.0013116 0.0143391 0 0.0275523 0.0121966 0.0151068 0.0012307 0.0130524 0.0208068 0.00038592 -0.00970191 0.00280394 0.00134518 0.0159198 0.000302513 -0.00881699 -0.0171894
internal_weight=200.797 93.5788 107.219 90.3411 82.0593 16.8775 6.39937 74.6978 71.9185 48.5986 23.3199 43.091 13.8066 9.87476 9.51332 30.6023 12.4887 6.37053 6.37834 6.65497 5.50762 27.0999 22.9754 12.6694 10.306 8.89023 8.0376 3.22958 8.94242 7.2785 3.6846 3.5939 22.6308 7.36149 3.64186 4.12446 70.948 65.5847 2.83604 2.13615 62.7486 3.49642 8.28179 0.664524 2.85835 2.40843 3.07752 6.11816 6.2883 3.78222 3.72694 61.369 2.81342 2.48887 58.5556 3.93111 2.85136 54.6245 2.43819 52.1863 4.8858 2.9819
internal_count=165594 151545 14049 12011 11047 2038 287 8066 7915 6335 1580 6226 357 289 1223 5875 351 195 100 1092 109 5811 5287 2118 3169 3020 3007 251 2013 1958 113 1845 145269 2981 84 524 6276 3828 781 751 3047 189 964 130 131 165 124 156 1206 797 105 2472 474 471 1998 499 289 1499 189 1310 668 253
is_linear=0
shrinkage=0.04


Tree=139
num_leaves=63
num_cat=0
split_feature=28 6 20 23 7 0 20 23 8 20 9 24 20 18 20 18 19 23 18 11 20 20 18 23 0 9 19 20 22 8 0 9 22 19 0 8 19 20 7 8 8 11 6 6 0 23 19 9 23 9 30 6 0 11 11 7 6 11 6 22 8 22
split_gain=9.49261 4.91606 4.21694 8.44347 3.43173 2.74168 1.86829 1.72163 1.38523 1.37393 1.3326 1.06208 1.0167 3.30687 1.60337 1.37632 0.973096 0.973603 0.842271 0.841658 1.74841 0.839769 0.988381 0.865922 0.934297 0.798979 0.795092 1.17877 0.77678 0.74834 2.3284 0.79461 0.720671 0.7152 0.700827 1.04327 0.695167 0.664529 0.655167 0.641599 0.660263 0.640814 1.54424 1.16622 0.71399 0.629475 0.620789 0.613647 0.542425 0.781442 0.662035 0.504545 0.837201 0.554677 1.32494 1.15759 0.630375 0.514589 0.506767 0.491522 0.474502 0.459997
threshold=1.0000000180025095e-35 0.77836257219314586 0.6569296419620515 0.19785943627357486 0.5604878067970277 0.51247477531433117 0.7353600561618806 0.69059890508651745 0.17267081141471866 0.82078272104263317 0.50423729419708263 2.5000000000000004 0.91458967328071605 0.77158385515213024 0.96168524026870739 0.77158385515213024 0.74175426363945018 0.77435165643692028 0.501101315021515 0.87652438879013073 0.89498746395111095 0.91458967328071605 0.94836473464965831 0.84861218929290783 0.22152718156576159 0.71535181999206554 0.84918582439422619 0.95270055532455455 0.19292803853750232 0.92637759447097789 0.83118847012519848 0.94494947791099559 0.59411767125129711 0.68599441647529613 0.50945481657981884 0.6705426573753358 0.93127068877220165 0.53863716125488292 0.91734972596168529 0.5646599829196931 0.55351883172988903 0.73123827576637279 0.80982521176338207 0.89512962102890026 0.90921679139137279 0.90639603137969982 0.78024387359619152 0.37668919563293463 0.77435165643692028 0.1702898591756821 1.0000000180025095e-35 0.72255688905715953 0.76780930161476146 0.53001201152801525 0.46247655153274542 0.70678734779357921 0.65261757373809826 0.62583333253860485 0.52404069900512706 0.15707236528396609 0.61938297748565685 0.26794873178005224
decision_type=2 2 2 2 2 2 2 2 2 2 2 2 2 2 2 2 2 2 2 2 2 2 2 2 2 2 2 2 2 2 2 2 2 2 2 2 2 2 2 2 2 2 2 2 2 2 2 2 2 2 2 2 2 2 2 2 2 2 2 2 2 2
left_child=1 2 3 34 8 -3 7 28 -2 16 37 21 15 33 -15 18 61 -18 59 20 46 23 32 25 -25 -10 -21 45 29 31 -31 -7 -23 -14 39 60 -16 -5 -12 40 -1 42 -32 -43 -45 -28 -8 -17 49 -20 -50 52 53 54 58 -55 -56 -53 -37 -4 -36 -6
right_child=4 5 12 10 9 6 19 -9 11 -11 38 -13 13 14 36 47 17 -19 48 26 -22 22 -24 24 -26 -27 27 -29 -30 30 41 -33 -34 -35 35 51 -38 -39 -40 -41 -42 43 -44 44 -46 -47 -48 -49 50 -51 -52 57 -54 55 56 -57 -58 -59 -60 -61 -62 -63
leaf_value=-0.011325634499927812 0.021112809516333354 0.035630755297676668 -0.0092379772600545487 -0.016311038581494779 0.003325999504870108 -0.014007456390978066 0.00010392454231867512 -0.021151456763282211 0.016198521466341275 0.035112505458918308 -0.038604359375530875 -0.025241805161294002 -0.0020160410275199742 -0.037928567704578885 -0.016039711784422258 0 -0.034857841700219508 0.011465078846965704 0.0084213439698700068 0.031120681037400347 0.019823747956987617 0 -0.0071853132840737338 -0.028174579649427992 0.0089246849816427484 -0.013836891997883889 -0.021725911238925373 0.025117414319923773 0.023047776290075154 0.026580566329703903 0.010362541218916908 0.015654625122968224 0.031804945130217949 0.02641066291081251 -0.0051901939919231288 0.0038546243352246706 0.012769872324060768 0.018306882605493659 0.0043734040819771586 -0.022449038374500213 0.023630307818449343 0.01635903423116581 -0.032823419243960192 -0.021268453916957138 -0.0004900601574868383 0.0068443920919090432 -0.030865947078369628 0.02480668335606773 0.012038668033948569 -0.019749570426520903 -0.010512364001639308 -0.0015226079161903263 0.014880957218614783 -0.030006751230003667 0.031127144866597154 0.0091272471552708897 0 -0.025669745954139983 -0.024091790452730404 0.016579673985024433 0.029157602739612529 0.027569933079082249
leaf_weight=0.93534908402944228 5.1020262311212745 3.1144054197648066 0.62041186849820107 0.85708251094911492 3.1799402267643044 8.4211963767011149 1.377970395609734 5.4119495833583633 2.9173354833474132 14.68510518921539 20.749761799190313 1.5263245722453564 1.7261190335266272 4.2763023655861616 1.6300450256094339 2.3333143410272887 0.48741148691624381 0.53660194668918848 1.2156490292400102 4.6625565150752664 2.87178346933797 1.4238942405208943 1.8835345599800346 2.5679937352979327 0.8018631655286298 1.1837014796328729 1.4864756371825936 1.8785491962917147 1.4024391676066432 4.4337158638372776 1.4907384691468899 0.73228517318784803 2.7358838049694896 2.5751797184348106 0.25796230300329925 0.95633914921200114 1.692014582455158 0.69829509101691656 0.21479835076024656 3.3296653719153255 0.52035978756612167 5.0257119087473283 2.0691620008292375 2.0866029591270516 22.222928530507488 1.4483843110501764 1.383654279168695 4.9666480249725282 3.4401910731103271 5.6755150007811608 2.8597564551309915 4.5874254734662818 4.4342051126295692 2.0181036523863445 1.4815066690207461 1.1987524126889182 1.474741203477606 1.4670643901336005 1.6740415026724802 4.0325990812270902 1.7589652476017361 2.3963048361474648
leaf_count=1051 309 885 121 5893 826 4623 47 9308 239 2891 130077 37 38 58 34 26 38 95 15 361 125 25 80 42 155 157 89 192 32 238 45 326 131 60 97 64 55 133 40 2295 89 152 75 45 468 79 37 94 86 291 179 42 41 1009 73 187 17 557 53 169 307 191
internal_value=0.000664174 -0.00382489 -0.0102501 -0.0178745 0.0174788 0.00385043 0.00185338 -0.00165851 0.00499177 0.0283617 -0.0352689 -0.00120272 0 -0.00922537 -0.0241826 0.00449765 0.0101717 -0.014936 -0.00147693 0.0138235 0.000516573 0.00278877 0.013017 -0.00557276 -0.0184092 0.00573205 0.0205481 0.00602718 0.000850373 -0.000206404 0.00227109 -0.00993243 0.0225595 0.01602 -0.0019676 0.00115999 -0.000881173 0 -0.0378028 -0.0143792 0.0040752 -0.00157495 -0.0155552 0.000446574 -0.00320148 -0.00845348 -0.01843 0.0180023 -0.00678601 -0.0138357 0.00121629 -0.00197305 0.00223343 -0.00459706 0.00264592 -0.0157688 0.0187827 -0.0107501 -0.0145664 0.0114045 0.0231745 0.0169608
internal_weight=198.607 157.179 85.6582 48.6144 41.4279 71.5205 68.4061 53.2967 20.1426 21.2854 22.5199 15.0405 37.0437 11.8997 7.59836 25.1441 6.60026 1.02401 17.8441 15.1094 5.63341 13.5142 6.04331 7.47089 3.36986 4.10104 9.47597 4.81341 47.8848 46.4823 37.3289 9.15348 4.15978 4.3013 26.0945 21.3091 3.32206 1.55538 20.9646 4.78537 1.45571 32.8951 3.5599 29.3352 24.3095 2.93486 2.76162 7.29996 13.1911 6.89116 6.29995 19.2922 13.2377 8.80348 5.58663 3.21686 2.95625 6.05449 2.63038 4.65301 2.01693 5.57625
internal_count=165594 160378 143251 142025 5216 17127 16242 15312 1175 4041 136143 866 1226 245 147 981 1150 133 861 930 209 829 236 593 197 396 721 360 6004 5972 1023 4949 156 98 5882 2447 89 6026 130117 3435 1140 785 120 665 513 168 84 120 571 306 265 2043 1444 1403 207 1196 90 599 117 290 404 1017
is_linear=0
shrinkage=0.04


Tree=140
num_leaves=63
num_cat=0
split_feature=24 10 21 23 10 30 21 23 8 7 21 21 11 10 0 6 7 24 0 7 0 11 11 11 0 20 0 11 11 6 19 11 11 6 0 23 1 7 6 7 0 6 1 11 21 19 23 11 10 6 0 8 6 7 8 6 7 7 11 11 0 11
split_gain=8.95428 7.09321 6.17275 4.33903 3.63613 1.56015 1.69929 2.40894 1.42923 1.43475 1.65579 1.43782 1.30746 1.14957 1.20326 1.2451 1.14764 1.22561 1.12622 1.94553 1.11535 1.06935 1.03639 1.03196 1.23148 1.15676 0.894329 0.888098 2.26648 2.33005 0.82362 0.818901 1.08078 0.885222 0.801846 0.985732 0.958389 0.800937 0.797175 0.799907 0.792955 0.764957 0.69534 0.831254 0.685129 1.02128 0.895189 0.666504 1.64912 0.661952 0.645039 1.42108 0.753244 0.957193 0.618081 1.0623 1.02145 0.89021 0.606735 0.610728 0.584594 1.17629
threshold=1.0000000180025095e-35 0.44949495792388922 0.23303167521953586 0.36256869137287145 0.43650794029235845 1.0000000180025095e-35 0.48529411852359777 0.66789215803146373 0.17267081141471866 0.5604878067970277 0.36038962006568914 0.30384616553783422 0.36451049149036413 0.52777779102325451 0.75352597236633312 0.70926907658576976 0.38757823407649999 1.5000000000000002 0.83118847012519848 0.90366768836975109 0.54428219795227062 0.8452991545200349 0.92403846979141246 0.76253134012222301 0.78874963521957409 0.6926884949207307 0.87729144096374523 0.77888888120651256 0.75277778506279003 0.86391696333885204 0.74175426363945018 0.60791924595832836 0.94201681017875682 0.89039039611816417 0.99999997019767772 0.80972057580947887 0.58753976225852977 0.75905716419219982 0.44353370368480688 0.57307061553001415 0.99999997019767772 0.25866188108921057 0.19251272827386859 0.51564025878906261 0.56385868787765514 0.86996778845787059 0.61715260148048412 0.63733074069023143 0.73214286565780651 0.92422503232955944 0.57973432540893566 0.64051282405853283 0.83047896623611461 0.34330357611179357 0.90521115064620983 0.95311355590820324 0.85145786404609691 0.43534001708030706 0.43534001708030706 0.33045977354049688 0.80084761977195751 0.60791924595832836
decision_type=2 2 2 2 2 2 2 2 2 2 2 2 2 2 2 2 2 2 2 2 2 2 2 2 2 2 2 2 2 2 2 2 2 2 2 2 2 2 2 2 2 2 2 2 2 2 2 2 2 2 2 2 2 2 2 2 2 2 2 2 2 2
left_child=1 2 3 50 8 13 7 21 12 16 11 -11 -2 31 38 -16 17 41 -8 -20 -18 47 37 24 -17 26 -26 28 -6 -30 -5 58 33 -33 36 -36 -25 -23 -15 -40 -34 -10 43 -41 45 46 -4 60 -49 -45 52 -52 53 -1 57 56 -56 -53 59 -3 61 -7
right_child=4 5 44 30 27 6 18 -9 9 10 -12 -13 -14 14 15 23 20 -19 19 -21 -22 22 -24 34 25 -27 -28 -29 29 -31 -32 32 40 -35 35 -37 -38 -39 39 42 -42 -43 -44 49 -46 -47 -48 48 -50 -51 51 54 -54 -55 55 -57 -58 -59 -60 -61 -62 -63
leaf_value=0.0072151753358213793 -0.0089608418369240966 -0.0093400502566874898 0.0098634539844583476 -0.037832799225228093 0.022450900068181699 -0.018902722012279133 0.030620997087757319 -0.029124542012623635 -0.0040446791608430279 0.0098179922410465224 0.028491189067903332 -0.030163049089521003 0.028206791684469601 0.016497701720858234 0.03197009242663585 0.020187545986159922 -0.027435548299049088 -0.016162960333134895 -0.020788072766087521 0.020079371399184025 0.010479296413585351 -0.0056765668699835367 -0.00039315537897420506 0.0249654769903985 -0.035887913537942663 0.014335619220408519 0 0.03317587400671583 -0.052799981680941833 0.017101571754106381 0.0065671314556535951 0.034740992623235809 -0.012257870877218708 -0.0033201542629397187 -0.0062901652934082147 0.023235419880027926 -0.013908233219105916 0.030966067991767023 -0.031298433113168142 0.0095194274649086797 0.019806196843974923 0.019466920734580364 0.016753745900371774 -0.025364971620586638 0.012832609169249514 0.021529118543585392 -0.011173895641217908 -0.030915535489437596 0.01014910373450185 0.0093316142869267187 0.031403312696282784 0.013627346259801425 0.0068724218285211346 -0.031163177837754935 -0.0059537016853951916 -0.018879743638795278 0.026065863336249002 -0.027791799269212349 -0.008852108173168876 0.028884338048409203 0.017196812084357544 0.022253911570914223
leaf_weight=0.71522403541894064 1.2652478106319929 0.25440212471585189 3.2475238136830802 20.368963331406125 6.4632316511269901 2.9492466643569082 2.4997984659858039 5.2664328664832274 2.8611474514764286 3.2560544696752896 4.1484500882215798 1.151969419326633 5.4337938264943659 0.74647669232217762 2.131104899148343 0.82314560374652579 4.4518711789569343 3.1896860711858608 2.4736551651731133 3.0042614592239261 0.85485167888691638 0.72467457485618192 15.49095890056924 5.3610295118414797 2.6603237298113527 0.66897379513829935 1.3711879159236557 13.911962769649108 0.61661152861779533 0.64060304360464215 0.2521098741563027 6.3233278847619641 1.8904751988302453 0.72315772849833582 6.4163115347037092 1.3824619070510378 0.40601060586050142 2.338971649936866 1.7608784419135188 1.443784507224336 1.132024709775578 4.3922898486780468 0.99197296053171147 3.1777964152570353 5.2314908551052204 1.4259392404928792 12.143335219298022 4.1344959445414133 1.4955284450988982 0.37106673116795708 0.79608900882885691 0.28478976777114295 0.90948809293331567 3.7606359041092219 2.2981416929396801 1.9825642939540555 2.1702643171156524 2.4836246015474899 2.7338179433281766 0.85309866137686186 1.1707764292368663 0.54338044582982536
leaf_count=343 36 33 86 132566 758 224 101 4845 34 1479 411 21 325 56 133 56 703 49 41 196 238 286 599 528 196 28 74 2745 35 45 4 2121 550 44 211 187 36 106 634 87 77 237 36 2268 123 21 585 628 27 9 71 32 47 6328 154 17 32 2656 729 175 43 49
internal_value=0.000664089 -0.00449014 -0.0151696 -0.0251553 0.0146392 0.00279035 -0.00260858 -0.00660039 0.00538155 0.000437058 0.0129296 -0.00353624 0.0204153 0.00803119 0.00319487 0.00829232 -0.00647774 0.00119167 0.0128496 0.000647192 -0.0200005 -0.00151642 0.00404616 0.00399006 -0.00916676 -0.0176486 -0.0255452 0.0269071 0.0126434 -0.0236132 -0.0368263 0.0171862 0.0227207 0.0304106 0.00988333 0.000535038 0.0199867 0.0220503 -0.00865334 -0.0131439 0.000695147 0.0103417 -0.00351329 -0.0103313 0.00135488 -0.00251104 -0.00615996 -0.011368 -0.0195185 -0.0196039 -0.00799188 -0.00110892 -0.0179878 -0.0241023 -0.00710595 0 0.0107892 -0.019984 0.000156401 0.0179404 0 -0.00808108
internal_weight=196.423 143.785 58.0702 36.0219 52.6378 85.715 42.0922 34.1145 31.0054 24.3063 8.55647 4.40802 6.69904 43.6228 29.7125 21.2205 15.7498 10.4431 7.97772 5.47792 5.30672 28.848 18.5546 19.0894 5.52363 4.70049 4.03151 21.6324 7.72045 1.25721 20.6211 13.9103 10.069 7.04649 13.5658 7.79877 5.76704 3.06365 8.49198 7.7455 3.0225 7.25344 5.98462 4.99265 22.0483 16.8168 15.3909 10.2934 5.63002 3.54886 15.4008 10.0155 5.38535 4.47586 9.21938 6.45097 4.46841 2.76841 3.84132 1.1075 4.6634 3.49263
internal_count=165594 158478 143065 142250 7116 15413 7145 6807 3533 3172 1911 1500 361 8268 4539 1449 1261 320 338 237 941 1962 991 1316 354 298 270 3583 838 80 132570 3729 2792 2165 962 398 564 392 3090 3034 627 271 2400 2364 815 692 671 971 655 2277 9680 2962 6718 6671 2891 203 186 2688 937 208 316 273
is_linear=0
shrinkage=0.04


Tree=141
num_leaves=63
num_cat=0
split_feature=1 18 21 5 18 8 9 20 20 11 1 6 21 0 18 6 19 21 20 20 21 21 1 19 23 8 19 6 18 18 18 18 18 18 23 11 0 1 6 0 1 11 6 0 8 0 9 5 9 6 6 0 6 11 6 8 0 9 0 6 0 6
split_gain=8.4519 14.3996 3.68778 2.70241 2.2331 1.99447 2.1542 1.18724 1.22274 2.50415 1.86414 2.2939 1.51612 1.40623 1.97719 1.82859 1.69928 0.996608 0.980506 1.14965 1.91117 1.42666 1.39561 1.11922 0.972269 0.855111 0.837011 0.82598 0.792563 0.778562 0.765647 0.756671 0.69761 0.695057 0.654679 0.591489 0.497196 0.484211 0.444696 0.429096 0.423012 0.400026 0.690851 0.388159 0.378792 0.546466 0.517945 0.586504 0.500604 0.405027 0.755415 0.576316 0.721834 0.443473 0.620361 0.692246 0.400581 0.510228 0.39182 0.385236 0.354255 0.346266
threshold=0.031006857752799991 1.0000000180025095e-35 0.73030304908752453 1.0000000180025095e-35 0.40792746841907507 0.51222422719001781 0.33687943220138555 0.97169560194015514 0.94352909922599804 0.77888888120651256 0.48549756407737737 0.41223156452178961 0.65942031145095836 0.99999997019767772 0.73375529050827037 0.90070420503616344 0.90152388811111461 0.71008405089378368 0.60326328873634349 0.78319624066352855 0.31698563694953924 0.3514705896377564 0.29179082810878759 0.68599441647529613 0.42919799685478216 0.22474747896194461 0.64174234867095958 0.069570478051900878 0.57220077514648449 0.615800440311432 0.57220077514648449 0.5914268195629121 0.65240275859832775 0.92605021595954906 0.62547710537910473 0.52704679965972911 0.17322261631488803 0.58753976225852977 0.56294015049934398 0.81607216596603405 0.086183592677116408 0.35355392098426824 0.49253065884113317 0.45179778337478643 0.6705426573753358 0.50945481657981884 0.82426470518112194 1.0000000180025095e-35 0.83457711338996898 0.68133461475372326 0.75582656264305126 0.80084761977195751 0.7454303801059724 0.67799538373947155 0.82807883620262157 0.78319624066352855 0.48814642429351812 0.69504830241203319 0.7269541621208192 0.86526826024055492 0.6815612018108369 0.43792808055877691
decision_type=2 2 2 2 2 2 2 2 2 2 2 2 2 2 2 2 2 2 2 2 2 2 2 2 2 2 2 2 2 2 2 2 2 2 2 2 2 2 2 2 2 2 2 2 2 2 2 2 2 2 2 2 2 2 2 2 2 2 2 2 2 2
left_child=1 38 3 4 34 6 -4 8 10 12 13 25 -10 15 -15 16 18 26 -6 21 30 23 -22 24 -20 37 -13 -26 -24 -11 -21 -3 36 -8 43 -30 -29 -12 41 -38 -5 42 -1 -2 45 -40 47 56 -48 -50 51 52 -51 -52 55 -55 -46 -58 59 -56 -45 -43
right_child=2 31 5 40 7 -7 33 -9 9 29 11 17 -14 14 -16 -17 -18 -19 19 20 22 -23 28 -25 27 -27 -28 32 35 -31 -32 -33 -34 -35 -36 -37 39 -39 44 -41 -42 61 -44 60 46 -47 48 -49 49 50 53 -53 -54 54 58 -57 57 -59 -60 -61 -62 -63
leaf_value=-0.012136331216540577 0.038828737536064008 -0.0379701238323992 0.028492088414021038 -0.0006365886973839685 -0.026751038722032772 0.036237401107565223 0.0036131437609255679 0.022642010002801159 -0.0022969114679534477 -0.012762517091324643 -0.0016028809152207881 -0.0073105448698837627 -0.042881810127928743 0.0053976074206034909 -0.04336556139476639 0.024950112101213676 0.025654771974404088 -0.010758100789019953 0.015189249992462463 -0.0050549576988747867 0.0042875427426667216 0.021274162923669661 0 0.014602247353702667 0.012956208084047351 -0.01146109631320936 0.031387577531332103 0.0013980562527040772 -0.0071178145151821774 0.02261715728168389 0.022461822011921852 0.0035612750438755877 0 -0.025354841947064714 -0.0020611082968800356 -0.039760742171133553 -0.034327116671550167 0.019470105297041289 -0.0045305988010983398 0 0.028498811865135209 0.00033835249730135818 0.023383629190689707 0 0.0020375523617616599 0.024792176340457651 0.01891608876486196 0.0059981353011968486 0.011176383283355681 -0.02989700973641217 0.013785017536326693 0.0015800084779273311 0.0022444512628251017 0.01037308068420708 -0.0018267400584299641 -0.020435494958956656 0.0022953842635249867 -0.029214457333721848 0.00028843833079979421 0.01786632393835853 0.020629246658981585 -0.021716972645020607
leaf_weight=0.87395932842627988 2.4112102696817592 20.034635870208152 2.6061117728240779 0.54134873591828991 2.41121525078779 9.7355086873285455 1.6946430588141084 2.6519608390517524 2.8115913174115104 0.51879671355709467 2.6571096340194362 0.44110991572960934 3.1463125087320805 1.7634596978896291 2.092203252017498 2.971536790370009 1.9038950302638102 0.49369896994903761 0.96959054569015446 2.390931829577311 2.4226046695839605 4.2240058017196125 1.69095686660148 2.7953186451923093 0.54180042073130597 5.5610882709734142 8.0538899691309762 0.53393563290592272 2.0533904866315424 2.2779517183080316 2.1137928464449942 0.37620078562758763 1.7790273936989249 1.8398567037656903 1.0401847372995687 4.6049102569231763 4.0075142639980186 2.4041742077097297 0.93160744069609736 0.56749297538772214 7.246998393908143 1.1094822025042961 0.60137650181422941 1.8320950126362734 0.80846894442220163 1.5398276148480361 1.698649447178467 1.6906614191830156 4.7038594602490766 2.4871034196403339 3.4862843578739549 2.3833641894161701 1.1329247538524212 0.72550054793828112 1.6851725566666562 3.1598469014279544 0.60882104895426925 2.4180094222538173 32.119235940917861 3.4346490347525105 1.8542200167285043 2.6543094818189275
leaf_count=157 409 145234 203 9 4499 1751 46 151 71 43 30 22 84 66 56 220 43 84 69 90 54 121 40 63 10 57 780 59 42 218 39 35 109 38 1775 110 760 65 559 11 955 653 15 636 302 252 169 12 299 390 31 14 71 56 81 428 49 779 280 56 161 1623
internal_value=0.000683318 -0.0081664 0.00846601 0.00505204 0.00264811 0.0256875 0.00566866 0.000367343 -0.000724089 -0.0139218 0.00128497 0.0111976 -0.027387 -0.00342108 -0.0237206 -0.000702169 -0.00362291 0.0249857 -0.00612672 -0.00358752 -0.011101 0.0038358 -0.0198343 -0.00362105 -0.0110197 -0.00127165 0.0283986 -0.0163106 -0.0269713 0.0133678 0.00886519 -0.0368872 -0.0204704 -0.0128499 0.0225307 -0.0324601 -0.0269032 0.00930788 0.00052239 -0.0305819 0.0261765 -0.00960772 0.00432386 0.0269887 0.00153249 0.0144656 0.000738862 -0.00985887 0.00198715 0.00106964 0 -0.012297 -0.0206637 0.00181125 0.000398079 -0.0129182 -0.017471 -0.0228871 0.00219353 0.0114915 0.0117577 -0.0156696
internal_weight=194.321 90.664 103.657 87.7813 79.993 15.8761 6.14061 72.8553 70.2033 8.75465 61.4487 19.6111 5.9579 41.8376 3.85566 37.9819 35.0104 8.9887 33.1065 30.6953 15.2766 15.4187 10.7719 11.1947 8.39936 10.6224 8.495 7.42977 8.34926 2.79675 4.50472 20.4108 6.88797 3.5345 7.13771 6.6583 5.10894 5.06128 70.2531 4.57501 7.78835 5.23913 1.47534 6.09753 65.014 2.47144 62.5426 5.52596 57.0166 55.3179 50.6141 6.00339 3.62003 44.6107 41.1244 3.88535 3.8353 3.02683 37.2391 5.11982 3.68632 3.76379
internal_count=165594 151545 14049 12011 11047 2038 287 8066 7915 416 7499 1038 155 6461 122 6339 6119 886 6076 1577 375 1202 246 1081 1018 152 802 949 192 261 129 145269 939 84 2981 152 830 95 6276 771 964 2448 172 1206 3828 811 3017 1142 1875 1706 1407 475 461 932 901 484 1130 828 417 137 797 2276
is_linear=0
shrinkage=0.04


Tree=142
num_leaves=63
num_cat=0
split_feature=28 2 6 21 23 0 1 8 9 6 6 11 8 2 2 0 24 8 6 18 2 7 2 2 2 6 21 7 9 8 8 23 30 11 21 18 0 8 0 8 8 6 7 9 1 8 11 9 6 0 11 11 7 6 7 11 0 0 11 6 23 18
split_gain=8.09237 4.78314 4.26531 3.24987 8.18959 2.61326 1.62442 1.30306 1.0273 1.90479 1.11234 1.1085 1.0154 2.69249 1.85693 1.06576 0.983391 0.859027 0.825217 1.06105 1.46188 0.922847 0.798783 0.70427 0.654703 1.48854 1.18597 1.12897 0.631235 1.50693 1.23734 0.794088 2.05666 1.20818 1.18879 0.798145 0.627072 0.913495 0.613882 0.604023 0.63021 0.602985 0.584209 0.553043 0.686388 1.53244 1.51789 0.549666 0.487249 0.766169 0.525469 1.21185 1.08625 0.607155 0.597536 0.514949 0.481316 0.480044 1.20822 0.918403 0.470487 0.453808
threshold=1.0000000180025095e-35 0.50553902983665477 0.77836257219314586 0.14039409160614016 0.19785943627357486 0.52051407098770153 0.48549756407737737 0.17267081141471866 0.92637759447097789 0.83424907922744762 0.80259740352630626 0.65571120381355297 0.48074074089527136 0.24498521536588672 0.22450952976942065 1.0000000180025095e-35 2.5000000000000004 0.79008570313453685 0.70659971237182628 0.8686291277408601 0.60462343692779552 0.75905716419219982 0.51850178837776195 0.1600352078676224 0.44050414860248571 0.56214886903762828 0.48529411852359777 0.69804355502128612 0.97752526402473461 0.92637759447097789 0.84292763471603405 0.86222714185714733 1.0000000180025095e-35 0.79008570313453685 0.19292803853750232 0.5914268195629121 0.50945481657981884 0.6705426573753358 0.85118389129638683 0.5646599829196931 0.55351883172988903 0.85145786404609691 0.9607692062854768 0.91476997733116161 0.1259698569774628 0.47140522301197058 0.56594201922416698 0.88730159401893627 0.72255688905715953 0.76780930161476146 0.53001201152801525 0.46247655153274542 0.70678734779357921 0.65261757373809826 0.52114352583885204 0.62583333253860485 1.0000000180025095e-35 0.83118847012519848 0.73123827576637279 0.89512962102890026 0.92511683702468883 0.43683740496635443
decision_type=2 2 2 2 2 2 2 2 2 2 2 2 2 2 2 2 2 2 2 2 2 2 2 2 2 2 2 2 2 2 2 2 2 2 2 2 2 2 2 2 2 2 2 2 2 2 2 2 2 2 2 2 2 2 2 2 2 2 2 2 2 2
left_child=2 7 3 4 36 -4 8 23 9 17 11 -10 13 14 15 -5 43 -7 19 20 24 22 -20 -2 27 -26 60 -14 29 30 -12 34 -33 -34 57 -35 39 -38 -32 40 -1 -8 -31 44 -9 46 -46 -23 49 50 51 54 -52 -53 -39 -50 -6 -30 -59 -60 61 -27
right_child=1 -3 5 12 56 6 41 16 10 -11 28 -13 18 -15 -16 -17 -18 -19 21 -21 -22 47 -24 -25 25 26 -28 -29 31 42 38 32 33 35 -36 -37 37 48 -40 -41 -42 -43 -44 -45 45 -47 -48 -49 55 -51 52 53 -54 -55 -56 -57 -58 58 59 -61 -62 -63
leaf_value=-0.011153243616649723 0 0.031756132501875922 0.03465750867083639 0.007702369595244841 0.0027526463281197472 0.0044542394869555944 0 -0.015825245692482573 -0.0045967650708094712 0.00058177346142030306 0.02105507119919698 0.038967227403079757 -0.027531781842087821 0.034132787122755845 -0.036187275696105491 -0.021836127236226993 -0.024638761201769516 -0.036055962433839697 -0.0070407809377943057 -0.028187474159096979 0.023242904835472037 0.0069908544031722832 0.026278000147123892 0.029557762057422467 0.022256895500624256 0.00038665420772162397 0.017145263579800462 0.014107949084921016 0.0168139398715282 0.034404250014370447 -0.024408053584477868 0.017824665597366833 0.0098881467793 0.0016184414109534362 0.020889225819507362 -0.045661327656578432 0.021525074479453902 0.0062581103653037229 0.010451042919145906 -0.021875761797940877 0.023109232119855192 0.025711008947282298 0 -0.017235449930481983 0.012313386887819664 0.025471902610339575 -0.016915341518693595 -0.024293665673823499 -0.0013633233221128898 0.014350581494466155 -0.029366317203815696 0.030286587832449637 0.0087735179478266694 0 -0.024078788897536701 -0.025536949543398867 -0.037317295132269605 -0.024531671679809443 0.017202719305576323 -0.0031602231457052883 0.0016001019069204689 -0.033349051056507761
leaf_weight=0.90583895286545402 1.8339386256411696 17.358007904229453 3.1248818195745107 11.869812020799147 0.16685563698411243 0.57681071822298591 1.6395841562189151 1.2589255546918163 0.96062991220969651 8.9574901852029125 0.85334833592059967 1.4753417704923775 3.995445838969319 3.1929965107410672 1.2038306320173422 1.2797518377483346 1.5600844850850979 3.4448984753835248 0.95528433521394562 3.5159119395539156 1.5082925569731731 0.69691206974675868 2.5023978603858268 2.9954375755041838 1.8572587407543322 0.47338897122244894 0.68079825118184079 0.51599344950227521 1.0078308147931263 2.4613105833122977 2.6680710421496774 1.2070039413665643 0.44023792317602817 0.41648287548741825 3.1252741271164259 2.3588462844491005 2.0459992081450791 0.86124896325054789 0.25086423406901293 3.1834709112299606 0.51911505780299194 4.6792142237536609 1.292944200497004 1.0808498456899531 4.9580757757648808 4.0746194609673685 4.3960310323163867 1.0926971101143861 4.5655118579161345 4.4062284548999733 1.9532465065567524 1.4681071430095474 1.1834249580133471 1.4700592709705231 1.7194085979717781 1.4483510746940735 18.135113832089701 2.7373662874597384 3.1376882519107339 23.549193384125829 0.64065297666820686 2.458262669693795
leaf_count=1051 66 3483 1017 179 3 876 69 1073 149 2929 257 470 1567 107 38 337 24 6882 350 48 62 77 118 243 72 66 9 61 125 182 1642 303 77 247 167 36 408 65 35 2297 89 480 46 96 52 131 48 27 42 42 1015 74 187 17 53 560 133953 126 124 888 60 217
internal_value=0.000692997 0.0166113 -0.00347791 -0.00961284 -0.0169112 0.00369042 0.00170588 0.00371559 -0.000362939 -0.00997544 0.00230832 0.0242856 -0.000934428 0.00586179 -0.00198025 0.00320484 -0.00149172 -0.0297193 -0.00683171 -0.0113458 -0.00438454 0.00564931 0.016661 0.0201371 -0.0103142 -0.000523663 -0.0135762 -0.0203479 0.00054896 0.0104589 -0.00616796 -0.00153024 -0.0157668 -0.0305619 0.000632226 -0.0389574 -0.00189629 0.00103879 -0.0184891 -0.0138483 0.00406164 0.0195229 0.0257903 0.00189261 0.00456413 0.00771715 -0.00134358 -0.0125381 -0.00192203 0.00224192 -0.00435579 0.00268643 -0.0153673 0.0181162 -0.013917 -0.0105664 -0.0366211 -0.00191924 -0.00322392 -8.67356e-05 -0.0227751 -0.0281714
internal_weight=192.353 39.516 152.837 82.4717 44.032 70.3653 67.2404 22.158 60.9216 12.9792 47.9424 2.43597 38.4397 17.5464 14.3534 13.1496 17.3286 4.02171 20.8933 15.646 12.1301 5.24729 3.45768 4.82938 10.6218 6.11036 4.2531 4.51144 45.5065 7.52654 3.77228 37.9799 4.42257 3.21557 33.5574 2.77533 25.73 21.1216 2.91894 4.60842 1.42495 6.3188 3.75425 15.7685 14.6877 13.4287 9.35411 1.78961 19.0756 13.0617 8.6555 5.51882 3.13667 2.93817 2.58066 6.01386 18.302 30.4321 29.4242 26.6869 3.5723 2.93165
internal_count=165594 5216 160378 143251 139856 17127 16110 1733 15561 10687 4874 619 3395 661 554 516 1424 7758 2734 2162 2114 572 468 309 2052 424 352 1628 4255 2162 1934 2093 663 360 1430 283 5900 2463 1677 3437 1140 549 228 1400 1304 231 100 104 2055 1453 1411 209 1202 91 118 602 133956 1263 1138 1012 343 283
is_linear=0
shrinkage=0.04


Tree=143
num_leaves=63
num_cat=0
split_feature=28 10 20 2 18 30 10 0 6 10 21 6 2 10 6 21 0 8 6 18 21 31 0 18 6 24 20 23 1 1 8 9 21 21 6 10 6 9 1 8 1 2 1 2 1 0 10 6 6 23 18 2 10 6 6 0 19 2 20 0 2 2
split_gain=7.57884 5.86529 6.45726 4.63682 4.52811 2.06165 2.01645 2.1995 2.74844 1.73764 1.42053 2.09682 1.38607 1.37341 1.33437 1.33137 1.31799 1.25478 1.17212 1.15999 1.12311 1.06991 1.79893 1.03541 1.02644 0.926424 0.906817 0.824118 0.802877 1.09451 0.907849 0.799346 0.966201 0.753659 0.743252 0.897677 0.965788 0.737392 0.731232 0.706997 1.0838 0.687574 0.662375 1.15324 0.632999 0.619096 2.24342 1.72697 1.64598 1.30091 0.592832 0.572212 0.560328 0.799096 1.29617 1.49181 0.547723 0.54341 0.53687 0.536504 0.49862 0.487656
threshold=1.0000000180025095e-35 0.43650794029235845 0.6253834366798402 0.50553902983665477 1.0000000180025095e-35 1.0000000180025095e-35 0.86607143282890331 0.78874963521957409 0.70320320129394542 0.080128207802772536 0.48529411852359777 0.63859337568283092 0.2993582040071488 0.30384616553783422 0.2152509689331055 0.070197045803070082 1.000000059604645 0.17267081141471866 0.75716626644134533 1.0000000180025095e-35 0.73030304908752453 1.0000000180025095e-35 0.60961154103279125 0.615800440311432 0.96824595332145702 2.5000000000000004 0.84764185547828685 0.78598690032958995 0.66275858879089367 0.75846338272094738 0.82097071409225475 0.73375529050827037 0.42481203377246862 0.69397994875907909 0.82097071409225475 0.58571431040763866 0.72255688905715953 0.94494947791099559 0.32986950874328619 0.49675324559211737 0.29179082810878759 0.1600352078676224 0.82119110226631176 0.20261221379041675 0.21894425153732303 0.90921679139137279 0.64583334326744091 0.94201681017875682 0.99438202381134044 0.9656645953655244 0.65240275859832775 0.54586797952651989 0.5634920895099641 0.70926907658576976 0.86526826024055492 0.99999997019767772 0.38479596376419073 0.45086249709129339 0.50112107396125805 0.83118847012519848 0.43338409066200262 0.62731361389160167
decision_type=2 2 2 2 2 2 2 2 2 2 2 2 2 2 2 2 2 2 2 2 2 2 2 2 2 2 2 2 2 2 2 2 2 2 2 2 2 2 2 2 2 2 2 2 2 2 2 2 2 2 2 2 2 2 2 2 2 2 2 2 2 2
left_child=1 2 4 17 21 15 7 10 -9 12 11 -7 14 33 23 19 18 41 -10 52 45 22 -1 -4 -24 26 50 -25 30 -30 39 -15 44 61 35 51 60 -23 -16 -17 -41 -2 43 -28 -33 47 48 59 -47 -48 56 -13 57 -54 -55 -56 -19 -3 -5 -20 -37 -11
right_child=3 5 9 58 -6 6 -8 8 16 13 -12 34 -14 31 38 28 -18 25 20 -21 -22 37 24 27 -26 -27 42 -29 29 -31 -32 32 -34 -35 -36 36 -38 -39 -40 40 -42 -43 -44 -45 -46 46 49 -49 -50 -51 -52 -53 53 54 55 -57 -58 -59 -60 -61 -62 -63
leaf_value=-0.021709225386966863 0 0.02614430363173828 0.027224974113865867 -0.00021425711239373685 -0.037362344949554267 -0.027437232580789894 0.015691731021490074 -0.051598608583430128 0.012443082756061753 -0.033122977616502076 0.029570950274672398 -0.024884148931198405 0.02561440677149196 -0.017403862995073162 0.0034500667771216499 0.028371954822102509 0.015294245273424292 0.0072299973177865212 -0.00032745158740417828 -0.022265422167679239 0.016295009390025653 -0.0039941051043637602 0.024195652324483344 -0.013816752888013885 -0.0099103230886044315 -0.023920046362354383 -0.00052724072366988162 0.010279759763755494 -0.02646486356923981 0.017332512457136681 0.030191721930087755 0.008963594800761112 0.026559635616718542 0.0084076374421113969 0.021295319599435928 -0.0044285960501010474 -0.011067119491547619 -0.03360519677312597 -0.023129568783525657 -0.018005778604867437 0.019341714977618753 0.029300697450769658 -0.003827224332258869 0.031854518670683035 -0.018771712592276536 0 0.0089989655469127523 0.015377005212423673 -0.052231662180874557 -0.026643016692829615 0.0033402361108248531 0.0097692754601567955 0.015121355632170673 -0.015604863120161992 0.022165113627476734 -0.0065907260670828929 -0.022264719040460138 0.005417548702170095 0.032701888011781921 -0.038860347110731781 0.03319772094188745 0.0018453655334044797
leaf_weight=1.9805513790634011 1.8339386256411696 2.9573619203292818 2.6210171827115172 0.56529180139478086 18.516950175711827 2.3916091590363049 6.7596074886096167 1.7768078148365045 1.9409215264167929 4.1875783662253507 2.2443973077461115 1.7496928103064422 4.1322691092500454 1.6382127996621418 1.9652559305832245 0.40147127583622788 2.3419604121154398 0.54662780721264725 0.8971926847298225 1.4190762065773004 0.83317305520176788 3.9019728369021323 4.170205284608528 2.7058019358664751 1.1197342723608015 1.5724733720853681 2.7707037627696973 4.8055886449292302 0.71715083392336854 0.91288395412266254 7.8055217585788341 1.7976981965766756 1.7857641326263545 0.35014352761209 3.3853307040262735 0.23534994741203297 0.95569762833474659 1.8221246824250554 3.2305064846295863 2.3106535485130739 0.96157614141702641 2.9113268968649209 2.6994199743494391 2.8147727996110916 1.4138945415033957 1.607022286989376 7.2083951846434484 0.62675296851375595 1.7221973332198104 1.0333562734740551 3.4640566403977573 0.25321248864929646 4.6279106932925087 6.0342231444083145 4.1922006215900165 5.4366116523742676 3.3912937152781524 7.0745645638089627 16.295130853613955 4.7548647015428287 1.3706229322706347 0.37066902313381422
leaf_count=2237 66 81 51 78 137499 1736 395 123 160 615 99 1508 129 64 117 3 46 507 230 6638 80 2683 510 28 6 24 17 73 47 74 832 128 65 9 544 462 790 73 87 553 19 243 53 88 21 76 279 21 120 41 39 33 65 88 49 45 696 65 3405 436 237 8
internal_value=0.000695157 -0.00334724 -0.0126494 0.0162374 -0.0251059 0.00321478 -0.00283586 -0.00661714 -0.0134135 0.000274703 0.00645332 -0.000376111 0.00757074 -0.0113289 0.00119061 0.00918185 -0.0082626 0.00356688 -0.0117062 0.00431686 -0.0149229 -0.00593324 0.00379467 0.00961697 0.0159126 -0.00152472 0.00177944 0.000526108 0.0195373 -0.0031517 0.023074 0.000502685 0.00896284 -0.0253787 0.00947392 -0.000825995 0.0122371 -0.0176108 -0.0134962 0.00387099 -0.00413617 0.0198242 0.010487 0.0175431 -0.00385496 -0.0173794 -0.00989231 -0.027373 -0.0332735 0.00169798 -0.00757891 -0.0173768 0.0063597 0.00206648 -0.00222674 0.00646015 -0.0167254 0.0137063 0.0314241 -0.0343138 0.0265653 -0.0297393
internal_weight=190.32 151.455 62.5159 38.865 31.5115 88.9394 44.0882 37.3286 24.7426 31.0044 12.5859 10.3415 19.4604 11.544 15.3282 44.8512 22.9658 22.0046 20.6239 31.7419 18.683 12.9946 7.27049 10.1324 5.28994 17.2593 15.6869 7.51139 13.1093 1.63003 11.4792 6.63557 4.99736 4.90839 7.94991 4.56458 2.56167 5.7241 5.19576 3.6737 3.27223 4.74527 8.2849 5.58548 3.21159 17.8498 11.571 6.27881 3.32922 8.24175 7.40198 2.00291 30.3229 20.2909 15.663 9.62881 3.93792 10.0319 16.8604 5.65206 1.60597 4.55825
internal_count=165594 160378 144403 5216 143008 15975 7416 7021 1612 1395 5409 5310 485 910 356 8559 1489 1733 1443 7031 1283 5509 2753 152 516 1424 1400 101 1528 121 1407 278 214 632 3574 3030 1489 2756 204 575 572 309 158 105 149 1203 516 687 196 320 1242 1541 393 247 182 94 1203 146 3483 666 699 623
is_linear=0
shrinkage=0.04


Tree=144
num_leaves=63
num_cat=0
split_feature=28 10 20 18 10 30 10 10 8 9 20 6 21 10 21 18 23 19 23 18 1 31 9 9 1 6 6 6 7 23 23 18 8 9 21 1 21 23 18 19 21 9 9 20 7 9 1 18 23 10 6 7 9 20 9 20 18 9 6 6 20 21
split_gain=7.15134 5.54108 6.20028 4.43875 3.9277 1.95165 1.90039 1.63702 1.53261 1.85632 1.40059 1.3064 1.9466 1.29832 1.28422 1.11298 1.07924 1.68773 1.91368 3.06172 2.20643 1.01025 1.19919 0.991343 1.27053 0.961725 0.910662 1.09689 0.88796 0.812892 0.807829 0.765279 0.893134 0.761766 0.933869 0.743258 1.17283 1.13823 0.845581 1.00085 0.730052 0.715155 0.699311 0.80596 1.02506 0.634929 0.603338 0.579812 1.55899 0.523041 0.746165 1.52654 0.502908 0.728588 0.482907 0.473502 0.463349 0.454922 0.444812 0.442153 0.43516 0.434061
threshold=1.0000000180025095e-35 0.43650794029235845 0.6253834366798402 1.0000000180025095e-35 0.52777779102325451 1.0000000180025095e-35 0.86607143282890331 0.080128207802772536 0.99438202381134044 0.90595519542694103 0.91458967328071605 0.72065573930740368 0.48529411852359777 0.30384616553783422 0.070197045803070082 1.0000000180025095e-35 0.97073099017143261 0.91820004582405101 0.84861218929290783 0.80090090632438671 0.1178606152534485 1.0000000180025095e-35 0.8989795744419099 0.71209660172462474 0.29179082810878759 0.2152509689331055 0.96824595332145702 0.78086888790130626 0.78086888790130626 0.54011493921279918 0.78598690032958995 0.97067421674728405 0.47690120339393621 0.73375529050827037 0.42481203377246862 0.56005036830902111 0.54772728681564342 0.94146201014518749 0.77158385515213024 0.74175426363945018 0.69397994875907909 0.94494947791099559 0.63914892077445995 0.6926884949207307 0.58578637242317211 0.99230769276618969 0.21894425153732303 0.73375529050827037 0.81857365369796764 0.5634920895099641 0.70926907658576976 0.86526826024055492 0.40370370447635656 0.96168524026870739 0.92718276381492626 0.84764185547828685 0.65240275859832775 0.94494947791099559 0.57735043764114391 0.85912698507308971 0.50112107396125805 0.21980676054954532
decision_type=2 2 2 2 2 2 2 2 2 2 2 2 2 2 2 2 2 2 2 2 2 2 2 2 2 2 2 2 2 2 2 2 2 2 2 2 2 2 2 2 2 2 2 2 2 2 2 2 2 2 2 2 2 2 2 2 2 2 2 2 2 2
left_child=1 2 3 21 10 14 8 23 11 -10 29 12 -7 40 15 49 17 18 20 -20 -11 22 -1 24 -4 30 27 58 42 -2 -26 45 -33 -15 46 37 -37 38 39 -31 -9 54 -16 -44 -45 52 -35 -30 -49 -3 -51 -52 53 -12 -23 -38 -5 -29 -24 -47 -6 -8
right_child=4 5 7 56 60 6 61 13 9 16 31 -13 -14 33 28 -17 -18 -19 19 -21 -22 41 26 -25 25 -27 -28 57 47 35 -32 32 -34 34 -36 36 55 -39 -40 -41 -42 -43 43 44 -46 59 -48 48 -50 50 51 -53 -54 -55 -56 -57 -58 -59 -60 -61 -62 -63
leaf_value=-0.015769529594566269 0.017040965957066764 0.013266105058372255 0.023291380212184434 -0.037943248675171792 0 -0.026164182111508998 0.0047099175129094598 -0.029177540275505971 -0.04459293992929865 -0.0083028991183232113 -0.0031056414713284842 0.013901637921232193 0.022138568864754002 -0.017005895490083387 0.027641305386737942 -0.022023565930790925 -0.031318849834534548 0.02558455550040261 0.012907982937144808 -0.057447320235842446 0.027952037887165354 -0.011525195983904011 0.012524938295648847 0.023066822752091379 -0.0089738825254500644 -0.017307523942558977 -0.0097216122755151863 0.002865937990768327 0.037390407996221432 -0.0089273354205697195 0.013235524761421797 -0.016667375321246729 0.018489088634726522 0.0087296318236173877 0.026261194709393559 0.024826119759544886 -0.02223327049434317 0.013597784783224215 0.0079665084228425151 -0.045003246100234685 0.0083357755845195874 -0.033143546781322114 -0.021122150955134963 -0.012881575289580584 0.020581081686157222 0.0097149203458635619 -0.018337512152623622 -0.021056065220746888 0.025485727537582627 0.014621545263375942 -0.016638261744878428 0.0073330910668020655 0.033790573358837214 0.024610823419510847 0.012932632402869801 0.0034425839158183612 0.001950146728100752 0.043093813128060272 -0.01700918452449553 -0.022691934685492639 0.035936612707548679 0.026952908728468686
leaf_weight=2.2761053279100469 2.0675241700810174 10.048752465983858 2.566474236227811 17.668308042331777 0.49236334965098549 3.0718777393121837 4.4167224256379987 4.4778788672119827 1.6199663899533359 15.139207640597318 2.570685258135196 7.9485973371411092 1.0142680890858171 1.6329964475153245 0.76390289496339203 1.3888682988908829 1.8558009914704587 1.6621315195225168 0.95224285051517599 1.7067194818519054 2.2078675259836009 3.0548006332246591 0.41067773202667035 3.9468677308177567 3.4390076482668501 4.164959234010893 1.1153123527765272 0.99937200784916091 3.9942950811091578 4.4119835921301256 5.2061462411656976 1.6705350545234972 1.0181777435354886 1.7988213478529362 1.745987315662205 1.8570541406515975 1.1034557505045088 1.2761781126027925 0.8976906407624482 1.584042032016441 0.3477057022973894 1.7882216990692539 1.2305846919916801 1.4508486581034956 2.6137923579663038 0.4497523591853686 1.4131716116680761 0.8833147645927969 1.9588168375194071 4.6288266936317113 6.0432890349766231 9.5798662398010475 4.2114077766891569 1.6837899396196006 0.83845619350904588 1.573519928846508 0.18566441090661001 1.6342817505355922 0.83540648061898537 0.21169316070154309 11.127289924261275 2.2660928489640355
leaf_count=2476 279 146 115 137488 78 2774 214 623 646 646 68 2212 20 64 37 6638 104 58 425 28 108 2653 40 132 44 111 6 96 432 908 83 73 185 128 65 63 18 158 71 34 9 73 701 29 85 97 21 64 180 65 91 91 441 126 30 92 11 20 115 51 2474 181
internal_value=0.000674866 -0.00325911 -0.0123893 -0.0247721 0.0159101 0.00311698 -0.00278177 0.000283905 -0.00645222 -0.0119643 0.00671353 0.00479149 -0.0113926 -0.01104 0.00894145 0.00418052 -0.00782748 -0.00434621 -0.0081229 -0.0345164 -0.00219849 -0.0058694 0.00356351 0.00738508 0.00195291 -0.00340954 0.0142012 0.022481 0.0192103 -0.00134673 0.00397158 0.0164208 -0.000866574 0.000463387 0.00877714 -0.0056563 0.00596716 -0.0124904 -0.0189375 -0.0241001 -0.024821 -0.0172668 0.00572972 -0.000684611 0.00766194 0.021491 -0.00375568 0.0283919 0.00826427 0.00617465 0.00200909 -0.00214189 0.0244095 0.00969859 -0.00387396 -0.00922148 -0.0372348 0.0339194 -0.0042519 -0.00566461 0.0344366 0.0152995
internal_weight=188.2 149.993 61.5466 30.8066 38.2071 88.4467 43.8615 30.74 37.1787 25.1439 26.5875 12.0347 4.08615 11.4166 44.5852 31.6896 23.524 21.6682 20.006 2.65896 17.3471 12.9526 7.27116 19.3235 15.3766 12.8101 4.99505 3.87974 12.8956 14.7714 8.64515 11.816 2.68871 6.59098 4.95798 12.7039 4.53403 8.16989 6.89372 5.99603 4.82558 5.68148 6.05913 5.29523 4.06464 9.12733 3.21199 6.83643 2.84213 30.3007 20.252 15.6232 8.46588 4.25448 3.89326 2.67698 17.854 2.63365 1.24608 0.661446 11.6197 6.68282
internal_count=165594 160378 144403 143008 5216 15975 7416 1395 7021 2015 2664 5006 2794 910 8559 7031 1369 1265 1207 453 754 5509 2753 485 353 238 277 271 1528 1623 127 1041 258 278 214 1344 173 1171 1013 942 632 2756 852 815 114 783 149 676 244 393 247 182 635 194 2683 110 137499 116 155 148 2552 395
is_linear=0
shrinkage=0.04


Tree=145
num_leaves=63
num_cat=0
split_feature=24 10 21 23 2 0 11 2 21 18 23 21 23 30 11 11 11 2 10 7 30 0 6 9 6 0 7 2 11 19 7 11 2 11 28 20 9 9 21 7 1 9 10 9 0 9 6 18 7 2 11 10 7 20 20 21 9 6 7 1 23 2
split_gain=6.7734 5.71664 5.14226 3.92819 3.74332 1.36252 1.32271 1.21675 1.18842 1.26759 2.22132 1.96688 1.51193 0.950159 1.31157 1.37421 1.13812 1.07025 1.03694 1.20698 0.926612 1.89527 0.915672 0.887141 0.879414 0.870553 0.857873 0.844863 0.800113 0.774628 0.771863 0.851009 0.911523 0.764391 0.696439 1.81427 0.667909 0.664145 1.06882 1.765 1.04769 0.984899 0.608558 0.593155 0.919428 0.588072 0.715914 0.865415 0.814393 1.8891 1.17347 0.940085 0.927911 0.718216 0.695232 0.583711 0.565658 0.560165 0.547325 0.511655 0.757878 0.499953
threshold=1.0000000180025095e-35 0.44949495792388922 0.23303167521953586 0.36256869137287145 0.53885021805763256 0.44352366030216223 0.59807693958282482 0.12405638396739961 0.71825397014617931 0.84764185547828685 0.93090185523033153 0.46410256624221807 0.99576270580291759 1.0000000180025095e-35 0.8452991545200349 0.64644607901573192 0.92403846979141246 0.51850178837776195 0.73214286565780651 0.89059829711914074 1.0000000180025095e-35 0.60961154103279125 0.9574275314807893 0.69504830241203319 0.51899951696395885 0.5864483416080476 0.76817703247070324 0.56336912512779247 0.60791924595832836 0.74175426363945018 0.71209660172462474 0.63733074069023143 0.54586797952651989 0.65881377458572399 1.0000000180025095e-35 0.94352909922599804 0.88067796826362621 0.69804355502128612 0.41421568393707281 0.52704679965972911 0.29179082810878759 0.1702898591756821 0.64583334326744091 0.94392031431198131 0.96444573998451244 0.12132352963089944 0.69504830241203319 0.615800440311432 0.36491677165031439 0.2287620157003403 0.56711712479591381 0.36931818723678594 0.5673658847808839 0.82078272104263317 0.89498746395111095 0.3514705896377564 0.74464204907417308 0.75582656264305126 0.62115561962127697 0.21894425153732303 0.65868008136749279 0.19081155955791476
decision_type=2 2 2 2 2 2 2 2 2 2 2 2 2 2 2 2 2 2 2 2 2 2 2 2 2 2 2 2 2 2 2 2 2 2 2 2 2 2 2 2 2 2 2 2 2 2 2 2 2 2 2 2 2 2 2 2 2 2 2 2 2 2
left_child=1 2 3 20 7 6 -3 -2 9 11 -11 13 -12 17 15 27 36 23 -17 -20 25 -22 33 -7 -25 56 42 28 -15 -5 58 32 -32 -23 35 -6 -16 40 39 -39 -4 -42 -26 -33 -45 -9 48 53 49 50 -47 52 -50 -48 -51 -36 -1 -29 -19 60 -18 -8
right_child=4 5 37 29 34 8 61 45 -10 10 12 -13 -14 14 16 18 59 30 19 -21 21 22 -24 24 26 -27 -28 57 -30 -31 31 43 -34 -35 55 -37 -38 38 -40 -41 41 -43 -44 44 -46 46 47 -49 51 54 -52 -53 -54 -55 -56 -57 -58 -59 -60 -61 -62 -63
leaf_value=-0.01661228395231578 0.02719095218489636 -0.012660167180794666 0.017527842372954097 -0.037399032407329988 0.024558063993194837 0.017096782486459967 -0.0020575472863774511 0.020670301152333231 0.025896464539889121 -0.039684150843744596 0.023318626267686372 0.026501446280137651 -0.019618392973602801 -0.01840178951927865 -0.00037912595552903655 -0.034937515447208425 -0.0011823036162816219 0 0.020181079235405918 -0.025388116237984239 -0.022610686373554893 -0.0020220093102163365 -0.0095387610873801775 0.013251800631584848 -0.033158499108909847 -0.028305848307206709 0.0018429829802482859 0.028781082210636921 0.014278411689250741 0.0061836412541930678 0.013971947273765765 -0.0058628738694685 -0.021344717679680263 0.03071283739508315 0.0054156484650177252 -0.018378882073810634 0.032264309929147847 0.023239170346663032 0.02316624512842427 -0.021246696552927706 0.0057332730689614855 -0.016523220552093668 -0.0027983358915591896 0.023874004826114535 0.0037597226308141067 0.0018608556702308602 -0.016355082264230807 0.02649580797491816 -0.029673012034786079 -0.0037568684355053232 -0.026967664369209332 0.0041268934370027686 0.0013357687489121792 0.01643616319055274 0.026101489520910952 0.034065999168020972 0.0093614739441962302 -0.007119460457414655 0.030506152158571581 0.016859501492891307 -0.025087307781183902 0.036571655877083421
leaf_weight=1.2436785662357563 2.2208060586563105 0.63181942033406757 1.9415844373434108 17.167007017029395 3.1834271538682524 1.1707762011355942 0.2818267749025839 1.240994398016485 2.0313398088328531 2.3321879440918556 1.9668972473591566 3.8398175518959752 1.3253599628806114 2.9744210307471826 1.1970367204266978 4.4933573963717208 15.032567032423691 0.99847827352641916 1.1117651570821179 0.66177034065913165 2.274130558645993 1.1157155679757123 1.1110990278539246 1.0731110914784929 3.1353857302601682 3.6716214978587232 2.4550333400766249 1.1273041181921142 0.73238257905904891 0.24373610073234786 0.77620282201678792 2.9322484933945843 2.5866104370943503 3.107573189852701 2.0778782801353382 1.5337570789270101 1.6595909075549569 1.3433097322267706 3.6799654366914183 2.5971645061217714 4.0037849387153965 7.8184146939602215 2.1029865896271076 5.2460421703508482 11.341329262402724 5.1022101138078195 1.6588874094159103 2.0929200937971473 4.0855140067069424 1.0683350259496363 2.6190574274223763 2.8853310205377056 1.7564399296679765 0.74712070496752847 4.0005854219198227 12.669556866632773 2.2787499178593862 0.32271640059479967 2.81192477834702 0.86257427372038264 1.5872027507575683 2.9450818976401933
leaf_count=2218 96 320 201 132566 251 334 54 120 183 88 72 190 28 795 791 1795 551 66 103 20 2665 96 7 232 3607 1959 814 141 194 4 76 726 191 548 224 112 329 68 117 184 57 188 130 343 610 130 901 88 780 61 78 312 628 31 155 3149 2187 78 255 29 1322 946
internal_value=0.000671668 -0.00386796 -0.013954 -0.023811 0.0133134 0.00262834 0.0232533 0.0038848 0.00130751 0.000294984 -0.0164045 0.00185617 0.00455801 5.28914e-05 -0.00487047 -0.0151394 0.00114896 0.00444431 -0.0263518 0 -0.00753696 0.00182489 0.0147986 -0.0061124 -0.0110547 -0.0169407 -0.0160396 0 -0.00943332 -0.0362689 0.00859764 0.00505499 -0.0109421 0.0225676 0.0265094 0.00912499 0.0209968 0.00111619 0.010028 -0.00363756 -0.00389202 -0.00881444 -0.0240137 0.00840482 0.0113444 0.000949307 -0.000573617 0.0122168 -0.00384928 0.00235748 -0.00943007 -0.012664 -0.0209327 -0.00316217 0.0195673 0.0308835 -0.000570201 0.0195137 0.0235672 -0.00283834 -0.00498652 0.032563
internal_weight=186.288 137.345 53.5975 32.2133 48.9428 83.7471 3.85873 29.4782 79.8884 77.8571 5.62445 72.2326 3.29226 68.3928 31.7627 11.4237 20.339 36.6301 6.26689 1.77354 14.8026 7.60852 5.33439 9.93729 8.76652 7.19405 7.69341 5.15682 3.7068 17.4107 26.6928 22.8824 3.36281 4.22329 19.4646 4.71718 2.85663 21.3842 7.62044 3.94047 13.7638 11.8222 5.23837 19.5196 16.5874 27.2574 26.0164 4.49893 21.5175 12.7902 7.72127 8.72728 5.84195 2.40601 5.06892 14.7474 3.52243 1.45002 3.8104 17.4823 16.6198 3.22691
internal_count=165594 158478 143065 142250 7116 15413 1320 3380 14093 13910 188 13722 100 13532 6148 3126 3022 7384 1918 123 9680 3316 651 5117 4783 6364 4551 1208 989 132570 2267 1946 267 644 3736 363 1120 815 369 252 446 245 3737 1679 953 3284 3164 1020 2144 424 208 1720 1408 932 216 3373 4405 219 321 1902 1873 1000
is_linear=0
shrinkage=0.04


Tree=146
num_leaves=63
num_cat=0
split_feature=24 10 21 23 2 8 0 11 11 21 30 11 11 10 2 11 2 31 0 8 1 23 6 1 20 7 9 9 6 7 1 19 11 19 7 6 11 11 7 10 11 1 0 11 1 7 2 7 2 28 20 0 21 19 23 21 9 23 8 9 0 21
split_gain=6.39375 5.40461 4.95834 3.84741 3.57938 1.33968 1.26708 1.26159 1.25905 1.14509 0.908576 1.31012 1.52271 1.1296 1.07655 1.06183 0.912697 0.883166 1.79151 0.94627 0.863782 1.61236 0.863034 0.853302 1.08846 0.822365 0.808851 0.797991 0.790272 0.839841 0.784793 0.769406 0.76791 0.760099 0.750531 0.719737 1.013 0.90898 1.11656 0.846972 0.786814 0.781978 0.725756 0.716498 0.716315 0.716092 0.819748 0.929195 0.698046 0.695172 1.73261 0.644626 0.643004 0.938098 0.781419 0.632754 0.627503 0.624283 0.600458 0.590524 1.05762 0.580159
threshold=1.0000000180025095e-35 0.44949495792388922 0.22902098298072818 0.36256869137287145 0.53885021805763256 0.17267081141471866 0.44352366030216223 0.36451049149036413 0.59807693958282482 0.71825397014617931 1.0000000180025095e-35 0.82807883620262157 0.60922586917877208 0.86607143282890331 0.56336912512779247 0.92637759447097789 0.51850178837776195 1.0000000180025095e-35 0.60961154103279125 0.63702240586280834 0.36960017681121832 0.86222714185714733 0.9574275314807893 0.66275858879089367 0.7353600561618806 0.71209660172462474 0.74464204907417308 0.69504830241203319 0.51899951696395885 0.76817703247070324 0.1259698569774628 0.74175426363945018 0.98936170339584362 0.90152388811111461 0.6308579444885255 0.69504830241203319 0.5604878067970277 0.28708791732788091 0.270728349685669 0.44949495792388922 0.7670542597770692 0.85624375939369213 0.4660304486751557 0.65881377458572399 0.66275858879089367 0.77849927544593822 0.55470266938209545 0.75162336230278026 0.43473677337169653 1.0000000180025095e-35 0.94352909922599804 0.78874963521957409 0.56385868787765514 0.86996778845787059 0.61715260148048412 0.19292803853750232 0.88067796826362621 0.97156333923339855 0.91476997733116161 0.33687943220138555 0.23074596375226977 0.3514705896377564
decision_type=2 2 2 2 2 2 2 2 2 2 2 2 2 2 2 2 2 2 2 2 2 2 2 2 2 2 2 2 2 2 2 2 2 2 2 2 2 2 2 2 2 2 2 2 2 2 2 2 2 2 2 2 2 2 2 2 2 2 2 2 2 2
left_child=1 2 3 17 5 7 8 -2 -3 10 16 12 14 33 51 56 27 18 -1 26 21 30 43 24 25 34 -19 -8 -29 -30 -17 -5 -21 57 -18 36 37 -7 -39 40 41 -38 -37 -20 -42 46 47 -27 -44 50 -6 -12 53 54 -4 -40 -13 -14 -31 -54 -61 -51
right_child=4 6 52 31 49 35 9 -9 -10 -11 11 15 13 -15 -16 20 23 19 22 32 -22 -23 -24 -25 -26 45 -28 28 29 58 -32 -33 -34 -35 -36 42 39 38 55 -41 44 -43 48 -45 -46 -47 -48 -49 -50 61 -52 -53 59 -55 -56 -57 -58 -59 -60 60 -62 -63
leaf_value=-0.022273950005085981 -0.0096933593922297022 -0.012512260965797916 0.0088785631817257463 -0.037373220872536 0.024175095284012529 -0.016687825824114728 0.016714463311348477 0.027135053783280905 0.031576064626023755 0.025637286739635119 0.00089574112969490708 -0.00042954634235924371 -0.035947257482545319 0.0064669521506829945 0.021548108693989147 -0.0034542609907596473 -0.0049798460313872188 -0.01368310755173569 -0.0019812066448044795 -0.033085150404807216 0.016932063499481186 -0.03193556204256616 -0.0093573980427465626 -0.017339349316511168 0.028624762915225137 0.026400786914244828 0.022694433810854706 0.012951121853149448 -0.022655370819550678 -0.0087985860570394658 0.022027272364527478 0.0061401268172555949 0 0.00022687193021607752 0.029632533476213876 0.025040630859579287 -0.032771390257442572 0.029002092765847171 0.018037499396515701 0.010317356296455825 -0.014328139031284357 0.0076726302018672778 -0.022429128206936759 0.029606856002847903 0.012613006645102516 0.0059990562766293288 -0.022884378111949627 -0.015818230083725154 0.010114904972901516 0.0052821102660030725 -0.017769911421422171 -0.028735126812726032 0.026632336186739238 0.020752198925424407 -0.010924585951406187 -0.0084578637761027354 0.027356230444285316 0.0045887186751148255 0.02080794951727704 -0.017442341212529081 0.018092093151729407 0.033863994211060872
leaf_weight=2.2321439268416743 1.2265830379910792 0.62566230880474849 3.1876409834949362 16.455160563549729 3.1216048576316107 1.3885874184052278 1.1724923491565267 4.9595786184072495 3.2233939884754363 1.9809323120862234 2.6971757372812131 1.5765633867631574 5.9346396502223779 1.1628336454450616 1.9019875640733515 15.431194191223776 0.77474979203544636 0.94554282021272207 1.1137799372736479 3.5164028758226777 2.1669944794848552 2.1058633923094012 1.1067981862724989 0.9820895092561831 3.3823107471689573 0.80857087555341711 0.91871476519736461 1.0772360010014361 5.2440064865804743 1.7408247682396907 1.1863406407646824 0.24275165982544322 1.7190961346641414 0.97807497903704632 2.7321875523484778 2.0824706347411839 3.8807286267401633 2.3538340782979503 1.035618014000647 1.2981451256491698 2.7594137841733755 0.33597417827695597 0.71462640685786061 3.131570606274181 1.6610390609130261 17.311225933932292 2.3654694595024921 0.54146502761432203 1.6538223065581403 2.0706232465745424 1.5566629273816941 0.74650670081609849 1.6436065677553404 1.3481399342417706 11.85732002656732 3.8953934212186141 2.5289620747425943 0.24882782281201787 0.78142750052211329 1.6051191799342635 1.7484677545726297 12.24978548963554
leaf_count=2665 36 320 94 132526 251 56 334 325 1000 183 757 911 1882 27 156 1260 69 1585 96 4095 112 624 7 59 245 81 246 232 3738 734 34 4 436 13 245 150 623 26 365 142 683 9 381 548 22 1441 207 89 489 224 112 52 40 21 619 73 421 103 84 12 71 3149
internal_value=0.000683861 -0.00373552 -0.0136397 -0.0235185 0.0130624 0.00383971 0.00257065 0.0189434 0.0224822 0.00129059 0.000299673 -0.00393756 -0.0134599 -0.0232847 0.0024675 0.00143369 0.00460327 -0.00745033 0.00168077 -0.0167017 -0.00229152 -0.00546488 0.0142347 0.00819546 0.00980069 0.00602945 0.00451184 -0.00520092 -0.00991571 -0.0146594 -0.000261019 -0.0362034 -0.0244091 -0.0288061 0.0216902 -0.000664822 -0.00436377 0.00503655 0.0111748 -0.0126461 -0.017225 -0.0279291 0.0120296 0.0217593 -0.00300744 0.00236975 -0.0113778 0.00824006 -0.00226051 0.0261577 0.00884222 -0.00964839 0.00107814 -0.00267644 -0.00618765 -0.000115851 0.0179085 -0.0333475 0.00254169 0.0124544 6.5729e-05 0.0306069
internal_weight=184.427 136.182 52.7723 31.382 48.2445 29.2458 83.41 6.18616 3.84906 79.561 77.58 38.666 13.67 8.32438 5.34567 24.9959 38.9141 14.684 7.58429 7.09976 20.8904 18.7234 5.35215 28.8981 27.916 24.5337 1.86426 10.016 8.84349 7.76626 16.6175 16.6979 5.2355 7.16154 3.50694 23.0597 18.6087 8.67343 7.28485 9.9353 8.63716 4.2167 4.45092 4.24535 4.42045 21.0267 3.71551 1.35004 2.36845 18.9987 4.67827 3.44368 21.3903 16.3931 15.045 4.93101 4.10553 6.18347 2.52225 4.99719 3.35359 14.3204
internal_count=165594 158478 143065 142208 7116 3380 15413 361 1320 14093 13910 6352 2990 2025 965 3362 7558 9678 3316 6362 2030 1918 651 2436 2377 2132 1831 5122 4788 4556 1294 132530 4531 1998 314 3019 1999 520 464 1479 1337 632 1020 644 705 1818 377 170 870 3736 363 809 857 734 713 438 1332 1985 818 123 83 3373
is_linear=0
shrinkage=0.04


Tree=147
num_leaves=63
num_cat=0
split_feature=28 10 19 23 2 30 10 0 6 7 0 2 6 21 8 11 21 18 10 11 0 1 7 2 7 9 6 1 18 19 6 1 7 2 11 7 10 21 7 1 19 7 11 2 7 6 8 0 2 6 1 0 10 6 6 23 18 23 10 0 0 10
split_gain=6.04072 4.67232 4.98387 4.33953 4.09363 1.66329 1.76098 1.9674 2.5007 1.4043 1.5536 1.26902 1.35395 1.20719 1.0926 1.0795 1.03457 1.03282 0.917969 1.0055 1.10116 0.847039 0.839713 0.859215 0.822174 1.31814 0.965605 0.81384 0.799261 1.17127 1.151 1.40546 0.744616 0.680835 0.674785 0.66155 0.638742 1.06439 0.630029 0.579883 0.575438 0.554492 0.72615 0.752317 0.53996 0.527975 0.522026 1.02808 0.519278 1.38042 1.19789 0.515261 2.01031 1.57291 1.51913 1.05142 0.511779 0.867843 0.462363 0.750845 0.997615 0.809822
threshold=1.0000000180025095e-35 0.43650794029235845 0.58470535278320324 0.41125263273715978 0.50935709476470958 1.0000000180025095e-35 0.86607143282890331 0.78874963521957409 0.70320320129394542 0.75716626644134533 1.000000059604645 0.53885021805763256 0.86391696333885204 0.070197045803070082 0.17267081141471866 0.34654632210731512 0.73030304908752453 1.0000000180025095e-35 0.087121214717626586 0.89009663462638866 0.64596465229988109 0.36960017681121832 0.78086888790130626 0.89698815345764171 0.34330357611179357 0.90595519542694103 0.95311355590820324 0.21894425153732303 0.97067421674728405 0.90152388811111461 0.29679679870605474 0.43283110857009893 0.90366768836975109 0.1600352078676224 0.73431372642517101 0.76506900787353527 0.58571431040763866 0.48529411852359777 0.41728855669498449 0.21894425153732303 0.47893242537975317 0.63859337568283092 0.91042780876159679 0.51369920372962963 0.91476997733116161 0.83047896623611461 0.78319624066352855 0.76780930161476146 0.2993582040071488 0.2152509689331055 0.32986950874328619 0.90921679139137279 0.64583334326744091 0.94201681017875682 0.99438202381134044 0.9656645953655244 0.65240275859832775 0.60829037427902233 0.5634920895099641 0.75352597236633312 0.99999997019767772 0.64583334326744091
decision_type=2 2 2 2 2 2 2 2 2 2 2 2 2 2 2 2 2 2 2 2 2 2 2 2 2 2 2 2 2 2 2 2 2 2 2 2 2 2 2 2 2 2 2 2 2 2 2 2 2 2 2 2 2 2 2 2 2 2 2 2 2 2
left_child=1 2 3 24 14 13 7 11 -9 -10 16 12 36 17 33 -4 51 58 48 20 27 32 34 -24 -1 40 44 -20 29 30 -16 56 -5 -2 35 -15 37 -7 -13 -21 45 -38 43 -43 46 -26 -27 -48 49 -17 -51 53 54 -11 -53 -54 57 -32 -3 61 -61 -60
right_child=4 5 15 21 -6 6 -8 8 9 10 -12 38 -14 22 28 18 -18 -19 19 39 -22 -23 23 -25 25 26 -28 -29 -30 -31 31 -33 -34 -35 -36 -37 41 -39 -40 -41 -42 42 -44 -45 -46 -47 47 -49 -50 50 -52 52 55 -55 -56 -57 -58 -59 59 60 -62 -63
leaf_value=0.015999495586676224 0 0.0123354057939076 -0.018610628043780001 -0.037851900166774796 0.03051770061688865 -0.026590350928268384 0.014978916082698369 -0.048748891434332225 0.020346060894208512 -0.03264222051838233 0.015084082215545724 -0.0050993094116571725 0.023173359388295976 0.021678836575873914 -0.018057310419310416 0.01552017355766596 0.015728181553314499 -0.021703902565125728 0.0055450941139124198 -0.0078502961111784637 0.010072026884951291 0.0066423697711909735 0.032137499976708804 -0.0048135703368847897 -0.027983959643263029 0.020567614766708618 -0.017451174032791818 -0.028758345883372272 -0.023029058693756183 0.021004597338378447 0.0038150209860478212 0.024325079807635978 0.0035812695621372974 0.028673171269206665 -0.0081184858933339953 -0.011600844979205232 -0.015741520236848699 0.014400861873875792 0.03037456013168752 0.02316409039411136 0.0082784497989731448 0.029904799407752394 -0.012321699029375218 -0.010641662571132176 0.02693193455151785 0 -0.022183793132243262 0.010084927125872709 0.023281186507553391 0.012994499735873619 -0.02413823454167963 0 0.0073687192194161963 0.014927184896010302 -0.050252969008664591 -0.024441343908985863 0.0087348366603651178 -0.027179927203353244 -0.022919413129523263 0.013796388377852664 -0.0060583667493028601 0.0044242753664117821
leaf_weight=1.3619099774514349 1.7825905866920972 10.0290707993554 2.5734087586461127 16.205230829036744 14.882968015997902 3.4862111775219078 6.5733300209394647 1.7963242895493774 1.605834635891372 5.7467019857649673 2.3209397648606673 0.46134881302714292 1.633150518973707 3.0768464770007982 4.5655436136148628 6.8940684208646434 0.79277821537107129 1.348026077794201 0.83245528062252372 0.65506736224051598 1.5714008233189813 0.30268383037764479 5.8567460308258887 0.6890015061944722 5.5383924089110215 0.76855179826088527 1.9248715365683891 3.8122731496405322 1.3951253164559609 2.9062753729522237 1.9850003041210564 2.7216096338815987 0.36957483585865603 2.7163185831159353 2.4402455339950393 0.38779431824514166 0.75345018076768644 0.48222897388041008 2.8249199750935077 1.6515355949522925 0.3443784087721723 1.7471456354978734 0.5835386952603584 0.25827205686800869 1.1075082904935696 1.3059357602251109 1.8219966768883749 2.5107665419782279 3.2810686668672124 1.2720971266826384 2.7184547297656536 1.5563056633982333 7.4063304290029901 0.60424891287402704 1.7345591048360802 1.0620730364753397 1.4663434885442255 2.0349169565670309 2.5188726542983231 9.5064880168065411 5.5152636095881453 2.501532681286335
leaf_count=435 66 146 50 131187 3465 2734 395 123 175 647 46 4 163 357 55 110 81 6638 292 94 77 9 605 71 10065 125 22 98 26 68 369 77 385 243 473 22 882 8 292 61 25 769 475 82 17 190 760 149 109 70 73 75 284 20 120 41 24 823 102 83 46 16
internal_value=0.00070349 -0.00292887 -0.0115585 -0.0214402 0.0150588 0.0029056 -0.00255292 -0.00609846 -0.0124996 -0.00755356 -0.010665 0.0064588 -0.00153628 0.00833495 0.00333752 0.00173427 -0.0146265 0.00374493 0.00489895 -0.00482057 -0.0130725 -0.0352227 0.018481 0.0275955 -0.00606869 -0.0091353 0.00163077 -0.0220085 -0.001363 0.00159005 -0.00374113 0.00488393 -0.0365492 0.0189085 0.00526469 0.0152939 -0.00966155 -0.0189083 0.0244335 0.013436 -0.0205167 0.00222201 0.0114938 0.0215487 0.00970164 -0.0233461 0.00150429 -0.00434986 0.0109427 0.00524082 -0.0112677 -0.0169181 -0.00995575 -0.0261572 -0.0322947 0.000796761 -0.00640706 -0.013367 0.00567628 0.00172611 0.00633387 -0.0101586
internal_weight=182.58 146.123 58.8236 33.5618 36.4567 87.2996 43.4297 36.8564 24.6261 22.8298 21.2239 12.2303 8.944 43.8699 21.5737 25.2618 18.903 31.4193 22.6884 8.52273 6.21613 16.8775 12.4506 6.54575 16.6843 15.3224 8.13369 4.64473 17.0748 15.6797 12.7734 8.20787 16.5748 4.49891 5.90489 3.46464 7.31085 3.96844 3.28627 2.3066 7.18871 3.34241 2.58896 2.00542 6.20882 6.84433 5.10132 4.33276 14.1657 10.8846 3.99055 18.1102 11.7593 6.35095 3.29086 8.4684 5.48626 4.01992 30.0712 20.0422 15.0218 5.02041
internal_count=165594 160378 144403 143369 5216 15975 7416 7021 1612 1489 1314 5409 5113 8559 1751 1034 1268 7031 984 622 467 131581 1528 676 11788 11353 1073 390 1442 1416 1348 1293 131572 309 852 379 4950 2742 296 155 10280 2208 1326 851 1051 10255 1034 909 362 253 143 1187 520 667 195 325 1216 1192 393 247 129 118
is_linear=0
shrinkage=0.04


Tree=148
num_leaves=63
num_cat=0
split_feature=25 10 21 23 6 0 11 21 20 11 19 0 8 0 23 9 31 0 8 6 20 30 11 6 9 6 11 6 11 9 9 19 11 11 7 8 10 9 8 6 10 21 19 23 9 21 23 21 21 19 9 10 6 6 0 7 0 0 0 9 0 9
split_gain=5.71299 4.79528 4.60918 3.72055 2.85847 1.16515 1.20457 1.08996 0.923024 1.22435 1.20151 1.23728 1.20635 0.954714 1.04257 0.856229 0.843552 1.67244 0.908168 0.795797 0.788188 0.774803 1.17578 1.37234 1.12301 1.00341 1.00292 0.773625 0.767491 0.763129 0.75955 0.747304 0.743001 0.669908 0.655167 0.99462 1.04024 0.921021 1.01672 0.623348 0.617057 0.61402 0.88352 0.718702 0.610139 0.609944 0.603829 1.09641 0.703302 0.716813 0.597107 0.5694 0.882936 0.611219 1.02742 0.569183 0.564092 0.561827 0.559802 0.555172 1.24452 0.540004
threshold=1.0000000180025095e-35 0.44949495792388922 0.22902098298072818 0.36256869137287145 0.86391696333885204 0.44352366030216223 0.59807693958282482 0.71825397014617931 0.99740931391716015 0.92940199375152599 0.88581016659736644 0.83118847012519848 0.51668518781661998 0.67195799946784984 0.62547710537910473 0.81120249629020702 1.0000000180025095e-35 0.60961154103279125 0.63702240586280834 0.9574275314807893 0.50112107396125805 1.0000000180025095e-35 0.82807883620262157 0.75716626644134533 0.78086888790130626 0.65648320317268383 0.92637759447097789 0.39455153048038488 0.28708791732788091 0.94826048612594616 0.74464204907417308 0.74175426363945018 0.98936170339584362 0.65881377458572399 0.92422503232955944 0.91366460919380199 0.86607143282890331 0.90098038315773021 0.82097071409225475 0.270728349685669 0.38750000298023229 0.56385868787765514 0.86996778845787059 0.61715260148048412 0.70678734779357921 0.53589746356010448 0.9689110815525056 0.5577777922153474 0.19292803853750232 0.88581016659736644 0.88067796826362621 0.64583334326744091 0.76833632588386547 0.99438202381134044 0.99999997019767772 0.3310502320528031 0.80084761977195751 0.62102213501930248 0.78874963521957409 0.33687943220138555 0.17322261631488803 0.94494947791099559
decision_type=2 2 2 2 2 2 2 2 2 2 2 2 2 2 2 2 2 2 2 2 2 2 2 2 2 2 2 2 2 2 2 2 2 2 2 2 2 2 2 2 2 2 2 2 2 2 2 2 2 2 2 2 2 2 2 2 2 2 2 2 2 2
left_child=1 2 3 16 8 6 -3 21 10 28 13 12 39 14 -2 27 17 -1 30 33 -15 29 23 25 -25 57 50 55 -10 34 -18 -5 -20 -19 35 37 -37 38 44 -12 -6 42 43 -4 -7 -17 48 -48 -28 -50 -24 52 -31 -54 -55 -16 58 -23 -27 -43 -61 -35
right_child=4 5 41 31 40 7 -8 -9 9 -11 11 -13 -14 20 15 45 18 19 32 -21 -22 22 26 24 -26 56 46 -29 -30 51 -32 -33 -34 61 -36 36 -38 -39 -40 -41 -42 59 -44 -45 -46 -47 47 -49 49 -51 -52 -53 53 54 -56 -57 -58 -59 -60 60 -62 -63
leaf_value=-0.021692594772276884 0.016497181322203319 -0.012498669415019406 0.0085433323428330456 -0.03713857597629789 0 0.013465776586814254 0.030505668739111917 0.025238058535067665 -0.0032485817099655668 -0.011534698124594353 0.0026078078965933414 -0.039445437533513976 0.022058702973152763 -0.010562473552801431 0.0011684983804883533 -0.02547814078292459 -0.013285348936972538 -0.0018702890739539511 -0.032705970413688487 -0.0088483652756199856 0.027837107531681064 0.00086683789575740734 -0.00043900402460898862 0.011693565450411374 -0.030036858673265936 0.0085005888300613806 -0.0036570178074736503 0.015769657045612506 0.032673248807477608 0 0.022087030478751993 0.0059746728089702392 0 0.0035435724864135089 0.018179700206871104 -0.033949005312479637 0.0062902565957048883 -0.02103169936405266 0.020328592495534172 -0.025412711428113677 0.032660102019401296 0.026262810441678119 0.020329140400341266 -0.010518006275966331 -0.01399734169140035 0.0083837586899982892 -0.034590699410061647 0.011849149747159199 0.025294797425905794 -0.0041257918508493191 0.026690551501053324 0.003153168779445764 0.032797165720998861 -0.022484995526214586 0.019627211374391908 -0.020477201309579793 0.025408805987040185 -0.027688534854619855 -0.020672633146071803 -0.019836669992033359 0.018992720650197161 0.040032178146995084
leaf_weight=2.1496614117859298 5.4502816439489932 0.62327547434688257 3.1491874493658605 15.327808094487406 1.0084621101996152 0.84900080086662866 3.2072528150310973 1.9060570672154415 0.71587228402495284 0.89537781570106734 1.6580017516389483 0.86266770842485119 1.4039707882329819 0.3243691113384547 6.8178511591395345 2.5068656028597611 0.91664622346434022 1.1068044220301088 3.3702841408885433 1.0946022666321367 3.9080277996108634 1.4447742696938788 1.5642793423976424 0.52159882204432495 5.8247085782786598 2.420758531261527 15.390521131186693 3.6198624194876166 4.3215297074057162 3.4920587957894913 0.91807127337233396 0.23881770973093885 1.7050422755710313 1.4941372014145602 0.93887186508800446 2.2442970374249867 0.88900564279174421 1.402304071227263 3.5320030769871664 1.6939151887781916 9.7806859093252552 1.5948534216731776 1.3217622386291612 11.755331253414623 3.1247605569369625 0.38390425615943957 1.1879482142830955 0.506816180422902 2.14152338769054 1.5267550591379402 2.5094173787656473 16.738900641757937 3.5440859066729899 0.56609866689541366 1.2313900477020068 1.5267649606830671 1.3920119234026058 1.4271564983064307 0.51746102684410278 1.4686820879578593 1.8274882356636224 1.639012084706337
leaf_count=2665 864 320 94 132526 210 356 1000 183 30 77 62 103 227 223 156 693 1585 96 4095 7 431 679 911 176 778 834 1719 985 554 495 246 4 436 528 71 684 21 627 1040 22 2338 40 21 619 2917 45 129 22 105 55 421 916 305 23 103 96 159 333 31 11 72 20
internal_value=0.000691157 -0.00350682 -0.0130298 -0.0228654 0.0125745 0.00241494 0.0215414 0.00117731 0.00663295 0.0199682 0.00332439 -0.011781 -8.68074e-05 0.00726566 0.0029529 -0.00249119 -0.00707683 0.00184874 -0.0162613 0.0138935 0.0226735 0.000213617 -0.00370749 -0.012771 -0.0249377 0 0.00138665 0.00233312 0.0272133 0.0042129 0.00455114 -0.035915 -0.0239541 0.0210962 -0.00330774 -0.00655537 -0.0228046 0.000481149 0.00697078 -0.013219 0.0298612 0.00114689 -0.00252599 -0.00595509 -0.00579792 -0.0189541 -0.00224006 -0.0199751 5.47842e-05 0.0139322 0.0174513 0.00816162 0.0159596 0.0248543 0.00163798 -0.00413136 0.0109726 -0.0157764 0 0.0123713 0.000170213 0.0286667
internal_weight=180.622 133.743 51.0782 29.9609 46.8784 82.6651 3.83053 78.8346 36.0893 5.93278 30.1565 5.61856 4.75589 24.5379 20.3055 14.8552 14.3943 7.48422 6.91004 5.33456 4.2324 76.9285 38.3757 13.5485 6.34631 7.20216 24.8273 11.9645 5.0374 38.5528 1.83472 15.5666 5.07533 4.23995 12.9802 12.0414 3.1333 8.90807 7.50576 3.35192 10.7891 21.1173 16.2263 14.9045 3.97376 2.89077 20.7536 1.69476 19.0588 3.66828 4.0737 25.5725 8.83363 5.34157 1.79749 8.34462 4.33023 2.87193 2.93822 4.89102 3.29617 3.13315
internal_count=165594 158478 143065 142208 7116 15413 1320 14093 4568 661 3907 414 311 3493 2839 1975 9678 3316 6362 651 654 13910 6352 2990 954 2036 3362 1237 584 7558 1831 132530 4531 644 5716 5645 705 4940 4313 84 2548 857 734 713 3273 738 2030 151 1879 160 1332 1842 926 431 126 252 1024 1012 865 123 83 548
is_linear=0
shrinkage=0.04


Tree=149
num_leaves=63
num_cat=0
split_feature=1 18 21 10 18 8 6 0 7 9 18 2 23 21 23 23 10 0 20 2 8 9 9 7 7 18 6 9 10 1 18 11 18 0 1 1 1 10 23 7 11 8 11 20 8 0 11 11 9 5 0 7 10 8 6 9 11 9 8 9 0 6
split_gain=5.41371 11.2397 2.86796 2.25303 2.08833 1.10144 2.33869 0.987634 2.33651 1.825 1.18844 1.78143 1.42273 1.80759 1.18323 1.60487 1.50208 1.20531 1.12511 1.00031 1.31861 1.51922 1.3128 1.03202 1.63934 2.18834 1.08519 0.964679 0.826623 0.731441 0.706377 0.64739 0.730969 0.600677 0.598414 0.597778 0.477846 0.470201 0.451973 0.444371 0.435714 0.435177 0.481654 0.395608 0.340415 0.814504 0.714933 0.636043 0.540824 0.958277 1.13401 0.521609 0.518663 0.477119 0.461641 0.79965 0.31347 0.299833 0.290972 0.797696 0.428653 0.951284
threshold=0.031006857752799991 1.0000000180025095e-35 0.78019323945045482 0.84523808956146251 0.40792746841907507 0.47413024306297308 0.38924963772296911 0.83118847012519848 0.83910790085792553 0.88067796826362621 0.73375529050827037 0.89698815345764171 0.97156333923339855 0.19292803853750232 0.77158385515213024 0.92893216013908397 0.68333333730697643 0.90921679139137279 0.6569296419620515 0.60462343692779552 0.79705882072448742 0.77459675073623668 0.8550420105457307 0.57804551720619213 0.34851622581481939 0.57220077514648449 0.30901856720447546 0.68496242165565502 0.43650794029235845 0.21894425153732303 0.5914268195629121 0.73123827576637279 0.84764185547828685 0.3525752872228623 0.99999997019767772 0.21894425153732303 0.10454145446419717 0.240384615957737 0.32063376903533941 0.85912698507308971 0.54631218314170849 0.71148777008056652 0.78867626190185558 0.84764185547828685 0.8521554470062257 0.65834742784500133 0.6195238232612611 0.88516482710838329 0.8989795744419099 1.0000000180025095e-35 0.63745751976966869 0.30901856720447546 0.58571431040763866 0.64241620898246776 0.63859337568283092 0.84680575132370006 0.98936170339584362 0.94494947791099559 0.92637759447097789 0.91734972596168529 0.78874963521957409 0.7454303801059724
decision_type=2 2 2 2 2 2 2 2 2 2 2 2 2 2 2 2 2 2 2 2 2 2 2 2 2 2 2 2 2 2 2 2 2 2 2 2 2 2 2 2 2 2 2 2 2 2 2 2 2 2 2 2 2 2 2 2 2 2 2 2 2 2
left_child=1 37 3 4 28 6 34 8 18 -9 12 14 13 -11 -12 16 39 -17 29 20 21 23 -22 24 25 -20 31 -21 33 38 -3 32 43 -2 -4 -29 -5 56 -6 -16 -23 -42 -43 -27 45 46 53 51 49 50 -46 -48 57 -39 -49 -56 -1 -47 59 -50 61 -60
right_child=2 30 5 36 7 -7 -8 9 -10 10 11 -13 -14 -15 15 17 -18 -19 19 27 22 40 -24 -25 -26 26 -28 35 -30 -31 -32 -33 -34 -35 -36 -37 -38 44 -40 -41 41 42 -44 -45 48 52 47 54 58 -51 -52 -53 -54 -55 55 -57 -58 -59 60 -61 -62 -63
leaf_value=-0.022046610634781541 0.016790925609668918 -0.037373813076559168 0.029431069883272976 0 0.0035135943280494835 0.034710320194145411 -0.02965431978035395 -0.043521538307211706 0.028271416663955266 -0.017122607169759125 0.013695545811640486 0.020490263578134677 -0.022696004038852205 0.031584844260925969 -0.01265376495427162 -0.02396230510214882 0 0.015742606427680196 0.028351566972698691 -0.015390668496425633 0.007587856477844687 -0.00069576730682553896 -0.028709722420574742 0.020211608022280059 -0.01822445577422703 -0.0041431867809326103 0.016232053509150742 -0.0036029562723381326 0.034688936420416566 0.006131287501123679 0.0035805693461133854 0.0080917743317922963 0.0041830978674187135 -0.0096603525515566689 -0.0026696642596366633 0.03048356472446629 0.028486243965752861 0.026857967980004376 -0.030595471257323169 -0.069406363570364754 0.031181427568502382 0.017520090118839964 -0.0086140650967597102 -0.021905785240325597 0.0091562170148614848 -0.012994343776555249 0.0078374948903746546 -0.014770749225685737 0.008133332020071141 0.0091273440957674746 -0.028586370825929696 -0.026069189247777295 0.029894912607909312 -0.0026068172062761186 0.01872377568914204 -0.014641673326105798 0.0032045281117312279 0.012819711196153017 -0.00076979782459361953 -0.020106502881719491 0.00021299792864232071 0.022782659410290482
leaf_weight=1.3810933558270324 1.9371461742775857 15.339389873661272 2.6367688435129808 1.1110154300695274 0.27845351365976956 6.8391273475717753 1.0046448414213953 1.1293515217694192 4.1239855426101704 0.83499349770136166 0.65334530128166068 1.2295365927275268 0.65432242635870341 3.4957511990796775 1.0852807483170188 1.1907918909564617 0.9746166206896304 1.7359583061188457 3.1983197635272615 0.33539338619448145 1.6816894329967897 1.1121006784960616 3.6122063729562797 2.2372532656299873 7.713819591124774 4.4579773675650411 2.6731646909029214 0.53360722679644856 3.119242624292383 0.85018982275505539 0.34522023249883282 2.4710785732604554 3.055940663907676 1.5031848546204853 0.75060802558436979 3.215889290207997 5.9767118566669524 1.1849075703648835 2.6904685969566344 1.1055469072889534 3.0702672460611211 1.235624322187505 1.1872307677986098 6.1720000128261745 1.0272250675188832 0.61504206559038666 0.24240091023966703 0.70766158099286247 2.016883292264537 1.9458994828164575 3.5335334904957563 2.0355269149004016 2.1045234075281769 0.83315375732490782 2.7626288899627984 0.67045578980469134 0.4744144822761881 0.26184749789535999 5.5891160592436773 2.3695040043676272 34.923317674547434 3.7695885486900806
leaf_count=3333 625 145234 158 15 6 1512 24 37 512 39 89 229 26 293 64 41 73 75 87 18 69 44 134 111 325 61 60 6 375 70 35 44 67 1981 42 384 1056 65 4892 85 85 54 75 106 42 219 3 188 64 15 143 895 34 232 311 100 218 2 78 70 239 25
internal_value=0.000690346 -0.00663029 0.00722534 0.00446241 0.00225266 0.0254279 0.00647514 3.77268e-05 0.00250482 -0.00900378 -0.00280727 -0.012058 0.0108656 0.019993 -0.0203866 -0.0260213 -0.0420419 -0.00138163 0 0.00177181 -8.20655e-05 0.00253592 -0.0171701 -0.00113375 -0.00347472 0.00208367 -0.00338097 0.0185721 0.0222272 -0.0184838 -0.0360721 -0.00761603 -0.0110824 0.00475995 0.022419 0.0250531 0.0246061 0.00048078 -0.0263093 -0.0553226 0.0186417 0.0226769 0.00477011 -0.0157973 0.00120071 0.00718912 0 -0.00655474 -7.32661e-05 -0.010144 -0.0192484 -0.0199505 0.0221026 0.0165349 0.00248386 0.00947249 -0.0153284 -0.000431507 0.00136972 -0.00727976 0.00245668 0.00961429
internal_weight=179.008 84.1333 94.8746 83.6435 76.5557 11.2311 4.39202 69.9962 55.9067 14.0895 12.9601 7.97508 4.98507 4.33074 6.74554 6.09219 3.16544 2.92675 51.7827 47.9636 43.8787 38.5848 5.2939 31.9796 29.7423 22.0285 18.8302 4.08489 6.55957 3.81911 15.6846 16.157 13.6859 3.44033 3.38738 3.7495 7.08773 68.4487 2.96892 2.19083 6.60522 5.49312 2.42286 10.63 66.5932 11.4181 8.43674 6.41867 55.1751 6.50666 4.56076 2.27793 2.98141 2.01806 4.14075 3.43308 1.85551 0.87689 48.6684 4.38639 44.282 9.3587
internal_count=165594 151545 14049 12313 11242 1736 224 8261 7210 1051 1014 656 358 332 427 338 222 116 6698 1730 1322 1119 203 861 750 425 338 408 2981 4968 145269 278 234 2606 200 390 1071 6276 4898 149 258 214 129 167 2725 2049 1794 1497 676 200 185 898 255 297 599 411 3551 221 476 134 342 103
is_linear=0
shrinkage=0.04


Tree=150
num_leaves=63
num_cat=0
split_feature=28 10 20 18 2 31 10 10 11 11 21 23 21 8 21 9 8 2 18 24 31 2 2 7 2 7 20 9 10 9 7 9 2 2 8 11 9 20 7 21 21 18 9 11 18 7 9 18 2 11 7 10 18 2 7 2 2 10 7 10 21 21
split_gain=5.11528 3.89034 4.99282 3.99826 3.7893 1.46409 1.59065 1.42276 1.39586 1.31048 1.24711 1.70066 1.10471 1.05453 1.02385 1.00134 1.23528 0.926603 0.923687 0.872109 0.843755 1.38051 0.813878 0.796614 0.864768 0.772831 0.765575 0.706456 0.706359 0.696778 0.695651 0.689159 0.679577 0.650515 1.13671 0.648524 0.611698 0.732742 0.927193 0.609927 0.652442 0.598906 0.80145 0.516483 0.512233 0.533101 0.469291 0.458824 0.446786 0.723215 1.09514 0.456005 0.443506 0.428349 0.65811 1.04847 0.602627 0.573896 0.424127 0.420206 0.418112 1.29218
threshold=1.0000000180025095e-35 0.43650794029235845 0.6253834366798402 1.0000000180025095e-35 0.50553902983665477 1.0000000180025095e-35 0.86607143282890331 0.080128207802772536 0.94519516825675975 0.34654632210731512 0.73030304908752453 0.84136661887168895 0.070197045803070082 0.17267081141471866 0.3514705896377564 0.82972848415374767 0.88067796826362621 0.69999995827674877 1.0000000180025095e-35 2.5000000000000004 1.0000000180025095e-35 0.42669336497783666 0.62731361389160167 0.78830561041831981 0.89698815345764171 0.96824595332145702 0.84764185547828685 0.93063354492187511 0.30384616553783422 0.94494947791099559 0.72046512365341198 0.99230769276618969 0.1600352078676224 0.2993582040071488 0.31311275064945226 0.65881377458572399 0.63914892077445995 0.6926884949207307 0.58578637242317211 0.3514705896377564 0.32738095521926885 0.90731194615364086 0.45534290373325353 0.97100839018821727 0.65240275859832775 0.35388994216918951 0.94494947791099559 0.73375529050827037 0.45086249709129339 0.61620295047760021 0.81284341216087352 0.58571431040763866 0.65240275859832775 0.69999995827674877 0.75716626644134533 0.56336912512779247 0.55470266938209545 0.73214286565780651 0.92940199375152599 0.58571431040763866 0.36602871119976049 0.45227272808551794
decision_type=2 2 2 2 2 2 2 2 2 2 2 2 2 2 2 2 2 2 2 2 2 2 2 2 2 2 2 2 2 2 2 2 2 2 2 2 2 2 2 2 2 2 2 2 2 2 2 2 2 2 2 2 2 2 2 2 2 2 2 2 2 2
left_child=1 2 3 20 13 6 10 9 22 -4 11 14 18 32 15 -3 30 47 48 26 21 -1 28 36 -25 35 44 -18 -9 -22 -17 -29 -2 34 60 -23 -14 -38 -39 40 -6 42 -28 -32 45 -15 -37 -13 51 -50 -51 -7 -5 54 55 56 59 -56 -52 -33 -11 -62
right_child=4 5 7 52 39 12 -8 8 -10 33 -12 17 23 19 -16 16 27 -19 -20 -21 29 25 -24 24 -26 -27 41 31 -30 -31 43 53 -34 -35 -36 46 37 38 -40 -41 -42 -43 -44 -45 -46 -47 -48 -49 49 50 58 -53 -54 -55 57 -57 -58 -59 -60 -61 61 -63
leaf_value=-0.019945591675108169 0 -0.025223084666706305 -0.015867495171288756 -0.037410000833996308 0.016053344558037832 0.023150220741570676 0.014327761412968192 -0.033904214325660424 0.013961549931604665 0.022126885927691485 0.022002448717676499 -0.013251595540085061 0.025479131934252025 0.0033447713989070418 0.019621030513841949 -0.0054145655334269169 -0.025663109244482406 -0.028764030716376551 -0.021062444773230243 -0.023677235474671238 -0.0025684049089017571 -0.0017095493413189203 0.0081690396466261184 0.031684437746606391 -0.0054562550679677271 -0.0086085831221746865 0 0.015858016267752198 -0.0073472174143885396 -0.031750170886475346 0.032391321389957511 -0.0098516024240138597 0.028308130683359762 0.024444047601279221 -0.013826175936190031 0.0038770252796631204 -0.020601816526814955 -0.012539330646794862 0.019583933000854665 0.033461252694942767 -0.016437909856943975 -0.0048037192902895681 0.027722013305463547 -0.0030414376043441205 0.0030118410721302587 -0.023438392894174771 0.039129681719638675 0.013901417575804669 -0.007920848362607643 0.022599333376427472 -0.0078207785900796384 0 0.0019104880281817793 0.001885662428898507 -0.023190270044528335 0.027205405976547376 -0.027488946178158478 0.0040376887835308498 0.0056347813767845516 0.015645622980552845 -0.016398034809403276 0.015834051774882826
leaf_weight=1.7619292143790533 1.7504604710266018 2.399295195573365 2.3238028459600235 14.280120321935097 2.1470333022880363 2.9603084448026555 6.4141157350677522 3.2532166136807046 2.0494113320601164 3.305486249795651 1.3968415805138636 0.87598951752442911 0.75255682302667803 1.0744126610152327 2.0202210443094364 0.9175139202416206 1.5778704323965964 6.4935366445643012 1.2736452003737202 1.5311485392739985 3.6404729401110671 1.0983495318505445 1.0188703350722788 5.4803210436948575 0.66553989797830571 1.0869651585817335 2.6898026317358017 1.7354585021894315 4.5416935246466892 1.6673457149881867 2.0661588846705858 1.0707251398343935 2.6088020498864353 3.8507203867775379 2.5988484856206915 1.4631180025171491 1.2057142485355141 1.4090875620022418 2.5158959915861487 11.45656476379372 0.41963725700043131 2.3326880778186023 2.9044595141895115 0.38679429026524292 3.3591019427403808 2.7005550730609684 1.6352208865573628 1.0942233144305644 6.488792258314791 4.0827760810498157 4.8052790286019436 2.1852115832734853 0.17753515776712525 6.1174647374864444 4.7987859412751277 0.79381453798850987 0.73700788697169617 0.94022168617084378 9.3560446351766586 0.98477560735045688 2.1039082177449018 4.4277301183901727
leaf_count=2235 66 1859 38 137488 229 81 395 547 124 66 135 2344 38 74 89 834 235 212 6638 24 2683 82 35 589 71 6 22 97 204 73 462 111 243 128 134 411 713 29 88 3199 55 41 95 90 39 1129 19 35 35 67 48 80 11 143 201 68 23 39 82 44 30 89
internal_value=0.000682112 -0.00268402 -0.0107783 -0.0229392 0.0141816 0.00263035 -0.00251897 0.000542541 -0.0102714 0.00726063 -0.00589763 -0.00770198 0.00776867 0.0028327 -0.0022528 -0.00490935 -0.00153827 -0.0223264 0.00339427 -0.00182814 -0.00513605 0.0034831 -0.0171622 0.0176602 0.026902 0.0138633 0.00147996 -0.00588635 -0.0214804 -0.0159496 0.0175534 -0.00253794 0.01835 0.011519 0.00569766 0.0209898 0.00491899 -0.00110836 0.00703489 0.029554 0.00650033 0.00968275 0.0161423 0.0263829 -0.00721259 -0.0158737 0.0284664 8.5118e-05 0.00521468 0.0025066 0.00664201 0.0150547 -0.036576 -0.00568725 -0.010744 0.00168022 -0.00978124 -0.0181987 0.000590466 0.00217741 0.0120246 0.00412194
internal_weight=177.261 142.287 56.2847 26.8111 34.9747 86.002 42.8208 29.4737 10.8632 18.6105 36.4067 35.0099 43.1812 20.9514 26.5461 24.5259 22.1266 8.46375 31.1521 16.5922 12.3534 7.04558 8.81378 12.0291 6.14586 5.28365 15.061 18.7561 7.79491 5.30782 3.37047 17.1783 4.35926 16.2867 12.436 4.19669 5.88325 5.1307 3.92498 14.0232 2.56667 7.92695 5.59426 2.45295 7.13407 3.77497 3.09834 1.97021 29.8784 24.7329 18.2441 5.14552 14.4577 15.4428 9.32533 3.58632 2.79251 5.73901 14.1613 2.0555 9.83712 6.53164
internal_count=165594 160378 144403 143008 5216 15975 7416 1395 910 485 7021 6886 8559 1733 4295 4206 2347 2591 7031 1424 5509 2753 786 1528 660 518 1400 961 751 2756 1386 726 309 447 319 512 868 830 117 3483 284 158 117 552 1242 1203 430 2379 393 232 197 161 137499 629 486 246 178 240 130 155 185 119
is_linear=0
shrinkage=0.04


Tree=151
num_leaves=63
num_cat=0
split_feature=28 10 20 18 10 0 30 10 0 6 10 11 11 7 0 20 21 7 18 21 21 9 18 8 21 1 23 31 0 1 1 8 6 10 20 10 6 9 10 11 8 1 11 7 9 7 9 9 6 0 20 9 18 6 7 9 0 7 0 10 6 6
split_gain=4.81472 3.68449 4.77224 3.91503 3.49071 1.47791 1.36557 1.48756 1.66284 2.23793 1.33329 1.32478 1.2409 1.23996 1.4038 1.17855 1.17719 1.94135 1.10991 1.05689 0.955586 1.39909 0.88723 0.88081 0.862596 0.851945 0.843395 0.805278 1.31846 0.766011 1.01196 0.780916 0.73858 0.737737 0.734783 0.726456 1.08182 0.67513 0.638967 0.620214 0.619308 0.9628 0.618334 0.587668 0.558995 0.500016 0.535636 0.485152 1.51512 0.472876 0.454649 0.443339 0.440821 0.428544 1.1833 0.647243 1.02189 0.422131 0.414397 1.84353 1.4679 1.39653
threshold=1.0000000180025095e-35 0.43650794029235845 0.6253834366798402 1.0000000180025095e-35 0.52777779102325451 0.87729144096374523 1.0000000180025095e-35 0.86607143282890331 0.78874963521957409 0.70320320129394542 0.080128207802772536 0.94519516825675975 0.34654632210731512 0.75716626644134533 1.000000059604645 0.91458967328071605 0.48529411852359777 0.63859337568283092 0.94836473464965831 0.070197045803070082 0.45227272808551794 0.48074074089527136 1.0000000180025095e-35 0.47690120339393621 0.73030304908752453 0.43283110857009893 0.88261792063713085 1.0000000180025095e-35 0.60961154103279125 0.66275858879089367 0.75846338272094738 0.82097071409225475 0.96824595332145702 0.30384616553783422 0.6926884949207307 0.58571431040763866 0.86526826024055492 0.94494947791099559 0.68333333730697643 0.65881377458572399 0.49675324559211737 0.29179082810878759 0.96490147709846508 0.28801843523979193 0.82972848415374767 0.81530213356018078 0.78319624066352855 0.71209660172462474 0.2152509689331055 0.39328017830848699 0.50112107396125805 0.94494947791099559 0.65240275859832775 0.70926907658576976 0.76253134012222301 0.94826048612594616 0.99999997019767772 0.78319624066352855 0.90921679139137279 0.64583334326744091 0.99438202381134044 0.94201681017875682
decision_type=2 2 2 2 2 2 2 2 2 2 2 2 2 2 2 2 2 2 2 2 2 2 2 2 2 2 2 2 2 2 2 2 2 2 2 2 2 2 2 2 2 2 2 2 2 2 2 2 2 2 2 2 2 2 2 2 2 2 2 2 2 2
left_child=1 2 3 27 5 15 19 8 16 -10 12 33 -4 -11 24 20 17 -8 -17 22 34 -22 53 43 58 -23 -7 28 -1 31 -31 40 39 57 -2 36 -19 -29 42 -30 -21 -42 44 -20 -37 46 49 48 -14 -35 -6 -41 -5 -3 -55 -56 -57 -12 61 60 -60 -15
right_child=4 6 10 52 50 26 7 -9 9 13 11 -13 47 14 -16 18 -18 35 23 29 21 25 -24 -25 -26 -27 -28 37 32 30 -32 -33 -34 45 -36 38 -38 -39 -40 51 41 -43 -44 -45 -46 -47 -48 -49 -50 -51 -52 -53 -54 54 55 56 -58 -59 59 -61 -62 -63
leaf_value=-0.019655483988250958 -0.006062262286312247 0.012308287750303029 -0.015465932039123161 -0.037303517927065898 0 -0.047027781309779304 -0.026623609518956128 0.013959379653419484 -0.045705327572139541 0.019501226941653241 -0.032258450003988449 0.013632713059402691 0.016232871157394656 -0.030087042770683015 0.014725926286610878 0.02492777573405788 0.028030413650171285 -0.015562572318928094 0.0025124419348119763 0.025920118173159274 -0.025750485040120383 -0.015637317322504549 -0.0208306565547485 0.018600686432552218 0.01470174918284621 0.021649491978579571 0.005668577216401658 -0.0024905117040794791 -0.0016750648695311758 -0.026518974687049873 0.016127408442113536 0.028150067300040264 -0.0084455406592610534 -0.023679241235501376 0.01605886140039671 -0.00079001113583210324 0.021414814958759222 -0.031321201425896374 -0.010644712128325944 0.0037914152681425895 -0.017880789257259732 0.018041311335975776 -0.0034457058533566508 -0.028793919670181477 0.035843546301524615 -0.021164481521669845 0.012604879470530688 0.022972010598197042 -0.010176777809665603 0.005473654198510247 0.034913730644077379 0.038174550616208953 0.0018991787683335065 -0.015663320890286679 -0.0062535268466757709 0.019696123383425232 -0.00089078983515353694 0.0020336451351073239 0 0.0010492712983570791 -0.048129181774431498 0.014592934729194589
leaf_weight=1.7330389481066975 2.8710390895648796 8.3270038395421633 2.314920356962836 13.761371078871885 0.48248591199808188 0.33128450973890622 2.2886891992238798 6.3477995422144877 1.8087563026128943 1.5761586119842856 3.2831317995660343 2.0392223175149402 7.8862086655572075 5.7571982124136509 2.3007742837435208 7.1747731207869929 1.9996622828766693 2.6617586744177975 1.1799572063609964 0.39808169379830216 3.3672022046521297 0.55222942237742279 1.2479532234356145 1.0297955751884726 0.72317013703286548 1.6879007676616309 0.28041898529045284 3.6355371017707512 1.0967424850387031 0.70916294725611695 0.82106755161657929 6.8580969514005119 1.083016976714134 0.82716075287316904 5.3159124087542295 0.50937119983427814 0.91014164758962568 1.6368882635142652 0.2548357301056966 1.4653679614420982 2.1883301310590473 0.87763366103172291 0.61531823245604744 0.97986601153388608 2.6190703130559996 1.0075469579314811 2.5103087634779513 3.6083241105661719 4.6625830949342344 0.82718231825856492 9.202150518394772 1.6341291528660802 0.17740612593479532 3.9117897949181524 3.9284439857583502 7.3048080839216709 6.3916552066802979 0.28663375857286144 1.5498162003423195 8.4442810457476281 1.751908528705826 0.58994892655755382
leaf_count=2237 1199 137 38 137488 78 64 2137 395 123 175 534 124 139 647 46 633 99 1611 75 3 47 17 6638 221 81 152 78 2683 82 47 74 832 6 40 164 338 94 73 55 409 553 19 205 14 870 25 118 123 185 48 2474 19 11 73 80 54 49 21 75 325 120 20
internal_value=0.000668647 -0.0026007 -0.0105509 -0.022608 0.0138703 0.00520267 0.00256356 -0.00241071 -0.00567278 -0.011528 0.000515386 -0.00998404 0.00704682 -0.00682107 -0.00975949 0.00752917 0.00606964 -0.000187234 0.0170712 0.00754161 -3.91695e-05 -0.0118866 0.00327626 -0.00137853 -0.0135473 0.00923388 -0.0318602 -0.00504753 0.00337985 0.0173006 -0.00472532 0.0210481 0.0135047 -0.0167376 0.00805045 0.00951212 -0.00264246 -0.0156455 0.0195264 0.0204748 0.00293535 -0.00470611 0.0242344 -0.0150423 0.0301634 -0.00445645 0.00212649 0.0112189 0.0060981 -0.0110251 0.0331035 0.0277849 -0.0364431 0.00505553 0.00165211 0.00634462 0.0104099 -0.0287872 -0.0155968 -0.00923348 -0.0305923 -0.0239688
internal_weight=175.604 141.149 55.4767 26.2235 34.455 24.7704 85.6727 42.7087 36.3609 24.502 29.2532 10.7812 18.472 22.6933 21.1171 24.1587 11.8588 9.85918 10.3644 42.964 13.7943 5.60733 31.1117 3.18962 18.8163 2.24013 0.611703 12.2847 7.0123 11.8524 1.53023 10.3221 5.27926 8.74196 8.18695 7.5705 3.5719 5.27243 3.9986 4.19624 3.46405 3.06596 3.74376 2.15982 3.12844 5.1722 4.16465 16.1571 12.5488 1.65434 9.68464 3.0995 13.9388 29.8637 21.5367 17.6249 13.6965 3.56977 18.0932 11.746 3.30172 6.34715
internal_count=165594 160378 144403 143008 5216 2664 15975 7416 7021 1612 1395 910 485 1489 1314 2522 5409 5310 943 8559 1579 216 7031 310 1268 169 142 5509 2753 1528 121 1407 516 786 1363 3173 1705 2756 1468 510 575 572 1413 89 1208 231 206 447 324 88 2552 428 137499 393 256 183 103 555 1187 520 195 667
is_linear=0
shrinkage=0.04


Tree=152
num_leaves=63
num_cat=0
split_feature=21 10 20 18 28 8 9 18 23 20 23 1 2 21 23 1 10 18 23 1 6 23 9 23 21 23 31 0 11 6 6 19 21 9 19 19 11 11 2 18 8 9 9 0 9 9 9 20 9 7 2 30 10 7 11 1 11 11 9 1 1 9
split_gain=4.58573 3.41112 5.58606 3.83479 2.32749 1.83987 1.814 1.76944 2.6829 1.51008 1.5051 2.07707 1.41145 1.36684 1.22067 1.19233 1.03427 0.986322 1.08052 0.984675 1.94496 1.03909 0.954495 1.05675 0.928277 0.79487 0.768588 1.25845 0.742618 1.15627 0.705704 0.702452 0.822625 0.654223 0.647942 0.599608 0.593017 0.540869 0.516465 0.503835 0.468042 0.718816 0.552419 0.569061 0.432098 0.419936 0.405986 0.386436 0.368566 0.54745 0.532942 0.361769 0.43251 0.349821 0.412904 0.333502 0.327914 1.08206 0.315499 0.481641 0.351198 0.313801
threshold=0.73030304908752453 0.43650794029235845 0.60326328873634349 1.0000000180025095e-35 1.0000000180025095e-35 0.51222422719001781 0.33687943220138555 0.84764185547828685 0.93090185523033153 0.7353600561618806 0.69582608342170726 0.031006857752799991 0.11427757143974306 0.54772728681564342 0.99576270580291759 0.29179082810878759 0.5634920895099641 0.84764185547828685 0.96441236138343822 0.48549756407737737 0.41223156452178961 0.62012657523155224 0.81016731262207042 0.94609123468399059 0.59411767125129711 0.93563184142112743 1.0000000180025095e-35 0.60961154103279125 0.77459675073623668 0.6291005313396455 0.96824595332145702 0.80608585476875316 0.53589746356010448 0.94494947791099559 0.64174234867095958 0.64174234867095958 0.65881377458572399 0.6900656819343568 0.46851472556591039 1.0000000180025095e-35 0.87026646733284008 0.8989795744419099 0.87841832637786876 0.63326683640480053 0.80229884386062633 0.94494947791099559 0.92718276381492626 0.50112107396125805 0.90521115064620983 0.47413024306297308 0.26769448816776281 1.0000000180025095e-35 0.58571431040763866 0.34330357611179357 0.98936170339584362 0.21894425153732303 0.61620295047760021 0.855400711297989 0.12132352963089944 0.29179082810878759 0.19251272827386859 0.88273492455482494
decision_type=2 2 2 2 2 2 2 2 2 2 2 2 2 2 2 2 2 2 2 2 2 2 2 2 2 2 2 2 2 2 2 2 2 2 2 2 2 2 2 2 2 2 2 2 2 2 2 2 2 2 2 2 2 2 2 2 2 2 2 2 2 2
left_child=1 2 3 26 7 6 -2 9 13 10 11 39 15 -9 -10 -4 28 19 -19 21 31 35 -11 38 25 58 27 -1 29 -6 36 32 -21 46 55 48 -29 -13 -24 40 42 44 43 -3 -42 -38 53 -18 49 50 -14 56 -53 -28 -55 -12 -43 -58 -23 60 -60 -62
right_child=5 4 12 -5 16 -7 -8 8 14 22 34 37 17 -15 -16 -17 47 18 -20 20 -22 24 23 -25 -26 -27 33 30 -30 -31 -32 -33 -34 -35 -36 -37 45 -39 -40 -41 41 51 -44 -45 -46 -47 -48 -49 -50 -51 -52 52 -54 54 -56 -57 57 -59 59 -61 61 -63
leaf_value=-0.01936298769427066 0.026682661506336462 0.0027551242970892094 0.032096332101864057 -0.036290820299516177 0.013229122502700301 0.034917393874332465 -0.012893949425982668 0 0.023524010723219003 -0.0022645816998886777 -0.027403351998035327 -0.00071309563224541874 -0.010266859950950495 -0.050918376283173673 -0.014442567103543427 -0.00207804269779302 0 0.022316923631780804 -0.0067339000252261815 0.015523553594056135 0.029049481925619309 0 0 -0.0027258477478451478 0.012712701044139922 0.0032291667295380748 0.0084961204631626742 -0.0016412738637826742 0.017226532591233412 -0.034704127479051661 -0.0082856773325552784 -0.016406111986350277 -0.0095819412261117561 -0.030899686811272958 0.0019577783262497372 0.02056756599857135 0.0036969675725870266 0.036218933362897117 0.033020364131531713 -0.018567364302143122 0 -0.0015873464857813094 -0.0066430389894132046 0.026125105921117494 -0.020529942087506838 0.037251486938039952 0.012748577792271518 0.032247809586700836 0.0089018848136764271 -0.020782262732236573 0.01733500593752885 -0.010352671946270826 0.0017825300339057296 -0.023683528756437464 0.0027857632074899169 0 0.021732927472981067 0.00014424198292534255 -0.022712855539074508 -0.035910648242905623 -0.010158418738218607 0.0093689931278397639
leaf_weight=1.7045359821349864 2.1608345694839937 4.3026693110587058 2.9253847356885663 13.499910884202107 0.5892223995760999 7.2196743562817574 3.4199924359563738 1.0063389763236039 1.9731678771786392 2.6541419364511949 3.6152296685977481 0.47272341509233173 1.3257880590244959 2.2472859332337976 1.4672451778315008 2.2506055869162083 0.48248591199808277 3.9963710270822039 2.5674664084799588 3.2008752163965237 2.5587355119641861 0.50066088885068438 0.70766578335314978 1.600067122839391 0.70494982460513789 1.4618901636786183 0.37420673412270922 1.0951697982090989 1.0972695091186322 0.77496372495079413 1.0791290700435636 3.8868305142968893 3.057854300364852 1.6070952271693384 1.7427800169680265 1.0291424376191569 1.4681814853393009 2.5796505054095178 5.6437392816878855 1.0103589838254254 2.1399711470585308 6.4011659249663362 1.6884559739846734 2.7389919140841812 3.0030616896110587 1.6324483600910751 0.80870471725938831 5.8506465018726885 1.4037008490413425 2.1660862827266101 1.0896356676967114 5.6673596771433976 14.052314783446489 1.6561882659443656 0.79166273327427905 0.84723156876862038 5.1393935084342948 10.410028469283134 1.926593708449216 4.1519507867051288 2.0935819415608425 1.2045601664867716
leaf_count=2237 203 244 66 138294 43 1751 84 56 80 64 9063 81 71 77 33 38 78 143 68 53 175 5 18 83 18 180 98 82 222 80 6 57 44 73 42 20 409 261 416 4685 42 30 70 58 54 19 30 1432 52 345 52 37 104 2359 196 19 29 99 484 140 116 26
internal_value=0.000631808 -0.00123261 -0.00789778 -0.0223003 0.00377526 0.0227787 0.00354793 0.00153092 -0.0167026 0.00337493 0.000949442 0.00304625 0.00083635 -0.0382774 0.00682537 0.0186586 0.0222547 -0.00188207 0.0110368 -0.00492926 0.00332275 -0.0105208 0.0167026 0.0230262 -0.0172269 -0.0202918 -0.00496224 0.00327763 0 -0.0154702 0.013151 -0.00483094 0.00307635 -0.0153484 -0.0162643 0.00120769 0.0199678 0.0307476 0.0295462 0.000973363 0.00172165 0 0.00970508 0.0144611 -0.0127322 0.0271147 -0.00241492 0.0297856 -0.00401644 -0.00957682 0.00244342 0.00190134 -0.00184336 -0.0100054 -0.0156378 -0.0231686 0.00537348 0.00840348 -0.0241176 -0.0256587 -0.012409 -0.00157542
internal_weight=173.926 161.126 69.2199 25.7172 91.9056 12.8005 5.58083 83.111 6.69404 76.417 65.8114 59.6061 43.5027 3.25362 3.44041 5.17599 8.79459 38.3267 6.56384 31.7628 12.7043 19.0585 10.6056 7.95147 12.0442 11.3392 12.2173 6.97946 2.46146 1.36419 5.27493 10.1456 6.25873 5.23786 6.20524 7.01435 4.1958 3.05237 6.35141 56.5538 55.5434 46.8133 8.73012 7.04166 5.14303 3.10063 3.63076 6.33313 5.98521 4.58151 2.41542 41.6703 19.7197 2.82206 2.44785 4.46246 21.9506 15.5494 9.87735 9.37669 5.22474 3.29814
internal_count=165594 163556 145956 143803 17600 2038 287 15745 246 15499 14918 5794 2153 133 113 104 1855 2049 211 1838 329 1509 581 517 969 951 5509 2753 345 123 516 154 97 2756 9124 540 510 342 434 5452 767 395 372 302 96 428 2683 1510 520 468 123 299 141 2653 2555 9082 158 128 771 766 626 142
is_linear=0
shrinkage=0.04


Tree=153
num_leaves=63
num_cat=0
split_feature=21 10 20 18 28 8 6 18 23 20 23 1 2 21 23 1 10 1 6 10 7 10 21 7 0 23 7 31 0 6 19 8 1 6 6 18 2 6 2 23 1 23 7 20 7 2 2 0 7 0 1 6 2 7 10 6 6 8 7 7 21 2
split_gain=4.36703 3.18888 5.35021 3.75195 2.2252 1.79978 1.68243 1.65864 2.4739 1.42817 1.41641 1.96822 1.33479 1.24382 1.1698 1.15108 1.00013 0.92754 0.912112 1.96192 1.51244 0.941032 1.57452 1.32703 1.46045 0.815562 0.787294 0.730417 1.20131 0.67443 0.618385 0.597331 0.552879 0.503701 0.610601 0.48668 0.481729 0.446801 0.446275 0.429732 0.427989 0.758173 0.830924 0.37948 0.366964 0.361542 0.367924 0.320433 0.491086 0.338377 0.318694 0.318439 0.314435 0.253549 0.536744 0.249858 0.397123 0.386171 0.243792 0.274027 0.231112 0.228882
threshold=0.73030304908752453 0.43650794029235845 0.60326328873634349 1.0000000180025095e-35 1.0000000180025095e-35 0.51222422719001781 0.38924963772296911 0.84764185547828685 0.93090185523033153 0.7353600561618806 0.69582608342170726 0.031006857752799991 0.11427757143974306 0.54772728681564342 0.99576270580291759 0.29179082810878759 0.5634920895099641 0.78118014335632335 0.47140522301197058 0.095454547554254546 0.270728349685669 0.30384616553783422 0.40588235855102545 0.62801122665405285 0.55387207865715038 0.72509542107582103 0.067816093564033522 1.0000000180025095e-35 0.60961154103279125 0.96824595332145702 0.64174234867095958 0.95553359389305126 0.29179082810878759 0.6291005313396455 0.86391696333885204 1.0000000180025095e-35 0.48888546228408819 0.270728349685669 0.46114827692508703 0.91163456439971935 0.45897600054740911 0.94609123468399059 0.83910790085792553 0.50112107396125805 0.60495716333389293 0.62731361389160167 0.32195149362087255 0.63326683640480053 0.84680575132370006 0.51405227184295665 0.21894425153732303 0.68457102775573742 0.2993582040071488 0.78830561041831981 0.58571431040763866 0.78086888790130626 0.64051282405853283 0.90521115064620983 0.92770034074783336 0.34330357611179357 0.7947368621826173 0.52799281477928173
decision_type=2 2 2 2 2 2 2 2 2 2 2 2 2 2 2 2 2 2 2 2 2 2 2 2 2 2 2 2 2 2 2 2 2 2 2 2 2 2 2 2 2 2 2 2 2 2 2 2 2 2 2 2 2 2 2 2 2 2 2 2 2 2
left_child=1 2 3 27 7 6 60 9 13 10 11 35 15 -9 -10 -4 33 18 20 32 25 39 23 36 -25 -14 -27 28 -1 55 50 58 -20 -6 -35 38 -23 -19 47 45 41 42 -11 -18 -41 46 -21 48 49 -3 -12 -51 -22 54 -13 56 -30 -57 59 -29 -2 -40
right_child=5 4 12 -5 16 -7 -8 8 14 40 30 53 17 -15 -16 -17 43 37 19 21 52 22 -24 24 -26 26 -28 31 29 -31 -32 -33 -34 34 -36 -37 -38 -39 61 44 -42 -43 -44 -45 -46 -47 -48 -49 -50 51 -52 -53 -54 -55 -56 57 -58 -59 -60 -61 -62 -63
leaf_value=-0.019072853818499019 0 0.0062492586754333748 0.031645537661887553 -0.036137470913828684 0.016264646604833458 0.034743380141819651 -0.022079250073903739 0 0.023175725938229415 0 -0.02681063131283935 0.019983290968384512 0.015435022602461988 -0.048322795284075751 -0.014029254635934496 -0.0020208751797086612 0 -0.00017240881757266875 0.0013636496702224929 0 -0.0279809599461684 -0.0045423591721427464 0.026997028045226839 0.008946940383042383 -0.036293229951544638 -0.020782606675047593 0.0014800048376386317 0.0083572023279169811 0.014069193528908674 -0.0081289286300526686 0.001909139236014087 -0.030289108653962931 0.029769110829652914 -0.022983069026475046 0.010640132687508939 -0.018360430799523403 0.024114041488963806 0.026496613489469183 -0.0063896455798624673 -0.013041457173729967 0.027767214728000394 -0.01292807327684313 0.028054355294011436 0.03194716494182958 0.014125684904996475 0.0021982372005166883 -0.031918932877883922 0.022067367985939092 0.020687082109312291 0.00021431399616021231 0 -0.020785102440248737 -0.0015866208252628927 0.038238999219134324 -0.011988286369364495 0 -0.012495183049132828 0.032197632964962718 0.011379937103294744 -0.012281870408691194 0.021167478214921855 0.0012130791107011025
leaf_weight=1.6770190478855527 0.77760285278782104 3.1569942928617802 2.8638714618282384 13.028675912588367 0.79528756743820705 6.9755444643087685 1.6464885575696824 1.0063389763236039 1.9384429310448468 3.674108397215603 3.5703757827577638 0.79603575114742786 2.6415178654424407 2.3253498789854348 1.4792657932266593 2.2500026770867407 0.48248591199808277 1.1580238938331597 2.0529109418566831 0.68369118448026611 5.1009198132378506 0.87592600766220119 1.9381584199145434 1.0733063924199089 2.2261472917889478 2.9000439606606943 6.1371048995351885 0.37644270682358261 1.0217747505230361 1.0753010958433149 1.7412027503596617 1.5291346969897857 3.1180219752714038 1.1555470742023315 0.49588805141684122 0.99250919227779277 1.0936889029399024 1.5672187888994811 6.4800965051981612 0.4718142759738837 3.1118523157201707 1.168858212418854 2.4903613496571779 5.6823034368135268 0.68902785729733296 0.34838607744313765 2.7089799799578032 1.6085728937759993 1.0756450835615394 1.754771057981998 0.84723156876862038 1.0814930984051896 1.3377875706719349 1.7031761892139909 0.5319027645746246 0.73412061473936807 0.56549748638644803 1.8734101294539867 0.39171046577393998 2.8744549513940001 3.1313800564967096 40.328171948669478
leaf_count=2237 38 115 66 138294 71 1751 51 56 80 81 9063 119 71 77 33 38 78 44 100 100 276 104 126 54 104 51 77 99 90 6 42 68 159 141 133 4685 18 79 104 49 260 43 197 1432 58 13 463 36 13 81 19 92 103 55 168 146 255 19 3 2586 198 326
internal_value=0.000625661 -0.00119022 -0.00768414 -0.021974 0.00365183 0.0224625 0.00348452 0.00146836 -0.01611 0.00326771 0.000916027 0.00294923 0.000845669 -0.0365126 0.00663654 0.018271 0.021907 -0.00179683 -0.00379003 0.00255768 -0.00987071 -0.0061025 0.00277197 -0.00838584 -0.0219883 -0.000495574 -0.0066244 -0.00484844 0.00317649 0.0128072 -0.0158387 -0.0150444 0.0211885 0 -0.0111731 0.000931895 0.0127849 0.0170863 0.00166674 -0.0180872 0.0163313 0.00824875 0.0140665 0.0294474 0.000307321 -0.0234995 -0.0269487 0.00948676 0.00374816 -0.00124342 -0.0226336 -0.0100811 -0.0239852 0.0299899 0.00581021 0.0194757 0.00188753 0.0255823 -0.00263748 -0.00754719 0.0173712 0
internal_weight=172.389 159.858 68.3841 25.1475 91.4743 12.531 5.55547 82.8628 6.7494 76.1134 65.6682 59.5094 43.2366 3.33169 3.41771 5.11387 8.61151 38.1227 35.3974 17.2801 18.1174 12.1091 7.20723 5.26907 3.29945 11.6787 9.03715 12.1189 6.94712 5.2701 6.15881 5.17174 5.17093 2.44672 1.65144 56.4783 1.96961 2.72524 55.4857 4.9019 10.4452 7.33333 6.16447 6.16479 1.16084 3.74106 3.39267 8.67748 7.0689 5.99326 4.41761 2.83626 6.43871 3.03111 1.32794 4.1948 1.58727 2.60753 3.64261 3.2509 3.90898 46.8083
internal_count=165594 163556 145956 143803 17600 2038 287 15745 246 15499 14918 5794 2153 133 113 104 1855 2049 1926 1348 578 1089 406 280 158 199 128 5509 2753 516 9124 2756 259 345 274 5452 122 123 767 683 581 321 278 1510 107 576 563 337 301 288 9082 173 379 342 287 510 345 165 2688 2685 236 430
is_linear=0
shrinkage=0.04


end of trees

feature_importances:
name_ratio=864
name_jaccard=807
name_token_sort_ratio=739
name_tfidf=721
hybrid_tfidf=721
name_partial_ratio=673
name_length_ratio=650
name_token_set_ratio=569
address_tfidf=497
address_ratio=490
address_jaccard=447
address_length_ratio=379
address_token_set_ratio=366
address_token_sort_ratio=287
first_number_equal=147
shared_numbers=136
is_s2=96
canonical_jaccard=83
address_present_target=62
name_token_sorted_equal=58
is_s3=47
shared_numbers_binary=18
address_missing_either=5
name_basic_equal=2
name_core_equal=2

parameters:
[boosting: gbdt]
[objective: binary]
[metric: auc,binary_logloss]
[tree_learner: serial]
[device_type: cpu]
[data_sample_strategy: bagging]
[data: ]
[valid: ]
[num_iterations: 1200]
[learning_rate: 0.04]
[num_leaves: 63]
[num_threads: 8]
[seed: 42]
[deterministic: 0]
[force_col_wise: 0]
[force_row_wise: 0]
[histogram_pool_size: -1]
[max_depth: -1]
[min_data_in_leaf: 40]
[min_sum_hessian_in_leaf: 0.001]
[bagging_fraction: 0.85]
[pos_bagging_fraction: 1]
[neg_bagging_fraction: 1]
[bagging_freq: 0]
[bagging_seed: 400]
[bagging_by_query: 0]
[feature_fraction: 0.85]
[feature_fraction_bynode: 1]
[feature_fraction_seed: 30056]
[extra_trees: 0]
[extra_seed: 12879]
[early_stopping_round: 0]
[early_stopping_min_delta: 0]
[first_metric_only: 0]
[max_delta_step: 0]
[lambda_l1: 0.1]
[lambda_l2: 1]
[linear_lambda: 0]
[min_gain_to_split: 0]
[drop_rate: 0.1]
[max_drop: 50]
[skip_drop: 0.5]
[xgboost_dart_mode: 0]
[uniform_drop: 0]
[drop_seed: 17869]
[top_rate: 0.2]
[other_rate: 0.1]
[min_data_per_group: 100]
[max_cat_threshold: 32]
[cat_l2: 10]
[cat_smooth: 10]
[max_cat_to_onehot: 4]
[top_k: 20]
[monotone_constraints: ]
[monotone_constraints_method: basic]
[monotone_penalty: 0]
[feature_contri: ]
[forcedsplits_filename: ]
[refit_decay_rate: 0.9]
[cegb_tradeoff: 1]
[cegb_penalty_split: 0]
[cegb_penalty_feature_lazy: ]
[cegb_penalty_feature_coupled: ]
[path_smooth: 0]
[interaction_constraints: ]
[verbosity: -1]
[saved_feature_importance_type: 0]
[use_quantized_grad: 0]
[num_grad_quant_bins: 4]
[quant_train_renew_leaf: 0]
[stochastic_rounding: 1]
[linear_tree: 0]
[max_bin: 255]
[max_bin_by_feature: ]
[min_data_in_bin: 3]
[bin_construct_sample_cnt: 200000]
[data_random_seed: 175]
[is_enable_sparse: 1]
[enable_bundle: 1]
[use_missing: 1]
[zero_as_missing: 0]
[feature_pre_filter: 1]
[pre_partition: 0]
[two_round: 0]
[header: 0]
[label_column: ]
[weight_column: ]
[group_column: ]
[ignore_column: ]
[categorical_feature: ]
[forcedbins_filename: ]
[precise_float_parser: 0]
[parser_config_file: ]
[objective_seed: 16083]
[num_class: 1]
[is_unbalance: 0]
[scale_pos_weight: 1]
[sigmoid: 1]
[boost_from_average: 1]
[reg_sqrt: 0]
[alpha: 0.9]
[fair_c: 1]
[poisson_max_delta_step: 0.7]
[tweedie_variance_power: 1.5]
[lambdarank_truncation_level: 30]
[lambdarank_norm: 1]
[label_gain: ]
[lambdarank_position_bias_regularization: 0]
[eval_at: ]
[multi_error_top_k: 1]
[auc_mu_weights: ]
[num_machines: 1]
[local_listen_port: 12400]
[time_out: 120]
[machine_list_filename: ]
[machines: ]
[gpu_platform_id: -1]
[gpu_device_id: -1]
[gpu_device_id_list: ]
[gpu_use_dp: 0]
[num_gpu: 1]

end of parameters

pandas_categorical:[]
