tree
version=v4
num_class=1
num_tree_per_iteration=1
label_index=0
max_feature_idx=55
objective=binary sigmoid:1
feature_names=name_tfidf address_tfidf hybrid_tfidf name_basic_equal name_core_equal name_token_sorted_equal name_ratio name_token_sort_ratio name_token_set_ratio name_partial_ratio name_jaccard name_length_ratio translit_tfidf translit_equal translit_ratio translit_token_sort_ratio translit_token_set_ratio translit_jaccard s1_nonlatin target_nonlatin both_nonlatin address_present_s1 address_present_target address_missing_either address_basic_equal address_canonical_equal address_token_sorted_equal address_ratio address_token_sort_ratio address_token_set_ratio address_jaccard canonical_jaccard address_length_ratio numeric_chunk_exact numeric_signature_jaccard primary_number_equal_raw primary_number_conflict shared_numbers shared_number_ratio number_count_s1 number_count_target number_count_gap country_equal is_s2 is_s3 strong_name very_strong_name strong_translit_name strong_address weak_name strong_name_missing_address very_strong_name_missing_address strong_address_weak_name address_only_risk name_address_ratio_gap tfidf_name_address_gap
feature_infos=[0:1.0000002384185791] [0:1.0000001192092896] [0.018369564786553383:1.0000001192092896] [0:1] [0:1] [0:1] [0:1] [0:1] [0:1] [0:1] [0:1] [0.037037037312984467:1] [0:1.0000002384185791] [0:1] [0:1] [0:1] [0:1] [0:1] none [0:1] none none [0:1] [0:1] [0:1] [0:1] [0:1] [0:1] [0:1] [0:1] [0:1] [0:1] [0:1] [0:1] [0:1] [0:1] [0:1] [0:7] [0:1] [0:7] [0:12] [0:10] none [0:1] [0:1] [0:1] [0:1] [0:1] [0:1] [0:1] [0:1] [0:1] [0:1] [0:1] [-0.96721309423446655:1] [-1.0000001192092896:1.0000001192092896]
tree_sizes=3984 4731 4618 4598 4673 4496 4802 5052 5247 4385 4695 5207 4552 4659 4520 4918 4184 4787 4589 4919 5198 5458 4906 4393 5264 4830 4710 4694 4590 4648 4466 4918 4843 5483 4918 4627 4777 4702 5248 5314 5433 4898 5246 5379 5860 6005 6402 5359 6417 5577 5568 5447 5354 5554 6093 5552 5680 5766 5767 5697 5633 5900 6017 5863 6730 5980 6618 5901 6630 6027 6624 6853 6526 6842 6326 6870 6781 6844 6852 6591 6811 6663 6870 6822 6857 6844 6854 6867 6844 6847 6859 6799 6823 6853 6835 6858 6829 6884 6811 6843 6851 6832 6844 6879 6867 6866 6838 6873 6797 6899 6828 6874 6828 6852 6848 6861 6882 6803 6835

Tree=0
num_leaves=37
num_cat=0
split_feature=1 51 15 34 29 8 50 15 2 17 35 29 6 2 1 54 17 22 8 15 28 29 17 0 7 12 17 55 30 12 17 28 15 29 28 1
split_gain=138918 2909.25 2671.46 2295.15 1701.91 633.847 357.635 232.134 193.943 170.33 157.533 322.167 133.951 59.7426 127.619 28.4084 52.9282 120.195 157.041 27.4378 16.4198 13.4314 12.8598 9.92893 9.68284 10.1826 9.65976 8.82746 4.34064 3.09558 2.08648 6.76118 1.41132 1.13555 0.383784 0.133501
threshold=0.21894425153732303 1.0000000180025095e-35 0.52851876616477977 0.45000000298023229 0.7353600561618806 0.8521554470062257 1.0000000180025095e-35 0.88047617673873912 0.45938509702682501 0.10555555671453477 1.0000000180025095e-35 0.55428233742713939 0.2152509689331055 0.70000678300857555 0.039113517850637443 0.63161578774452221 0.44949495792388922 1.0000000180025095e-35 0.9321839213371278 0.6569296419620515 0.64174234867095958 0.84764185547828685 0.27922078967094427 0.63745751976966869 0.79469618201255809 0.74453234672546398 0.4083333313465119 1.0000000180025095e-35 0.2788888961076737 0.5949113965034486 0.76388889551162731 0.3080128282308579 0.8216732144355775 0.78319624066352855 0.43379870057106024 0.099711906164884581
decision_type=2 2 2 2 2 2 2 2 2 2 2 2 2 2 2 2 2 2 2 2 2 2 2 2 2 2 2 2 2 2 2 2 2 2 2 2
left_child=1 4 3 8 6 9 10 26 12 -6 13 23 -2 15 -15 20 32 18 24 -11 27 33 -22 -12 25 29 -8 -1 30 -18 35 -32 -17 -14 -33 -29
right_child=2 -3 -4 -5 5 -7 7 -9 -10 19 11 -13 21 14 -16 16 17 -19 -20 -21 22 -23 -24 -25 -26 -27 -28 28 -30 -31 31 34 -34 -35 -36 -37
leaf_value=-3.3206535011296014 -3.0621840711969743 -2.6564449428931542 -2.3510506731897234 -2.4526815149896097 -2.9674493367041719 -2.6066771793785355 -3.3667263877361253 -2.883752877368817 -2.9049183978102753 -3.3803868963076606 -3.3838132752925008 -2.8955448675530584 -3.3824861291177841 -3.3828901202410631 -3.0719024550316654 -3.3881945371192201 -3.3373765101866146 -3.3878352781422185 -3.0783247592550094 -3.2366867764785865 -3.3765654398476701 -3.2815015935408098 -3.2678655727285291 -3.2996079876062887 -3.2725638956560585 -3.2900696053322238 -3.2709287217527465 -3.3896184924207429 -3.3431496906806788 -3.3835137573774512 -3.314788356444597 -3.3849974090222177 -3.3572665438473117 -3.3525188392079599 -3.3572933892144805 -3.3826033052826259
leaf_weight=1.5014507472515095 1.6646519154310206 5.6794006526470175 159.93714481592178 9.5309482216835022 1.7299323827028255 3.1987428963184357 2.2521761208772655 1.7625726163387296 1.3056093454360969 3.2640233635902405 5.7446811199188215 1.4035300463438032 4.5043522417545319 4.830754578113555 1.305609345436096 71.743233531713486 1.6320116817951182 20.269585087895393 3.2640233635902396 1.7299323827028272 2.0236944854259487 1.5667312145233152 1.5667312145233152 1.305609345436096 1.3708898127078999 1.4361702799797056 1.3382495790719984 5030.4148872643709 1.9584140181541432 5.4182787835597992 1.3056093454360951 7.4419732689857465 2.3827370554208747 1.7625726163387296 1.305609345436096 34.174324616789818
leaf_count=46 51 174 4900 292 53 98 69 54 40 100 176 43 138 148 40 2198 50 621 100 53 62 48 48 40 42 44 41 154117 60 166 40 228 73 54 40 1047
internal_value=-3.35348 -3.38652 -2.40095 -2.82219 -3.38745 -2.95091 -3.38836 -3.12562 -3.19716 -3.19062 -3.38867 -3.24556 -3.27657 -3.38893 -3.28703 -3.38906 -3.37095 -3.33481 -3.25602 -3.32001 -3.38944 -3.35034 -3.32158 -3.36303 -3.33511 -3.35305 -3.32158 -3.3895 -3.38952 -3.37173 -3.38954 -3.37028 -3.38731 -3.3746 -3.38204 -3.38958
internal_weight=5405.03 5224.75 180.272 20.3349 5219.08 9.92263 5209.15 5.353 10.8039 6.72389 5203.8 8.45382 9.49831 5195.35 6.13636 5189.21 107.517 33.391 13.1214 4.99396 5081.69 7.83366 3.59043 7.05029 9.85735 8.48646 3.59043 5078.1 5076.6 7.05029 5074.64 10.0532 74.126 6.26692 8.74758 5064.59
internal_count=165594 160071 5523 623 159897 304 159593 164 331 206 159429 259 291 159170 188 158982 3294 1023 402 153 155688 240 110 216 302 260 110 155578 155532 216 155472 308 2271 192 268 155164
is_linear=0
shrinkage=1


Tree=1
num_leaves=43
num_cat=0
split_feature=1 50 29 2 34 16 14 15 29 35 8 28 17 17 32 29 54 17 15 29 36 9 29 17 9 14 54 17 22 8 8 27 30 14 8 1 54 29 9 12 9 7
split_gain=56107.5 1902.83 769.938 470.363 980.83 278.762 278.128 203.795 158.856 97.1569 161.534 66.1137 40.4675 37.8444 139.486 74.3726 19.8326 35.2582 15.3772 13.381 12.1407 11.6677 8.92922 15.8401 7.38512 4.96896 4.66297 13.8276 25.3206 52.5092 4.33241 2.72011 2.64987 1.39737 0.992859 0.672136 1.5015 0.577384 0.293392 0.185109 0.0549791 0.0174325
threshold=0.19251272827386859 1.0000000180025095e-35 0.7353600561618806 0.51850178837776195 0.26785714924335485 0.90366768836975109 0.62767899036407482 0.70051544904708873 0.78319624066352855 1.0000000180025095e-35 0.90259328484535228 0.82972848415374767 0.13392857462167743 0.73214286565780651 0.26293487846851354 0.50112107396125805 0.75134408473968517 0.44949495792388922 0.79388421773910534 0.5071096420288087 1.0000000180025095e-35 0.93063354492187511 0.6569296419620515 0.44949495792388922 0.84292763471603405 0.81375637650489818 0.63161578774452221 0.44949495792388922 1.0000000180025095e-35 0.82972848415374767 0.50333333015441906 0.5265987515449525 0.26794873178005224 0.54085850715637218 0.75931033492088329 0.13631390780210498 0.20559387654066089 0.46556286513805395 0.58123165369033825 0.59722861647605907 0.70064935088157665 0.76506900787353527
decision_type=2 2 2 2 2 2 2 2 2 2 2 2 2 2 2 2 2 2 2 2 2 2 2 2 2 2 2 2 2 2 2 2 2 2 2 2 2 2 2 2 2 2
left_child=1 2 9 4 6 18 11 12 -8 13 19 20 -4 16 -15 37 22 25 -3 -11 -2 24 26 30 -19 -18 32 40 29 39 -24 -22 35 -33 -14 -1 38 -16 -37 -29 -28 -26
right_child=3 5 7 -5 -6 -7 8 -9 -10 10 -12 -13 34 14 15 -17 17 21 -20 -21 31 -23 23 -25 41 -27 27 28 -30 -31 -32 33 -34 -35 -36 36 -38 -39 -40 -41 -42 -43
leaf_value=-0.036078867945997017 0.060997952810937534 -0.0049532186771234108 0.16897747983709038 0.40122652359103211 0.38827021038931842 0.39979352088352599 0.055093236759211704 0.38713769308115259 0.33369796643519745 -0.030370512528446938 0.32360263545358792 0.18369879846259998 -0.022714440403164539 0.25290317994170824 -0.034682091232997855 0.17231610236612796 -0.034070457934649294 0.061235841345752468 0.11431861012824886 0.06626272842494299 0.015773289162979372 0.10884484116741329 0.021589348298140455 0.064493001334435029 -0.0038552297063312027 0.022645897363591114 -0.013386176401979867 -0.0040805462199776411 -0.032787397626519436 0.14938646892457344 -0.03246798643917935 -0.031970909037367254 0.0059184432233479137 -0.0026541317452035257 0.0083413514935629669 -0.0037748910388756027 0.0081305943854193333 -0.0038692749009095239 -0.029634327991314921 -0.027367134786048679 -0.035417261554201156 -0.020496887303858784
leaf_weight=4874.1199443154037 1.8459244519472129 2.496533691883088 1.7140652611851672 352.87192296609282 48.732359521090984 13.010690860450268 4.259935297071932 5.3465198054909706 7.4705730527639389 5.8076847195625287 1.423449534922838 1.6892388574779023 1.9416806027293207 1.5329149998724485 25.340883608907468 1.3376552797853936 17.792292084544904 1.4884485229849804 1.5353359952569006 1.363734997808933 1.6238585636019749 2.3591458983719349 1.3826717846095551 2.1046035028994075 1.3083323761820795 1.3401343002915371 2.2760798186063758 1.3239535167813308 10.68739253282547 2.5669845342636108 9.6464452408254129 7.8056878633797151 1.4374977312982071 3.1752368211746216 1.2933860719203947 1.3028824217617501 1.3164954781532285 1.308983702212571 5.048961229622364 3.4940592609345913 50.80230326205492 1.5180154815316198
leaf_count=154444 46 72 40 4484 645 232 67 97 104 181 33 38 60 40 798 37 563 42 34 35 38 65 43 64 40 42 72 40 338 67 302 217 44 58 34 40 41 40 158 109 1606 44
internal_value=-0.000671428 -0.0333075 -0.0345856 0.382924 0.294485 0.325558 0.122609 0.254204 0.245073 -0.0352276 0.0765106 0.0242932 0.0690735 -0.0354347 0.00384683 -0.0179276 -0.0356684 -0.00471046 0.0534626 -0.0057059 -0.00479752 0.0591609 -0.0358275 -0.00615571 0.0159689 -0.0289964 -0.0359042 -0.0259438 0.000350638 0.0469155 -0.0241687 -0.0184656 -0.0360433 -0.0247149 -0.010434 -0.0360576 -0.0195096 -0.0334899 -0.0260411 -0.023371 -0.0348023 -0.0167289
internal_weight=5488.24 5058.77 5041.73 429.475 76.6028 17.0426 27.8705 10.2957 11.7305 5031.43 8.59487 16.1399 4.94913 5022.84 29.5204 27.9875 4993.32 25.8064 4.03187 7.17142 14.4507 6.67394 4967.51 13.1337 4.3148 19.1324 4954.38 71.1508 18.0724 7.385 11.0291 12.6048 4883.23 10.9809 3.23507 4881.79 7.66834 26.6499 6.35184 4.81801 53.0784 2.82635
internal_count=165594 159897 159559 5697 1213 338 568 231 171 159328 249 397 134 159079 915 875 158164 796 106 216 359 191 157368 409 126 605 156959 2232 554 216 345 313 154727 275 94 154683 239 838 198 149 1678 84
is_linear=0
shrinkage=0.035


Tree=2
num_leaves=42
num_cat=0
split_feature=1 50 29 2 29 38 16 38 14 34 17 27 29 15 16 54 17 14 30 38 29 8 54 10 6 8 14 6 16 14 27 54 29 10 23 12 2 1 28 30 15
split_gain=39484.8 1448.66 430.834 504.913 266.725 213.581 135.239 130.393 48.9609 124.439 40.1459 76.4635 43.7601 33.9022 33.4183 21.5157 34.7753 15.968 12.0087 6.6223 6.88149 5.57222 5.09716 12.7811 24.6116 37.7534 4.85931 4.7894 8.01039 4.73584 4.02623 3.8497 5.20519 3.71267 3.18914 3.13315 1.35594 0.677593 0.493386 0.292764 0.0600797
threshold=0.14944787323474887 1.0000000180025095e-35 0.7353600561618806 0.51850178837776195 0.6926884949207307 0.30952382087707525 0.93908473849296581 0.46428571641445165 0.44092722237110143 0.26785714924335485 0.76388889551162731 0.24626532942056659 0.49264547228813177 0.79388421773910534 0.90070420503616344 0.75134408473968517 0.44949495792388922 0.31643131375312811 0.26794873178005224 0.84523808956146251 0.45766927301883703 0.82712644338607799 0.63161578774452221 0.44949495792388922 0.70926907658576976 0.82972848415374767 0.81375637650489818 0.83827373385429393 0.93127068877220165 0.81375637650489818 0.48019607365131384 -0.2226719334721565 0.53863716125488292 0.13392857462167743 1.0000000180025095e-35 0.70770594477653515 0.70000678300857555 0.018207060173153881 0.38875724375247961 0.1695402339100838 0.76689496636390697
decision_type=2 2 2 2 2 2 2 2 2 2 2 2 2 2 2 2 2 2 2 2 2 2 2 2 2 2 2 2 2 2 2 2 2 2 2 2 2 2 2 2 2
left_child=1 4 3 7 10 14 13 21 9 17 15 -12 -13 -3 33 18 26 -4 19 22 -21 30 31 -24 25 40 -17 28 29 -18 -2 32 -1 -6 38 -36 -33 -38 -26 -32 -25
right_child=2 6 8 -5 5 -7 -8 -9 -10 -11 11 12 -14 -15 -16 16 27 -19 -20 20 -22 -23 23 24 34 -27 -28 -29 -30 -31 39 36 -34 -35 35 -37 37 -39 -40 -41 -42
leaf_value=-0.025902917710973604 0.018482331020119515 -0.0072867325850728675 0.095339760080791439 0.27874793675131376 0.022074483799464844 0.32495012103844706 0.29354664920950457 0.18356794485677039 0.27823390173440171 0.25133851683691782 0.17274649740621939 -0.033728672210201642 0.12913878769585774 0.14387340379549682 0.12910375847059005 -0.033968379641328768 -0.0099271467945510564 -0.010057981116973799 0.040513962163174704 -0.024278453585670868 0.054692759816549696 0.031105845752125404 -0.034725338587747762 -0.0034411039858292191 -0.032956076213200854 0.15592848455912095 0.02191904507639009 0.0016416182872563299 0.12020392311462537 0.055707832489421141 -0.0072235199849258729 -0.036019204378159093 0.041167453066248152 -0.030181210217266236 -0.021005927289560883 0.034094932678441402 -0.019179974780658842 0.0073513302347910587 -0.0033950282607276257 -0.033716966275302677 -0.021830112785946272
leaf_weight=2.8721168041229239 1.5101661961525739 2.7727659419178989 2.4358842149376878 18.026584295555949 1.3550262954086045 3.3380214050412169 16.075904652476311 4.0352755058556786 540.19838561117649 11.525113485753536 2.1668822076171663 15.347993226721885 1.3106111101806153 3.6255494169890881 1.5135634765028951 17.234009528532631 1.8304553963243955 3.1548403147608042 1.7047111820429552 2.3324358928948636 1.2787552047520874 1.5334774199873198 51.641839267686009 1.2803056463599216 11.43471955694258 1.7155233994126318 1.3687590062618245 1.7069024201482532 1.665604058653116 2.0193441361188889 1.5578692071139801 4725.4526585936546 1.2321953084319828 5.4967625830322504 1.6048437356948864 1.4483773596584795 1.3354546576738351 1.3522634021937845 1.2781451959162939 12.050659038126467 1.765150938183069
leaf_count=94 43 78 64 195 36 51 197 53 5095 120 53 497 31 63 28 563 51 85 50 74 33 30 1686 40 373 38 42 48 39 59 44 154860 39 164 48 36 43 38 41 316 56
internal_value=-0.000842632 -0.0336522 0.267858 0.148515 -0.0349693 0.125444 0.240714 0.0272512 0.275861 0.189549 -0.0353825 0.0148325 -0.0141295 0.0857631 0.0192642 -0.0355818 -0.00342949 0.042831 -0.0357529 -0.0357891 0.00872335 -0.0186836 -0.0358251 -0.0255855 -0.00188399 0.0604441 -0.0287693 0.0569746 0.0706816 0.0281667 -0.0255673 -0.0359751 -0.000961016 -0.017906 -0.0233969 0.00623211 -0.0360045 -0.00650855 -0.0307036 -0.0316257 -0.0177261
internal_weight=5484.59 4888.56 596.028 38.714 4866.08 11.7034 22.4742 20.6874 557.314 17.1158 4854.38 18.8255 16.6586 6.39832 8.36535 4835.55 25.8251 5.59072 4809.73 4808.02 3.61119 16.6522 4804.41 72.1689 20.5271 4.76098 18.6028 7.22231 5.5154 3.8498 15.1187 4732.24 4.10431 6.85179 15.7661 3.05322 4728.14 2.68772 12.7129 13.6085 3.04546
internal_count=165594 159549 6045 681 159211 279 338 486 5364 269 158932 581 528 141 228 158351 802 149 157549 157499 107 433 157392 2318 632 134 605 197 149 110 403 155074 133 200 498 84 154941 81 414 360 96
is_linear=0
shrinkage=0.035


Tree=3
num_leaves=42
num_cat=0
split_feature=1 50 29 29 12 34 38 15 9 17 22 1 14 34 28 28 54 17 27 29 14 9 12 1 8 8 2 14 54 10 22 12 14 28 1 8 10 12 27 12 28
split_gain=30982.2 1190.62 243.686 227.831 341.518 150.838 99.1977 80.9231 44.8904 39.8753 96.1916 43.2128 27.71 180.154 69.9176 22.3913 21.6389 32.5701 15.2141 14.6455 13.3385 10.6254 8.20622 7.08794 28.0626 7.97358 6.81625 4.75252 4.72019 11.412 23.9581 13.6224 4.12958 3.7801 3.3886 1.50533 1.30686 0.880597 0.812094 0.633924 0.533981
threshold=0.14944787323474887 1.0000000180025095e-35 0.6926884949207307 0.7353600561618806 0.64614680409431469 0.21111111342906955 0.58571431040763866 0.89512962102890026 0.94494947791099559 0.76388889551162731 1.0000000180025095e-35 0.027127851732075218 0.57712131738662731 0.26785714924335485 0.82972848415374767 0.60723635554313671 0.75134408473968517 0.44949495792388922 0.65240275859832775 0.82078272104263317 0.75134408473968517 0.93063354492187511 0.65557402372360241 0.099711906164884581 0.90070420503616344 0.37590579688549047 0.2993582040071488 0.81375637650489818 0.63161578774452221 0.44949495792388922 1.0000000180025095e-35 0.73107904195785534 0.81120249629020702 0.60723635554313671 0.21894425153732303 0.60495716333389293 0.44949495792388922 0.62576746940612804 0.615800440311432 0.68043294548988353 0.44161255657672888
decision_type=2 2 2 2 2 2 2 2 2 2 2 2 2 2 2 2 2 2 2 2 2 2 2 2 2 2 2 2 2 2 2 2 2 2 2 2 2 2 2 2 2
left_child=1 2 9 4 6 15 20 8 32 16 -11 40 13 14 19 35 18 27 23 -5 33 22 -19 28 25 -25 -21 -18 38 -30 31 37 -3 -2 -35 -4 -27 -31 -1 -39 -12
right_child=3 7 5 12 -6 -7 -8 -9 -10 10 11 -13 -14 -15 -16 -17 17 21 -20 26 -22 -23 -24 24 -26 36 -28 -29 29 30 -32 -33 -34 34 -36 -37 -38 39 -40 -41 -42
leaf_value=-0.035997540011591264 -0.033258593542661752 -0.023511875307960523 0.0058710499594042025 -0.029926432627321368 0.22116393056714534 0.25516569667101002 0.17858992394679973 0.24198643863301389 0.15242886554776142 0.22101323063411965 -0.033642625562814908 0.12997273174154605 0.22014388922568476 0.21873527623221692 0.17254634737397179 0.090240267958198908 -0.033865986086613564 0.062856871031335082 0.059548951293403408 0.0062513246223178378 0.059810277933658666 0.096580549619960807 -0.018291419093718377 0.037994773998968459 0.10333188616599179 -0.034287711422044599 0.083816954303583366 0.021218196317849231 -0.034641068940702117 0.016054494223050039 -0.033136643882891649 0.090905556986345823 0.034553548716914607 -0.024334139023952206 0.023480442132607561 -0.029261210268310949 -0.0033820252904501026 -0.020036027839531637 -0.0017665103532098314 0.0051872983874598861 -0.0034001560598798477
leaf_weight=4552.8355721849948 10.596629373729234 2.0823770910501502 1.4344032667577247 4.8602233827114087 22.244184639304876 4.4726404547691336 3.1644284240901461 16.653301864862442 6.49305185303092 1.4342270679771925 14.869701949879532 1.2971496358513821 629.62095933407545 36.743250261992216 3.958920754492282 2.2852888088673353 16.693658579140909 1.4485731609165657 1.1665159408003081 2.997318759560585 1.8573987055569876 2.9263686835765839 3.1312591079622507 1.3267038743943036 1.2382819056510914 20.565197901800278 2.1369639206677675 1.3970025181770314 49.9872095733881 2.2996364329010248 12.316120130941272 2.8237050101161003 1.9115869179368017 2.3159530870616427 2.99409413151443 4.5787846650928259 2.346872190013527 1.4492785390466454 1.1701367795467366 1.4738149195909498 1.2739852145314206
leaf_count=154323 287 58 41 119 201 53 29 164 77 25 490 28 4801 300 52 53 563 42 34 64 34 70 85 41 35 684 28 42 1686 68 413 64 39 69 61 132 77 44 38 42 38
internal_value=-0.000936481 -0.0335421 -0.0348925 0.21222 0.128729 0.112369 0.0247181 0.193518 0.101879 -0.0353176 0.0146632 -0.0131807 0.217317 0.17856 0.0649809 0.0158645 -0.0355232 -0.00315072 -0.0356999 0.0102364 -0.0105624 0.0537906 0.0134131 -0.0357374 -0.016148 -0.0262429 0.0475067 -0.0285403 -0.035841 -0.0257839 -0.00327315 0.0406601 0.00493259 -0.0220384 0.00152015 -0.0207394 -0.0315422 0.00268895 -0.0359899 -0.00834581 -0.0317977
internal_weight=5458.87 4735.38 4708.24 723.49 43.1727 12.7711 20.9285 27.1403 10.487 4695.47 18.8751 17.4408 680.318 50.6967 13.9534 8.29848 4676.6 25.5969 4651 9.99451 17.7641 7.5062 4.57983 4649.83 25.4771 24.2388 5.13428 18.0907 4624.36 70.3498 20.3626 8.04643 3.99396 15.9067 5.31005 6.01319 22.9121 5.22273 4554.01 2.92309 16.1437
internal_count=165594 159549 159211 6045 681 279 480 338 174 158932 581 556 5364 563 263 226 158351 802 157549 211 451 197 127 157515 837 802 92 605 156678 2317 631 218 97 417 130 173 761 154 154361 86 528
is_linear=0
shrinkage=0.035


Tree=4
num_leaves=43
num_cat=0
split_feature=1 50 29 29 15 38 17 17 36 36 14 28 2 38 0 54 17 27 38 8 9 32 9 29 12 1 8 7 14 54 10 22 12 10 15 30 9 14 10 12 27 16
split_gain=25651.7 1021.42 223.881 143.338 206.867 112.43 56.0826 39.6849 85.4953 37.6814 150.293 107.167 39.9784 34.4229 28.2785 21.7279 30.4113 14.7041 11.8478 10.9641 10.2895 9.3717 8.8435 8.31361 7.84471 7.22535 28.5928 7.75432 5.12307 4.8496 11.3325 22.5894 11.8852 3.6251 3.08658 1.98757 1.78861 1.35637 1.32964 1.26474 0.81169 0.0374721
threshold=0.14944787323474887 1.0000000180025095e-35 0.6926884949207307 0.6926884949207307 0.81530213356018078 0.18333333730697635 0.44949495792388922 0.76388889551162731 1.0000000180025095e-35 1.0000000180025095e-35 0.63859337568283092 0.78024387359619152 0.54586797952651989 0.58571431040763866 0.71650776267051708 0.75134408473968517 0.44949495792388922 0.65240275859832775 0.30952382087707525 0.89699381589889537 0.87841832637786876 0.60078126192092907 0.93063354492187511 0.48499850928783422 0.65237718820571911 0.099711906164884581 0.91366460919380199 0.34851622581481939 0.81661397218704235 0.63161578774452221 0.44949495792388922 1.0000000180025095e-35 0.70770594477653515 0.13392857462167743 0.90070420503616344 0.53589746356010448 0.46332737803459173 0.58280590176582348 0.44949495792388922 0.62576746940612804 0.615800440311432 0.35948719084262853
decision_type=2 2 2 2 2 2 2 2 2 2 2 2 2 2 2 2 2 2 2 2 2 2 2 2 2 2 2 2 2 2 2 2 2 2 2 2 2 2 2 2 2 2
left_child=1 2 7 4 13 14 19 15 21 -5 11 12 18 20 33 17 28 25 37 -3 36 -9 24 -10 -18 29 27 -27 -17 40 -31 32 39 -4 -8 -13 -2 41 -29 -32 -1 -11
right_child=3 6 5 9 -6 -7 34 8 23 10 -12 35 -14 -15 -16 16 22 -19 -20 -21 -22 -23 -24 -25 -26 26 -28 38 -30 30 31 -33 -34 -35 -36 -37 -38 -39 -40 -41 -42 -43
leaf_value=-0.03595523768999305 0.0028524932939710027 -0.02319851639760619 0.021047820755598433 0.18588423801281076 0.18947042314080906 0.21219915574072404 0.12420684713432298 0.17756963488295052 -0.03342375392239489 -0.0098545551956708555 0.17674427772556758 0.086257529367823799 0.1278400838967034 0.11689823297610176 0.11771280183557621 -0.033787396798165455 0.060680637456854702 0.056676629506122268 0.055766213567900097 0.07462133945020058 0.045109982214812418 0.034332970861627315 0.087958590806779965 0.040349110035597949 -0.018186105517236713 0.036684147008089578 0.1060316710562909 -0.034216139587695989 0.024770719656956805 -0.034556788976911876 0.015498033133883718 -0.033016433906668544 0.079323267678982429 -0.030271491999991712 0.19868928924393459 0.16384298790903329 -0.03310150299805021 0 -0.0030132303679087538 -0.014697803966611127 -0.0017347433191188903 -0.031837900364783345
leaf_weight=4401.3250071201473 1.6138310525566328 2.0353468731045754 1.3939564153552035 613.87916215136647 13.958623945713041 5.3858862277120343 8.8302063494920748 2.4126919787377132 13.768431229516862 1.8084588460624234 156.43331957794726 4.8163960035890367 2.3204413056373587 1.8892621360719211 1.4630567841231821 16.3386929165572 1.5021565854549397 1.232217852026223 1.9374351613223542 1.789290592074394 1.9167353939265019 1.4433354269713161 3.193709634244442 1.2447564434260137 3.1120990384370089 1.3682389948517144 1.1940372921526421 20.116393681615595 1.2568620070815075 48.385972037911415 2.334109865128994 11.938631309196353 3.5025444366037846 5.5670789387077093 18.585140690207481 11.763210285454987 10.184011766687034 2.7498590983450404 2.3098504915833464 2.464802335947752 1.1682056300342072 6.5081701539456844
leaf_count=154323 45 60 35 4071 105 56 97 43 467 48 1067 57 19 16 22 568 41 34 25 29 32 44 70 27 86 42 30 689 37 1686 68 413 75 166 152 93 281 37 76 75 38 149
internal_value=-0.000993373 -0.0334336 -0.0348166 0.177713 0.0964513 0.10129 0.162952 -0.0352535 0.0146123 0.180579 0.162378 0.0885966 0.0193152 0.0066293 0.0150174 -0.0354655 -0.00291639 -0.0356479 -0.00754628 0.0278208 -0.0152351 0.142787 0.0506272 -0.0249508 0.0131005 -0.0356866 -0.0157562 -0.0260388 -0.0283092 -0.0357936 -0.0255063 -0.00309715 0.0384782 -0.0182021 0.180038 0.147692 -0.0280713 -0.0226236 -0.0314175 0 -0.0359473 -0.0290041
internal_weight=5418.44 4586.66 4555.42 831.779 29.5625 13.81 31.24 4541.61 18.8692 802.216 188.337 31.904 15.3244 15.6038 8.42409 4522.74 25.4035 4497.34 13.0039 3.82464 13.7146 3.85603 7.80797 15.0132 4.61426 4496.11 24.9885 23.7945 17.5956 4471.12 68.6261 20.2401 8.30146 6.96104 27.4153 16.5796 11.7978 11.0665 22.4262 4.79891 4402.49 8.31663
internal_count=165594 159549 159211 6045 479 279 338 158932 581 5566 1495 428 278 374 223 158351 802 157549 259 89 358 87 197 494 127 157515 837 807 605 156678 2317 631 218 201 249 150 326 234 765 143 154361 197
is_linear=0
shrinkage=0.035


Tree=5
num_leaves=41
num_cat=0
split_feature=1 50 29 12 29 34 36 16 34 14 28 15 29 29 29 8 54 10 15 2 9 14 55 32 12 8 14 14 6 15 27 10 9 55 29 1 1 7 2 1
split_gain=21946.6 902.934 197.251 224.28 85.4814 47.8807 42.113 37.8486 36.0784 139.118 59.5473 32.7332 55.9825 39.7252 29.6332 26.7312 25.4057 28.7583 19.2651 18.9257 9.13736 8.7851 7.31083 6.29796 81.5775 20.315 21.0198 5.85209 4.06231 3.78554 3.58319 1.63637 6.61591 1.39791 1.09325 0.841648 0.78369 0.664562 0.46739 0.0672404
threshold=0.1259698569774628 1.0000000180025095e-35 0.6926884949207307 0.7245067059993745 0.6926884949207307 0.21111111342906955 1.0000000180025095e-35 0.93908473849296581 0.26785714924335485 0.58380147814750682 0.82972848415374767 0.93957647681236278 0.50112107396125805 0.2623975276947022 0.7353600561618806 0.90259328484535228 0.75134408473968517 0.44949495792388922 0.79388421773910534 0.51850178837776195 0.93063354492187511 0.8216732144355775 0.61137405037879955 0.19785943627357486 0.78395128250122081 0.90259328484535228 0.64326766133308422 0.64565756916999828 0.78629976511001598 0.30471627414226538 0.615800440311432 0.44949495792388922 0.69804355502128612 0.088180061429739012 0.82078272104263317 0.01888457685709 0.094740282744169249 0.41223156452178961 0.46114827692508703 0.10454145446419717
decision_type=2 2 2 2 2 2 2 2 2 2 2 2 2 2 2 2 2 2 2 2 2 2 2 2 2 2 2 2 2 2 2 2 2 2 2 2 2 2 2 2
left_child=1 4 3 6 11 27 -2 18 9 10 19 16 13 -13 15 -11 23 21 -3 29 22 -18 -19 24 25 31 -27 -6 37 -4 33 35 -33 36 -31 -1 -25 -8 -34 -35
right_child=2 7 8 -5 5 -7 28 -9 -10 14 -12 12 -14 -15 -16 -17 17 20 -20 -21 -22 -23 -24 30 -26 26 -28 -29 -30 34 -32 32 38 39 -36 -37 -38 -39 -40 -41
leaf_value=-0.035254946916986191 0.086524658309712954 -0.0082199863899324339 0.021336188954697122 0.16616552685807026 -0.026844917936308922 0.15727325407342899 -0.0093984545556670511 0.16157691502358884 0.16001913552658498 0.0060040928238169963 0.13458199983205199 0.10954744598961162 0.17317297392466857 -0.033363378976623129 0.15276674347508884 0.1325524841667175 -0.033711151880243651 0.056553317213127244 0.097792502753630814 0.08590166423121133 0.085163817769949787 0.042257205922401529 -0.018407471329587196 -0.019471437665469226 0.14665863536867163 -0.026092185099164018 0.097060338613810873 0.035104990481699933 0.020631312785977785 -0.031321983150063099 0.003834753149175646 0.037481440777160945 -0.031543423782591118 -0.035996162783462071 -0.0043999805309302793 -0.0005501017677414802 0.0091700215519367658 -0.033697018727837119 -0.0023424820008268866 -0.024616056389210349
leaf_weight=141.38885519094765 4.270535338670018 2.8832879252731782 1.9880441781133438 16.539187083020806 3.1819373667240125 3.2420147098600864 3.0653039626777234 26.869468994438648 733.81371970102191 4.4998651519417754 5.1908650100231162 1.8485225606709743 1.322153441607951 13.632529024034737 139.32652117498219 3.012426994740963 15.999717295169836 1.6119820885360221 5.1394528113305569 1.7827253378927697 3.5694645568728447 1.1990713067352761 3.1435674522072077 1.3873223438858979 2.2275491114705792 2.9529132451862088 2.1208181604743004 2.3725172262638807 1.3765367735177267 6.4680135119706375 2.4316960442811242 1.3453194368630637 7.6104750484228116 4166.2437202334404 3.3839787878096104 1.0996093358844508 1.2630712334066627 13.592687455937265 1.1990092378109691 11.606696054339407
leaf_count=5119 68 78 50 122 96 29 93 197 4337 78 53 37 25 478 871 24 573 42 63 17 71 34 85 50 42 103 47 56 30 172 74 46 251 151088 62 39 40 416 34 404
internal_value=-0.0010295 -0.033614 0.15264 0.0725207 -0.0350356 0.0687272 -0.000917195 0.141299 0.156012 0.137384 0.0445537 -0.0352601 0.0126939 -0.0104752 0.148872 0.0667715 -0.0354482 -0.000473414 0.0626164 0.00315206 0.0493937 -0.0261915 0.0118049 -0.0356528 -0.0282103 -0.0316107 0.0323142 0.000401013 -0.025265 -0.0147545 -0.0359298 -0.0339547 -0.0169298 -0.0359546 -0.0236549 -0.0350172 -0.00609035 -0.0302094 -0.0285698 -0.0359713
internal_weight=5367.2 4428.89 938.31 38.8443 4394 8.79647 22.3051 34.8922 899.466 165.652 18.8136 4385.2 16.8032 15.4811 146.839 7.51229 4368.4 25.5238 8.02274 13.6228 8.32501 17.1988 4.75555 4342.88 159.945 157.717 5.07373 5.55445 18.0345 11.84 4182.93 152.643 10.1548 4180.5 9.85199 142.488 2.65039 16.658 8.80948 4177.85
internal_count=165594 159201 6393 729 158863 181 607 338 5664 1327 354 158682 540 515 973 102 158142 805 141 301 198 607 127 157337 5681 5639 150 152 539 284 151656 5489 331 151582 234 5158 90 509 285 151492
is_linear=0
shrinkage=0.035


Tree=6
num_leaves=44
num_cat=0
split_feature=1 50 29 17 29 34 17 32 35 16 29 34 14 2 28 54 17 29 8 27 14 9 12 14 36 14 15 54 10 6 8 9 29 38 23 2 9 9 6 54 9 9 8
split_gain=19207 808.737 146.716 195.811 81.3126 40.0899 36.6688 75.6751 29.4475 27.9812 27.7866 25.307 108.805 62.838 39.4466 21.9244 26.5035 14.572 16.0382 10.6185 6.87485 6.17151 6.8812 5.53109 5.3808 5.25422 5.18992 5.04715 11.2171 21.0635 26.4349 4.55331 3.29702 17.7453 3.01457 3.02317 2.21854 2.09446 1.45486 0.615566 0.642114 0.190289 0.0766424
threshold=0.1259698569774628 1.0000000180025095e-35 0.6926884949207307 0.44949495792388922 0.6926884949207307 0.21111111342906955 0.76388889551162731 0.23603308200836184 1.0000000180025095e-35 0.89512962102890026 0.50112107396125805 0.26785714924335485 0.62767899036407482 0.54586797952651989 0.82972848415374767 0.75134408473968517 0.44949495792388922 0.7353600561618806 0.86391696333885204 0.65240275859832775 0.7933771312236787 0.93063354492187511 0.65237718820571911 0.64565756916999828 1.0000000180025095e-35 0.8216732144355775 0.88396573066711437 0.63161578774452221 0.44949495792388922 0.70926907658576976 0.82972848415374767 0.88730159401893627 0.60326328873634349 0.15476191043853763 1.0000000180025095e-35 0.48148170113563543 0.41763564944267279 0.44671201705932623 0.598850578069687 0.36232592165470129 0.59317129850387584 0.70064935088157665 0.71148777008056652
decision_type=2 2 2 2 2 2 2 2 2 2 2 2 2 2 2 2 2 2 2 2 2 2 2 2 2 2 2 2 2 2 2 2 2 2 2 2 2 2 2 2 2 2 2
left_child=1 4 3 8 6 23 15 -8 31 20 -9 12 13 14 24 19 25 18 -14 27 -3 22 -18 -6 -4 -17 -11 32 41 30 42 37 -1 39 -31 -36 -26 -2 -38 40 -34 -29 -30
right_child=2 9 11 -5 5 -7 7 10 -10 26 -12 -13 17 -15 -16 16 21 -19 -20 -21 -22 -23 -24 -25 36 -27 -28 28 29 34 -32 -33 33 -35 35 -37 38 -39 -40 -41 -42 -43 -44
leaf_value=-0.035874669518045549 0.0047319182480744402 -0.011828105288117053 0.034932368509628726 0.14495682813084854 -0.026636182933793759 0.1407955525280446 0.16046788982694563 -0.03358400701498513 0.08532710991535504 0.083900180357321039 0.09543087065186158 0.14147051778471995 0.007937740538635725 0.12876772778004505 0.10811361206889507 -0.033602736322378909 0.055012725579333947 0.13722788473953274 0.11127949699289988 0.046386147417770848 0.063328083376475122 0.073629751170636748 -0.017795358579187941 0.033483169607830557 0.0066315668884469863 0.026458115455778686 0.1464417346360142 -0.010944619763392607 -0.0030748340552780415 -0.032763315599359785 0.11949722632717676 0.016862248676235383 -0.0013464595746748552 0.078738457746199378 -0.022040365549313504 0.030471385268008924 -0.032519770397422883 -0.033880168061804564 -0.0023436180164673041 -0.00024996994874215011 -0.033296624479482687 -0.035105441985461866 -0.021877726827869006
leaf_weight=4114.035701058805 1.502079345285902 2.0406005829572669 1.8723877202719492 19.320190962404013 3.1038510836660844 3.6046841815114021 2.5160067342221764 14.934959579259159 2.5955318547785273 7.4110707454383364 1.3602279387414444 799.79611576721072 3.4964596237987271 8.5253858752548677 3.5016872249543658 15.464820301160222 1.6544592455029468 144.44912245124578 3.5519190654158592 1.0854498520493496 2.4468225426971912 3.7261179573833942 3.0321514140814543 2.4474428705871105 2.9462765287607917 1.194435991346835 26.330472528934479 1.9722204916179169 1.2569587696343671 11.190747447311876 2.3367656916379929 2.2078131064772597 1.1482445877045417 1.1075723879039276 1.8013614006340515 1.5638603828847406 7.2817884404212219 14.77340001799166 3.1192588694393635 1.082650726661085 13.539219718426464 43.384534427896142 1.7695338688790796
leaf_count=154346 44 58 35 143 96 29 30 528 25 67 22 4337 58 54 40 572 41 817 29 28 40 70 86 56 64 33 173 72 41 413 38 54 41 33 56 28 169 463 61 39 496 1614 55
internal_value=-0.00105485 -0.0335156 0.135463 0.067414 -0.034969 0.0644388 -0.0351995 0.0128354 -0.00684722 0.12475 -0.0177171 0.138197 0.122823 0.0553794 0.0169474 -0.0354174 -0.00252931 0.134487 0.0678058 -0.0356123 0.0325865 0.0448604 0.012446 0.00039998 -0.00918429 -0.0278439 0.135616 -0.0356454 -0.0249411 -0.00264468 0.0509493 -0.0236857 -0.0358077 -0.0181832 -0.0246226 0.0029509 -0.0176204 -0.0300464 -0.0247763 -0.0294882 -0.031267 -0.0343891 -0.0176409
internal_weight=5307.48 4288.54 1018.94 40.399 4250.31 9.15598 4241.16 18.8112 21.0788 38.229 16.2952 978.54 178.744 27.2468 18.7214 4222.35 25.072 151.498 7.04838 4197.27 4.48742 8.41273 4.68661 5.55129 15.2197 16.6593 33.7415 4196.19 65.276 19.9192 5.36326 18.4833 4130.91 16.8777 14.556 3.36522 13.3473 16.2755 10.401 15.7701 14.6875 45.3568 3.02649
internal_count=165594 159201 6393 729 158863 181 158682 580 586 338 550 5664 1327 423 369 158102 802 904 87 157300 98 197 127 152 329 605 240 157272 2317 631 134 561 154955 609 497 84 294 507 230 576 537 1686 96
is_linear=0
shrinkage=0.035


Tree=7
num_leaves=46
num_cat=0
split_feature=1 50 29 17 29 17 32 38 35 29 16 54 17 36 2 28 8 6 15 27 55 28 38 6 9 54 10 22 9 14 9 9 2 8 6 9 9 15 1 2 29 9 1 27 27
split_gain=17077.5 735.12 113.775 163.004 77.5124 36.3792 65.3364 34.3408 27.2011 26.0264 22.7059 21.9793 24.8018 20.8652 76.7373 108.101 57.1685 36.6637 14.6222 10.3393 11.0032 8.34253 7.22957 6.00483 18.2825 5.19679 11.1166 19.2169 31.6637 5.12876 4.42264 4.22296 4.04501 3.70271 2.34563 2.06784 1.48598 1.28714 1.15631 0.96906 0.602068 0.197676 0.120107 0.217793 0.100381
threshold=0.1259698569774628 1.0000000180025095e-35 0.6926884949207307 0.44949495792388922 0.6926884949207307 0.76388889551162731 0.23603308200836184 0.30952382087707525 1.0000000180025095e-35 0.50112107396125805 0.94201681017875682 0.75134408473968517 0.44949495792388922 1.0000000180025095e-35 0.55470266938209545 0.78024387359619152 0.17267081141471866 0.81284341216087352 0.85028737783432018 0.65240275859832775 1.0000000180025095e-35 0.60723635554313671 0.30952382087707525 0.84680575132370006 0.93063354492187511 0.63161578774452221 0.44949495792388922 1.0000000180025095e-35 0.99230769276618969 0.8216732144355775 0.88730159401893627 0.84292763471603405 0.50935709476470958 0.92031747102737438 0.74023336172103893 0.44671201705932623 0.77346038818359386 0.93957647681236278 0.0036304232198745017 0.47719497978687292 0.6569296419620515 0.70064935088157665 0.10454145446419717 0.52011558413505565 0.47084967792034155
decision_type=2 2 2 2 2 2 2 2 2 2 2 2 2 2 2 2 2 2 2 2 2 2 2 2 2 2 2 2 2 2 2 2 2 2 2 2 2 2 2 2 2 2 2 2 2
left_child=1 4 3 8 5 11 -7 21 30 -8 18 19 29 -4 15 16 -15 22 33 20 -1 44 34 24 31 37 41 28 32 -13 35 -14 36 -3 39 -2 -28 40 -39 -18 -22 -27 43 -42 -6
right_child=2 10 13 -5 7 6 9 -9 -10 -11 -12 12 23 14 -16 -17 17 -19 -20 -21 25 -23 -24 -25 -26 26 27 -29 -30 -31 -32 -33 -34 -35 -36 -37 -38 38 -40 -41 42 -43 -44 -45 -46
leaf_value=0.070374261189319331 0.0046201245256135429 -0.01688617602598921 0.12795189177600347 0.12973646827514956 -0.026127753872244901 0.14230024268121375 -0.033476453465203386 0.13218647770950848 0.079788010823175229 0.089077871717597193 0.12641500474935413 -0.033499117738357752 0.040173121256644857 0.11274439246941405 0.12536564360114133 0.11837749239754136 -0.033258770923165988 0.10005463822309917 0.092500448784496148 0.044524490297840044 -0.035827702555232363 0.054070126388347461 0.026326325505949145 -0.0095926688732048265 0.11744335399213397 -0.010765162425601733 0.0066823074734925153 -0.032640380932156557 0.13072696381091306 0.025603046228418212 0.016285422701998169 -0.016879413424894914 0.03286913493664699 0.035929829538486599 0.0057352507249851603 -0.033761933859646959 -0.028599320607373222 -0.021406698628612116 0.013300320153725976 -0.0034789735991522237 -0.022815609395066491 -0.035042570449481281 -0.00040628931342947882 -0.00040427111810424691 -0.0048734838225643036
leaf_weight=0.29063458740711112 1.508659902960068 2.8142315261065942 802.69489258155227 20.917309626936913 2.8706755228340608 2.858931981027129 14.469956731423734 3.6084295250475407 2.7452029772102824 1.4754193164408196 32.016451470553875 14.98133515939117 1.7107467912137488 6.377653298899534 177.44230822846293 36.278772993013263 13.462665056809792 2.8832296691834918 4.5260713770985603 1.1322201043367375 3986.0264948531985 1.6411579195410011 3.0966784711927167 1.7655757218599317 2.3796535730361938 1.9519506096839894 1.3841173462569711 10.849533412605524 1.9016960598528383 1.2239900343120087 2.240825828164815 2.8415915761142969 1.4692169763147829 1.826568968594074 2.0877630058675996 14.317797871306537 4.1913328114897013 1.7115684766322368 1.0716887749731538 2.0475130230188361 1.9956598691642278 41.967946538701653 1.0916892029345033 1.0913851223886011 1.3700141236186025
leaf_count=7 44 76 4094 143 85 30 528 27 25 22 195 572 42 48 911 230 271 20 41 28 154693 30 31 38 37 72 39 413 27 33 54 80 23 26 33 463 129 66 37 26 74 1614 39 39 39
internal_value=-0.00107121 -0.0334186 0.12229 0.063106 -0.0349033 -0.0351398 0.012712 0.0606083 -0.00657732 -0.0173424 0.112025 -0.0353641 -0.00233471 0.124584 0.112999 0.0784457 0.0277098 0.000914728 0.0539315 -0.0355653 -0.0355995 0.00336036 -0.0167117 0.042376 0.0555943 -0.0356253 -0.0246664 -0.00249182 0.0333241 -0.0276031 -0.0233798 0.00730419 -0.00551622 0.00596553 -0.0254815 -0.029838 -0.0196241 -0.0357931 -0.00713449 -0.0299883 -0.0358104 -0.0343052 -0.0148768 -0.0177863 -0.0221693
internal_weight=5240.61 4152.51 1088.1 41.7298 4111.32 4101.83 18.8043 9.49028 20.8125 15.9454 41.1833 4083.03 24.9029 1046.37 243.677 66.2343 29.9555 23.5778 9.16687 4058.13 4056.99 5.88185 20.6946 8.69757 6.93199 4056.7 63.7158 19.7959 8.94636 16.2053 18.0673 4.55234 7.04467 4.6408 17.5979 15.8265 5.57545 3992.99 2.78326 15.5102 3990.21 43.9199 4.17873 3.08704 4.24069
internal_count=165594 159201 6393 729 158863 158682 580 181 586 550 338 158102 802 5664 1570 659 429 381 143 157300 157272 154 361 197 159 157265 2317 631 218 605 561 122 191 102 330 507 168 154948 103 297 154845 1686 152 113 124
is_linear=0
shrinkage=0.035


Tree=8
num_leaves=48
num_cat=0
split_feature=1 50 29 17 29 17 32 34 29 36 54 17 16 34 14 29 15 29 16 27 55 2 14 30 54 10 22 9 14 6 9 12 12 0 30 14 15 1 9 30 9 6 27 28 9 14 1
split_gain=15364.5 674.768 91.2473 138.149 74.1556 36.0454 56.9485 30.3262 24.4137 23.641 22.0346 23.3045 17.4647 16.5588 71.1942 37.3508 12.7943 10.1519 14.5614 10.0719 10.813 7.25317 6.10703 5.60194 5.32377 11.0516 18.3546 27.5173 5.00661 4.6373 13.2591 4.48593 4.15144 4.15042 2.69927 1.54971 1.29762 1.12022 0.973317 13.6652 22.3049 6.01166 0.618662 0.578829 0.204911 0.116758 0.0861169
threshold=0.1259698569774628 1.0000000180025095e-35 0.6926884949207307 0.44949495792388922 0.6926884949207307 0.76388889551162731 0.23603308200836184 0.26785714924335485 0.50112107396125805 1.0000000180025095e-35 0.75134408473968517 0.44949495792388922 0.94201681017875682 0.36666667461395269 0.58759590983390819 0.82078272104263317 0.79388421773910534 0.7353600561618806 0.86391696333885204 0.65240275859832775 1.0000000180025095e-35 0.4647084921598435 0.64565756916999828 0.5419580638408662 0.63161578774452221 0.44949495792388922 1.0000000180025095e-35 0.99230769276618969 0.8216732144355775 0.83827373385429393 0.93063354492187511 0.62857428193092357 0.65237718820571911 0.74562552571296703 0.35504202544689184 0.72046512365341198 0.93957647681236278 0.0036304232198745017 0.89699381589889537 0.46410256624221807 0.33687943220138555 0.72255688905715953 0.615800440311432 0.46192501485347753 0.70064935088157665 0.33534136414527899 0.10454145446419717
decision_type=2 2 2 2 2 2 2 2 2 2 2 2 2 2 2 2 2 2 2 2 2 2 2 2 2 2 2 2 2 2 2 2 2 2 2 2 2 2 2 2 2 2 2 2 2 2 2
left_child=1 4 3 9 5 10 -7 22 -8 -2 19 28 16 14 15 21 -3 18 -16 20 -1 45 -6 34 36 44 27 33 -12 30 32 43 -13 35 -17 -27 42 -38 39 40 -19 -42 46 -11 -26 -4 -22
right_child=2 12 13 -5 7 6 8 -9 -10 31 11 29 -14 -15 17 23 -18 38 -20 -21 24 -23 -24 -25 25 26 -28 -29 -30 -31 -32 -33 -34 -35 -36 -37 37 -39 -40 -41 41 -43 -44 -45 -46 -47 -48
leaf_value=0.068784766894032609 0.058534356865940627 -0.0082467804591355495 -0.007534786179347829 0.1176900008954555 -0.026627264614545516 0.12750484564226269 -0.033368230643225798 0.12215194224763683 0.083296189518877656 -0.0026169821846358746 -0.033394789702469778 0.041539879921110627 0.11393250258578307 0.11664949683458736 0.0078717626937807594 0.068535206038930527 0.074748318850051371 0.12680133585228595 0.095851772385401324 0.042746220935341056 -0.035807649701759516 0.039569863697781094 0.03480503761042221 0.10072233005718691 -0.010588108527711474 0.0076072465537917223 -0.032516415756146652 0.1185931637618069 0.02477830335526485 -0.0022542992856099042 0.10464396186730431 0.022903922571924258 -0.01595649671913308 0.033917751731852332 0.022393843373393226 -0.028597300811334901 -0.021207236506671355 0.012974736648063544 0.11601198988683224 0.1147407385195675 0.027662039849881966 0.072609575985144725 -0.0047856408918569501 -0.033633963032674345 -0.03498001698854393 -0.030728107394111116 -0.024260105081392539
leaf_weight=0.30971325561404128 4.2899182811379459 2.8834854252636415 1.5640294179320351 22.326385658234358 3.0914866961538774 3.1886770799756077 14.019978409633039 3.8594999462366104 1.5898956507444371 1.2235800176858926 14.513530898839237 1.6620926223695258 34.345130033791065 862.59691018238664 4.2119553331285697 3.5175560154020769 6.5990661606192589 6.1123354360461262 4.989967443048954 1.178801618516444 3844.3658414725214 1.5985936634242532 2.8333948384970427 6.7563285902142516 1.9322040826082219 1.3266688324511049 10.519355503842235 2.1210413686931133 1.2532230243086804 2.1902000196278095 2.4316894300282001 1.29182494804263 2.6684881988912821 1.4319050870835779 5.1965602673590183 4.2263457346707582 1.6772123463451856 1.0849865749478338 152.0718248039484 31.532918900251389 11.567765943706037 6.9416113868355742 1.3825218081474293 13.747632293030618 40.597433187067509 5.7175440210849047 11.306913401931523
leaf_count=7 63 78 38 143 97 30 528 26 22 42 572 39 195 4125 68 44 65 36 39 28 154371 18 58 54 72 34 413 27 33 48 34 29 76 22 70 135 66 37 736 156 82 41 48 452 1614 157 426
internal_value=-0.00108152 -0.033323 0.111837 0.0593805 -0.0348381 -0.0350807 0.0125572 0.0573119 -0.0169755 -0.00631963 -0.0353115 -0.0021299 0.101789 0.113815 0.10325 0.0437939 0.0507979 0.109662 0.0606431 -0.0355191 -0.0355544 -0.0124402 0.00302913 0.0750807 -0.0355811 -0.0243818 -0.00226465 0.0320958 -0.0273601 0.0402373 0.0529681 -0.0260295 0.00910722 -0.00529437 0.0465175 -0.0195726 -0.0357541 -0.00697042 0.111512 0.097446 0.0715464 0.047556 -0.035772 -0.0316407 -0.0342209 -0.0276803 -0.035781
internal_weight=5167.85 4020.59 1147.26 42.8793 3976.76 3966.98 18.7986 9.78438 15.6099 20.553 3948.18 24.7192 43.8277 1104.38 241.779 24.3506 9.48255 217.428 9.20192 3923.46 3922.28 8.88017 5.92488 15.4704 3921.97 62.155 19.6253 9.10596 15.7668 8.95247 6.76227 16.263 4.33058 6.98492 8.71412 5.55301 3859.82 2.7622 208.226 56.1546 24.6217 18.5094 3857.06 14.9712 42.5296 7.28157 3855.67
internal_count=165594 159201 6393 729 158863 158682 580 181 550 586 158102 802 338 5664 1539 381 143 1158 107 157300 157272 213 155 168 157265 2317 631 218 605 197 149 523 115 191 114 169 154948 103 1051 315 159 123 154845 494 1686 195 154797
is_linear=0
shrinkage=0.035


Tree=9
num_leaves=40
num_cat=0
split_feature=1 50 30 12 7 38 28 15 54 17 32 9 15 28 1 15 9 14 34 14 55 15 16 7 17 32 14 1 2 14 54 15 27 38 2 15 1 27 9
split_gain=13955.7 623.657 67.878 124.785 92.1686 64.9252 48.4997 36.4629 35.96 43.9256 58.9164 40.8839 28.2991 21.2336 16.5251 15.9693 19.7099 10.8566 30.4248 31.7725 8.18599 6.75236 5.75649 4.94957 4.24863 7.34322 2.88637 2.7384 2.51561 2.49713 2.35882 2.2455 1.55637 1.86866 1.51411 1.36091 1.1169 0.460585 0.180489
threshold=0.1259698569774628 1.0000000180025095e-35 0.2788888961076737 0.69330620765686046 0.24068965017795566 0.84523808956146251 0.64174234867095958 0.80810147523880016 0.63161578774452221 0.44949495792388922 0.23603308200836184 0.93440860509872448 0.87570226192474376 0.4048349410295487 0.082333475351333632 0.89512962102890026 0.94494947791099559 0.44092722237110143 0.91666665673255932 0.23392613232135775 0.088180061429739012 0.45867486298084265 0.8589511811733247 0.70678734779357921 0.76388889551162731 0.58007633686065685 0.83096903562545787 0.016972935758531097 0.17189858108758929 0.81120249629020702 0.70973089337348949 0.64326766133308422 0.38724207878112799 0.46428571641445165 0.54586797952651989 0.93957647681236278 0.0034525701776146893 0.45478595793247228 0.70064935088157665
decision_type=2 2 2 2 2 2 2 2 2 2 2 2 2 2 2 2 2 2 2 2 2 2 2 2 2 2 2 2 2 2 2 2 2 2 2 2 2 2 2
left_child=1 5 3 4 -2 6 8 13 20 26 11 12 22 -6 31 16 29 18 19 -4 21 -1 23 -11 35 -26 38 -12 -21 -3 -28 -7 -15 -34 -24 -22 -37 -27 -10
right_child=2 15 17 -5 7 14 -8 -9 9 10 27 -13 -14 32 -16 -17 -18 -19 -20 28 24 -23 34 -25 25 37 30 -29 -30 -31 -32 -33 33 -35 -36 36 -38 -39 -40
leaf_value=-0.021526878161242099 0.13410757644900084 -0.024164264657975519 0.10317914460791246 0.11334246240067135 0.060155838013315789 -0.019976873409181792 0.084716091631361221 0.086191786887201055 -0.011218802053207267 -0.01108576901095434 -0.033742074890481255 0.12429771278994893 0.10310442195485683 0.0020074928563545099 0.11802606531782917 0.10867157370738874 0.082232544399940183 0.10632525365080679 0.10311719559010388 0.0099353918696611868 -0.035744959371846359 0.062912333194704614 -0.030939515439125289 0.056934356499031176 0.033228296605075126 -0.030756399420480144 -0.020823628811025452 0.013618425758674889 -0.025542827628601036 0.018120716864974341 0.028845258715493646 0.029362121263787292 -0.034006870328705821 0.0021723406999621035 0.0035429584739656746 -0.020867812498643383 0.013452584000598811 -0.0014649949208008733 -0.035154101301858157
leaf_weight=1.7230433952063315 6.3852155581116667 2.160280637443063 3.576526101678609 37.793250173330307 2.7619688399136129 1.4682649038732045 3.2126396913081399 3.7796790264546862 2.0081297010183325 1.9670364167541285 16.549228604882959 6.0717883817851535 2.6942298412322989 1.5025021620094801 3.1431620381772518 30.943950667977333 10.42058813944459 1089.2221068535 21.05028985440731 3.3896018732339126 3728.1906902827322 1.0897975042462347 6.1849315799772739 1.5995482616126535 2.4050217811018211 6.5548831317573786 1.6118462905287736 0.99739220924675365 4.6835346948355436 2.7123676314949989 1.1147806234657762 1.0687061399221418 21.536692664027218 1.5748487748205651 1.5267738848924635 1.6190224140882485 1.0708774402737615 1.1139643546193836 51.596153842285275
leaf_count=63 41 58 38 210 35 57 57 25 76 60 639 72 41 32 34 164 77 5113 101 77 154790 33 175 42 52 255 65 26 94 39 33 30 595 32 28 65 38 23 2109
internal_value=-0.00108539 -0.0332286 0.103364 0.0692197 0.0229211 -0.0347737 -0.0349563 -0.00321908 -0.0350794 -0.0134414 0.0155533 0.0553672 0.0188784 -0.0182894 0.0749139 0.0932517 0.0570819 0.10559 0.078573 0.0293005 -0.0356176 0.01819 -0.0077156 0.024441 -0.0356638 -0.0110454 -0.0327852 -0.0302721 -0.0108079 -0.000952738 0.000835414 0.00224299 -0.0292334 -0.0314086 -0.0240878 -0.0357264 -0.00631308 -0.0275651 -0.0345434
internal_weight=5090.08 3892.82 1197.26 75.3342 37.5409 3846.58 3840.9 31.1557 3837.69 93.9218 37.5909 20.0443 13.9725 27.376 5.68013 46.2372 15.2932 1121.92 32.7 11.6497 3743.77 2.81284 11.2783 3.56658 3740.95 10.0739 56.3309 17.5466 8.07314 4.87265 2.72663 2.53697 24.614 23.1115 7.71171 3730.88 2.6899 7.66885 53.6043
internal_count=165594 159201 6393 970 760 158863 158742 719 158685 3366 1083 418 346 694 121 338 174 5423 310 209 155319 96 305 102 155223 330 2283 665 171 97 98 87 659 627 203 154893 103 278 2185
is_linear=0
shrinkage=0.035


Tree=10
num_leaves=43
num_cat=0
split_feature=1 50 29 29 17 17 36 38 35 22 17 9 36 14 28 2 15 9 14 29 9 28 29 34 28 8 8 12 12 9 17 16 2 30 28 17 2 8 8 12 8 12
split_gain=12763.9 580.427 69.2589 65.4331 106.403 35.5072 46.8076 23.7691 21.9616 16.6821 84.6159 40.2987 14.0598 52.4995 42.4187 24.9344 13.3022 15.3559 10.7869 8.61719 7.69859 7.13704 7.1167 38.5513 6.41482 27.1913 15.4576 6.4113 6.07271 4.87686 4.3048 3.45368 2.10132 1.92792 1.84309 1.03601 1.57281 0.68301 0.624125 0.560656 0.346311 0.147168
threshold=0.1259698569774628 1.0000000180025095e-35 0.6926884949207307 0.6926884949207307 0.44949495792388922 0.76388889551162731 1.0000000180025095e-35 0.30952382087707525 1.0000000180025095e-35 1.0000000180025095e-35 0.44949495792388922 0.93440860509872448 1.0000000180025095e-35 0.62767899036407482 0.78024387359619152 0.55470266938209545 0.90070420503616344 0.94494947791099559 0.83096903562545787 0.50920382142066967 0.69804355502128612 0.60723635554313671 0.60326328873634349 0.21111111342906955 0.68599441647529613 0.90521115064620983 0.60495716333389293 0.54141855239868175 0.77224791049957286 0.33687943220138555 0.095454547554254546 0.47478812932968145 0.54586797952651989 0.2788888961076737 0.84918582439422619 0.080128207802772536 0.21820348501205447 0.8452991545200349 0.46265329420566564 0.62857428193092357 0.82972848415374767 0.58878102898597728
decision_type=2 2 2 2 2 2 2 2 2 2 2 2 2 2 2 2 2 2 2 2 2 2 2 2 2 2 2 2 2 2 2 2 2 2 2 2 2 2 2 2 2 2
left_child=1 2 5 4 8 9 -7 21 30 10 18 20 -5 14 15 29 17 32 -1 -8 -12 41 -11 37 25 26 -15 -22 40 -14 31 -2 -3 -28 -16 36 -31 38 -24 -32 -29 -4
right_child=3 16 7 12 -6 6 19 -9 -10 22 11 -13 13 24 34 -17 -18 -19 -20 -21 27 -23 23 -25 -26 -27 33 28 -30 35 39 -33 -34 -35 -36 -37 -38 -39 -40 -41 -42 -43
leaf_value=-0.035004285420490736 -0.01416546687364372 0.021052881893928156 -0.025795555077179004 0.10042335983246893 0.10035220580646059 0.089918724933044092 -0.032987406418088686 0.10665710797823391 0.066448980914073238 -0.035804642776298773 0.066310193490778976 0.11263806904179643 0.025301058127245042 0.075009873880899025 0.048947701810316976 0.087343016910143498 0.10090630750026601 0.076419415654402231 0.049339318819043229 0.044545999986088353 0.050661022453917362 0.047898800336733938 -0.0014680005932003438 0.13154608674464607 0.098123898291403125 0.1012771223041969 -0.017712948603493223 -0.030547429423191875 0.02654000114951002 -0.022240845039269184 -0.03341577983545195 0.042484766819613155 -0.016220659218611211 0.013269329186025884 0.089156846044961505 -0.02984225156666721 0.015506173618706459 0 -0.033106405982313472 -0.002443136948322005 -0.0090895727797165957 -0.0036824012480335768
leaf_weight=126.30566197633743 2.3939580172300405 3.1700678709894428 2.778772968798874 917.81419242545962 24.547065541148186 5.4897566959261903 12.119350431486962 4.2937030158936977 3.1443039625883094 3528.0342433936894 1.3670071754604602 5.7029195111244908 2.1704009436070946 4.2083193548023701 7.1168294921517399 2.667535461485385 31.127054557204247 11.746472682803869 1.0163320619612921 1.108520898967982 1.3887002188712347 1.8098048083484171 1.1563590411096836 1.0650644078850735 210.13016837090254 15.515150621533394 3.9289867077022791 6.0873412396758777 2.8243603818118563 1.807919800281524 12.497445980086921 1.1650418937206266 2.3087739069014788 3.8682548366487026 15.712065890431402 8.2936774641275388 1.5779460556805132 1.0080279782414425 12.953608918935059 1.191824061796068 2.9823417123407125 1.2786163818091152
leaf_count=5383 82 71 91 4094 143 86 479 27 25 151559 47 72 27 29 57 14 156 81 28 15 43 30 43 25 945 73 53 208 60 53 418 31 30 30 85 175 29 40 522 30 72 33
internal_value=-0.00108913 -0.0331351 -0.0347094 0.0962832 0.0527455 -0.0349643 0.0124104 0.052848 -0.00640846 -0.0352087 -0.0233025 0.0414597 0.0978724 0.0890765 0.0494474 0.00575011 0.0861868 0.0553186 -0.0339245 -0.0235697 0.00810054 0.00316286 -0.0356971 -0.0113315 0.0953882 0.0716698 0.028293 -0.00186836 -0.0117263 -0.0145527 -0.0227955 0.00886254 0.00472638 -0.00218346 0.0793488 -0.023646 -0.00432672 -0.0291513 -0.0310139 -0.0313074 -0.0254425 -0.0216251
internal_weight=5008.87 3769.12 3720.77 1239.75 44.9396 3710.61 18.7176 10.1609 20.3926 3691.89 147.675 20.3527 1194.81 276.997 39.3464 16.5175 48.3524 17.2253 127.322 13.2279 14.6498 5.86719 3544.22 16.1831 237.651 27.5207 12.0056 13.2827 11.894 13.8499 17.2483 3.559 5.47884 7.79724 22.8289 11.6795 3.38587 15.118 14.11 13.6893 9.06968 4.05739
internal_count=165594 159201 158863 6393 729 158682 580 181 586 158102 5913 502 5664 1570 440 298 338 182 5411 494 430 154 152189 630 1130 185 112 383 340 284 561 113 101 83 142 257 82 605 565 448 280 124
is_linear=0
shrinkage=0.035


Tree=11
num_leaves=48
num_cat=0
split_feature=1 54 29 29 17 17 17 32 1 34 35 34 14 29 54 17 27 9 15 12 27 15 9 11 2 17 29 16 14 17 29 38 9 6 16 0 11 14 14 54 9 29 27 14 9 14 11
split_gain=11747.6 544.292 66.7153 56.2405 93.5186 44.1847 31.3042 40.8301 23.8931 21.4144 20.4616 12.6772 49.0079 33.8616 11.9103 19.1957 22.6113 36.7201 10.7046 10.589 9.74153 5.69788 6.59037 12.5586 5.41245 20.6051 4.9677 7.06728 4.68739 4.22045 3.79851 17.3378 3.75412 3.44541 3.38353 2.16164 1.17548 1.09421 0.945801 0.700314 0.781016 0.667993 0.596013 0.304312 0.214889 0.0583104 0.0173684
threshold=0.1259698569774628 0.81016731262207042 0.6926884949207307 0.6926884949207307 0.44949495792388922 0.44949495792388922 0.76388889551162731 0.23603308200836184 0.075869578868150725 0.21111111342906955 1.0000000180025095e-35 0.36666667461395269 0.62767899036407482 0.82078272104263317 0.63161578774452221 0.44949495792388922 1.0000000180025095e-35 0.94494947791099559 0.81120249629020702 0.58488884568214428 0.65240275859832775 0.93957647681236278 0.94494947791099559 0.89379698038101207 0.54586797952651989 0.11805555596947671 0.7353600561618806 0.86391696333885204 0.64565756916999828 0.095454547554254546 0.60326328873634349 0.30952382087707525 0.75716626644134533 0.2152509689331055 0.48050633072853094 0.7590814232826234 0.98936170339584362 0.58280590176582348 0.86616915464401256 0.36232592165470129 0.57359308004379284 0.48499850928783422 0.41943350434303289 0.87112742662429821 0.70064935088157665 0.33534136414527899 0.69883719086647045
decision_type=2 2 2 2 2 2 2 2 2 2 2 2 2 2 2 2 2 2 2 2 2 2 2 2 2 2 2 2 2 2 2 2 2 2 2 2 2 2 2 2 2 2 2 2 2 2 2
left_child=1 2 6 4 10 18 14 -8 41 28 29 12 13 19 20 38 17 32 36 37 30 22 23 -7 25 33 27 -14 -4 34 -1 39 -17 -15 46 43 -3 45 44 40 -32 -9 -31 -34 -16 -5 -2
right_child=3 5 9 11 -6 21 7 8 -10 -11 -12 -13 26 24 15 16 -18 -19 -20 -21 -22 -23 -24 -25 -26 -27 -28 -29 -30 42 31 -33 35 -35 -36 -37 -38 -39 -40 -41 -42 -43 -44 -45 -46 -47 -48
leaf_value=-0.035692594659313827 -0.0027015484263941663 -0.029476600007219501 -0.026067963669279146 -0.0086120197294050817 0.093433885847809053 -0.015188849103643513 0.10550937975072147 -0.033056917455371947 0.096337587010154782 0.097000287542503449 0.062811173892375241 0.094077614205336502 0.010495788990827181 0.093595321779946131 -0.010503169481862921 0.029683460996150973 -0.032702193277381733 0.10212177085499533 0.052597086145698947 0.048479621035690985 0.040433617540140757 0.1007685718125426 0.078780460850577272 0.066886666660439853 0.085454190446560899 -0.014267872894381171 0.090724121830934118 0.074662610527178666 0.029148997906741612 -0.0019758007533286028 0 0.07952725663282921 -0.030017959123239325 0.038101454357784545 0.041833204181909403 0.0099962396381590886 0.00082725489204968968 0.0007714426790574046 0 0 -0.032832696841461118 -0.00016735550426318785 -0.033338546904395402 -0.0038606212192976511 -0.034994749677607656 -0.030858761544787797 -0.017764261479212902
leaf_weight=3471.4409914556891 1.2304903715848992 4.9554641973227245 2.8817228432744724 1.6478118877857904 25.497883819043636 3.4010865706950453 3.3005767017602947 12.745911458507178 1.0673376321792591 4.8515465408563614 3.2656583040952674 960.07386358827353 3.8440148998051864 4.8615235053002852 1.9267779365181912 1.6049260124564195 11.100483970716594 4.688995696604251 2.3903621546924114 2.3941691834479562 1.2406171262264241 23.366281904280186 18.499736156314611 4.2467923741787672 11.578554250299929 4.5153921507298937 221.7640695348382 5.5858185663819313 2.6541334353387356 1.1801803316920985 0.98691958002745828 1.0865608528256405 5.3308236673474294 5.2515840902924538 1.1801842022687195 1.926722530275583 1.757822500541806 1.6501990538090465 0.94814188405871291 0.96698505990207273 11.934908617287872 1.0387415066361416 12.125368239358066 1.3065110407769678 45.469996312633157 5.869220744818449 1.1593234650790689
leaf_count=154346 42 181 96 38 143 41 25 519 11 29 25 4125 54 40 76 39 450 47 31 17 28 111 104 58 55 53 989 38 56 41 38 28 165 66 30 35 57 25 39 39 504 20 407 40 1988 164 41
internal_value=-0.00108847 -0.0330427 -0.0347768 0.0903409 0.0502082 0.0719202 -0.0350386 0.0101644 -0.0161227 0.0503124 -0.0061793 0.0917863 0.0832762 0.0443225 -0.0352728 -0.0208039 0.00331601 0.0308114 0.000500587 -0.0051496 -0.035574 0.0847123 0.0670516 0.0324465 0.0656632 0.0453091 0.0894064 0.0523552 0.000279339 -0.0224927 -0.0356136 -0.0159944 -0.00795628 0.0711147 0.00871325 -0.0177421 -0.0220095 -0.0228906 -0.0336305 -0.0285419 -0.0305425 -0.0309942 -0.031134 -0.026507 -0.034309 -0.0279767 -0.014126
internal_weight=4923.79 3649.12 3590.5 1274.68 45.6391 58.6175 3580.11 18.1526 14.852 10.3874 20.1412 1229.04 268.962 37.7685 3561.96 74.3034 25.9585 14.858 9.10365 11.5614 3487.66 49.5139 26.1476 7.64788 26.2071 14.6285 231.194 9.42983 5.53586 16.8755 3486.42 14.9754 10.169 10.1131 3.57 8.56406 6.71329 9.16723 48.3449 13.8888 12.9218 13.7847 13.3055 6.63733 47.3968 7.51703 2.38981
internal_count=165594 159201 158618 6393 729 583 158437 575 550 181 586 5664 1539 458 157862 2879 776 326 269 244 154983 314 203 99 214 159 1081 92 152 561 154955 609 279 106 113 240 238 227 2103 581 542 539 448 205 2064 202 83
is_linear=0
shrinkage=0.035


Tree=12
num_leaves=42
num_cat=0
split_feature=1 54 29 12 38 17 17 32 27 2 34 6 6 38 29 31 8 15 2 54 17 14 15 9 11 28 38 1 29 0 9 9 2 2 11 14 6 55 9 15 55
split_gain=10866.5 515.08 68.3601 76.4446 52.8945 38.4482 26.725 88.5889 28.0462 19.7247 66.3092 65.927 53.627 19.4278 17.9827 12.565 11.2915 10.0057 6.44366 5.65983 13.4608 7.34327 5.075 5.66664 11.2841 5.03482 4.00706 3.25534 2.85778 2.54797 2.17107 1.73871 7.28842 1.58949 1.15478 0.941095 0.394249 0.363848 0.222203 0.157873 0.150843
threshold=0.1178606152534485 0.81016731262207042 0.6569296419620515 0.74453234672546398 0.84523808956146251 0.44949495792388922 0.64583334326744091 0.23603308200836184 0.5914268195629121 0.51850178837776195 0.26785714924335485 0.2152509689331055 0.75905716419219982 0.46428571641445165 0.50112107396125805 0.56385868787765514 0.17267081141471866 0.81120249629020702 0.46273414790630346 0.63161578774452221 0.44949495792388922 0.73499399423599254 0.93957647681236278 0.94494947791099559 0.89379698038101207 0.64174234867095958 0.30952382087707525 0.082333475351333632 0.87559524178504955 0.73316389322280895 0.47690120339393621 0.99230769276618969 0.66425621509552013 0.3529070913791657 0.98936170339584362 0.86616915464401256 0.79784947633743297 0.77593311667442333 0.70064935088157665 0.93957647681236278 0.50999787449836742
decision_type=2 2 2 2 2 2 2 2 2 2 2 2 2 2 2 2 2 2 2 2 2 2 2 2 2 2 2 2 2 2 2 2 2 2 2 2 2 2 2 2 2
left_child=1 4 3 13 6 17 16 -8 27 10 11 -4 15 30 40 18 -1 34 26 25 35 29 23 24 -7 39 28 -9 -13 -22 -2 33 -33 -23 -3 38 -32 -35 -21 -18 -6
right_child=2 5 9 -5 14 22 7 8 -10 -11 -12 12 -14 -15 -16 -17 19 -19 -20 20 21 31 -24 -25 -26 -27 -28 -29 -30 -31 36 32 -34 37 -36 -37 -38 -39 -40 -41 -42
leaf_value=0.051756224667311723 0.0082497755105683853 -0.02929508098047489 0.10033063277417659 0.093273495705868764 -0.017398678190569828 -0.014904472146674433 0.096802476802948165 -0.034998641897615111 0.1036399824099401 0.088452677061229168 0.087178539952694339 -0.032631395370851836 0.079370517622509351 0.046491643595965901 0.10551876598121834 0.05478972756363211 -0.035680525830790212 0.049919386691876323 0.018843824680023415 -0.010329748973334959 0 0.0084109370896595943 0.093945846989037532 0.073467556718656027 0.062347336233123385 0.017871650475518894 0.016215451743944575 0.016295006346824258 0.002705055372156821 0.051897272648937787 -0.033447907329029795 0.055174226031651188 -0.02510475667823869 -0.030233662690937493 0.00080840068275589579 0 -0.0036447361432374661 -0.0029228176317680787 -0.034938365836228655 -0.012391632266739368 0
leaf_weight=0.95282591320574184 1.3089693654328609 4.8202407676726562 15.661083366721867 14.750301934778689 1.1313505377620452 3.3644049689173725 7.1277096662670365 43.645351987332106 0.93689445219933887 1068.5964602511376 148.82485767826438 17.774127272889032 11.101417683064936 4.8131534643471232 3.4444243609905243 2.5349785648286334 3340.0125338956714 2.4823823347687721 4.7164425775408736 1.9076845441013563 1.8168602921068693 1.2996570747345666 24.241984650492668 19.202333256602287 4.4652582164853811 1.5092867948114861 2.1333561278879634 0.92587639391422172 2.913423463702201 2.8720468021929264 13.177368510514496 1.2343861479312175 2.6376577913761139 5.551396569237113 1.7591572422534225 0.94814188405871291 1.1172115821391333 1.2352402582764623 43.977273512631655 2.1650098972022525 0.97530313953757275
leaf_count=31 42 181 98 73 48 41 71 1902 8 4523 653 399 72 63 33 20 153577 31 58 76 47 41 111 104 58 37 31 22 33 55 476 19 109 176 57 39 26 39 1988 90 36
internal_value=-0.00108681 -0.0330572 0.0849752 0.035294 -0.0348286 0.0675602 -0.035009 -0.00993967 -0.0284553 0.0863148 0.0748152 0.0414332 0.0170999 -0.00882995 0.0652794 -0.00758974 -0.0353921 0.00055303 -0.0151735 -0.0354326 -0.0240916 0.00266811 0.0790984 0.0627822 0.0308274 -0.0356396 -0.0228468 -0.0335221 -0.0275983 0.03584 -0.0278779 -0.0118307 0.00584108 -0.0203894 -0.0217397 -0.0335336 -0.031738 -0.026726 -0.034232 -0.0356702 -0.0121738
internal_weight=4836.07 3526.64 1309.42 35.167 3466.31 60.3358 3460.76 52.6358 45.5081 1274.26 205.66 56.8348 41.1737 20.4167 5.55108 30.0723 3408.12 9.06178 27.5373 3407.17 63.4803 16.6472 51.274 27.032 7.82966 3343.69 22.8209 44.5712 20.6876 4.68891 15.6035 11.9583 3.87204 8.08629 6.5794 46.8331 14.2946 6.78664 45.885 3342.18 2.10665
internal_count=165594 159027 6567 680 158444 583 158327 2003 1932 5887 1364 711 613 607 117 541 156324 269 521 156293 2589 486 314 203 99 153704 463 1924 432 102 544 384 128 256 238 2103 502 215 2064 153667 84
is_linear=0
shrinkage=0.035


Tree=13
num_leaves=43
num_cat=0
split_feature=1 54 29 12 38 16 28 34 2 6 6 54 10 32 9 29 15 30 11 15 9 16 55 1 2 15 29 38 14 1 16 0 29 8 16 23 10 1 2 14 9 55
split_gain=10094 487.857 60.484 56.0675 50.4206 30.2352 25.3901 24.2553 72.6023 69.7365 52.5788 23.0655 25.4345 36.0208 27.8074 15.9644 15.7421 12.6719 8.53572 7.29353 9.23225 7.7321 6.34137 6.17704 6.16581 4.48609 10.4798 3.96358 3.84349 3.42377 3.35427 3.22595 2.93623 2.10256 1.82655 0.885286 17.9426 0.865977 0.804257 0.547119 0.230098 0.147353
threshold=0.1178606152534485 0.81016731262207042 0.6253834366798402 0.75285038352012645 0.84523808956146251 0.84889996051788341 0.68599441647529613 0.26785714924335485 0.51850178837776195 0.2152509689331055 0.75905716419219982 0.63161578774452221 0.44949495792388922 0.23603308200836184 0.99230769276618969 0.50112107396125805 0.90070420503616344 0.56385868787765514 0.98936170339584362 0.89512962102890026 0.94494947791099559 0.89512962102890026 0.088180061429739012 0.25371789932250982 0.46273414790630346 0.93957647681236278 0.50112107396125805 0.30952382087707525 0.45393940806388861 0.21894425153732303 0.91596046090126049 0.7590814232826234 0.87559524178504955 0.41060766577720648 0.81530213356018078 1.0000000180025095e-35 0.44949495792388922 0.014242867939174177 0.58757218718528759 0.73123827576637279 0.70064935088157665 0.50999787449836742
decision_type=2 2 2 2 2 2 2 2 2 2 2 2 2 2 2 2 2 2 2 2 2 2 2 2 2 2 2 2 2 2 2 2 2 2 2 2 2 2 2 2 2 2
left_child=1 4 3 23 6 18 11 8 9 -4 17 22 30 14 16 41 31 24 -3 20 21 -7 28 33 27 35 39 32 -1 -9 40 34 -11 -2 -14 -24 -37 -15 -10 -27 -13 -6
right_child=2 5 7 -5 15 19 -8 29 38 10 -12 12 13 37 -16 -17 -18 -19 -20 -21 -22 -23 25 -25 -26 26 -28 -29 -30 -31 -32 -33 -34 -35 -36 36 -38 -39 -40 -41 -42 -43
leaf_value=-0.018467054086350108 0.0064508166179277392 -0.029561576131147068 0.095610690263674802 0.088647001249350627 -0.017228302121609359 0.049479031369847416 0.085756539976632309 0.1066908441165159 0.061667918971975648 -0.032914817949997469 0.073871001164312111 -0.010158702413445126 0.0069206774714534675 -0.033325551855901275 0.093265111669043652 0.098060574582777837 0.076901452465733197 0.052264117440795906 0.042868695999928437 0.082149937859269245 0.06440165538512492 -0.02158563706812873 -0.03571327679011959 0.02907387411090754 0.01556701282321114 0 0.063345181241812737 0.014583613135889198 0.048782469138289042 0.083508263656956461 0.017812644249984171 0.017890874674905098 0.0026310061836471508 -0.033084022162148362 -0.031062771497710025 -0.033766789374182773 0.038853031147341129 0 0.083275021886321271 -0.029681461901395596 -0.034892866583288641 0
leaf_weight=1.2583747114986175 1.4012999273836637 4.7775595877319565 16.550759304314852 8.6353189982473832 1.1127685438841575 2.2199792359024295 1.2003999911248673 21.516136392951012 18.501874506473541 20.161844283342372 11.525098575279115 1.8890808708965767 1.3781025055795906 14.405965674668547 6.2905000858008853 3.6488830056041479 1.9722756091505296 2.6113901957869521 2.0380124673247337 37.042787864804268 12.270584458485246 3.504929231479764 3181.6269624177366 1.8685064893215884 5.0570240151137105 0.99774989672005077 1.0625104755163191 2.2292244620621195 1.0188066456466911 1041.424524769187 0.90085298754274745 2.1210825592279434 2.9186332039535037 11.171985695138572 6.4547413792461157 71.03056831471622 3.5670819729566565 0.90049210563302118 166.50553602725267 5.3716679606586695 42.960919098928571 0.97530313953757275
leaf_count=52 45 166 102 44 48 55 10 115 110 499 74 76 42 624 52 33 20 20 56 177 75 54 151338 19 68 35 16 34 30 4300 36 37 33 404 198 3375 118 31 700 233 2004 36
internal_value=-0.00108449 -0.032969 0.0805935 0.0230025 -0.0347726 0.0637174 -0.0349573 0.0815878 0.0705082 0.036439 0.0127385 -0.0350273 -0.0160043 0.00698622 0.039354 0.0616355 0.00563231 -0.0100682 -0.00474158 0.0721907 0.0482603 0.00871085 -0.0354829 -0.0192212 -0.0170354 -0.035525 -0.0067258 -0.0240267 0.0162569 0.0840807 -0.0327141 -0.0139008 -0.0283519 -0.0282693 -0.0239568 -0.0355876 -0.02978 -0.0313721 0.0814761 -0.0258991 -0.0341717 -0.0120257
internal_weight=4746.08 3414 1332.08 23.0771 3352.15 61.8539 3346.41 1309 246.061 61.054 44.5032 3345.21 79.274 33.5232 18.2167 5.73695 11.9262 32.9781 6.81557 55.0383 17.9955 5.72491 3265.93 14.4418 30.3667 3263.66 7.43193 25.3097 2.27718 1062.94 45.7509 9.95393 23.0805 12.5733 7.83284 3256.22 74.5977 15.3065 185.007 6.36942 44.85 2.08807
internal_count=165594 159027 6567 512 158444 583 158327 6055 1640 830 728 158317 3120 1004 349 117 297 654 222 361 184 109 155197 468 634 155115 284 566 82 4415 2116 277 532 449 240 154831 3493 655 810 268 2080 84
is_linear=0
shrinkage=0.035


Tree=14
num_leaves=42
num_cat=0
split_feature=1 54 29 2 38 17 17 32 30 2 34 6 6 29 36 8 15 38 28 10 54 10 14 28 15 9 11 2 9 22 9 15 12 11 14 28 0 9 15 7 27
split_gain=9410.35 462.914 53.6286 51.5426 48.1458 30.6342 26.9557 75.071 25.8672 22.2746 64.6123 61.174 47.9565 14.2687 12.3542 10.9967 8.98368 6.81596 6.85557 6.47345 5.90885 13.2105 6.37181 4.93687 4.58412 4.33761 9.98649 2.16651 2.10091 1.6031 6.1204 1.34689 1.34221 1.05407 0.929124 0.875778 0.243922 0.236611 0.186558 0.147599 0.0235361
threshold=0.1178606152534485 0.81016731262207042 0.6253834366798402 0.62731361389160167 0.84523808956146251 0.44949495792388922 0.64583334326744091 0.23603308200836184 0.18019481003284457 0.51850178837776195 0.26785714924335485 0.2152509689331055 0.75905716419219982 0.50112107396125805 1.0000000180025095e-35 0.17267081141471866 0.81120249629020702 0.46428571641445165 0.82972848415374767 0.44949495792388922 0.63161578774452221 0.44949495792388922 0.73499399423599254 0.64174234867095958 0.93957647681236278 0.94494947791099559 0.89379698038101207 0.51369920372962963 0.50423729419708263 1.0000000180025095e-35 0.94392031431198131 0.78830561041831981 0.61085417866706859 0.98936170339584362 0.86616915464401256 0.51690155267715465 0.72156745195388805 0.70064935088157665 0.93957647681236278 0.64241620898246776 0.77158385515213024
decision_type=2 2 2 2 2 2 2 2 2 2 2 2 2 2 2 2 2 2 2 2 2 2 2 2 2 2 2 2 2 2 2 2 2 2 2 2 2 2 2 2 2
left_child=1 4 3 19 6 16 15 -8 35 10 11 -4 14 39 -13 -1 33 18 31 28 23 34 27 38 25 26 -7 -23 -2 30 32 40 -24 -3 37 -9 -34 -22 -17 -6 -16
right_child=2 5 9 -5 13 24 7 8 -10 -11 -12 12 -14 -15 17 20 -18 -19 -20 -21 21 22 29 -25 -26 -27 -28 -29 -30 -31 -32 -33 36 -35 -36 -37 -38 -39 -40 -41 -42
leaf_value=0.049919108157225091 0.0066290896097713145 -0.029012100443057891 0.08908706838350551 0.086530797069392013 -0.017103064877431889 -0.015244069124110872 0.083266540859473187 -0.03486654108631998 0.081133923674485325 0.079869588223652088 0.078287164159826658 0.037557796217482203 0.069860845969553567 0.091548964594005272 -0.034316502590755575 -0.035617525009271261 0.045669848650480113 0.03367784687981934 0.017435593269458538 0.026149299532314405 -0.0099900206874407541 0 0.0085947933466098535 0.017237158902342897 0.083447241147212248 0.064599697050350319 0.056312940635822484 0.047230325533992992 -0.033025551892682872 -0.027431059407880026 0.047049684378135288 0 -0.028058813941272735 0 0 0 -0.0033395478304542739 -0.034829853165184728 -0.011875937675893976 0 -0.010355741595972322
leaf_weight=0.99126004800200362 1.3897245544940258 4.6137271858751756 17.201951444149017 8.401216406375168 1.0993111655116075 3.3818303849548119 7.9382548555731764 40.355356469750404 1.5778486542403687 1108.9763908218592 155.90024926885962 4.6956354677677146 11.812168298289178 3.8391816467046738 19.25687089376153 3119.8052552398294 2.6302477158606052 1.8589063156396139 3.4800347983837119 2.4931036718189707 1.8709523733705271 1.8268895931541944 1.2878567148000009 1.5316649768501509 25.576250307261944 20.42244466394186 4.7726282998919487 3.0632636044174433 10.717793922871349 3.656375024467704 1.4299980998039243 1.7218864746391762 3.9213521592319012 1.8310609124600885 0.95172633975744148 0.96823342703282733 1.2533839568495748 41.263634864240885 2.0990932788699856 0.97064602747559536 1.5643743555992831
leaf_count=31 44 181 102 40 48 41 71 1884 22 4563 662 59 74 33 496 153577 31 25 25 31 76 47 38 37 111 104 58 54 397 160 14 20 137 57 40 26 31 1992 90 36 29
internal_value=-0.00108006 -0.0328816 0.0767679 0.0223813 -0.0347171 0.0602427 -0.0349061 -0.00931031 -0.0280264 0.0776908 0.0662504 0.0349632 0.0124113 0.058336 -0.00977492 -0.0353105 0.000238657 -0.0188918 -0.0238838 -0.0174867 -0.0353538 -0.0235418 0.00295087 -0.0355739 0.0700481 0.0555217 0.0278309 0.0329886 -0.0280484 -0.0111043 -0.000912927 -0.0308807 -0.0168774 -0.0214766 -0.0333444 -0.0340957 -0.0241488 -0.0340825 -0.0356065 -0.0118799 -0.0332337
internal_weight=4654.4 3304.93 1349.47 23.0018 3241.7 63.2282 3235.79 50.8397 42.9014 1326.47 217.492 61.5918 44.3899 5.90914 32.5777 3184.95 9.07504 27.8821 26.0232 14.6006 3183.96 60.5254 16.4391 3123.44 54.1532 28.5769 8.15446 4.89015 12.1075 11.549 7.89259 22.5431 6.46259 6.44479 44.0863 41.3236 5.17474 43.1346 3121.9 2.06996 20.8212
internal_count=165594 159027 6567 512 158444 583 158327 2003 1932 6055 1492 830 728 117 654 156324 269 595 570 472 156293 2589 481 153704 314 203 99 101 441 380 220 545 206 238 2108 1910 168 2068 153667 84 525
is_linear=0
shrinkage=0.035


Tree=15
num_leaves=45
num_cat=0
split_feature=1 50 29 15 38 22 17 28 9 7 34 14 29 7 29 8 14 9 10 16 30 15 9 12 2 12 16 2 29 2 16 29 14 8 16 2 30 1 8 8 36 7 1 16
split_gain=8798.97 432.664 47.9832 57.885 45.9 30.8528 106.792 23.9453 20.6594 17.4094 16.8941 48.7854 29.3258 16.8463 12.8282 10.8946 10.3296 9.09837 19.0545 34.6231 14.2075 7.99752 10.7369 7.22635 6.29326 4.68981 5.33801 4.49777 8.18238 4.02498 17.6689 3.04554 2.73795 2.53362 1.70348 1.49319 1.17344 0.398523 0.361925 1.3026 0.25524 0.250434 0.149088 0.146399
threshold=0.1178606152534485 1.0000000180025095e-35 0.6569296419620515 0.75905716419219982 0.84523808956146251 1.0000000180025095e-35 0.44949495792388922 0.68599441647529613 0.93440860509872448 0.30368906259536749 0.36666667461395269 0.58759590983390819 0.82078272104263317 0.81120249629020702 0.50112107396125805 0.17267081141471866 0.83096903562545787 0.88067796826362621 0.095454547554254546 0.76253134012222301 0.35504202544689184 0.89512962102890026 0.94494947791099559 0.57100212574005138 0.56336912512779247 0.83034139871597301 0.85145786404609691 0.70000678300857555 0.54592314362525951 0.50184985995292675 0.30901856720447546 0.82078272104263317 0.70859703421592724 0.77346038818359386 0.8841681480407716 0.21820348501205447 0.2788888961076737 0.21894425153732303 0.77485185861587536 0.74601566791534435 1.0000000180025095e-35 0.85145786404609691 0.099711906164884581 0.72613638639450084
decision_type=2 2 2 2 2 2 2 2 2 2 2 2 2 2 2 2 2 2 2 2 2 2 2 2 2 2 2 2 2 2 2 2 2 2 2 2 2 2 2 2 2 2 2 2
left_child=1 4 3 9 5 6 16 15 13 -2 11 12 23 25 43 -7 -1 18 -13 31 33 22 34 40 -11 26 32 36 -29 30 -14 -20 -8 -21 -3 -32 42 -12 39 -28 -4 -5 -17 -6
right_child=2 21 10 41 14 7 8 -9 -10 24 37 17 29 -15 -16 27 -18 -19 19 20 -22 -23 -24 -25 -26 -27 38 28 -30 -31 35 -33 -34 -35 -36 -37 -38 -39 -40 -41 -42 -43 -44 -45
leaf_value=-0.034718925016239861 0.073040946970091947 0.015585228784702379 -0.00633215997768421 0.047657216036807705 -0.016961836289953354 0.048931684635341914 0.046486457008169557 0.079417085428113085 0.084243503138311721 -0.033805055749168977 0.096067572950848834 0.084398499309771849 0.080051457311314245 0.075158867387018755 0.085812189102020264 -0.035669368377140305 0.046768178533526876 0.075444570456484741 -0.033495287394770777 -0.0044303548597135201 0.068584009682230662 0.072958202025875732 0.055621153961995795 0.035576085802907234 0.029974300355784304 0.042979411964799472 -0.022599584565659626 -0.027466851623767146 0.054860946871580045 0.068185530376189935 -0.016939357838121168 0.004192570057409248 -0.0035324140423014022 0.030398033303302579 -0.018676358742098848 0.010867396385824736 0.0013787124729202718 0.076407213184700423 -0.030451762069991561 0.01376755751264363 -0.032521221307872987 0.082812788663823508 -0.023642126148612955 0
leaf_weight=107.22475736215711 1.4753511305898452 2.3038500957190999 1.4293473605066527 6.6773715149611244 1.0843437239527696 1.0122715458273877 1.5102367922663718 1.2983456552028645 9.043711209669711 14.260429644957183 17.233276359736919 22.738611165434122 4.2083665225654858 3.8515277653932563 4.0160336829721928 2984.1775381192565 1.0768213551491488 195.94660300388932 4.7863968200981599 4.0020038429647666 29.927511274814606 37.697023719549179 12.857233833521605 1.5913894623517979 1.3240717034786929 1.513121087104081 1.9612183980643734 3.6314547732472411 1.1706340443342922 8.2721088193356973 3.7836647722870111 4.1798798963427544 2.3523248489946127 4.6320164892822504 2.8024386335164309 3.6187154203653336 0.79433578625321288 1011.6544777750969 5.1155303735285997 1.0570324771106241 8.7310589011758584 11.647380813956261 10.808503169566391 0.96783604286611069
leaf_count=5383 27 61 26 54 48 30 52 10 80 534 81 108 43 52 33 151909 28 818 81 47 126 164 77 13 13 16 81 157 14 40 47 25 74 35 36 40 27 4081 134 38 276 52 487 36
internal_value=-0.00107635 -0.032795 0.0733907 0.0317396 -0.0345143 -0.0347068 -0.0180613 -0.0354461 0.0438715 -0.0143088 0.0744742 0.0660848 0.0238601 0.0192074 0.0553349 -0.0355234 -0.0334562 0.0709813 0.0576018 0.0432345 0.0573834 0.0631479 0.0396145 -0.018794 -0.0266946 -0.000583618 -0.00923186 -0.0355693 -0.00079772 0.0489312 0.0306166 -0.0169171 0.020843 0.015107 -0.00262425 -0.0032537 -0.0356236 0.0768329 -0.0246153 -0.00873564 -0.0300481 0.0733126 -0.035635 -0.0117353
internal_weight=4561.45 3199.33 1362.12 35.3846 3143.67 3137.6 134.706 3002.89 26.4047 17.0599 1326.74 297.848 31.6347 17.361 6.06821 3001.59 108.302 266.213 70.2664 47.5278 38.5615 55.6605 17.9635 11.7518 15.5845 13.5095 11.9963 3000.58 4.80209 19.8829 11.6107 8.96628 3.86256 8.63402 5.10629 7.40238 2995.78 1028.89 8.13378 3.01825 10.1604 18.3248 2994.99 2.05218
internal_count=165594 159027 6567 680 158689 158572 5938 152634 527 574 5887 1725 485 447 117 152624 5411 1240 422 314 208 338 174 315 547 395 379 152594 171 170 130 106 126 82 97 87 152423 4162 253 119 302 106 152396 84
is_linear=0
shrinkage=0.035


Tree=16
num_leaves=38
num_cat=0
split_feature=1 50 38 29 2 22 17 28 34 2 6 15 9 36 15 55 28 8 14 15 9 38 16 38 17 2 29 9 10 8 6 16 30 6 2 8 1
split_gain=8250.94 410.951 43.9518 43.3084 44.171 31.1578 101.443 23.0262 20.2452 52.339 54.3702 40.9397 17.4228 16.9986 15.5402 14.5924 13.9825 10.8828 10.0412 7.30209 9.67511 6.89899 6.45212 6.09313 5.30576 4.50109 7.79129 4.4687 2.11453 2.06098 1.8712 1.62446 1.17059 1.04307 1.00614 0.340665 0.192991
threshold=0.1178606152534485 1.0000000180025095e-35 0.84523808956146251 0.6253834366798402 0.62731361389160167 1.0000000180025095e-35 0.44949495792388922 0.68599441647529613 0.36666667461395269 0.51850178837776195 0.2152509689331055 0.83096903562545787 0.93440860509872448 1.0000000180025095e-35 0.89022758603096019 1.0000000180025095e-35 0.78024387359619152 0.90259328484535228 0.83096903562545787 0.89512962102890026 0.94494947791099559 0.46428571641445165 0.8589511811733247 0.46428571641445165 0.095454547554254546 0.70000678300857555 0.54592314362525951 0.75716626644134533 0.64583334326744091 0.81120249629020702 0.80982521176338207 0.8841681480407716 0.2788888961076737 0.78629976511001598 0.58757218718528759 0.84680575132370006 0.099711906164884581
decision_type=2 2 2 2 2 2 2 2 2 2 2 2 2 2 2 2 2 2 2 2 2 2 2 2 2 2 2 2 2 2 2 2 2 2 2 2 2
left_child=1 2 5 4 23 6 18 15 9 10 -5 13 14 -12 22 -7 21 24 -1 20 31 33 27 30 -4 32 -27 -8 35 -29 -2 -3 36 -15 -11 -24 -17
right_child=3 19 17 8 -6 7 12 -9 -10 34 11 -13 -14 16 -16 25 -18 -19 -20 -21 -22 -23 28 -25 -26 26 -28 29 -30 -31 -32 -33 -34 -35 -36 -37 -38
leaf_value=-0.034660442064032383 -0.032766152405932378 0.01505417870796363 0.045427228876227889 0.078121296621008154 0.078918162088647381 0.075675188556177664 0.061315587121298191 0.075900215296533124 0.073742252951561782 0.05467005886420493 0.04224709480581864 0.071480678141475712 0.077402232471969867 -0.033330064394385343 0.075466026288447008 -0.035642612334338339 0.025096371153109434 0.095158034579760936 0.04488602521604499 0.069251365648540134 0.052575820955571978 0.02586150212760285 -0.029285256879544863 0.022649842558536172 -0.023718404595310334 -0.027271312041919901 0.052836712468060994 -0.021198725793292367 0.012909346926588964 0.024287916231305495 0.0078319000117718762 -0.018398343759920045 0.001356577305944896 -0.0012758094530583128 0.072367920770589747 -0.0077330528612092869 -0.023252501648734811
leaf_weight=103.71010550297797 10.21192883141339 2.3363299835473308 1.3611105047166341 24.82370387762785 8.7063722386956197 0.52777190878987212 1.8448444940149809 1.3562330119311798 1041.2779886908829 22.949336403980851 7.6728048119693986 11.254689265042542 9.576816653832795 21.070388017222292 3.4654895495623341 2884.2999982777983 8.0545286033302528 2.6571804732084274 1.123786337673663 38.365772381424904 13.177856542170048 2.0794321801513425 4.8544367346912605 2.8467801790684453 2.1966925170272589 3.5382994320243588 1.2105285059660671 1.6457093451172116 1.666548805311322 1.2643632330000398 1.0462732836604107 2.7610654905438423 0.79534127190709014 1.6463989280164231 206.67596563324332 2.7745258118957281 10.464459184557198
leaf_count=5383 402 61 18 131 40 7 60 10 4189 124 72 53 80 540 34 151935 61 15 28 164 77 25 184 51 84 157 14 54 20 32 19 36 27 20 840 63 484
internal_value=-0.00106868 -0.0327088 -0.0344554 0.0704084 0.0212207 -0.0346522 -0.0177593 -0.0354125 0.0712222 0.0624295 0.036528 0.0154186 0.0415158 -0.00141386 0.0185853 -0.0354919 -0.0126617 0.0525917 -0.0333586 0.0599586 0.0376877 -0.0255598 0.000241217 -0.0170286 0.00612976 -0.0355394 -0.000603309 0.0301211 -0.0161443 0 -0.0283766 -0.00253742 -0.0355953 -0.0313063 0.070859 -0.0236572 -0.0356071
internal_weight=4467.29 3096.98 3040.33 1370.32 22.8114 3034.12 131.927 2902.19 1347.51 306.227 76.6019 51.7782 27.0927 40.5236 17.5159 2900.84 32.8507 6.21498 104.834 56.641 18.2753 24.7962 14.0504 14.105 3.5578 2900.31 4.74883 4.75492 9.29551 2.91007 11.2582 5.0974 2895.56 22.7168 229.625 7.62896 2894.76
internal_count=165594 159027 158689 6567 512 158572 5938 152634 6055 1866 902 771 527 718 447 152624 646 117 5411 338 174 585 413 472 102 152617 171 146 267 86 421 97 152446 560 964 247 152419
is_linear=0
shrinkage=0.035


Tree=17
num_leaves=44
num_cat=0
split_feature=1 54 38 29 12 17 32 27 17 34 14 29 9 8 10 1 15 12 15 12 54 10 38 22 9 28 15 9 0 11 2 15 1 14 14 2 0 11 14 0 14 9 15
split_gain=7753.89 400.162 42.6302 39.2927 40.9366 27.2701 60.2794 23.5998 23.1231 19.3374 49.2669 27.6178 11.4921 10.4496 47.9083 26.3235 9.83497 7.99987 7.56228 6.72025 6.24227 12.336 5.80472 5.38158 12.1813 4.78866 4.57001 4.29558 4.10599 3.69806 3.57284 14.7913 3.52805 2.8867 2.08948 1.58404 1.27268 1.01053 0.965207 0.459638 0.382106 0.306165 0.265508
threshold=0.1178606152534485 0.81016731262207042 0.84523808956146251 0.6253834366798402 0.75285038352012645 0.64583334326744091 0.23603308200836184 0.5914268195629121 0.44949495792388922 0.36666667461395269 0.58759590983390819 0.82078272104263317 0.33687943220138555 0.8521554470062257 0.095454547554254546 0.32986950874328619 0.61462301015853893 0.62857428193092357 0.81120249629020702 0.58488884568214428 0.63161578774452221 0.44949495792388922 0.46428571641445165 1.0000000180025095e-35 0.99230769276618969 0.64174234867095958 0.93957647681236278 0.75716626644134533 0.37065701186656957 0.88516482710838329 0.50184985995292675 0.30471627414226538 0.086183592677116408 0.86706829071044933 0.26006440818309789 0.2116237357258797 0.7590814232826234 0.98936170339584362 0.86616915464401256 0.67805272340774547 0.87112742662429821 0.70064935088157665 0.93957647681236278
decision_type=2 2 2 2 2 2 2 2 2 2 2 2 2 2 2 2 2 2 2 2 2 2 2 2 2 2 2 2 2 2 2 2 2 2 2 2 2 2 2 2 2 2 2
left_child=1 2 5 4 22 12 -7 32 18 10 11 19 -1 14 -12 17 -4 28 37 34 25 38 39 24 27 42 29 -23 -16 -10 31 -13 -8 -31 -5 -33 40 -3 41 -2 -29 -22 -14
right_child=3 8 16 9 -6 6 7 -9 26 -11 13 30 20 -15 15 -17 -18 -19 -20 -21 21 23 -24 -25 -26 -27 -28 36 -30 33 -32 35 -34 -35 -36 -37 -38 -39 -40 -41 -42 -43 -44
leaf_value=0.053955071556807239 -0.032308669863326311 -0.028750698676513364 -0.011418292253907241 0.0073203322129743384 0.07347657803977109 0.068888313618445454 -0.034739979169608901 0.087518525734190653 0.020770442078140213 0.070963847064142008 0.080088655389725941 0.070396526326313283 -0.035529148749968695 0.069340312838391649 0.0083672372773343964 0.051145059542383423 0.074928608701408259 0.022339164069616984 0.039516810724303894 0.034349930406652823 -0.008699720268434798 0.032916368440602299 0.01957512041177379 -0.028083445712598559 0.062055673761190942 0.016340625438081308 0.072308027752908635 -0.029562564842169528 -0.034929306887795983 0.073821764571064888 0.061811587726848097 -0.01767198684986112 0.020192826786562385 0.039581533300569384 -0.033018973195477287 0.010889787033614092 0.0057051329925093481 0 0 -0.0011993382736961904 -0.0020901576911581039 -0.034662119600355444 -0.010536836695812917
leaf_weight=0.89540942944586177 9.4551476947963238 4.4123144168406707 1.8714441675692786 1.2897951565682877 9.2834992967545968 8.9520044513046724 37.234814021736383 1.1380587518215168 7.5248137935996082 1044.1532646678388 34.398071607574821 4.621934939175846 2816.134716598317 203.86430110223591 3.0519291199743774 17.32574350014329 4.4230124577879906 6.0807999651879063 2.8601120077073574 1.5970043931156386 1.739033231511711 1.4813653007149712 2.9886006861925116 4.0802329443395129 3.4077908992767325 1.5593197513371695 26.812470801174641 4.9001023881137371 8.9879361763596517 7.8878359608352211 8.5863010026514512 3.8826408181339502 0.78977412730455299 15.058082386851309 10.561925737187265 3.5821192301809788 1.4029255192726848 1.8390715382993219 0.90449173003435035 0.95004749111831266 1.1894554328173397 37.345042210072279 1.9405165258795012
leaf_count=28 392 181 63 22 44 71 1905 8 60 4189 158 44 153580 835 38 75 54 59 31 13 76 35 51 192 25 37 111 163 137 54 40 47 19 89 359 39 26 57 40 25 40 1992 90
internal_value=-0.00106164 -0.0326231 -0.034553 0.067737 0.0206967 -0.034755 -0.00832622 -0.0273392 0.0517801 0.0685075 0.0599615 0.0194503 -0.0351927 0.0649099 0.0511327 0.0215105 0.0507305 -0.00783388 0 -0.0186033 -0.0352404 -0.0227438 -0.018206 0.00250523 0.0141923 -0.0354812 0.059886 -0.0080322 -0.0238858 0.0468938 0.0440835 0.0274613 -0.0330211 0.0540894 -0.0281286 -0.00388524 -0.019463 -0.0211246 -0.0330308 -0.0301293 -0.0257419 -0.0338401 -0.0355169
internal_weight=4372.45 2997.78 2931.39 1374.66 22.6773 2925.1 48.1147 39.1626 66.3947 1351.98 307.831 34.1217 2876.98 273.709 69.8445 35.4464 6.29446 18.1207 9.1115 13.4487 2876.08 56.4504 13.3938 16.4619 12.3816 2819.63 57.2832 8.97385 12.0399 30.4707 20.673 12.0867 38.0246 22.9459 11.8517 7.46476 7.49248 6.25139 39.9886 10.4052 6.08956 39.0841 2818.08
internal_count=165594 159027 158444 6567 512 158327 2003 1932 583 6055 1866 564 156324 1302 467 309 117 234 269 394 156296 2589 468 481 289 153707 314 264 175 203 170 130 1924 143 381 86 229 238 2108 417 203 2068 153670
is_linear=0
shrinkage=0.035


Tree=18
num_leaves=42
num_cat=0
split_feature=1 54 38 2 29 36 17 32 30 6 17 14 9 38 28 36 29 14 14 54 10 22 9 28 0 9 38 27 11 14 0 14 14 14 28 9 7 14 9 1 27
split_gain=7301.78 382.779 40.9197 36.9207 77.8586 50.5983 27.2406 55.6508 22.6505 22.2639 20.9444 12.7281 11.182 8.20936 14.7752 17.4018 7.83814 7.23488 7.03649 6.35498 12.1141 5.15993 11.092 4.72587 4.29574 4.08962 3.77141 3.79892 3.35353 3.01435 1.24207 1.07383 0.991487 3.24572 0.89642 0.682565 0.505464 0.375795 0.311954 0.295385 0.259315
threshold=0.1178606152534485 0.81016731262207042 0.84523808956146251 0.53885021805763256 0.78319624066352855 1.0000000180025095e-35 0.64583334326744091 0.23603308200836184 0.18019481003284457 0.069570478051900878 0.44949495792388922 0.86240702867507946 0.33687943220138555 0.36666667461395269 0.82972848415374767 1.0000000180025095e-35 0.57436275482177745 0.58280590176582348 0.81120249629020702 0.63161578774452221 0.44949495792388922 1.0000000180025095e-35 0.99230769276618969 0.64174234867095958 0.58997550606727611 0.75716626644134533 0.46428571641445165 0.73375529050827037 0.88516482710838329 0.60397014021873485 0.7590814232826234 0.86706829071044933 0.44092722237110143 0.23392613232135775 0.51690155267715465 0.92206478118896495 0.87570226192474376 0.87112742662429821 0.70064935088157665 0.099711906164884581 0.65240275859832775
decision_type=2 2 2 2 2 2 2 2 2 2 2 2 2 2 2 2 2 2 2 2 2 2 2 2 2 2 2 2 2 2 2 2 2 2 2 2 2 2 2 2 2
left_child=1 2 6 4 5 29 12 -8 34 -7 18 26 -1 14 15 -6 24 40 36 23 31 22 25 39 -4 -22 27 35 -12 -2 37 38 33 -15 -9 -11 -3 -27 -21 -14 -17
right_child=3 10 16 -5 13 9 7 8 -10 11 28 -13 19 32 -16 17 -18 -19 -20 20 21 -23 -24 -25 -26 30 -28 -29 -30 -31 -32 -33 -34 -35 -36 -37 -38 -39 -40 -41 -42
leaf_value=0.051908365412101684 0.028293309355852156 -0.02853404180534377 -0.022965042299028019 0.068138161533252112 0.057663245964454483 0.077635973272068518 0.064279077565451176 -0.03463306606220902 0.071130913522390718 -0.035552249407780089 0.032119078055661693 0.050542032637825328 -0.03552592915493815 0.066259484202061347 0.068573847700720642 -0.0063757560845823001 0.079407269131899855 0.022876005306278025 0.032020970184782865 -0.0085520391162992558 0.031655892633761493 -0.027897249673402427 0.058450267055465688 0.015856076332833893 0.041657704594773019 -0.029376278848363135 0.010173174428707616 0.014934618472151698 0.061439476392233544 0.071595870698369216 0.0055722262009785953 0.0015781822017697557 0.069361659081744312 0.032390267377132305 0 -0.0021615660553830078 0 -0.0020526273404442401 -0.034609031232326434 -0.022236627617738369 -0.026795729514773645
leaf_weight=0.93682033009827037 5.0257146805524853 4.3358935266733152 2.014748558402061 1124.4526213556528 14.293879907578232 2.0848214551806441 9.322893809527157 35.311365135014057 1.7606474682688702 23.850626619532719 9.9652163051068765 1.8735962025821198 2713.6854111589491 10.922139689326288 24.886582911014557 2.4542871732264784 3.2614069357514381 10.450755631551145 3.773487189784646 1.7246707268059243 1.5254572518169895 3.9722885917872182 3.550405114889144 1.5808979403227557 1.1565820183604953 4.7672751322388649 2.4068817496299735 1.4239463061094273 48.141395946964622 11.422976495698093 1.4098416604101656 0.79892435297369857 123.732112839818 11.025969762355087 0.93352538533508678 1.1432939525693644 0.95797191746532906 1.1871374305337665 36.225483365356922 9.6251006349921209 4.0041933581233025
leaf_count=28 62 192 77 4542 72 12 71 1884 22 807 70 14 153199 46 116 50 16 62 55 76 35 192 25 37 24 163 50 22 244 67 26 35 500 53 26 30 22 40 1997 471 62
internal_value=-0.00105482 -0.0325369 -0.0344989 0.0653386 0.0525626 0.0126988 -0.0347054 -0.00808147 -0.0271144 -0.0124926 0.0495005 -0.02098 -0.0351542 0.0621615 0.0483952 0.0305631 0.0482986 0.00551854 0 -0.0352034 -0.0224723 0.00248228 0.0137972 -0.0354515 0.00410047 -0.00778958 -0.027285 -0.031072 0.0570988 0.0609456 -0.0191867 -0.0329266 0.0670718 0.0515502 -0.0337624 -0.0343014 -0.0243287 -0.0255105 -0.0337647 -0.0354884 -0.0214004
internal_weight=4277.38 2901.92 2834.75 1375.45 251.002 49.2319 2828.32 47.3284 38.0055 32.7832 67.174 30.6983 2780.99 201.77 56.0897 31.2031 6.43274 16.9092 9.06735 2780.05 55.1615 16.4124 12.4401 2724.89 3.17133 8.88971 28.8247 26.4179 58.1066 16.4487 7.36425 38.7491 145.68 21.9481 36.2449 24.9939 5.29387 5.95441 37.9502 2723.31 6.45848
internal_count=165594 159027 158444 6567 2025 1064 158327 2003 1932 935 583 923 156324 961 362 246 117 174 269 156296 2589 481 289 153707 101 264 909 859 314 129 229 2108 599 99 1910 837 214 203 2073 153670 112
is_linear=0
shrinkage=0.035


Tree=19
num_leaves=45
num_cat=0
split_feature=1 54 38 2 29 36 17 32 27 6 17 14 8 8 38 28 36 14 15 54 10 15 22 0 17 28 12 38 27 30 11 14 14 14 14 11 14 14 6 1 15 27 8 8
split_gain=6888.29 365.915 39.5731 34.7009 71.1343 46.5617 27.1732 51.541 21.8916 20.9676 18.985 12.1696 10.3296 8.94442 8.02716 13.4354 16.0814 6.81505 6.78329 6.46564 11.8881 4.97751 4.94684 8.54029 4.67579 4.66507 4.08494 3.68354 3.72469 3.5752 3.01436 2.76514 2.62233 1.2932 1.11692 1.00147 0.992399 3.02676 0.570497 0.325594 2.53963 0.251048 0.248107 0.280272
threshold=0.1178606152534485 0.81016731262207042 0.84523808956146251 0.53885021805763256 0.78319624066352855 1.0000000180025095e-35 0.64583334326744091 0.23603308200836184 0.5914268195629121 0.069570478051900878 0.44949495792388922 0.86240702867507946 0.17267081141471866 0.90259328484535228 0.36666667461395269 0.82972848415374767 1.0000000180025095e-35 0.58280590176582348 0.81120249629020702 0.63161578774452221 0.44949495792388922 0.93957647681236278 1.0000000180025095e-35 0.73316389322280895 0.10555555671453477 0.64174234867095958 0.61806571483612072 0.46428571641445165 0.73375529050827037 0.1695402339100838 0.88516482710838329 0.60397014021873485 0.86616915464401256 0.90070420503616344 0.87112742662429821 0.98936170339584362 0.44092722237110143 0.23392613232135775 0.81120249629020702 0.099711906164884581 0.76689496636390697 0.65240275859832775 0.64051282405853283 0.61938297748565685
decision_type=2 2 2 2 2 2 2 2 2 2 2 2 2 2 2 2 2 2 2 2 2 2 2 2 2 2 2 2 2 2 2 2 2 2 2 2 2 2 2 2 2 2 2 2
left_child=1 2 6 4 5 31 12 -8 29 -7 18 27 -1 24 15 16 -6 41 35 25 34 30 23 26 -4 39 -22 28 38 -9 -12 -2 -32 -34 42 -3 37 -16 -11 -14 -41 -18 43 -21
right_child=3 10 13 -5 14 9 7 8 -10 11 21 -13 19 -15 36 -17 17 -19 -20 20 22 -23 -24 -25 -26 -27 -28 -29 -30 -31 32 -33 33 -35 -36 -37 -38 -39 -40 40 -42 -43 -44 -45
leaf_value=0.045955019287642201 0.027127026881606967 -0.028468878562974261 0.040727393868634693 0.065883971684096002 0.055328849984669699 0.074270434089104387 0.060181739403581479 -0.034636468908507523 0.081496265723736735 -0.035408326348559019 0.018627258966187575 0.048713605194468122 -0.035499365410092701 0.083684862795578546 0.063861386499388065 0.065591480570889413 -0.0062406218353962635 0.021992120714877699 0.036441196753093763 -0.016904652322098437 0.018320592124894744 0.066784661056259048 -0.027710069118090153 0.043789070363974926 -0.023602264176518277 0.015387608806219226 -0.029168479609033765 0.0098689312268203291 0.014548255208401526 0.020995852261204279 0.067898421618019025 0.068329254202653469 0.019767789430867024 0.045490825600426957 0.0024588399346390727 0 0.066993980836412156 0.031218413750396332 -0.0036405543769705796 -0.028000331482879375 0.018630749466870544 -0.026438873165661604 -0.034555351493145037 0.0024857801103418588
leaf_weight=1.0744083840399969 5.0999640095979002 4.228960804641245 1.4501907713711255 1122.2885049842298 14.415485210716726 2.1471844986081114 9.6706906072795373 34.940193075686693 1.2187660001218308 23.026816612109556 7.7468214780092266 1.912705074995755 2622.1787394210696 2.8797096982598305 10.972228087484838 25.148061618208885 2.4415537826716927 10.529065957292913 2.98985799215734 1.0852784924209107 2.7579139713197964 27.25257720798254 3.8677563425153485 5.2294368240982294 2.1669129524379969 1.6020750310271967 4.5081498492509127 2.4247502610087386 1.4369253925979126 0.76387841440737148 7.3525601401925114 11.594756877049802 7.4145872630178955 9.1590451505035144 0.75746284611523051 1.8180643636733291 123.65715678036213 11.076073139905928 1.2196286283433426 8.5466533843427861 0.87620565481484014 3.9309996385127306 34.945745376870036 0.75966965593397606
leaf_count=31 62 181 19 4542 72 12 71 1906 8 812 60 14 153196 15 46 116 50 62 31 57 72 111 192 61 83 37 156 50 22 18 49 67 43 51 33 57 500 53 25 433 38 62 1978 40
internal_value=-0.00104764 -0.0324512 -0.0344452 0.0631652 0.0507836 0.0124866 -0.0346561 -0.00786463 -0.0268964 -0.0121637 0.047259 -0.0206535 -0.0351161 0.0466487 0.0599154 0.0464579 0.0294309 0.00529009 0 -0.0351669 -0.0222011 0.0543904 0.0024522 0.0134092 0.00466604 -0.0354225 -0.0106843 -0.0270055 -0.0308573 -0.0328113 0.0419011 0.0581848 0.0482467 0.0359619 -0.0328206 -0.0206711 0.0647545 0.0496808 -0.0341565 -0.0354606 -0.021957 -0.0210711 -0.0336854 -0.00962294
internal_weight=4182.56 2809.24 2741.28 1373.32 251.033 48.8627 2734.78 46.5935 36.9228 32.168 67.9625 30.0208 2688.19 6.49681 202.171 56.4652 31.3171 16.9016 9.03688 2687.12 53.9114 58.9256 16.3633 12.4955 3.6171 2633.2 7.26606 28.1081 25.6834 35.7041 31.673 16.6947 23.9262 16.5736 37.5482 6.04703 145.705 22.0483 24.2464 2631.6 9.42286 6.37255 36.7907 1.84495
internal_count=165594 159027 158444 6567 2025 1064 158327 2003 1932 935 583 923 156324 117 961 362 246 174 269 156293 2589 314 481 289 102 153704 228 909 859 1924 203 129 143 94 2108 238 599 99 837 153667 471 112 2075 97
is_linear=0
shrinkage=0.035


Tree=20
num_leaves=48
num_cat=0
split_feature=1 54 17 36 2 34 31 9 0 15 27 17 48 14 54 10 15 31 1 34 32 29 15 1 22 9 9 9 27 9 29 15 16 27 34 17 9 0 14 14 29 55 16 14 9 54 8
split_gain=6508.18 351.006 38.3801 46.7451 32.9135 66.6706 45.2871 34.1339 31.8443 30.522 20.8528 17.3494 8.1785 7.24078 6.51378 11.6374 6.38597 6.33876 5.75323 7.94166 5.16542 6.01543 4.80662 4.74787 4.7208 9.62306 3.83872 3.66273 3.16504 2.91465 2.66854 2.55881 2.51641 2.30644 1.89494 1.19833 3.29189 1.13076 1.10958 0.598604 0.422979 0.408103 0.455032 0.384418 0.341379 0.340575 0.0855865
threshold=0.1178606152534485 0.81016731262207042 0.64583334326744091 1.0000000180025095e-35 0.56336912512779247 0.26785714924335485 0.42481203377246862 0.33687943220138555 1.0000000180025095e-35 0.87112742662429821 0.5914268195629121 0.44949495792388922 1.0000000180025095e-35 0.5912291705608369 0.63161578774452221 0.44949495792388922 0.81120249629020702 0.54772728681564342 0.099711906164884581 0.26785714924335485 0.62272426486015331 0.50112107396125805 0.93957647681236278 0.36960017681121832 1.0000000180025095e-35 0.99230769276618969 0.75716626644134533 0.94494947791099559 0.40586884319782263 0.87841832637786876 0.56268712878227245 0.77836257219314586 0.33549784123897558 0.615800440311432 0.36666667461395269 0.080128207802772536 0.7243877947330476 0.7590814232826234 0.87112742662429821 0.6789083480834962 0.6926884949207307 0.59051179885864269 0.73606809973716747 0.87112742662429821 0.70064935088157665 0.68004313111305248 0.86391696333885204
decision_type=2 2 2 2 2 2 2 2 2 2 2 2 2 2 2 2 2 2 2 2 2 2 2 2 2 2 2 2 2 2 2 2 2 2 2 2 2 2 2 2 2 2 2 2 2 2 2
left_child=1 2 8 20 5 6 7 -2 -1 12 30 16 23 17 18 38 41 32 33 31 45 -22 27 28 25 26 -17 29 -9 -13 -5 40 -8 -10 39 36 -30 43 44 -7 -20 -3 -43 -28 -16 -4 -37
right_child=4 11 3 10 -6 34 13 9 14 -11 -12 22 -14 -15 15 24 -18 -19 19 -21 21 -23 -24 -25 -26 -27 37 -29 35 -31 -32 -33 -34 -35 -36 46 -38 -39 -40 -41 -42 42 -44 -45 -46 -47 -48
leaf_value=0.089322910551802942 0.066276113829219913 0 0.071020477614646624 -0.034480504157138964 0.06401731868071675 0.027178149048052318 0.022459199411987176 0.0035038451311649277 -0.035473922428958922 0.06445224297361446 0.0783874490681815 0.036208730467648352 0.024247607831903415 0.063848433584584044 -0.0079622798123799091 0.029992881443645293 0.034867973933157506 0.052237873559666512 -0.031118241948948831 0.044645629684862902 -0.023845807142127466 0.05236803335861577 0.064199952194463186 0.02069801632500342 -0.027521932222366072 0.053167690554024254 -0.029126900667604042 0.047768318002997884 -0.027446110997235193 -0.00019042715835915084 0.010802549864593133 0.019076314137807557 -0.017455286610017964 0.002953737508893748 0.063079818701310922 -0.036045990390650352 0.02532305612779439 0.0044276098442422038 0.0024192632812598566 0.051407492611678582 -0.0027310993020059201 0 -0.028269557524067564 -0.0016959070831483293 -0.034498744579906142 0.036645417335040308 -0.010983448204107472
leaf_weight=1.586616352200507 7.7101599890738717 0.95094474218785574 5.3517106510698778 30.806751923635606 1091.2343199122697 7.4316343665123012 2.4072738327085954 3.0104886833578339 2535.9176450744271 4.9844003170728675 1.2616291698068369 4.3444041311740857 3.670921614393591 25.632224347442389 1.6686892919242371 1.5850913189351574 3.0592447202652693 4.401228679344058 7.5340309105813468 1.7297346666455258 2.310328027233481 1.053229361772537 27.395019710063934 1.7817552629858244 3.7665262166410676 3.77203245460987 4.5941608063876629 22.74080740660429 3.3651298712939051 5.0348233170807362 1.1187813747674216 0.83102066256105978 3.4764780849218369 1.5985777638852585 172.24660499021411 24.263525020331148 1.194951433688402 1.4708737023174761 0.75923595577478309 9.9504110179841501 1.2170378006994722 1.0475059319287536 3.9364130049943924 1.1651014275848863 33.960887042805552 5.821121184155345 1.6824309229850758
leaf_count=9 49 43 56 1741 4420 63 37 78 153278 24 8 45 25 110 76 35 31 34 398 35 126 5 111 31 192 25 163 104 122 54 30 28 54 56 714 703 28 26 33 45 39 47 148 40 1999 46 30
internal_value=-0.00103877 -0.0323651 -0.0343915 -0.00313792 0.061189 0.0498525 0.0241417 0.00285846 -0.0349617 -0.00941501 -0.0260197 0.0453596 -0.0203268 0.0537544 -0.0350731 -0.0219324 0 0.0248592 -0.035335 -0.00904164 0.0471892 0.00574901 0.0521008 -0.0255991 0.0023566 0.0129224 -0.0076043 0.040049 -0.0286901 0.0181964 -0.0325074 -0.022367 0 -0.0354472 0.0615199 -0.0319886 -0.0109212 -0.0189149 -0.032713 0.0432808 -0.0282142 -0.0204059 -0.0237932 -0.0251673 -0.0336028 0.0578801 -0.0350187
internal_weight=4087.83 2719.39 2650.88 47.7236 1368.44 277.21 87.581 51.6638 2603.16 43.9536 33.1872 68.5092 38.9692 35.9172 2601.57 52.7426 8.99411 10.285 2548.83 11.3118 14.5364 3.36356 59.5151 35.2983 16.3538 12.5873 8.81523 32.12 33.5165 9.37923 31.9255 9.58209 5.88375 2537.52 189.629 30.506 4.56008 7.23014 36.3888 17.382 8.75107 5.93486 4.98392 5.75926 35.6296 11.1728 25.946
internal_count=165594 159027 158444 2012 6567 2147 1325 1090 156432 1041 1779 583 1017 235 156423 2589 269 125 153834 500 233 131 314 992 481 289 264 203 961 99 1771 465 91 153334 822 883 150 229 2108 108 437 238 195 203 2075 102 733
is_linear=0
shrinkage=0.035


Tree=21
num_leaves=50
num_cat=0
split_feature=1 54 17 36 2 29 36 0 9 29 7 14 38 17 17 54 10 9 1 34 6 34 6 38 22 9 9 11 9 14 28 54 28 15 15 28 17 16 14 14 28 14 0 14 29 14 10 9 38
split_gain=6157.92 336.702 38.2068 43.8557 31.4491 60.7436 40.4204 30.5153 18.93 16.855 15.9816 11.0603 7.7094 12.5394 19.557 6.61932 11.408 6.18289 5.79051 7.54816 5.19402 5.57229 5.13485 4.89461 4.52631 8.81275 3.73009 5.30852 3.65573 3.31723 5.08804 3.2908 3.19406 2.59231 2.24645 1.91727 1.70543 1.49461 1.34694 3.00311 1.32568 1.16521 1.1037 1.10222 0.419751 0.377748 0.365707 0.346144 0.0233829
threshold=0.1178606152534485 0.81016731262207042 0.64583334326744091 1.0000000180025095e-35 0.53885021805763256 0.78319624066352855 1.0000000180025095e-35 1.0000000180025095e-35 0.1702898591756821 0.51732715964317333 0.84292763471603405 0.86240702867507946 0.36666667461395269 0.087121214717626586 0.30384616553783422 0.63161578774452221 0.44949495792388922 0.87841832637786876 0.099711906164884581 0.26785714924335485 0.70659971237182628 0.21111111342906955 0.71834936738014232 0.46428571641445165 1.0000000180025095e-35 0.99230769276618969 0.91476997733116161 0.91547620296478283 0.75716626644134533 0.58280590176582348 0.82972848415374767 0.75134408473968517 0.68599441647529613 0.78086888790130626 0.99438202381134044 0.68599441647529613 0.68333333730697643 0.91715687513351452 0.44092722237110143 0.23392613232135775 0.64174234867095958 0.61257407069206249 0.7590814232826234 0.87112742662429821 0.6926884949207307 0.87112742662429821 0.58571431040763866 0.70064935088157665 0.84523808956146251
decision_type=2 2 2 2 2 2 2 2 2 2 2 2 2 2 2 2 2 2 2 2 2 2 2 2 2 2 2 2 2 2 2 2 2 2 2 2 2 2 2 2 2 2 2 2 2 2 2 2 2
left_child=1 2 7 20 5 6 41 -1 -8 -5 17 23 13 29 -15 18 43 -3 40 33 -4 31 -16 32 25 28 27 -12 -18 30 35 34 -10 44 -22 -7 46 -19 39 -14 48 -2 45 47 -20 -30 -28 -17 -9
right_child=4 10 3 9 -6 12 8 15 11 -11 26 -13 38 14 22 16 24 37 19 -21 21 -23 -24 -25 -26 -27 36 -29 42 -31 -32 -33 -34 -35 -36 -37 -38 -39 -40 -41 -42 -43 -44 -45 -46 -47 -48 -49 -50
leaf_value=0.085466112355726792 0.028969224338743712 0.037383567719651317 0.067243110866911204 -0.034361309061626238 0.061994817662487101 0.02748362033843374 0.074897644190435889 -0.035448310495098535 -0.035202023601947602 0.041719470161566033 -0.0024846561250577684 0.045751192387793085 0.059675548467357988 -0.027350484926738371 0.01536614731011939 -0.0078257601524215105 0.028866356402756831 -0.028762370499784574 -0.030998435468525789 0.042979271702043582 -0.028667370125259259 0.060752059788469454 0.056016736141861909 0.01394099445509096 -0.027332868168429773 0.050349417796699339 0.02543131666255154 0.048155597100688959 -0.028938635604651909 0.067167302546251167 0.058677526562032685 0.033279436256032621 0.0018980795124355285 0.019801360242662363 0.014038648582554962 -0.0059348129960025324 0.061002375978970708 0.0030414842509993074 0.062998880637674448 0.028153784231488756 0.004262871371896247 0.061664256413677794 0.0043254187021578312 0.0023803126406168732 -0.0026823606123395779 -0.0016654096162565411 0.046404957204309191 -0.034441630651253323 -0.014023203212732165
leaf_weight=1.6442430540919293 5.3505662549287107 2.6542587466537935 6.5102576036006203 29.081054866313934 1110.9994128011167 3.3683620784431678 1.8460776582360292 2449.0033395923674 21.747317340224992 3.1518002171069375 4.5439900867640954 1.9680524878203858 11.000201903283598 6.2976444922387627 7.6998407077044275 1.6560465190559615 1.6275632865726963 4.159211216494441 7.3510113451629842 1.7719168011099089 2.944647388532756 2.0462419372051954 10.289557710289953 2.7045351266860953 3.6684911660850039 3.8974178954958907 7.2745760362595329 4.1797175444662571 4.4708931874483824 20.325228944420815 5.6478384137153625 1.7718738857656715 2.9330043364316216 0.80584260448813516 1.5478184614330528 3.2324038743972778 30.743630103766918 2.2340113185346127 122.72745126485825 11.160673525184391 0.67015432380139728 11.658814143389462 1.4764533713459966 0.76098440773785014 1.2140049263834951 1.1632567942142484 13.146018154919147 32.847874321043491 2.341354474425315
leaf_count=9 64 70 75 1717 4542 37 11 153223 811 62 41 14 46 77 43 76 35 151 400 35 93 11 42 51 192 25 70 45 163 87 33 15 48 26 39 43 126 22 500 53 20 65 26 33 39 40 58 1999 91
internal_value=-0.00103037 -0.03228 -0.0343374 -0.00294261 0.0593893 0.0475934 0.0119062 -0.0349217 -0.0117608 -0.0257851 0.0435763 -0.0196143 0.0560029 0.0430493 0.0224025 -0.0350358 -0.0216621 0 -0.0353054 -0.00876356 0.0450046 0.0218565 0.0405272 -0.0258815 0.00231829 0.0125568 0.0500259 0.0238754 -0.00737952 0.0572135 0.036609 0.00205547 -0.0307545 -0.0220858 -0.0134393 0.0120304 0.0538744 -0.0182674 0.0607326 0.0458527 -0.035421 0.0537535 -0.0186436 -0.0326037 -0.0280509 -0.0249351 0.0406328 -0.0335192 -0.035435
internal_weight=3993.32 2632.36 2563.42 47.0537 1360.96 249.958 48.2084 2516.37 31.199 32.2329 68.9354 29.3529 201.749 56.8609 24.287 2514.73 51.569 9.04748 2463.16 11.1428 14.8208 8.31058 17.9894 27.3849 16.3041 12.6356 59.8879 8.72371 8.73817 32.5738 12.2486 6.26434 24.6803 9.37086 4.49247 6.60077 51.1642 6.39322 144.888 22.1609 2452.01 17.0094 7.1106 35.2649 8.56502 5.63415 20.4206 34.5039 2451.34
internal_count=165594 159027 158444 2012 6567 2025 1064 156432 935 1779 583 924 961 362 162 156423 2589 243 153834 500 233 158 85 910 481 289 340 86 264 200 113 147 859 465 132 80 254 173 599 99 153334 129 229 2108 439 203 128 2075 153314
is_linear=0
shrinkage=0.035


Tree=22
num_leaves=45
num_cat=0
split_feature=1 54 17 36 2 34 28 9 15 0 27 17 27 30 54 10 14 1 34 15 6 30 22 9 14 54 9 9 6 14 29 27 1 34 6 14 0 17 14 9 32 14 9 14
split_gain=5834 323.451 38.0109 41.2859 30.2268 58.7855 51.7732 32.4741 30.6728 29.2802 19.5515 15.1179 7.19297 10.9115 6.72253 11.1768 5.98737 5.82603 7.17434 4.73627 4.36016 5.99361 4.33968 8.08495 3.80371 3.71253 3.48164 3.11265 6.31848 2.60707 2.54141 2.34104 2.31395 2.05417 1.61546 1.09483 1.07715 1.03973 0.655547 0.511033 0.502424 0.371103 0.350742 0.0333545
threshold=0.1178606152534485 0.81016731262207042 0.64583334326744091 1.0000000180025095e-35 0.56336912512779247 0.26785714924335485 0.74175426363945018 0.1702898591756821 0.86319074034690868 1.0000000180025095e-35 0.5914268195629121 0.44949495792388922 0.46192501485347753 0.21980676054954532 0.63161578774452221 0.44949495792388922 0.81120249629020702 0.099711906164884581 0.26785714924335485 0.93957647681236278 0.70659971237182628 0.070197045803070082 1.0000000180025095e-35 0.99230769276618969 0.62767899036407482 0.75134408473968517 0.75716626644134533 0.94494947791099559 0.85912698507308971 0.81120249629020702 0.56268712878227245 0.615800440311432 0.36960017681121832 0.36666667461395269 0.24068965017795566 0.87112742662429821 0.7590814232826234 0.86607143282890331 0.6789083480834962 0.94826048612594616 0.42919799685478216 0.87112742662429821 0.70064935088157665 0.86706829071044933
decision_type=2 2 2 2 2 2 2 2 2 2 2 2 2 2 2 2 2 2 2 2 2 2 2 2 2 2 2 2 2 2 2 2 2 2 2 2 2 2 2 2 2 2 2 2
left_child=1 2 9 20 5 6 7 -2 12 -1 30 16 13 -9 17 35 39 31 29 27 -4 25 23 26 34 37 -17 28 -13 40 -5 -11 -14 38 -8 42 41 -22 -7 -3 -19 -28 -16 -29
right_child=4 11 3 10 -6 33 24 8 -10 14 -12 19 32 -15 15 22 -18 18 -20 -21 21 -23 -24 -25 -26 -27 36 43 -30 -31 -32 -33 -34 -35 -36 -37 -38 -39 -40 -41 -42 -43 -44 -45
leaf_value=0.081941299561684458 0.067024046851195673 -0.028158791364571414 0.063111324774157762 -0.034360888320367725 0.060473334587572126 0.024809725892125139 0.048282721965799268 -0.028718730377267358 0.061408689327034839 -0.03542398643454283 0.074004628524914254 0.042932421699122418 -0.03365175726514285 0.048923519355481039 -0.0076913446831048749 0.027790465880513707 0.028033710221597837 -0.0013919194698028912 0.041391928175658094 0.059980771553835778 -0.028023294218521736 0.057904174485533387 -0.027142909061326263 0.047762045313577146 0.061677100387206023 0.032128413676233973 -0.028749569505652616 0.053054121995324076 -0.0093214376727308815 0.02027665061888817 0.0095905461187383145 0.0034250594292859031 -0.002922728307963631 0.05942619236758679 0.017433636417542666 0.002341978172671553 0.0042256639541733776 0.0035815684755951096 0.048045153628669554 0 -0.030992698791752208 -0.0016354571426694759 -0.034384122930710123 0.034170968447958527
leaf_weight=1.6969940811395634 6.4063706547021857 4.091857146471737 6.7546088788658372 28.883278131484992 1076.1581114158034 7.5600783284753588 4.281076639890669 3.7809807192534199 5.0617021061480036 2367.8058839701116 1.3221697639673937 4.5158328507095558 27.593382840976123 3.1373423393815756 1.6437094677239645 1.6693606246262804 3.9919465817511082 1.1496346239000521 1.8130755946040142 27.484905764460564 2.6857071779668313 2.4599985722452402 3.573547799140214 4.0167226344346991 25.37133227288723 1.8063168432563541 4.3514735773205757 9.2325681447982806 5.0646444819867611 0.79003931023180562 1.1674608550965775 1.568569317460059 3.8617024365812531 170.61433080397546 7.6154782474040985 0.76270841062068839 1.4819211177527902 1.3647501114755867 9.9382238164544088 0.93653836101293553 7.2259513046592474 1.1614479683339594 31.77184977196157 13.98972764611244
leaf_count=9 32 189 75 1741 4420 63 32 131 25 153278 8 63 806 47 76 35 55 53 35 111 82 25 192 25 105 15 163 44 36 26 30 56 75 714 72 33 26 36 45 25 386 40 1999 60
internal_value=-0.00102028 -0.0321935 -0.0342832 -0.00277334 0.0577394 0.0468565 0.0226539 -0.000770458 -0.0121318 -0.034882 -0.0255515 0.041922 -0.0232344 0.00778064 -0.0349987 -0.0213927 0 -0.0352764 -0.00849023 0.0481486 0.043064 0.0213802 0.00227492 0.0121989 0.0532742 0 -0.0071622 0.03665 0.0167078 -0.0218029 -0.0322868 -0.0353954 -0.0301933 0.0578665 0.0316894 -0.0324927 -0.0183743 -0.0180808 0.0400795 -0.0237884 -0.0278848 -0.0247028 -0.0334344 0.0437033
internal_weight=3899.62 2548.24 2478.93 46.4443 1351.38 275.222 87.1094 49.8415 43.4351 2432.48 31.3729 69.308 38.3734 6.91832 2430.79 50.4327 9.02034 2380.35 10.9787 60.2877 15.0714 8.31677 16.2545 12.6809 37.2679 5.85677 8.6642 32.8028 9.58048 9.16563 30.0507 2369.37 31.4551 188.113 11.8966 34.1783 6.99484 4.05046 17.4983 5.0284 8.37559 5.51292 33.4156 23.2223
internal_count=165594 159027 158444 2012 6567 2147 1325 1116 1084 156432 1779 583 1059 178 156423 2589 269 153834 500 314 233 158 481 289 209 133 264 203 99 465 1771 153334 881 822 104 2108 229 118 108 214 439 203 2075 104
is_linear=0
shrinkage=0.035


Tree=23
num_leaves=40
num_cat=0
split_feature=1 50 17 36 34 2 6 15 0 28 27 22 17 2 36 28 2 12 15 9 15 15 38 27 27 9 12 6 15 29 6 29 7 16 16 8 12 1 15
split_gain=5533.32 300.744 40.3668 39.1426 29.136 54.8 38.1512 43.7794 28.0579 25.6087 18.8119 11.3031 35.8859 10.5528 10.0517 8.03096 7.32105 7.08897 6.18734 6.37019 5.75823 5.61098 5.11509 4.98411 5.78337 4.9455 4.46397 4.23255 4.69239 4.08822 2.57677 2.51699 1.80425 1.63487 1.38396 0.904419 0.46605 0.388379 2.26906
threshold=0.1178606152534485 1.0000000180025095e-35 0.64583334326744091 1.0000000180025095e-35 0.36666667461395269 0.56336912512779247 0.2152509689331055 0.83096903562545787 1.0000000180025095e-35 0.74175426363945018 0.5914268195629121 1.0000000180025095e-35 0.44949495792388922 0.42397989332675939 1.0000000180025095e-35 0.68599441647529613 0.54586797952651989 0.5949113965034486 0.89512962102890026 0.94494947791099559 0.77459675073623668 0.75905716419219982 0.84523808956146251 0.73375529050827037 0.40586884319782263 0.93440860509872448 0.50252690911293041 0.70659971237182628 0.93419912457466137 0.53218409419059765 0.76253134012222301 0.56268712878227245 0.81120249629020702 0.8841681480407716 0.83438816666603099 0.8452991545200349 0.63148838281631481 0.099711906164884581 0.76689496636390697
decision_type=2 2 2 2 2 2 2 2 2 2 2 2 2 2 2 2 2 2 2 2 2 2 2 2 2 2 2 2 2 2 2 2 2 2 2 2 2 2 2
left_child=1 2 8 27 5 6 -2 9 -1 14 31 12 20 -11 26 22 17 21 19 33 -10 -14 37 24 -16 34 -8 -4 30 -24 -29 -5 -32 -3 -19 -22 -36 -13 -39
right_child=4 18 3 10 -6 -7 7 -9 11 13 -12 15 16 -15 23 -17 -18 25 -20 -21 35 -23 29 -25 -26 -27 -28 28 -30 -31 32 -33 -34 -35 36 -37 -38 38 -40
leaf_value=0.078709778685735088 0.060740892161043572 0.012820257433597958 0.059399006083689608 -0.034340583212675913 0.059204731972101375 0.056650151247428372 -0.0090196979982550274 0.059201162806730406 -0.03423037308228901 -0.0041511389943677353 0.071420590282664009 -0.035490710290187938 0 0.047237243624920239 0.012611208371434732 0.046537735969207968 0.05464169416816736 0.0053429696465773432 0.052894711071723957 0.037716811996960288 -0.0033394813055326595 0.080783049739015927 -0.022703919705759888 0.020459997681777937 -0.03471114898290175 0.027735297188254626 0.040371098213265615 -0.026445218583563596 0.046960107575106491 0.038187924009759865 0.034943518486615539 0.0093698288616817504 -0.0035119371824566398 -0.019981918170852174 -0.0012939959416756206 0.029894236361325471 -0.030513367989822453 -0.02756229847631915 0.015878242389278076
leaf_weight=1.7450061440467823 26.541194126009941 2.4612951986491689 6.9838066510856178 28.15842492226512 1021.2159404475242 214.29714364185929 3.6133679151535025 17.709876457229257 81.229638615623116 7.1595548093318966 1.3575899526476849 2241.9616281716153 1.9181696316227346 12.831487096846102 2.9288991056382683 0.61635389924049278 4.476032566279172 1.4642796441912631 40.080557227134705 14.598123129457235 1.2805106239393347 1.3536273799836633 1.9887725301086896 1.8410250600427378 27.906182028353214 2.5216439049690953 3.6047289203852415 1.8390467818826417 3.7324787508696318 1.4551239535212515 1.7325389971956608 1.1765321493148793 2.6289694914594293 2.9810812901705503 1.1268559973686931 1.0781422797590492 5.765203045681119 8.0848489198833668 0.97369919717311937
leaf_count=9 134 61 75 1743 4240 894 57 83 5312 72 8 150198 67 57 76 6 46 51 164 77 62 31 89 31 896 22 27 22 54 14 33 30 59 36 37 37 201 444 39
internal_value=-0.00101125 -0.0321071 -0.034044 -0.00201432 0.0562259 0.0465065 0.0252587 0.0124592 -0.0346878 -0.00205164 -0.0254174 -0.0348066 -0.0228842 0.0293454 -0.0182032 -0.0353351 0.0201151 0.00607637 0.0446586 0.0262891 -0.0326315 0.0445706 -0.0353796 -0.0263894 -0.0298513 -0.00798459 0.0171313 0.0392998 0.0207077 0.00504045 9.17431e-05 -0.032221 0.0147794 -0.00491666 -0.0209499 0.0151873 -0.0269488 -0.0354452 -0.0214306
internal_weight=3806.42 2466.77 2406.65 47.6094 1339.65 318.433 104.136 77.5951 2359.04 59.8852 30.6925 2357.29 102.214 19.991 39.8942 2255.08 18.6258 14.1498 60.1211 20.0405 83.5883 3.2718 2254.46 32.6761 30.8351 10.878 7.2181 16.9168 9.93303 3.4439 6.20056 29.335 4.36151 5.44238 8.35634 2.35865 6.89206 2251.02 9.05855
internal_count=165594 159027 158689 2024 6567 2327 1433 1299 156665 1216 1781 156656 5866 129 1087 150790 455 409 338 174 5411 98 150784 1003 972 311 84 243 168 103 114 1773 92 97 289 99 238 150681 483
is_linear=0
shrinkage=0.035


Tree=24
num_leaves=48
num_cat=0
split_feature=1 54 17 36 2 34 28 6 15 0 27 7 28 54 10 38 14 27 30 29 32 28 22 0 14 15 12 29 1 34 30 6 16 14 15 8 8 12 8 14 14 14 16 7 7 1 1
split_gain=5252.96 299.243 37.6003 36.3779 28.2238 51.6525 44.811 28.4505 28.1253 27.0523 18.0582 13.1902 7.81526 6.96505 10.663 5.04247 4.7959 4.48397 7.97161 4.39475 4.03045 5.35834 3.9123 6.00784 3.91071 3.73149 3.70217 2.48251 2.26976 1.94369 1.60257 1.32007 1.25862 0.726201 0.482082 0.353629 0.350313 0.311396 0.308619 0.264092 2.81444 0.248314 0.233504 0.230396 1.78046 0.09973 0.166262
threshold=0.1178606152534485 0.81016731262207042 0.64583334326744091 1.0000000180025095e-35 0.56336912512779247 0.26785714924335485 0.74175426363945018 0.069570478051900878 0.86319074034690868 1.0000000180025095e-35 0.5914268195629121 0.84292763471603405 0.68599441647529613 0.63161578774452221 0.44949495792388922 0.84523808956146251 0.82807883620262157 0.46192501485347753 0.21980676054954532 0.53863716125488292 0.62272426486015331 0.50112107396125805 1.0000000180025095e-35 0.73316389322280895 0.62767899036407482 0.93957647681236278 0.61806571483612072 0.56268712878227245 0.36960017681121832 0.36666667461395269 0.54772728681564342 0.71209660172462474 0.91266208887100231 0.65733855962753307 0.93957647681236278 0.64051282405853283 0.86391696333885204 0.66597658395767223 0.62115561962127697 0.44092722237110143 0.23392613232135775 0.94360822439193737 0.88493064045906078 0.92770034074783336 0.86729559302330028 0.10454145446419717 0.11122195795178415
decision_type=2 2 2 2 2 2 2 2 2 2 2 2 2 2 2 2 2 2 2 2 2 2 2 2 2 2 2 2 2 2 2 2 2 2 2 2 2 2 2 2 2 2 2 2 2 2 2
left_child=1 2 9 20 5 6 7 -2 17 -1 27 16 13 15 32 34 42 18 -9 -17 31 -22 23 26 30 43 -16 -5 36 33 -8 -4 35 -7 45 38 37 -19 -15 40 -31 -36 -3 44 -13 -11 -47
right_child=4 11 3 10 -6 29 24 8 -10 12 -12 25 -14 14 22 19 -18 28 -20 -21 21 -23 -24 -25 -26 -27 -28 -29 -30 39 -32 -33 -34 -35 41 -37 -38 -39 -40 -41 -42 -43 -44 -45 -46 46 -48
leaf_value=0.075737942857685203 0.057776882486584802 -0.027302969941466936 0.060524765390671476 -0.034231998664160677 0.057496935016163583 0.022366951689783053 0.014262911270807106 -0.028493038947485384 0.057085898083853802 -0.035376386447915395 0.06900927447331491 0.040099632088096755 0.04537323239310781 -0.015840410623882403 0.016856791547546802 -0.023002330045917087 0.022504838792421843 -0.035244259310202773 0.039851727094707474 0.040451898669043335 -0.024006603419948747 0.047241799269338358 -0.026699296128141502 0.034882604609877438 0.058144331501002837 0.055400381033693928 -0.02867683117323825 0.0091543795688867214 -0.002396873016294712 0.05724396641998019 0.043257454009066588 0.026510379144559983 0.0054851785348207279 0.0452086280278505 0.0036495593580575425 -0.034282147052283038 -0.0055884109459662509 -0.0075385964839910493 0.0046006057694303083 0.057773237702701777 0.027379334568966296 -0.01469115707266557 -0.0021091919137367328 0.038889265800783349 0.011440494412602014 -0.0077367897749450075 -0.026197791631539246
leaf_weight=1.7884455919265736 7.4545573070645323 3.450378639623521 6.4774520024657232 27.032639748416848 1054.5961758494377 7.2619742993265417 7.1755951121449453 3.6674852799624196 5.143251195549964 2211.1973555786535 1.3901972360908974 4.8997611682862026 0.63537098467349906 0.97735681198537594 2.8399610389024037 2.0565740298479791 4.5962995160371065 23.078761423006664 2.7796810138970613 1.3684983141720293 2.351922551169991 1.0987533032894132 3.364780766889452 5.842848151922226 25.245034016668797 27.643154144287109 4.1472171507775784 1.1854495387524355 3.7929011527448884 11.542849346995355 5.0595325119793415 5.6788103245198727 0.6308190617710342 10.217919066548346 0.70751695334911235 29.812459644861519 1.2890174333006132 1.4825618863105763 0.66838639229536057 144.81027854979038 11.641423556953667 0.86913271062076092 1.050911011174321 20.219200983643532 7.9014968350529671 2.9041612017899743 3.0781767498701811
leaf_count=9 36 160 47 1741 4420 60 72 131 25 153314 8 68 6 58 72 92 66 754 45 11 126 5 192 61 105 112 156 30 75 47 32 55 34 48 39 1977 24 26 39 616 51 51 17 91 69 161 160
internal_value=-0.0010028 -0.0320208 -0.0341746 -0.00243105 0.0548239 0.0442608 0.0214516 -0.000771333 -0.0125564 -0.0348032 -0.0250802 0.03897 -0.0349251 -0.0349691 -0.0208635 -0.0352645 0 -0.0238471 0.00189817 0.00497211 0.0392492 0.00341085 0.00208105 0.0112668 0.0496809 0.0447745 -0.00993798 -0.0320386 -0.0294399 0.054667 0.0288798 0.0481238 -0.032262 0.0376324 -0.0353304 -0.0332724 -0.0330404 -0.0340692 -0.00761471 0.0561855 0.0441451 -0.00688027 -0.0235098 0.0344091 0.0247742 -0.0353459 -0.0201286
internal_weight=3714.1 2387.87 2318.1 45.2152 1326.24 271.643 86.1684 48.6882 41.2337 2272.89 29.6083 69.7612 2271.1 2270.47 48.2838 2222.18 9.09759 36.0904 6.44717 3.42507 15.6069 3.45068 16.1948 12.83 37.4802 60.6636 6.98718 28.2181 29.6432 185.474 12.2351 12.1563 32.089 17.4799 2218.76 31.4582 25.8503 24.5613 1.64574 167.995 23.1843 1.57665 4.50129 33.0205 12.8013 2217.18 5.98234
internal_count=165594 159027 158444 2012 6567 2147 1325 1116 1080 156432 1779 583 156423 156417 2589 153828 243 1055 176 103 233 131 481 289 209 340 228 1771 879 822 104 102 2108 108 153725 2074 804 780 97 714 98 90 177 228 137 153635 321
is_linear=0
shrinkage=0.035


Tree=25
num_leaves=44
num_cat=0
split_feature=1 15 36 23 9 34 14 0 29 29 29 8 17 17 28 16 30 1 12 15 0 17 15 1 0 17 14 2 2 16 9 10 16 8 14 30 12 12 16 29 0 16 14
split_gain=4992.1 224.146 66.778 47.4755 73.2391 27.6421 49.3798 26.2244 24.5934 16.7472 14.8493 18.1195 14.4283 14.3682 12.2386 9.25999 4.88277 4.99078 4.78246 4.28848 3.82905 3.40141 4.38553 3.30786 5.40678 3.13192 3.029 2.87215 2.83448 11.1729 2.68118 6.76923 18.2773 2.51678 2.50356 2.35243 1.79954 1.54782 1.25064 0.736028 0.437769 0.287935 0.0767672
threshold=0.1178606152534485 0.89022758603096019 1.0000000180025095e-35 1.0000000180025095e-35 0.94494947791099559 0.36666667461395269 0.58759590983390819 1.0000000180025095e-35 0.82078272104263317 0.51732715964317333 0.7353600561618806 0.90521115064620983 0.11805555596947671 0.44949495792388922 0.68599441647529613 0.8589511811733247 0.30384616553783422 0.25371789932250982 0.58488884568214428 0.93419912457466137 0.51405227184295665 0.44949495792388922 0.77459675073623668 0.10454145446419717 0.68455016613006603 0.64583334326744091 0.81120249629020702 0.46273414790630346 0.50184985995292675 0.30901856720447546 0.89699381589889537 0.095454547554254546 0.81302964687347423 0.17267081141471866 0.89699381589889537 0.46410256624221807 0.9164397418498994 0.61806571483612072 0.51668518781661998 0.6926884949207307 0.80084761977195751 0.92893216013908397 0.75716626644134533
decision_type=2 2 2 2 2 2 2 2 2 2 2 2 2 2 2 2 2 2 2 2 2 2 2 2 2 2 2 2 2 2 2 2 2 2 2 2 2 2 2 2 2 2 2
left_child=1 3 19 7 13 6 8 -1 18 -4 11 12 -8 26 23 20 17 -14 33 34 -15 22 40 -9 39 37 -5 -22 29 -10 31 -12 -33 -2 -3 -34 -23 -17 -31 -25 -6 -36 -39
right_child=5 2 9 4 21 -7 10 14 28 -11 30 -13 16 15 -16 25 -18 -19 -20 -21 27 36 -24 24 -26 -27 -28 -29 -30 38 -32 32 35 -35 41 -37 -38 42 -40 -41 -42 -43 -44
leaf_value=0.072996625764585321 0.011487473281335312 0.0091366478288409832 -0.033751558633452687 -0.034116542762169799 -0.022894588612907565 0.056469837665406683 0.064201038244711503 -0.035452258559938457 0.052475494036887886 0.052557548937491178 0.060007678522279104 0.053341986471885781 -0.03384806678262036 0.070836670353913528 0.050362451420895557 0.0050577663853013993 0.022368095629254993 0.022549725370732267 0.019454372380123115 0.056073192793394379 -0.012970533283859541 0.05283312360683988 0.047331005365262253 -0.029103597251702026 0.036357893331547313 0.01395755218197786 0.0028510372230158357 0.038503550093521903 0.046004101353569651 -0.019471210076038015 0.055157960118827537 -0.0043598322370106942 0.029420113734704937 -0.033724334996826817 0.052792158110745266 0.05465439567421692 0.025141840409865689 -0.0089190246246388088 0.0053007532546155856 0.0014103906040947075 0.0014963155855445311 0.028310218482074909 -0.031894019446623713
leaf_weight=1.8274990022182453 1.0694171339273477 5.7768356930464533 20.041845454834405 76.054642374627292 2.060047965496782 997.85997697338462 2.4345003115013268 2104.1790893916041 5.497563190758231 2.2319691469892851 23.195266500115395 13.273724719882013 9.9847715003415924 1.5825299434363866 1.1778233461081971 1.4589255917817343 2.4928121808916321 1.5227399338036764 2.0307145025581113 34.255131930112839 2.1993881184607749 13.606549499556424 0.98519330192357291 4.9531989628449073 1.4115061396732924 2.8176765404641619 2.4805515166372052 1.2904598470777271 9.0051508694887143 4.2491004187613708 175.76033163070679 11.015054238960145 12.266940385103224 14.251491009257732 4.1902410155162189 21.570531100034714 8.304128944873808 1.6683789929375032 3.8012975659221411 0.79453483037650574 0.75426610466092814 9.1641268394887447 6.4076434494927526
leaf_count=9 12 77 1328 5269 125 4240 22 150837 43 35 100 60 330 47 8 49 23 14 24 195 75 84 10 281 29 26 69 28 40 49 739 68 58 617 72 90 35 44 38 27 20 69 179
internal_value=-0.000993806 -0.0319341 0.0270115 -0.0339414 -0.0125047 0.0535313 0.0440145 -0.0351668 0.00733098 -0.0230659 0.0493075 0.0244912 -0.000332676 -0.026574 -0.0352965 0.00191556 -0.0153196 -0.0248991 -0.0231376 0.0480091 0.0378156 0.038905 0.00552715 -0.0353698 -0.00932087 -0.0142921 -0.0328837 0.00962016 0.0309082 0.0181611 0.0522048 0.0438379 0.0342731 -0.0298436 0.031328 0.0467139 0.0440464 -0.0235048 -0.00809421 -0.0247829 -0.0167615 0.0393784 -0.029039
internal_weight=3622.96 2311.67 75.6602 2236.01 121.67 1311.28 313.421 2114.34 39.9047 22.2738 273.517 29.7085 16.4348 95.9602 2112.52 17.425 14.0003 11.5075 17.3516 53.3863 5.07238 25.7102 3.79951 2111.34 7.15924 12.3526 78.5352 3.48985 22.5531 13.548 243.808 68.0478 44.8525 15.3209 19.1312 33.8375 21.9107 9.53495 8.0504 5.74773 2.81431 13.3544 8.07602
internal_count=165594 159027 1776 157251 6060 6567 2327 151191 823 1363 1504 449 389 5786 151182 448 367 344 653 413 150 274 155 151174 337 298 5338 103 170 130 1055 316 216 629 218 148 119 272 87 308 145 141 223
is_linear=0
shrinkage=0.035


Tree=26
num_leaves=43
num_cat=0
split_feature=1 54 29 8 17 32 27 34 2 10 15 14 0 17 17 16 15 7 54 10 1 15 29 15 22 9 28 9 27 11 27 14 14 1 30 0 12 0 11 16 9 12
split_gain=4748.41 280.164 42.72 38.7995 27.3019 35.8257 19.2568 18.8063 34.1228 24.5267 42.6178 18.3268 16.9669 11.6444 10.6554 8.90941 8.60519 7.71755 7.22944 10.0873 6.66537 4.94817 4.82679 4.29998 3.50814 6.10719 3.30561 3.21152 2.94639 2.72304 2.44482 2.38681 1.3163 1.20478 1.16266 0.927425 0.771039 0.591621 1.64509 0.577763 0.443248 0.436896
threshold=0.099711906164884581 0.81016731262207042 0.6253834366798402 0.91734972596168529 0.64583334326744091 0.19785943627357486 0.53532215952873241 0.36666667461395269 0.56336912512779247 0.080128207802772536 0.83096903562545787 0.58280590176582348 1.0000000180025095e-35 0.44949495792388922 0.30384616553783422 0.23132664710283282 0.63686314225196849 0.30368906259536749 0.63161578774452221 0.44949495792388922 0.25371789932250982 0.77459675073623668 0.82078272104263317 0.93957647681236278 1.0000000180025095e-35 0.99230769276618969 0.68599441647529613 0.75716626644134533 0.73375529050827037 0.88516482710838329 0.615800440311432 0.86706829071044933 0.87939393520355236 0.25371789932250982 0.1490740776062012 0.7590814232826234 0.94627809524536144 0.3525752872228623 0.87138131260871898 0.71209660172462474 0.70064935088157665 0.58488884568214428
decision_type=2 2 2 2 2 2 2 2 2 2 2 2 2 2 2 2 2 2 2 2 2 2 2 2 2 2 2 2 2 2 2 2 2 2 2 2 2 2 2 2 2 2
left_child=1 4 3 17 12 -6 34 8 9 11 14 15 -1 21 37 -4 26 -2 30 32 -19 39 -17 29 25 27 -16 -21 33 -15 -14 -31 40 -18 -7 41 -33 38 -11 -3 -20 -29
right_child=2 13 7 -5 5 6 -8 -9 -10 10 -12 -13 18 23 16 22 28 20 19 24 -22 -23 -24 -25 -26 -27 -28 35 -30 31 -32 36 -34 -35 -36 -37 -38 -39 -40 -41 -42 -43
leaf_value=0.065148217768374733 0.046448563672671458 0 0.054880146253101225 0.061066258747038665 0.045592739545421909 -0.034252262433657914 0.063053880406811008 0.05532800917649304 0.052796230519723757 -0.02789169090011363 0.053915562791338266 0.062913980839963968 -0.03533061459879562 0.011710232671447484 0.0063566815166492584 -0.028633830732675152 -0.029930904106032177 -0.034031695465354034 -0.0059553482780424641 0.025879014931821414 0.02368555062937441 0.023915901551045327 0.013957935319014174 0.053094961154358071 -0.026273634951288379 0.039528892738492222 0.056551609133002619 -9.1857691765638883e-05 0.012257306975524117 0.052530116517178163 0.0048826235965935055 0.014464172076846946 0.0067800985819206636 -0.001602679397704255 0.0041363670030297329 0.0025688791830270419 0.034036719015437138 -0.037534661152904082 0.008428102439390784 -0.028015924824870864 -0.034164476598099194 -0.028461814816735102
leaf_weight=1.1723199039697636 1.0311307590454841 0.8997286530211549 3.9232998825609711 10.352072721347215 10.982124023139475 28.142618324607618 1.8437155401334155 978.20800973474979 204.81165180727839 3.0553636457771054 17.091197980567813 27.641828721389174 2064.0017777150497 8.426642354577778 3.3754606004804399 3.9563154410570851 5.8048919001594168 15.838781032711269 1.4936024788767159 1.7442719563841835 2.0682026455178848 4.2220539450645447 8.5040697492659074 27.152498662471771 3.1802154043689361 4.4203322604298583 3.1565046943724155 1.0569420326501129 3.680163085460662 9.0700302943587321 1.4723516963422287 8.0892086140811461 0.57980709336697955 3.0545388609170914 0.62253856100141902 1.5733143575489519 8.182892829179762 11.070379192009566 1.6628718152642248 3.8213675282895565 28.055286440066993 4.2170006148517132
leaf_count=6 22 42 33 61 68 1891 17 4198 875 95 81 130 153278 60 70 137 118 806 76 35 19 58 75 111 192 25 19 31 16 54 56 56 27 15 17 26 33 290 29 169 2005 172
internal_value=-0.000983408 -0.0320996 0.0519035 0.00959689 -0.0343405 -0.0059962 -0.0254733 0.0528613 0.0446711 0.0269305 0.0102308 0.045894 -0.0348937 0.0364692 -0.0119956 0.0150101 0.00548348 -0.0200138 -0.0349817 -0.0203592 -0.0262802 -0.000430277 -0.000428005 0.041862 0.00173834 0.010221 0.0353653 -0.00704212 -0.011286 0.0314619 -0.0352979 0.0372029 -0.0320218 -0.0216721 -0.0331928 -0.0181036 0.0259102 -0.0323866 -0.0152439 -0.0231893 -0.0330948 -0.024255
internal_weight=3532.71 2224.42 1308.29 29.2902 2154.56 41.591 30.6089 1279 300.789 95.9769 51.9514 44.0255 2112.97 69.8644 34.8602 16.3837 19.0716 18.9381 2111.79 46.3208 17.907 8.94315 12.4604 60.9213 16.1921 13.0119 6.53197 8.59153 12.5396 33.7688 2065.47 25.3421 30.1287 8.85943 28.7652 6.84726 16.2721 15.7886 4.71824 4.7211 29.5489 5.27394
internal_count=165594 158505 7089 908 157922 1993 1925 6181 1983 1108 733 375 155929 583 652 245 238 847 155923 2589 825 269 212 314 481 289 89 264 149 203 153334 143 2108 133 1908 229 89 414 124 211 2081 203
is_linear=0
shrinkage=0.035


Tree=27
num_leaves=43
num_cat=0
split_feature=1 54 29 17 32 2 34 2 8 15 27 0 30 7 54 10 12 8 9 22 9 15 9 30 15 9 11 27 14 11 14 14 14 29 1 14 16 30 0 7 9 15
split_gain=4520.52 270.141 40.2271 27.1421 33.5208 26.5199 23.8803 40.3965 28.8006 23.625 18.4704 16.4633 12.7569 10.963 7.32694 9.86213 5.62186 10.7329 5.53428 3.36758 5.64395 3.3595 3.06004 2.86555 6.23894 2.60863 3.94057 2.43226 2.36416 3.57454 1.91677 1.75024 2.25535 1.48475 1.43003 1.30481 1.2416 1.1971 0.9055 0.752818 0.445731 0.434051
threshold=0.099711906164884581 0.81016731262207042 0.58656641840934765 0.64583334326744091 0.19785943627357486 0.60462343692779552 0.26785714924335485 0.51850178837776195 0.22474747896194461 0.79795917868614208 0.53532215952873241 1.0000000180025095e-35 0.56385868787765514 0.84292763471603405 0.63161578774452221 0.44949495792388922 0.50088694691658031 0.6308579444885255 0.87841832637786876 1.0000000180025095e-35 0.99230769276618969 0.89512962102890026 0.75716626644134533 0.23303167521953586 0.83424907922744762 0.94494947791099559 0.94028520584106456 0.615800440311432 0.65166836977005016 0.84924244880676281 0.59896907210350048 0.44092722237110143 0.26006440818309789 0.87559524178504955 0.21894425153732303 0.87939393520355236 0.91715687513351452 0.15075758099555972 0.7590814232826234 0.81284341216087352 0.70064935088157665 0.83827373385429393
decision_type=2 2 2 2 2 2 2 2 2 2 2 2 2 2 2 2 2 2 2 2 2 2 2 2 2 2 2 2 2 2 2 2 2 2 2 2 2 2 2 2 2 2
left_child=1 3 5 11 -5 39 7 8 30 12 37 -1 16 18 27 35 33 -18 -3 20 22 25 -17 24 -9 26 -15 -13 29 -19 -4 32 -8 -10 -33 40 -20 -6 41 -2 -16 -24
right_child=2 13 6 4 10 -7 31 23 9 -11 -12 14 -14 21 15 19 17 28 36 -21 -22 -23 38 -25 -26 -27 -28 -29 -30 -31 -32 34 -34 -35 -36 -37 -38 -39 -40 -41 -42 -43
leaf_value=0.063210498271566759 -0.032816245167388701 0.033739115069596939 0.027508465426972561 0.043291747264390716 -0.034191193888538099 0.055043051869131943 0.051990736116575967 -0.0018972856274159762 -0.033113769398387609 0.045085669015115404 0.060623284529180366 -0.035308385897037026 0.041073249842185362 -0.025583673730800675 -0.0058508313691875303 0.024937876227520906 0.049636958617879944 -0.021795940907266755 -0.028462256928893388 -0.026079465181392581 0.037743587558384008 0.046848442420259644 -0.02834170842169614 0.051051688783035246 0.050050242252414008 0.032945075571569712 0.0272404913666465 0.0047681138296738661 -0.033296785147848396 0.029293836919224547 0.060411158273889952 0.067014727530503498 0.027789117285200917 -0.0024336340823761333 0.053878398673498973 0.0066768492226620436 0.00072798866096964539 0.00487836877447101 0.0025105260824912945 0 -0.034104342665046534 -0.00014604178623268282
leaf_weight=1.1961892545223225 11.214091594330966 2.7936161989346129 6.2909661438316133 11.209970254451035 27.257626100443311 5.6975736115127793 14.363783530890943 4.9263393683359009 17.461708991788331 11.210487533360718 1.8897717548534263 1994.2446403745562 4.0750303082168093 2.2248227987438449 1.4850890226662219 1.7837703693658129 2.9052186273038378 2.9592531612142903 3.9140377147123218 3.1006113309413186 4.5129892304539672 40.517352491617203 4.0887231789529324 174.54921053908765 5.0955706462264061 15.355764221400023 2.712797624990344 1.4788409899920214 4.7925902027636766 1.9108888329938052 13.738270193338392 29.376881737262011 15.476012442260979 2.6235854066908351 961.10771457105875 0.58356308192014594 2.3704525493085384 0.59233038872480293 1.5767205655574796 0.74803611915558654 27.139001175761223 1.0734048336744306
leaf_count=6 595 70 49 68 1893 28 61 57 639 66 17 153278 23 39 76 35 36 80 151 192 25 170 161 760 25 79 52 56 119 41 59 138 72 30 4192 27 22 15 26 19 2005 42
internal_value=-0.000975478 -0.0320179 0.0507976 -0.0342928 -0.00581925 -0.00139441 0.0515249 0.0413845 0.0178804 0.00276375 -0.0252509 -0.0348589 -0.0109139 0.0352677 -0.034949 -0.0200917 -0.0185335 0 -0.000239896 0.00169247 0.00993504 0.0405431 -0.0068401 0.049878 0.0263422 0.0261808 0.0025491 -0.0352746 -0.0181848 0 0.0520427 0.0539884 0.0408605 -0.0295777 0.0543387 -0.0319002 -0.018383 -0.0330986 -0.0178395 -0.0307183 -0.0330036 -0.0240219
internal_weight=3443.63 2153.1 1290.52 2083.21 40.9497 17.6597 1272.86 252.539 67.968 47.9388 29.7397 2042.26 36.7283 69.8888 2041.07 45.3439 32.6532 12.568 9.07811 16.1362 13.0356 60.8107 8.52262 184.571 10.0219 20.2934 4.93762 1995.72 9.66273 4.87014 20.0292 1020.32 29.8398 20.0853 990.485 29.2077 6.28449 27.85 6.73885 11.9621 28.6241 5.16213
internal_count=165594 158505 7089 157922 1993 642 6447 1984 1142 1034 1925 155929 968 583 155923 2589 945 276 243 481 289 340 264 842 82 170 91 153334 240 121 108 4463 133 669 4330 2108 173 1908 229 614 2081 203
is_linear=0
shrinkage=0.035


Tree=28
num_leaves=42
num_cat=0
split_feature=1 54 29 8 17 32 34 2 10 15 27 14 0 17 17 2 15 54 10 7 30 1 14 15 27 9 28 9 12 14 27 9 27 6 14 0 30 16 9 12 27
split_gain=4306.53 260.302 37.8993 34.4963 26.9747 31.4007 18.5542 31.8864 21.884 38.3586 17.7446 16.6296 15.9817 10.3981 9.98938 8.54521 8.09897 7.42289 9.63761 7.27857 6.84159 6.26735 4.61754 4.28256 3.23261 5.22199 2.91959 2.9158 2.76209 2.71276 2.42 1.63084 1.54344 1.515 1.38306 0.883852 0.681104 0.56447 0.448302 0.447271 0.0276624
threshold=0.099711906164884581 0.81016731262207042 0.6253834366798402 0.91734972596168529 0.64583334326744091 0.19785943627357486 0.36666667461395269 0.56336912512779247 0.080128207802772536 0.83096903562545787 0.51445281505584728 0.58280590176582348 1.0000000180025095e-35 0.44949495792388922 0.30384616553783422 0.13020028173923495 0.63686314225196849 0.63161578774452221 0.44949495792388922 0.30368906259536749 0.56385868787765514 0.25371789932250982 0.81120249629020702 0.93957647681236278 1.0000000180025095e-35 0.99230769276618969 0.68599441647529613 0.75716626644134533 0.62323853373527538 0.83752354979515087 0.615800440311432 0.94494947791099559 0.5914268195629121 0.65648320317268383 0.88185444474220287 0.7590814232826234 0.52786380052566539 0.71209660172462474 0.70064935088157665 0.58488884568214428 0.41036838293075567
decision_type=2 2 2 2 2 2 2 2 2 2 2 2 2 2 2 2 2 2 2 2 2 2 2 2 2 2 2 2 2 2 2 2 2 2 2 2 2 2 2 2 2
left_child=1 4 3 19 12 -6 7 8 11 14 -7 15 -1 22 36 -4 26 30 34 -2 32 -21 37 29 25 27 -16 -20 33 -15 -14 -31 -17 -18 38 39 40 -3 -19 -29 -10
right_child=2 13 6 -5 5 10 -8 -9 9 -11 -12 -13 17 23 16 20 28 18 24 21 -22 -23 -24 -25 -26 -27 -28 35 -30 31 -32 -33 -34 -35 -36 -37 -38 -39 -40 -41 -42
leaf_value=0.061380889399333463 0.044046207374705763 0 0.047745966320869512 0.057483535272081693 0.041168887851492933 -0.034126330113365827 0.053161689053441943 0.050489422705086461 -0.010194934870360273 0.05086491208798366 0.048934101229657384 0.059587952218480254 -0.035286561023568225 0.047480981217824438 0.0061343021782826477 0.0031063330495141222 -0.038387022236809468 -0.0057480398227576935 0.02403776647142173 -0.033889276002245637 0.032792415509814571 0.022378898437635863 0.022491467474728497 0.050372496463105106 -0.025884678951066959 0.036076688319677558 0.053348213494091683 0 0.0059067999590178303 0.0067958127082789451 0.0046563888412833121 0.027526673586363719 -0.02845442210233325 -0.0041831712427184966 0.0082195416546416711 0.0024535263348239166 -0.0037640423092948007 -0.027831450782126895 -0.034047143750698221 -0.028127950696411906 -0.036111111723504563
leaf_weight=1.2181381881237019 1.0789752881974006 0.90368768107145836 5.0434271376580027 10.344881668686869 11.423061203211544 26.253964379429821 948.87774167209864 199.64706741087139 1.4224274586886156 16.973476104438305 2.6436531031504265 27.361913837492466 1926.8241040343419 7.8276995420455924 3.3664967799559262 2.0935546858236176 3.5676725311204773 1.4767702501267255 1.8225388359278456 14.977416773326697 3.3639452345669261 2.0664398884400716 4.2912875600159168 26.802213728427887 3.0234961882233611 4.6008497700095168 3.2225715182721615 1.0322462841868398 5.5183039279654622 7.8268624357879188 1.4852030854672182 18.491033799946308 6.0102289840579033 3.240392585285008 0.5278793852776279 1.5800551399588583 1.4926437623798836 3.7466925932094455 26.312748811207712 4.0223579909652472 12.348153365775941
leaf_count=6 22 42 56 61 68 1888 4198 875 40 81 37 130 153278 53 70 52 51 76 35 806 20 19 55 111 192 25 19 31 58 72 56 78 117 40 24 26 9 172 2008 172 365
internal_value=-0.000966804 -0.0319368 0.0497585 0.00931105 -0.0342449 -0.00564694 0.0506734 0.0424963 0.0253154 0.00936875 -0.025028 0.0432068 -0.0348241 0.0340778 -0.0119993 0.0140077 0.00489453 -0.0349164 -0.0198248 -0.0195718 -0.00318888 -0.026011 -0.000741078 0.0391721 0.00164346 0.00965424 0.0336737 -0.00664471 -0.0115992 0.0290977 -0.0352516 0.021964 -0.0204709 -0.0251762 -0.0317763 -0.0175761 -0.0321643 -0.0229854 -0.0329168 -0.0237865 -0.0345425
internal_weight=3356.15 2084.14 1272.02 28.4677 2014.25 40.3207 1243.55 294.672 95.0252 51.1521 28.8976 43.8731 1973.93 69.8895 34.1787 16.5112 18.9154 1972.71 44.3989 18.1228 11.4677 17.0439 8.94167 60.9478 16.0815 13.058 6.58907 8.4572 12.3264 34.1456 1928.31 26.3179 8.10378 6.80807 28.3174 6.63466 15.2632 4.65038 27.7895 5.0546 13.7706
internal_count=165594 158505 7089 908 157922 1993 6181 1983 1108 733 1925 375 155929 583 652 245 238 155923 2589 847 189 825 269 314 481 289 89 264 149 203 153334 150 169 91 2108 229 414 214 2084 203 405
is_linear=0
shrinkage=0.035


Tree=29
num_leaves=42
num_cat=0
split_feature=1 54 29 17 32 34 2 28 6 15 27 0 2 15 54 10 17 36 11 14 38 14 22 2 15 7 27 14 16 27 2 14 28 30 0 1 27 16 14 12 15
split_gain=4105.17 251.138 35.9131 26.7927 29.4543 25.1258 41.5971 36.1248 20.5164 26.6061 17.1274 15.5208 12.9529 10.1628 7.51703 9.41428 5.94911 5.29668 4.55043 3.63522 3.51924 3.26939 3.10366 4.60008 3.81617 2.7265 2.40801 2.18367 3.43954 1.95818 1.68948 1.43431 1.24521 1.2212 1.21602 0.743717 0.415626 0.331173 0.146894 0.0521625 0.0307517
threshold=0.099711906164884581 0.81016731262207042 0.56268712878227245 0.64583334326744091 0.19785943627357486 0.26785714924335485 0.58757218718528759 0.74175426363945018 0.069570478051900878 0.86319074034690868 0.53532215952873241 1.0000000180025095e-35 0.60462343692779552 0.89512962102890026 0.63161578774452221 0.44949495792388922 0.44949495792388922 1.0000000180025095e-35 0.98936170339584362 0.86706829071044933 0.46428571641445165 0.63859337568283092 1.0000000180025095e-35 0.52799281477928173 0.85270008444786083 0.24068965017795566 0.615800440311432 0.44092722237110143 0.29459981620311743 0.40586884319782263 0.41400390863418585 0.88493064045906078 0.45841568708419805 0.15707236528396609 0.51247477531433117 0.21894425153732303 0.73375529050827037 0.86706829071044933 0.91715687513351452 0.7245067059993745 0.67017546296119701
decision_type=2 2 2 2 2 2 2 2 2 2 2 2 2 2 2 2 2 2 2 2 2 2 2 2 2 2 2 2 2 2 2 2 2 2 2 2 2 2 2 2 2
left_child=1 3 12 11 -5 6 7 8 -4 17 33 -1 -2 16 26 31 18 30 37 -18 29 25 23 24 34 -9 -13 28 -7 32 -10 -16 -19 -6 -17 -29 39 -3 -15 -31 -36
right_child=2 13 5 4 10 27 -8 21 9 -11 -12 14 -14 38 15 22 19 20 -20 -21 -22 -23 -24 -25 -26 -27 -28 35 -30 36 -32 -33 -34 -35 40 -37 -38 -39 -40 -41 -42
leaf_value=0.059651143222501715 -0.032092148280212333 -0.02953424119700996 0.048459818570997099 0.039203411825187481 -0.034071968498305655 0.048243144454862351 0.049711377358690814 0.044559971411093753 -0.0087715666728723982 0.054865524300750083 0.056541002101307143 -0.035265109673759364 0.040045797764796123 0.031031366873688942 -0.032826832741701152 0.0050416087416341624 0.036357778482412798 -0.019400990334170649 0.024736572948070568 0.0055862727073219447 0.015391861524548038 0.050988066175011601 -0.025689327585248556 0.032866929858843555 0.031318983039164944 0.011788815112905526 0.0045473762964438223 0.063489881566263895 0.020272312248386829 -0.035218969695467714 0.02496594560243659 0.0092702358390801161 0.016651664211562622 0.0055607385156302763 -0.0070943488970400849 0.051894088426731613 -0.0046283614001115959 -0.002092938618727079 0.047657407497926976 -0.0079953079610019274 -0.029023359123331715
leaf_weight=1.2382225841283787 8.7604441754519922 4.3146915007382658 7.5589239820837966 11.622370455414055 25.57597295939923 17.824679218232635 160.07454475015402 5.2597070336341849 2.7721212329342952 5.4378841519355765 1.9675976969301689 1861.664266211912 3.4452739171683779 10.951108381152151 26.963279704563323 1.4828180372715012 12.972275186330082 1.3123628469184105 2.3396243825554848 8.1659936197102052 1.4905817992985237 26.944403558969498 2.9487879294902077 4.9838338717818251 1.4777337610721586 9.1106711570173484 1.4914400205016125 29.822666371241212 11.576933454722164 23.880026714876301 2.5324489315971732 0.49210423789918323 1.3660913296043871 0.56269301380962033 1.3852005898952482 930.9542433694005 1.207414312288164 1.0957454722374675 30.007652953267097 1.1107345595955838 3.7474162187427282
leaf_count=6 483 173 36 68 1895 78 711 34 55 28 17 153278 18 49 2086 49 85 48 64 57 25 116 192 47 36 78 56 146 57 878 27 22 33 13 33 4197 27 27 128 14 124
internal_value=-0.000959292 -0.0318543 0.0487897 -0.0341967 -0.00549184 0.0493784 0.0390082 0.0195923 -0.000883544 -0.0109749 -0.0248062 -0.0347894 -0.0099744 0.0329734 -0.0348838 -0.0195583 0.0160753 -0.0223296 -0.00899888 0.0254177 -0.0278625 0.0432463 0.00159397 0.0093827 -0.00671822 0.0261298 -0.0352289 0.0519518 0.0383738 -0.0306529 0.0081851 -0.03165 -0.000533586 -0.0329164 -0.0186713 0.0523233 -0.0334707 -0.0257161 0.044141 -0.0344978 -0.0257977
internal_weight=3269.89 2017.45 1252.44 1947.6 39.7286 1240.24 250.058 89.9834 48.6686 41.1097 28.1063 1907.88 12.2057 69.8471 1906.64 43.4812 28.8883 35.6718 7.75006 21.1383 30.3672 41.3148 16.0258 13.077 8.09317 14.3704 1863.16 990.179 29.4016 28.8766 5.30457 27.4554 2.67845 26.1387 6.61543 960.777 26.1982 5.41044 40.9588 24.9908 5.13262
internal_count=165594 158505 7089 157922 1993 6588 2110 1399 1171 1135 1925 155929 501 583 155923 2589 406 1107 264 142 1025 228 481 289 242 112 153334 4478 135 1000 82 2108 81 1908 206 4343 919 200 177 892 157
is_linear=0
shrinkage=0.035


Tree=30
num_leaves=41
num_cat=0
split_feature=1 54 2 36 28 38 17 32 27 0 9 6 7 54 10 9 14 14 14 23 9 9 8 27 28 14 2 16 14 12 14 14 0 14 27 27 12 8 14 8
split_gain=3915.57 242.351 34.6789 55.6199 48.5775 28.7575 26.6122 27.646 16.5277 15.0791 14.9906 10.8319 9.45632 7.6291 9.19673 5.10515 3.35324 3.01757 2.9845 2.97828 4.65388 2.80649 2.78588 2.39628 2.2277 1.42066 1.15 1.11135 0.931563 3.30182 0.866254 6.28262 0.808509 0.530576 0.507615 0.718877 0.486729 0.484395 0.353403 0.317816
threshold=0.099711906164884581 0.81016731262207042 0.56336912512779247 1.0000000180025095e-35 0.78024387359619152 0.36666667461395269 0.64583334326744091 0.19785943627357486 0.51445281505584728 1.0000000180025095e-35 0.12132352963089944 0.81284341216087352 0.84292763471603405 0.63161578774452221 0.44949495792388922 0.87841832637786876 0.62767899036407482 0.91715687513351452 0.61861473321914684 1.0000000180025095e-35 0.99230769276618969 0.75716626644134533 0.93813776969909679 0.615800440311432 0.84918582439422619 0.88493064045906078 0.11427757143974306 0.91715687513351452 0.83752354979515087 0.83034139871597301 0.44092722237110143 0.26006440818309789 0.7590814232826234 0.88185444474220287 0.40586884319782263 0.38337650895118719 0.58289292454719555 0.64051282405853283 0.8521554470062257 0.62115561962127697
decision_type=2 2 2 2 2 2 2 2 2 2 2 2 2 2 2 2 2 2 2 2 2 2 2 2 2 2 2 2 2 2 2 2 2 2 2 2 2 2 2 2
left_child=1 6 3 30 5 10 9 -8 -9 -1 -5 22 15 23 25 -3 24 28 -7 -16 21 -21 26 -11 -6 37 -12 -17 29 -14 31 -2 36 -30 35 -28 -23 39 -36 -15
right_child=2 12 -4 4 16 18 7 8 -10 13 11 -13 17 14 19 27 -18 -19 -20 20 -22 32 -24 -25 -26 -27 34 -29 33 -31 -32 -33 -34 -35 38 -37 -38 -39 -40 -41
leaf_value=0.058013705974937331 0.053508779895830486 0.031121340789442974 0.051004727765046463 0.057977304961585728 0.0085575775456449687 0.0087966544641801554 0.037377747046784301 -0.034000071083111254 0.04566751264096601 -0.035244009775321286 0 0.026999612006536809 0.0061280692715835585 -0.014377297658733116 -0.025493463427484916 -0.028286876334791957 0.049154205387528939 0.045428610678696163 0.051099079589881136 0.023388190237939907 0.03362266166556753 0 0.014088569893137996 0.0044410066765332061 0.036048500045647108 0.0091361103501784082 -0.021680428212306233 0 0.011211101513216887 0.050735264960765365 0.050950732637539409 0.014884716455585851 0.001654641331654948 0.025827779155985785 -0.034440066968259145 0.0054371397404685117 -0.027949902170410532 -0.033934409699910816 -0.0057226812895289931 0.0066990238079335891
leaf_weight=1.2565026432275761 12.471273936331274 2.9117377866059524 967.48365181777626 1.9808473363518704 6.9819165766239193 3.5066656982526174 11.808808758854864 24.585565865039829 2.7303354488685718 1798.6910957572982 1.5799675080925215 3.8381174607202402 3.4939833637326974 0.84435911197215918 2.8764071529731128 3.7912096669897437 30.74341182410717 30.15858156606555 8.3475138163194043 1.8502167519181947 4.7304063886404046 0.98164129070937622 1.1045847889035929 1.4975538197904814 10.491433799266813 0.49645590968429942 1.7531083300709718 2.4433335028588772 8.8785021491348761 6.3702039830386639 136.95189497806132 10.56220193300396 1.6275723651051519 11.730328842997549 31.907597326673567 1.2599322581663726 3.9290294647216797 24.683927662670612 1.2825747653841961 0.5866847075521946
leaf_count=6 60 70 4441 10 51 63 68 1888 37 153278 14 51 77 58 192 151 136 131 56 35 25 29 17 56 50 22 86 22 50 32 681 74 26 50 1231 43 174 1989 25 39
internal_value=-0.000950331 -0.0317708 0.0478795 0.0362975 0.0162072 -0.00576808 -0.0341479 -0.00532818 -0.0245818 -0.0347543 -0.0187349 -0.023616 0.0319098 -0.0348509 -0.0192773 -0.00083764 0.04165 0.0368399 0.0405155 0.00153966 0.00910059 -0.00646342 -0.029251 -0.0352066 0.0263111 -0.031519 -0.0309389 -0.018486 0.0270554 0.0372756 0.0492509 0.0372993 -0.0173572 0.020503 -0.0321828 -0.0109396 -0.0234645 -0.0327294 -0.0336325 -0.00509561
internal_weight=3185.2 1952.95 1232.25 264.763 104.778 56.5609 1883.18 39.1247 27.3159 1844.05 44.7067 42.7259 69.7779 1842.8 42.6067 9.14628 48.2168 60.6316 11.8542 15.9953 13.1189 8.38846 38.8878 1800.19 17.4734 26.6114 37.7832 6.23454 30.473 9.86419 159.985 23.0335 6.53824 20.6088 36.2032 3.01304 4.91067 26.115 33.1902 1.43104
internal_count=165594 158505 7089 2648 1833 1596 157922 1993 1925 155929 1477 1467 583 155923 2589 243 237 340 119 481 289 264 1416 153334 101 2108 1399 173 209 109 815 134 229 100 1385 129 203 2086 1256 97
is_linear=0
shrinkage=0.035


Tree=31
num_leaves=45
num_cat=0
split_feature=1 54 2 34 29 17 32 27 6 10 15 14 15 7 12 54 10 2 30 1 11 9 6 30 14 8 16 23 9 9 27 32 14 14 14 30 10 9 2 9 12 14 37 14
split_gain=3736.27 234.126 33.8294 50.0798 31.1413 26.4195 25.9794 15.9089 14.6556 12.5701 28.9857 11.7261 9.30447 8.33645 8.12729 7.72103 8.97736 6.70701 5.58171 5.40232 5.3655 5.30257 5.16623 5.82053 4.88262 3.09111 5.342 2.86092 4.31572 2.67379 2.38482 2.04229 1.40709 1.32249 3.24801 1.20778 0.809857 1.20034 0.57929 0.5042 0.496312 1.72658 0.410242 0.216882
threshold=0.099711906164884581 0.81016731262207042 0.56336912512779247 0.36666667461395269 0.6926884949207307 0.64583334326744091 0.19785943627357486 0.53532215952873241 0.069570478051900878 0.080128207802772536 0.83096903562545787 0.58280590176582348 0.89512962102890026 0.21164613962173465 0.62323853373527538 0.63161578774452221 0.44949495792388922 0.13020028173923495 0.56385868787765514 0.40217100083827978 0.98936170339584362 0.99230769276618969 0.81284341216087352 0.36038962006568914 0.87112742662429821 0.85912698507308971 0.84889996051788341 1.0000000180025095e-35 0.99230769276618969 0.75716626644134533 0.615800440311432 0.88107022643089306 0.88493064045906078 0.44092722237110143 0.23392613232135775 0.15707236528396609 0.58571431040763866 0.8550420105457307 0.18297153711318973 0.70064935088157665 0.9164397418498994 0.7933771312236787 1.0000000180025095e-35 0.91715687513351452
decision_type=2 2 2 2 2 2 2 2 2 2 2 2 2 2 2 2 2 2 2 2 2 2 2 2 2 2 2 2 2 2 2 2 2 2 2 2 2 2 2 2 2 2 2 2
left_child=1 5 3 4 13 8 -7 35 -1 11 14 17 20 -2 19 30 32 -6 38 31 21 25 23 -15 40 26 -3 -18 29 -29 -10 -11 39 34 -5 -8 -31 -38 -19 -17 41 -22 -35 -14
right_child=2 12 -4 33 9 6 7 -9 15 10 -12 -13 43 22 -16 16 27 18 -20 -21 24 -23 -24 -25 -26 -27 -28 28 -30 36 -32 -33 -34 42 -36 -37 37 -39 -40 -41 -42 -43 -44 -45
leaf_value=0.056461688383152908 0.05461791973414868 -0.024047536832892472 0.050137576386127432 0.049069147919879985 0.044998431326808128 0.035676907783069291 -0.033948833564108875 0.052884187473516149 -0.035223232482245029 -0.036322743703441615 0.048608327162339565 0.054367582161790849 0.029048938736505686 -0.034084198244963122 0.02236458516994122 -0.0046404237551722861 -0.025297139365598027 -0.025894463302327506 0.029636696801767257 0.0084009508252696399 0.019241465008649743 0.026834083085743855 0.025252681479977526 0.031968323602180694 0 -0.03169420799422127 0.043590213078474098 0.022555493678566543 0.032214831769641177 -0.027213192335076408 0.0043372133119719972 -0.0026961429984329456 0.0090035486166167022 0.033401653378568312 0.018997576393511743 0.0055332478461914665 0.013720355583793916 -0.019897266772990103 -0.0031695482748264523 -0.033867001984087403 0.021524450061773916 0.066969475936575165 0.051158654277322045 0.045201511088908394
leaf_weight=1.2730417847633351 0.80367291346192615 2.2348109195008861 950.09378329198807 10.665660634636881 4.715595878660678 11.983227919787167 23.977223034948118 2.0373286604881278 1737.832990963012 12.0914913173765 16.035251762717962 25.743615731596947 11.008327342569826 19.071283262223012 6.4932243339717379 1.390363585203892 2.8062770105898354 4.3738606637343747 3.4799864813685417 5.4355324208736411 3.0325157698243839 4.3103761728852996 1.5253188591450442 0.95118940342217584 5.2933788336813459 5.2626764727756381 1.5603877343237398 1.8876150771975497 4.8066378831863412 3.2545583387836814 1.5035464819520701 3.1435876460745922 0.50078022293746371 10.568261198699473 11.267553620040415 0.5604145647957911 1.7297450723126533 1.4534597890451548 2.7836939292028546 23.913418236188591 4.4160729795694351 2.9969868417829275 122.33569704368711 29.548881202936172
leaf_count=6 6 102 4441 47 43 68 1895 17 153278 246 75 119 49 1092 50 76 192 72 20 42 56 33 36 23 28 112 30 35 25 105 56 45 22 51 53 13 62 62 49 2010 18 27 579 128
internal_value=-0.000941689 -0.0316864 0.0470167 0.0355161 0.016785 -0.0340992 -0.00518187 -0.0243586 -0.0347195 0.026488 0.0127381 0.0402122 0.0309208 -0.0192259 -0.00928649 -0.0348183 -0.0190105 0.0143898 -0.00157884 -0.0199637 0.0148906 -0.00129959 -0.0244355 -0.0294084 0.0281073 -0.0163724 0.0063227 0.00149126 0.00884851 -0.00627456 -0.0351846 -0.0301933 -0.0313873 0.0482046 0.0352754 -0.0327287 -0.0170944 -0.00187992 -0.0189574 -0.0326316 0.040963 0.0496148 0.0500328 0.041706
internal_weight=3102.15 1890.58 1211.58 261.484 106.647 1820.91 38.5582 26.575 1782.35 84.2958 43.1991 41.0968 69.6644 22.3515 27.1638 1781.08 41.7429 15.3531 10.6375 20.6706 29.1072 13.3683 21.5478 20.0225 15.739 9.05788 3.7952 15.9383 13.132 8.32538 1739.34 15.2351 25.8046 154.837 21.9332 24.5376 6.43776 3.1832 7.15755 25.3038 10.4456 6.0295 132.904 40.5572
internal_count=165594 158505 7089 2648 1918 157922 1993 1925 155929 761 458 303 583 1157 383 155923 2589 184 141 333 406 277 1151 1115 129 244 132 481 289 264 153334 291 2108 730 100 1908 229 124 121 2086 101 83 630 177
is_linear=0
shrinkage=0.035


Tree=32
num_leaves=44
num_cat=0
split_feature=1 54 34 2 6 15 17 32 16 27 0 36 28 0 41 15 9 0 12 38 17 1 22 0 10 6 12 27 12 12 27 14 28 14 14 14 11 9 10 6 15 15 15
split_gain=3567.36 227.08 32.9429 49.1446 35.0171 25.0661 21.7941 21.1139 19.1537 15.3332 14.295 12.0819 7.90515 7.1744 5.65599 5.67294 6.20825 6.51147 5.29751 3.80373 3.7516 15.4756 3.40918 16.6847 3.75571 3.19675 2.40513 2.38716 2.31184 2.18951 1.9044 1.75745 1.62434 1.42096 1.03846 1.28195 0.994844 0.750476 0.62853 0.597169 0.181096 0.00313429 0.541673
threshold=0.099711906164884581 0.75134408473968517 0.36666667461395269 0.51850178837776195 0.2152509689331055 0.83096903562545787 0.64583334326744091 0.19785943627357486 0.84889996051788341 0.51445281505584728 1.0000000180025095e-35 1.0000000180025095e-35 0.78024387359619152 0.50300902128219616 2.5000000000000004 0.90070420503616344 0.94494947791099559 0.63326683640480053 0.40521660447120672 0.46428571641445165 0.44949495792388922 0.25371789932250982 1.0000000180025095e-35 0.74562552571296703 0.44949495792388922 0.92422503232955944 0.88282340764999401 0.615800440311432 0.61806571483612072 0.58079150319099437 0.40586884319782263 0.59896907210350048 0.58470535278320324 0.64174234867095958 0.44092722237110143 0.26006440818309789 0.90550595521926891 0.81120249629020702 0.16025641560554507 0.85912698507308971 0.71209660172462474 0.34248121082782751 0.3260560035705567
decision_type=2 2 2 2 2 2 2 2 2 2 2 2 2 2 2 2 2 2 2 2 2 2 2 2 2 2 2 2 2 2 2 2 2 2 2 2 2 2 2 2 2 2 2
left_child=1 6 3 4 31 11 10 -8 13 -9 -1 18 19 -3 15 16 17 -10 -6 30 21 32 23 24 41 -15 -18 -24 29 -26 33 -2 -5 -13 35 -4 -19 -22 -23 -38 -30 42 -12
right_child=2 8 34 20 5 -7 7 9 14 -11 22 12 -14 25 -16 -17 26 36 -20 -21 37 38 27 -25 28 -27 -28 -29 40 -31 -32 -33 -34 -35 -36 -37 39 -39 -40 -41 -42 -43 -44
leaf_value=0.054988792703818679 0.026380988251741427 0.045831861695404326 0.046990953571767684 -0.026537895564291224 -0.0068132407181876941 0.043216238911223372 0.033884367627003538 -0.033803776535857123 0.04267289956466206 0.042734599247955675 -0.021205378306023183 -0.020633347373662628 0.0080064515295872624 -0.032152575981080837 -0.0012633293208676084 0.044324940391198123 0.047844774541537231 -0.029470314599529323 0.041904327428626334 0.0060698094694168645 0.031294346652281632 0.052223959984331297 -0.035326470905542973 0.038442077807120292 -0.0085177557266700177 0.014669848783805004 0.020045232832692439 0.0042359306034017658 -0.0017747970303794557 0.039154461873775893 -0.034755800889951262 0.053896665975430691 0.004608099376679383 0.016886094162632089 0.049954418999540923 0.025808313764228718 0.0075141272367674813 0.048102777317340764 0.030406536684370794 -0.014329365131133441 -0.024976147640312925 -0.033994896983502651 0.0054603834214845782
leaf_weight=1.2879053354263295 7.8971216231584576 1.0942588225007046 12.828868269920351 3.8521509245038059 4.1206296188756806 11.741278261877595 10.082500793039797 22.257157141342763 1.9864676669240013 2.8075745757669202 1.740732581354677 1.5892924061045115 9.0556210651993734 9.3638935433700663 5.6069937897846094 35.098922915756702 7.6691938359290388 3.2926004696637392 5.4825845956802368 3.1480707274749866 12.204764928668736 12.508142560720446 1645.5395345138386 3.7545067761093369 1.6936826277524226 1.4375153016298998 13.124104315415023 1.5094200391322363 1.0404137894511225 1.2521072458475826 25.872077505104244 18.097945466637611 2.8267761981114745 1.3365475777536628 866.34079743921757 13.583971593528984 2.0650438889861107 167.34396188613027 10.37027859687805 1.9672386571764944 2.5291136335581541 51.364452087320387 0.6372244982048868
leaf_count=6 51 52 57 61 63 67 56 1851 41 37 157 87 61 553 65 176 50 59 53 65 57 56 150216 69 66 14 75 56 31 41 1214 83 34 37 4143 64 59 789 47 22 132 4564 57
internal_value=-0.000931652 -0.0316008 0.046213 0.0358012 0.0136519 -0.000700169 -0.0342852 -0.00666555 0.0248082 -0.0237856 -0.0348458 -0.0115974 -0.019886 -0.0150814 0.0316748 0.0345363 0.0219532 -0.00145961 0.021999 -0.0279018 0.0450325 0.0308779 -0.0349476 -0.0257884 -0.0304097 -0.0249096 0.032184 -0.0352855 -0.00399572 0.015646 -0.031812 0.0469542 -0.0140165 -0.0026671 0.0496342 0.0375634 -0.0175368 0.0471593 0.0441687 -0.00317699 -0.0208479 -0.0334166 -0.0135225
internal_weight=3020.4 1830.2 1190.2 297.447 88.3412 62.3461 1747.5 35.1472 82.7062 25.0647 1712.35 50.6048 41.0016 11.8957 70.8106 65.2036 30.1046 9.31135 9.60321 31.946 209.106 29.5573 1711.06 64.0122 60.2577 10.8014 20.7933 1647.05 6.51532 2.94579 28.7979 25.9951 6.67893 2.92584 892.754 26.4128 7.32488 179.549 22.8784 4.03228 3.56953 53.7424 2.37796
internal_count=165594 158505 7089 2825 1781 1647 157339 1944 1166 1888 155395 1580 1464 619 547 482 306 181 116 1403 1044 198 155389 5117 5048 567 125 150272 270 107 1338 134 95 124 4264 121 140 846 103 81 163 4778 214
is_linear=0
shrinkage=0.035


Tree=33
num_leaves=50
num_cat=0
split_feature=29 54 12 34 2 6 15 17 28 39 36 22 17 1 14 36 29 15 6 9 12 38 9 12 9 9 0 38 12 9 6 31 10 12 14 14 9 27 1 14 14 15 15 12 14 2 27 15 15
split_gain=3408.31 218.207 40.0788 28.4325 40.0969 23.9439 28.6864 16.5212 16.1021 12.2379 10.5749 10.3567 26.5446 10.2209 7.73477 7.7035 6.34366 5.28501 4.86277 4.48034 18.7563 4.23258 4.03153 3.88536 3.26753 7.0773 3.0537 2.97896 3.56258 2.80611 2.73553 2.51116 2.42675 4.84088 1.93863 1.58366 1.48899 1.12908 3.05297 0.575783 0.768864 0.486738 0.450172 0.374774 0.241149 0.135228 0.323109 0.012687 0.530021
threshold=0.60326328873634349 0.75134408473968517 0.96877202391624462 0.36666667461395269 0.56336912512779247 0.2152509689331055 0.83096903562545787 0.44949495792388922 0.68599441647529613 1.5000000000000002 1.0000000180025095e-35 1.0000000180025095e-35 0.44949495792388922 0.25371789932250982 0.82413583993911754 1.0000000180025095e-35 0.51732715964317333 0.93957647681236278 0.68133461475372326 0.94494947791099559 0.62857428193092357 0.46428571641445165 0.7243877947330476 0.47930309176445013 0.84889996051788341 0.70320320129394542 0.74562552571296703 0.58571431040763866 0.64302721619606029 0.91476997733116161 0.92422503232955944 0.32738095521926885 0.73214286565780651 0.88282340764999401 0.59896907210350048 0.78830561041831981 0.33687943220138555 0.40586884319782263 0.16783953458070758 0.44092722237110143 0.26006440818309789 0.88396573066711437 0.92031747102737438 0.78395128250122081 0.7243877947330476 0.70000678300857555 0.45176798105239874 0.34248121082782751 0.3260560035705567
decision_type=2 2 2 2 2 2 2 2 2 2 2 2 2 2 2 2 2 2 2 2 2 2 2 2 2 2 2 2 2 2 2 2 2 2 2 2 2 2 2 2 2 2 2 2 2 2 2 2 2
left_child=1 2 11 4 5 34 8 14 15 22 -4 12 35 27 30 23 -12 19 24 20 -9 37 -10 -7 25 -14 -20 31 -29 43 -3 36 33 -21 -2 47 -13 38 -17 40 -5 -8 -6 -22 -27 -38 -47 48 -1
right_child=3 7 10 39 42 6 41 17 9 -11 16 13 18 -15 -16 21 -18 -19 26 32 29 -23 -24 -25 -26 44 -28 28 -30 -31 -32 -33 -34 -35 -36 -37 45 -39 -40 -41 -42 -43 -44 -45 -46 46 -48 -49 -50
leaf_value=-0.021012703179842506 0.025547188739938186 -0.031778488549684666 0.047425375203394973 0.046112172087761139 0.041515514551590513 -0.012753155438189872 0.029251403742318698 0.070497710843081471 0.011169384734993158 -0.015978878387386448 -0.028923624307031874 0.008382642832938771 0.05701739889563158 0.032328451614375635 0.027267173335217838 -0.02580357466131921 0.037515056316170338 0.043774951057138307 -0.02683761512836403 0.041361151349982875 -0.011342599612494897 0.014804705106353082 0.048097272391107178 0.036028335860574599 0.051074977407240853 -0.02650401589917235 0.01289955630651275 -0.025008410082030474 0.032401972587222778 0.0075519204851727815 0.017829388875932696 0.014996355366616853 0.045711997066537599 0.0064890786953170259 0.053501441523274428 0.011110342236696113 -0.035299871336179935 -0.034241702204110977 0.028124413459533475 0.049338881597243062 0.026847930038994328 0.054307652606795827 0.04943601040348055 -0.035629201507091222 -0.0019023864252651654 -0.017938750162447378 0.003493232114150036 -0.033933617964478441 0.0053746100079073537
leaf_weight=1.7050124257802957 7.9476429438218501 9.0933094602078164 7.9931881539523602 12.638216137886049 95.419171944260597 2.9144118065014473 7.1107087684795287 2.9637130089104167 7.2075025765225353 8.4032982606440765 4.8929283209145051 0.48041268158703943 1.2185454554855839 1.9701370522379864 3.813358372077345 2.9566908665001459 1.5207842160016296 25.95406721252948 2.9351868312805882 7.7554697245359483 3.0767770931124669 2.0214673941954961 9.3430893709883076 3.2370314886793494 4.6242138473317027 1.8885192787274721 4.9048296399414539 2.2613807767629619 1.2218025671318171 3.1496165096759796 0.82614350505173284 0.61302105244249006 8.7593722622841579 12.719639940187333 18.072731293737888 0.43736343085765739 1608.5204381449148 21.858586126938462 0.91611401177942742 844.01317780464888 13.114507555961607 10.020038304850457 90.171861410140991 4.3268767837435007 1.1833693487569688 1.2236581034958351 0.58410961087793101 49.664011229760945 0.6406335001811384
leaf_count=157 51 635 76 57 460 56 48 34 79 73 409 24 45 14 47 194 10 131 112 41 75 36 50 30 49 47 31 105 15 31 12 10 40 74 84 34 151581 1037 8 4105 57 50 430 46 61 99 23 4564 57
internal_value=-0.000922268 -0.0312781 -0.0339764 0.0458245 0.0359363 0.0179999 0.00776936 0.0240775 -0.00396883 0.0169105 0.0227578 -0.0344764 -0.0205717 -0.0350563 -0.0101776 -0.0194807 -0.00976265 0.0310224 0.0169026 0.0223769 0.00490712 -0.0272214 0.0337679 0.0138758 0.0332378 0.0073311 -0.00293454 -0.0351606 -0.00135421 -0.0177176 -0.0260719 -0.0352306 0.029909 0.0211717 0.0463541 -0.0327009 -0.0352612 -0.0310842 -0.00917484 0.0490451 0.037803 0.0462872 0.0456269 -0.0285035 -0.0206811 -0.0352816 -0.0109895 -0.033338 -0.0133074
internal_weight=2940.29 1782.92 1700.48 1157.37 287.6 102.009 75.9889 82.4383 58.8582 24.9539 14.4069 1686.08 69.2017 1616.87 13.7328 33.9043 6.41371 68.7055 16.7547 42.7515 13.517 27.7529 16.5506 6.15144 8.91465 4.29043 7.84002 1614.9 3.48318 10.5533 9.91945 1611.42 29.2345 20.4751 26.0204 52.447 1610.81 25.7314 3.8728 869.766 25.7527 17.1307 185.591 7.40365 3.07189 1610.33 1.80777 52.0097 2.34565
internal_count=165594 158689 157523 6905 2686 1796 1661 1166 1563 202 495 157028 5157 151871 694 1361 419 472 345 341 186 1275 129 86 202 153 143 151857 120 152 647 151737 155 115 135 4812 151727 1239 202 4219 114 98 890 121 108 151703 122 4778 214
is_linear=0
shrinkage=0.035


Tree=34
num_leaves=45
num_cat=0
split_feature=29 50 17 34 28 8 8 40 34 22 10 38 14 14 30 30 27 39 14 27 16 15 12 27 14 16 29 15 28 9 14 0 7 15 7 29 16 11 15 7 7 39 16 16
split_gain=3257.22 201.113 35.801 32.7022 45.2081 32.8134 25.0706 15.5421 20.095 14.0549 27.9261 9.75987 8.81843 8.60274 6.24177 5.76996 5.40328 5.26419 4.32399 4.22218 4.0131 4.96132 8.29803 3.20572 2.70719 3.35588 2.57497 2.45326 2.1689 2.04882 2.45397 1.99512 6.38426 1.59315 1.25568 1.19397 0.990182 0.592348 0.546771 0.115548 0.507982 0.104296 0.089896 0.48913
threshold=0.58656641840934765 1.0000000180025095e-35 0.64583334326744091 0.26785714924335485 0.68599441647529613 0.90521115064620983 0.17267081141471866 1.0000000180025095e-35 0.45000000298023229 1.0000000180025095e-35 0.44949495792388922 0.58571431040763866 0.63859337568283092 0.83096903562545787 0.2788888961076737 0.56385868787765514 0.501101315021515 1.5000000000000002 0.91715687513351452 0.5914268195629121 0.8589511811733247 0.87570226192474376 0.79604920744895946 0.57220077514648449 0.44092722237110143 0.29459981620311743 0.78319624066352855 0.70659971237182628 0.82972848415374767 0.91476997733116161 0.83752354979515087 0.90921679139137279 0.70064935088157665 0.6569296419620515 0.75582656264305126 0.82078272104263317 0.79469618201255809 0.61620295047760021 0.87570226192474376 0.34330357611179357 0.3310502320528031 1.5000000000000002 0.47140522301197058 0.42967033386230474
decision_type=2 2 2 2 2 2 2 2 2 2 2 2 2 2 2 2 2 2 2 2 2 2 2 2 2 2 2 2 2 2 2 2 2 2 2 2 2 2 2 2 2 2 2 2
left_child=1 2 9 4 5 6 -2 31 23 10 13 14 15 39 35 17 -16 28 29 -11 27 22 34 -9 25 -5 36 -12 -6 -3 -31 32 -4 -21 -22 42 -18 -34 -7 40 -1 -14 43 -8
right_child=3 18 7 24 12 38 11 8 -10 19 20 -13 41 -15 16 -17 26 -19 -20 33 21 -23 -24 -25 -26 -27 -28 -29 -30 30 -32 -33 37 -35 -36 -37 -38 -39 -40 -41 -42 -43 -44 -45
leaf_value=-0.019905070280576857 0.055212196916609821 0.0028804205451912496 0.03644522751685067 0.043729622521029736 0.0031063865726024338 0.024829467908410206 -0.020393773322752919 -0.034000633365779152 0.053680214588722387 -0.035268768172164532 0.0056348046291372356 0.047578449375408331 0.047362481661072452 0.037472211423098756 0.037948168211030746 0.040939822084146787 -0.032197747885882005 -0.023327565461558102 0.041515288992015134 -0.016299626551604229 -0.032580245360189011 0.042896883910693753 0.033975754734407435 0.022143481432275118 0.048365395268220181 0.016370393692627324 0.010988420423641843 0.056438863864803596 0.033661829970742088 0.04248167604887057 0.0160140949858554 0.039058058394954381 -0.023521649394605448 0.026223063719236897 -0.0020092400225193616 -0.0060319646332185053 0 -0.0010176746841718421 0.047218203435190537 -0.034088948678420106 0.0060394206808844653 0.035717207346027603 -0.035281254813986987 0.0050884664139956371
leaf_weight=1.5124996434897178 5.5700406804680815 6.8117772657424238 5.4919219845905918 16.905245256610218 6.0585686080157775 6.6719653559848693 1.5717631392180984 20.902783442288644 3.048743173480033 1537.0742823760957 2.2145901573821929 1.6436788998544205 125.73163560777903 1.3264951156452287 2.3461919734254471 10.661366354674099 4.503843220882116 3.9704310130327931 29.287804275751114 0.99533021636307184 5.3765313420444709 2.3671522699296466 3.5220785122364751 0.58534286543726821 873.80410230252892 11.260567605495451 2.8370492812246084 3.0298311123624444 5.3681395947933197 7.0355687662959125 15.878628561273215 5.8777969898656002 2.2041283287107944 1.3541805557906625 2.748533989302814 2.8971854317933312 1.7456709705293176 3.4009743081405759 16.124788522720337 55.723646248690784 0.61470958497375239 21.042103776708245 21.89278791565448 0.64129477180540551
leaf_count=143 29 73 56 79 78 60 111 1760 15 150023 76 9 607 30 25 53 138 49 131 67 196 29 34 5 4350 57 38 67 27 61 73 86 19 22 46 44 16 72 78 5187 58 105 1274 38
internal_value=-0.000911276 -0.0313635 -0.0336259 0.044845 0.0330585 0.008755 -0.0083836 -0.00140851 -0.0190026 -0.034449 -0.0194858 -0.0184359 0.0425575 -0.0312947 -0.0224826 0.0222206 -0.000348195 0.0073392 0.0316939 -0.035196 0.0163808 0.00528168 -0.0048738 -0.0313989 0.0479539 0.0338478 -0.0133654 0.039884 0.0192963 0.0208671 0.0257236 0.023471 0.0123794 0.00767595 -0.0239758 -0.031382 -0.0248946 -0.0126183 0.0421315 -0.0335409 -0.0117548 0.0459697 -0.0339277 -0.0126348
internal_weight=2861.63 1718.39 1659.37 1143.25 241.279 68.4463 45.6495 41.5117 24.5369 1617.86 78.4361 40.0795 172.832 59.1774 38.4358 26.0585 11.4328 15.3971 59.0138 1539.42 19.2587 14.0143 11.6471 21.4881 901.97 28.1658 9.08656 5.24442 11.4267 29.726 22.9142 16.9748 11.097 2.34951 8.12507 27.003 6.24951 5.6051 22.7968 57.8509 2.12721 146.774 24.1058 2.21306
internal_count=165594 158329 157991 7265 2779 1860 1722 2013 1780 155978 5866 1693 919 5418 1684 207 217 154 338 150112 448 305 276 1765 4486 136 192 143 105 207 134 233 147 89 242 1467 154 91 138 5388 201 712 1423 149
is_linear=0
shrinkage=0.035


Tree=35
num_leaves=42
num_cat=0
split_feature=1 54 2 36 28 38 17 32 16 27 0 9 6 0 14 9 12 12 22 0 10 14 14 7 8 27 10 12 28 14 11 29 14 29 8 27 27 14 2 29 14
split_gain=3113.73 207.211 31.1908 45.2217 37.5677 23.5668 21.3543 18.0612 16.1626 14 13.2003 12.6121 9.16463 6.78583 4.71895 3.83753 11.2753 6.69871 3.7158 15.5655 3.68096 7.81821 3.53432 3.11934 2.48854 2.45122 2.1345 4.81029 2.03416 1.74085 1.61733 1.50997 1.18273 2.64579 0.671088 0.627699 0.66535 0.348444 0.330823 0.280056 0.0720329
threshold=0.099711906164884581 0.75134408473968517 0.56336912512779247 1.0000000180025095e-35 0.78024387359619152 0.36666667461395269 0.64583334326744091 0.19785943627357486 0.84889996051788341 0.51445281505584728 1.0000000180025095e-35 0.12132352963089944 0.81284341216087352 0.50300902128219616 0.93908473849296581 0.94494947791099559 0.62857428193092357 0.94627809524536144 1.0000000180025095e-35 0.74562552571296703 0.44949495792388922 0.64565756916999828 0.62767899036407482 0.92770034074783336 0.93813776969909679 0.615800440311432 0.73214286565780651 0.88282340764999401 0.84918582439422619 0.63224515318870556 0.89379698038101207 0.91458967328071605 0.56214886903762828 0.84764185547828685 0.86391696333885204 0.40586884319782263 0.38337650895118719 0.8521554470062257 0.11427757143974306 0.7353600561618806 0.8521554470062257
decision_type=2 2 2 2 2 2 2 2 2 2 2 2 2 2 2 2 2 2 2 2 2 2 2 2 2 2 2 2 2 2 2 2 2 2 2 2 2 2 2 2 2
left_child=1 6 3 32 5 11 10 -8 13 -9 -1 -5 24 -3 15 16 -10 30 19 20 -12 -22 28 -15 31 -20 27 -17 -6 -7 -18 35 33 39 -32 36 -13 38 -37 -2 -23
right_child=2 8 -4 4 22 29 7 9 14 -11 18 12 -14 23 -16 26 17 -19 25 -21 21 40 -24 -25 -26 -27 -28 -29 -30 -31 34 -33 -34 -35 -36 37 -38 -39 -40 -41 -42
leaf_value=0.051075370056713684 0.0045960970463835484 0.043689277312495049 0.04720948594919757 0.05143316102329798 0.0054246204237792276 0.011398428555420254 0.030300387124942853 -0.033627291718949688 0.057374752745322423 0.039462570887486233 -0.033182038152465447 -0.020479608453004942 0.023499209204506075 -0.032021541995383387 0.041582127330691526 0.03988706814860371 -0.034646254764660919 0.03284372939035847 -0.035279953014816609 0.036019710839752167 0.049509991791998817 -0.028433429889298131 0.044843473322417324 0.014642069105678879 0.012675734158171298 0.0051135430043799928 0.043617021484956539 0.0057923171825754547 0.031191197409222462 0.045501296905709858 0.0068935223881901363 0.00094322914815837453 0.04751240122486159 0.04110582061547588 -0.014583763089920683 -0.0067548033918696385 0.0059977715803827426 -0.0056452525856239937 -0.035619348412259312 0.020552700587872563 -0.0062589064456202437
leaf_weight=1.323513165116309 3.6341068884357792 1.1438843002542842 877.16975987423211 2.0100740119814864 6.9028189908713129 3.7911670329049212 10.349225472658871 20.364760242402557 3.0937110157683483 2.8717606170102945 48.800000574439764 1.5493903700262301 3.7714048409834495 8.9271049853414279 24.738908443599939 8.2416634019464308 4.9419801617041212 2.6374856978654853 1483.6835694126785 3.8728971239179364 1.409442801028489 3.6679868390783668 28.510974735021591 1.4074832499027241 1.0670892782509316 1.4536798987537611 8.726196149364112 12.789101963862775 10.348219506442545 7.6623361054807901 2.1109384149312973 1.4997114203870285 111.08707551192492 28.987976659089327 3.0723007563501596 1.3410652372986138 1.2128909733146427 1.2500302921980608 27.475108632817864 4.5662844851613045 1.3722805697470901
leaf_count=6 60 52 4441 10 51 66 56 1851 56 37 4778 86 51 554 129 52 80 11 150216 69 57 158 136 13 17 56 40 75 50 53 58 12 584 142 46 12 43 25 1221 29 55
internal_value=-0.000900867 -0.0313374 0.0440682 0.0327381 0.0140881 -0.00603125 -0.0341535 -0.00620959 0.0227218 -0.0231943 -0.0347541 -0.018475 -0.0233411 -0.0145824 0.0289764 0.0213191 0.00655731 -0.00878046 -0.0348629 -0.025036 -0.0299424 -0.00379656 0.0369362 -0.0246265 -0.0289367 -0.0352346 0.0286024 0.0205165 0.0219349 0.0363158 -0.0219152 -0.0306515 0.044913 0.0360157 -0.00557057 -0.0321835 -0.00941931 -0.0337917 -0.034665 0.0151299 -0.0250113
internal_weight=2784.84 1661 1123.84 246.668 98.3923 52.6303 1579.17 33.5857 81.8308 23.2365 1545.58 41.1768 39.1667 11.4785 70.3523 45.6134 15.8564 12.7627 1544.26 59.1226 55.2497 6.44971 45.762 10.3346 35.3953 1485.14 29.757 21.0308 17.251 11.4535 10.1252 34.3282 148.275 37.1884 5.18324 32.8285 2.76228 30.0662 28.8162 8.20039 5.04027
internal_count=165594 158505 7089 2648 1833 1596 157339 1944 1166 1888 155395 1477 1467 619 547 418 251 195 155389 5117 5048 270 237 567 1416 150272 167 127 101 119 184 1399 815 231 104 1387 129 1258 1233 89 213
is_linear=0
shrinkage=0.035


Tree=36
num_leaves=44
num_cat=0
split_feature=1 54 34 2 17 6 15 32 36 17 27 0 27 1 30 14 12 11 0 9 22 0 10 10 14 10 14 27 1 27 1 14 14 7 14 14 9 15 32 15 15 15 15
split_gain=2977.07 201.269 31.0597 41.7268 21.2132 20.5996 33.7253 17.0525 14.6492 13.9445 13.4756 12.852 9.862 8.84242 6.09995 5.7812 5.6566 4.99211 4.47499 11.2043 3.81061 14.9286 3.74756 3.6799 7.39916 3.63519 3.42585 3.23549 4.17232 2.43897 2.3303 1.98766 1.98572 1.59004 1.3802 1.33722 0.817021 0.446052 0.346989 0.0751922 0.0689075 0.527713 0.0645342
threshold=0.099711906164884581 0.75134408473968517 0.36666667461395269 0.58757218718528759 0.64583334326744091 0.2152509689331055 0.83424907922744762 0.19785943627357486 1.0000000180025095e-35 0.38750000298023229 0.51445281505584728 1.0000000180025095e-35 0.73375529050827037 0.43283110857009893 0.56385868787765514 0.93908473849296581 0.40521660447120672 0.98936170339584362 0.60574254393577587 0.91476997733116161 1.0000000180025095e-35 0.74562552571296703 0.73214286565780651 0.44949495792388922 0.64565756916999828 0.81666666269302379 0.86706829071044933 0.40586884319782263 0.16783953458070758 0.615800440311432 0.36960017681121832 0.59896907210350048 0.78830561041831981 0.7454303801059724 0.44092722237110143 0.26006440818309789 0.93813776969909679 0.84074437618255626 0.98473194241523754 0.92031747102737438 0.34248121082782751 0.3260560035705567 0.89022758603096019
decision_type=2 2 2 2 2 2 2 2 2 2 2 2 2 2 2 2 2 2 2 2 2 2 2 2 2 2 2 2 2 2 2 2 2 2 2 2 2 2 2 2 2 2 2
left_child=1 4 3 5 11 31 8 -6 16 17 -9 -1 14 -14 27 18 -7 -3 -11 25 21 23 26 40 -25 33 -21 28 -10 -22 36 -2 -19 -20 35 -4 38 -26 -29 -5 41 -13 -8
right_child=2 9 34 39 7 6 42 10 12 15 -12 20 13 -15 -16 -17 -18 32 19 22 29 -23 -24 24 37 -27 -28 30 -30 -31 -32 -33 -34 -35 -36 -37 -38 -39 -40 -41 -42 -43 -44
leaf_value=0.049861045003265179 0.022927280988534485 -0.029994050194634317 0.043905181935079293 0.03990567700946749 0.029071775987195306 -0.0074283168233025337 0.030589291558010545 -0.033555568606341041 -0.024301401243911013 0.05286558779941649 0.037983870020143543 -0.020288255873766224 0.036231288087465799 -0.016481902488739542 0.034655868902032982 0.041591232162705501 0.038730756788086497 -0.0057173172228653204 0.0028651147534473264 0.027084620942277236 -0.03526513934882472 0.034395461805235006 0.043763626436645914 0.047223615435991934 -0.028882536026426146 0.019963200483179632 0.0005546003743880165 -0.036342712457949226 0.034977398458744161 0.0049936962648761936 0 0.05010545140514245 0.042749035315218939 -0.031937264981725486 0.047246385219677958 0.022872869465221681 0 0 -0.0038021799747679857 0.047165397673649988 -0.03375176578412762 0.0061280406833035816 0.051388042033641758
leaf_weight=1.3324850201606739 8.1093622948974389 7.1400402896106225 12.07664965093136 88.677728895097971 10.449491295963524 4.1410419167950741 8.0687246723100561 19.707720059901479 2.3321448843926187 3.752485596574842 2.9172358075156799 1.5783349480479949 6.6146273612976056 7.0210518650710583 1.1538006365299214 23.964423026889563 9.4659682335332018 1.4375821808353069 1.6133968681096993 14.34127422142774 1433.2445738632232 3.9594718404114237 9.1840290147811157 1.4732170812785614 4.0256119696423411 1.9516891092062003 10.271881293505428 25.462615439668308 1.5744227906689046 1.4603482615202654 2.5595632819458833 17.155989393591881 1.0884970314800737 6.6667811842635274 796.40854009985924 13.154977137222884 0.9114379845559587 0.91501456592231978 0.90599011443555255 83.655041925609112 45.049885425716639 0.61115501634776581 12.132593486458061
leaf_count=6 51 443 57 445 56 63 54 1851 127 74 37 157 48 66 5 127 76 79 65 115 150216 69 42 57 184 8 60 1185 19 56 46 83 15 138 4143 64 29 29 45 424 4564 57 59
internal_value=-0.000890652 -0.0312479 0.0434112 0.0330365 -0.0341092 0.0156791 0.00692702 -0.00605176 -0.00593796 0.0221296 -0.0229659 -0.0347237 -0.0149812 0.00957834 -0.0246738 0.0274387 0.0248966 -0.0158266 0.0195618 0.0155347 -0.0348349 -0.0247898 0.02513 -0.029771 -0.00362519 -0.015264 0.0166033 -0.0277421 0.00113538 -0.0352183 -0.0315504 0.0427204 0.0203753 -0.0252008 0.0468973 0.034363 -0.0344451 -0.0247736 -0.0355323 0.0437017 -0.0330996 -0.0122078 0.0450804
internal_weight=2709.72 1608.14 1101.58 279.942 1526.72 107.609 82.344 33.0744 62.1427 81.4121 22.625 1493.65 48.5357 13.6357 34.9 71.746 13.607 9.66612 47.7815 44.0291 1492.32 57.6127 33.7972 53.6532 6.41384 10.2319 24.6132 33.7462 3.90657 1434.7 29.8396 25.2654 2.52608 8.28018 821.64 25.2316 27.28 4.94063 26.3686 172.333 47.2394 2.18949 20.2013
internal_count=165594 158505 7089 2825 157339 1956 1822 1944 1709 1166 1888 155395 1570 114 1456 629 139 537 502 428 155389 5117 217 5048 270 211 175 1451 146 150272 1305 134 94 203 4264 121 1259 213 1230 869 4778 214 113
is_linear=0
shrinkage=0.035


Tree=37
num_leaves=43
num_cat=0
split_feature=1 54 34 2 28 17 9 15 32 16 0 30 38 0 39 41 15 9 16 22 0 36 10 14 7 7 12 16 7 28 9 10 28 14 15 48 11 15 38 15 15 15
split_gain=2847.79 195.46 30.5249 39.9625 22.7856 21.0702 18.8367 22.2068 16.1072 14.3061 12.5165 11.0693 10.2693 6.39192 5.94653 5.20555 5.1329 5.14705 6.63587 3.90416 14.3268 3.82669 3.68052 7.0004 3.02065 2.87669 2.17533 2.15173 1.9493 1.80102 1.76047 1.54472 1.52516 1.46405 4.29117 0.720801 0.472398 0.437736 0.404015 0.163363 0.07754 0.51611
threshold=0.099711906164884581 0.75134408473968517 0.36666667461395269 0.58757218718528759 0.74175426363945018 0.64583334326744091 0.1702898591756821 0.86319074034690868 0.19785943627357486 0.84889996051788341 1.0000000180025095e-35 0.19292803853750232 0.30952382087707525 0.50300902128219616 1.5000000000000002 2.5000000000000004 0.89512962102890026 0.94494947791099559 0.8841681480407716 1.0000000180025095e-35 0.74562552571296703 1.0000000180025095e-35 0.44949495792388922 0.64565756916999828 0.92770034074783336 0.48528139293193823 0.53470155596733104 0.48683299124240881 0.96824595332145702 0.50112107396125805 0.93813776969909679 0.64583334326744091 0.64174234867095958 0.44092722237110143 0.270728349685669 1.0000000180025095e-35 0.94028520584106456 0.84074437618255626 0.84523808956146251 0.92031747102737438 0.34248121082782751 0.3260560035705567
decision_type=2 2 2 2 2 2 2 2 2 2 2 2 2 2 2 2 2 2 2 2 2 2 2 2 2 2 2 2 2 2 2 2 2 2 2 2 2 2 2 2 2 2
left_child=1 5 3 4 6 10 -2 12 -7 13 -1 29 21 -3 -6 16 17 18 -11 20 22 27 40 -24 -15 -14 -27 -8 -19 -10 31 35 38 34 -4 -23 -20 -25 -21 -5 41 -12
right_child=2 9 33 39 14 8 7 -9 11 15 19 -13 25 24 -16 -17 -18 28 36 32 -22 30 23 37 -26 26 -28 -29 -30 -31 -32 -33 -34 -35 -36 -37 -38 -39 -40 -41 -42 -43
leaf_value=0.048702111772205361 0.047159149414463919 0.041497255231502495 0.046476809518503283 0.039144879714015667 0.041799749927635882 0.027910371838604855 0.022709915915874658 0.046336137225505412 -0.033430189182091209 0.037410314555691528 -0.020100049707783146 0.044207530620324079 0.030676061254766612 -0.031834105479972126 0.012582271894546197 -0.0040898822537587904 0.039153116443079866 0.039947786503669667 -0.029685640351581465 -0.035250598769444204 0.03287179793769969 -0.034114542737324276 0.045066131468203922 -0.028677764402792398 0.014148152502173742 -0.026613652951575383 0.014661880486333267 -0.014031084664355179 0.015464239369744382 0.0033870999840521303 0.0057876289066108606 0.0040034121051579956 0.0080487395104648102 0.046654544068130077 0.015103593434787701 0 -0.0051312098565851555 0 -0.0074685403683549022 0.046539564498509926 -0.033687495786507378 0.0060326801209915244
leaf_weight=1.3401030004024495 8.2826692610979062 1.1994085814803828 13.72814826667309 87.281433058902621 32.31097112968564 10.543259046971796 2.198495593853294 7.1822032313793889 18.829329892061658 2.2139034532010573 1.5472686607390636 1.8065940607339133 5.0788780404254776 8.5392407961189729 13.509632252156733 5.4998196242377153 35.590797836892307 8.3902637735009193 3.8898376459255815 1383.8735747355968 4.0428227139636865 26.407017121091496 1.536436011083423 3.9214380364865065 1.4212438352406014 1.9708244325593112 2.2780452892184258 4.0097652850672603 12.014161435887218 1.3977722525596608 1.1721743876114477 1.0566263161599625 0.52901686914265056 778.6109143383801 11.214432295411823 0.91576123982667823 2.2889707293361425 0.91501456592231978 1.5718294894322742 81.857908338308334 43.583830817602575 0.61482908111065615
leaf_count=6 42 52 66 445 181 56 29 39 1840 55 157 14 52 554 79 65 185 49 81 150161 69 1295 57 184 13 60 30 74 72 34 32 21 20 4143 55 22 40 29 91 424 4564 57
internal_value=-0.000879912 -0.0311569 0.0427951 0.0324386 0.015374 -0.0340645 0.0011177 -0.00686066 -0.00589772 0.0215239 -0.0346932 -0.0227364 -0.0162321 -0.0140748 0.0337128 0.0273761 0.0301388 0.0179404 -0.00445039 -0.0348068 -0.0245437 -0.0246756 -0.0295982 -0.00343786 -0.0242614 0.015054 -0.00523964 0 0.0270913 -0.0306814 -0.0297666 -0.0315013 -0.0352022 0.046297 0.0336319 -0.0330907 -0.0230588 -0.0245276 -0.035227 0.0429967 -0.0330163 -0.0120042
internal_weight=2636.17 1557.1 1079.07 275.512 106.373 1476.05 60.5525 52.2698 32.577 81.0476 1443.48 22.0337 45.0876 11.1599 45.8206 69.8878 64.3879 28.7971 8.39271 1442.14 56.1616 35.7598 52.1188 6.37289 9.96048 9.32775 4.24887 6.20826 20.4044 20.2271 29.5516 28.3794 1385.97 803.553 24.9426 27.3228 6.17881 4.83645 1385.45 169.139 45.7459 2.1621
internal_count=165594 158505 7089 2825 1956 157339 1696 1654 1944 1166 155395 1888 1615 619 260 547 482 297 176 155389 5117 1473 5048 270 567 142 90 103 121 1874 1370 1338 150272 4264 121 1317 121 213 150252 869 4778 214
is_linear=0
shrinkage=0.035


Tree=38
num_leaves=48
num_cat=0
split_feature=29 54 34 2 17 10 15 14 16 1 23 17 16 2 15 1 2 28 41 15 9 2 22 2 10 14 2 17 7 30 27 12 32 27 14 15 27 14 14 15 15 6 15 29 27 15 15
split_gain=2727.95 189.282 30.3443 38.0784 28.2417 21.9859 34.1915 17.4062 13.3 12.0642 19.2198 8.56462 7.96908 7.37907 7.35558 6.63686 6.11414 5.6239 4.89351 4.9749 4.19752 5.96588 4.02614 13.5877 3.67656 6.6252 3.65652 3.01952 2.95159 1.824 1.79401 1.66331 1.55584 1.47952 1.45648 4.00358 1.37313 1.02952 3.16157 1.01768 0.674793 0.450599 0.429493 0.183191 0.573758 0.0858066 0.504734
threshold=0.58656641840934765 0.75134408473968517 0.36666667461395269 0.56336912512779247 0.64583334326744091 0.080128207802772536 0.83096903562545787 0.58280590176582348 0.84889996051788341 0.059397457167506225 1.0000000180025095e-35 0.30384616553783422 0.26158231496810919 0.28638668358325964 0.63453349471092235 0.25371789932250982 0.35176308453083044 0.64174234867095958 2.5000000000000004 0.90070420503616344 0.94494947791099559 0.43068127334117895 1.0000000180025095e-35 0.51850178837776195 0.44949495792388922 0.64565756916999828 0.13020028173923495 0.4083333313465119 0.92770034074783336 0.56385868787765514 0.73375529050827037 0.88282340764999401 0.93563184142112743 0.615800440311432 0.44092722237110143 0.270728349685669 0.52011558413505565 0.85880398750305187 0.80810147523880016 0.92031747102737438 0.88396573066711437 0.70926907658576976 0.84074437618255626 0.87559524178504955 0.42438536882400518 0.34248121082782751 0.3260560035705567
decision_type=2 2 2 2 2 2 2 2 2 2 2 2 2 2 2 2 2 2 2 2 2 2 2 2 2 2 2 2 2 2 2 2 2 2 2 2 2 2 2 2 2 2 2 2 2 2 2
left_child=1 4 3 5 15 7 11 12 16 10 36 29 -2 26 17 22 -3 27 19 20 21 -10 23 24 45 -26 -14 -13 -18 -7 32 -22 43 -24 35 -4 -6 38 -23 41 -8 -5 -27 44 -16 46 -1
right_child=2 8 34 39 9 6 40 -9 18 -11 -12 14 13 -15 30 -17 28 -19 -20 -21 31 37 33 -25 25 42 -28 -29 -30 -31 -32 -33 -34 -35 -36 -37 -38 -39 -40 -41 -42 -43 -44 -45 -46 -47 -48
leaf_value=-0.019912893839821828 0.036280947132378755 0.03989648084988312 0.045751720932101808 0.025958657923197209 -0.033535255594277773 -0.035322647111316573 0.025283950131190096 0.051205360021444067 0.040250339967295136 0.040657707766904617 0.026004769004089628 -0.026402525838968186 0.0073498106424808862 0.038307368646883805 -0.0013900509967975146 0.026398051900310273 -0.031694933317393863 0.046654482206375622 -0.0039699626784770754 0.038684510898934044 0.03846696426630173 -0.025272991804417951 -0.035242907991317754 0.030830514372822214 0.043029866980378355 -0.028472443923112583 -0.034790825533080355 0.028932274776826056 0.013797478860705063 0.0069192580497570164 0.0034934615936511168 0.015904311117071343 0.0045953081041252694 0.0079790300184487545 0.04624221329240804 0.015089721784805263 0.0085260431889695107 -0.029844060617122484 0.025251967351908648 0.046283550680619082 0.050143436421413855 0.039273645861476435 0 -0.0057567677457966374 -0.035158151849167367 -0.033620141186860929 0.0059386737278983963
leaf_weight=1.5170812979340547 6.0317224748432663 1.2431993335485447 13.477891866117718 13.893475040793417 18.570160703733567 18.703853005543355 6.9011601097881821 25.390018393285573 2.0381610225886124 5.517695994116365 9.832345940172674 2.5189125500619443 3.021623424254356 2.1304545737802973 1.008093724027274 1.4311838103458274 8.2854245016351324 4.3700369950383902 5.4978846302255979 33.449064614251256 8.2902868380770105 2.4519250942394137 1339.076469168067 4.1702570039778939 1.599005514755844 3.8204741738736629 7.2394352173432708 0.84423012845218171 1.4315881207585324 0.87387920171022315 3.5060329064726821 13.243232317268847 1.532665517181157 0.50341976620256801 758.24760714173317 11.0680327527225 0.48327994905412097 3.0646695084869862 1.6917579807341097 81.964599318802357 9.2162615191191417 74.327586013823748 0.91501456592231978 1.2492272593080995 6.1051316689699888 42.120035196654499 0.61846707575023163
leaf_count=157 51 52 66 73 1839 992 53 143 35 50 51 132 47 45 53 11 554 34 65 176 50 81 150065 74 57 184 219 23 13 5 17 75 34 18 4117 52 12 43 22 434 51 398 29 8 218 4559 57
internal_value=-0.000870494 -0.0310091 0.0423325 0.0319337 -0.0339534 0.0146109 9.24718e-05 0.0329422 0.0209115 -0.00244204 -0.0118769 -0.0169424 0.00625223 -0.00972102 -0.0010697 -0.0347253 -0.0137335 0.0241591 0.026524 0.0292087 0.0179078 -0.00144318 -0.0348094 -0.0242959 -0.0294174 -0.00326325 -0.02252 -0.00826249 -0.024004 -0.0330224 -0.0165378 0.0260677 -0.0236257 -0.0352181 0.0458804 0.0331948 -0.0319219 -0.0171258 -0.00306556 0.0420123 0.0418025 0.0375304 -0.024282 -0.0291102 -0.0315651 -0.0329288 -0.0118036
internal_weight=2564.48 1510.86 1053.62 270.828 1430.17 100.643 56.8295 43.8133 80.6872 34.4035 28.8858 40.7121 18.4232 12.3915 21.1343 1395.77 10.9602 7.73318 69.727 64.2291 30.78 9.24651 1394.34 54.7603 50.5901 6.33449 10.2611 3.36314 9.71701 19.5777 13.4012 21.5335 9.89512 1339.58 782.794 24.5459 19.0534 7.20835 4.14368 170.186 16.1174 88.2211 4.73549 8.36245 7.11323 44.2556 2.13555
internal_count=165594 158329 7265 3030 157163 2125 1620 505 1166 1952 1902 1516 362 311 519 155211 619 189 547 482 306 181 155200 5117 5043 270 266 155 567 997 330 125 313 150083 4235 118 1851 146 103 905 104 471 213 279 271 4773 214
is_linear=0
shrinkage=0.035


Tree=39
num_leaves=49
num_cat=0
split_feature=29 54 34 2 17 36 29 36 16 9 15 1 14 0 15 9 8 9 10 22 0 10 14 29 10 1 6 48 7 10 15 38 9 30 30 12 2 14 15 27 15 10 30 15 15 15 15 15
split_gain=2611.16 183.793 29.9112 36.5429 27.9149 21.193 20.1448 13.2743 12.3776 8.90371 8.54228 6.49717 6.39703 5.84797 4.64788 5.16942 5.20491 6.99009 4.59233 4.12059 13.224 3.67162 6.27218 3.55792 3.22857 3.20491 8.49365 3.18341 2.88394 2.62559 9.97614 2.55827 3.147 2.40987 4.99849 2.38468 1.63307 1.53886 3.90476 1.47199 0.84646 0.525135 0.45742 0.455587 0.297638 0.257654 0.0940433 0.493585
threshold=0.58656641840934765 0.75134408473968517 0.36666667461395269 0.58757218718528759 0.64583334326744091 1.0000000180025095e-35 0.78319624066352855 1.0000000180025095e-35 0.84889996051788341 0.1702898591756821 0.88396573066711437 0.25371789932250982 0.62767899036407482 0.50300902128219616 0.89512962102890026 0.94494947791099559 0.86391696333885204 0.87841832637786876 0.087121214717626586 1.0000000180025095e-35 0.74562552571296703 0.44949495792388922 0.64565756916999828 0.51732715964317333 0.30384616553783422 0.059397457167506225 0.70659971237182628 1.0000000180025095e-35 0.92770034074783336 0.11805555596947671 0.83424907922744762 0.46428571641445165 0.95553359389305126 0.39009661972522741 0.56385868787765514 0.88282340764999401 0.42525577545166021 0.44092722237110143 0.270728349685669 0.615800440311432 0.99438202381134044 0.58571431040763866 0.21980676054954532 0.84660634398460399 0.92031747102737438 0.93957647681236278 0.34248121082782751 0.3260560035705567
decision_type=2 2 2 2 2 2 2 2 2 2 2 2 2 2 2 2 2 2 2 2 2 2 2 2 2 2 2 2 2 2 2 2 2 2 2 2 2 2 2 2 2 2 2 2 2 2 2 2
left_child=1 4 3 6 11 25 7 36 13 -9 27 19 18 -3 15 16 17 -10 33 20 21 46 -23 -7 -20 26 -6 31 -15 -14 -31 32 41 -8 -35 -17 -2 38 -4 -21 -28 -11 -43 -24 -5 -16 47 -1
right_child=2 8 37 44 5 23 12 9 14 10 -12 -13 29 28 45 35 -18 -19 24 39 -22 22 43 -25 -26 -27 40 -29 -30 30 -32 -33 -34 34 -36 -37 -38 -39 -40 -41 -42 42 -44 -45 -46 -47 -48 -49
leaf_value=-0.019726823872367114 0.011402392876721333 0.038366901074624003 0.045062907054047315 0.037883925912691893 0.034243228959207415 -0.033273455948075001 0.04157777809868702 0.043431085009223984 0.056865924286578766 -0.03546348232417941 0.038972309376520554 0.025932371740942293 0.046594504356835174 -0.031554409452756199 0.024629245256401491 0.037306390161127911 -0.0267112052496641 -0.022299764045023849 -0.02744688767361669 -0.035228883618146328 0.030118224472267193 0.041107405961626528 -0.028320119445364424 0.011558237566474739 0.012582331276284678 0.050712162508340188 -0.030722332757106296 0.019059483698018978 0.013456380203376748 -0.00051972194070204274 0.044146180750123866 0.0059524949908756402 0.013469809728526598 -0.0073078759738149758 0.034265094972972553 0.012076735390904795 0.048755227902841085 0.045718691557718009 0.01466690737400721 0.007867794403865919 0 -0.019642409100184659 0.0031956666500163977 0 0.045567929322885399 0.037787094684273215 -0.03355543829146939 0.00584600430664189
leaf_weight=1.487744435667991 3.5786214647814623 1.2865967592224468 13.224737826734783 83.04207496996969 8.0028069531545061 15.929583831690254 4.6527171004563632 2.0312352553009978 1.9135103179141899 21.318600735627133 1.8803240209817875 1.4239785922691215 17.180588379502296 8.0398322436958534 14.291694873943923 8.6802295008674282 5.4744844259694219 1.7267768383026121 4.2059674579650155 1293.5255349744111 4.198822943493723 1.6608436796814192 3.7571155456826091 1.8601179867982853 3.7262882459908724 3.8983810842037192 2.815196747891604 1.1483692694455374 1.4416688308119763 10.279413837939503 13.542325619608162 2.0848750546574584 1.2509866375476111 7.0451600812375528 5.4248588979244232 12.743278579786418 3.8713259603828192 740.41435005329549 11.018273279070852 0.50674719642847676 1.381997102871537 1.28326326329261 1.1711679426953194 0.88051833026111115 77.647213280200958 24.702984498813748 40.801472564227879 0.62206891831010569
leaf_count=157 66 52 66 443 74 1685 40 10 50 1404 14 11 87 554 74 53 113 51 77 150065 69 57 186 42 25 18 94 17 13 61 70 43 34 72 28 73 33 4117 52 18 39 61 24 27 421 133 4564 57
internal_value=-0.00086053 -0.0309169 0.0417757 0.0313772 -0.033908 -0.0023502 0.015135 -0.0044724 0.0203287 -0.0144224 -0.0197036 -0.0346959 0.0268383 -0.0133973 0.0257171 0.014555 -0.00672959 0.0218463 0.0120116 -0.0347818 -0.024046 -0.0292451 -0.00310071 -0.0280339 -0.00894733 0.0258068 0.0143444 -0.0249263 -0.0237457 0.0353133 0.0254868 -0.0275259 -0.0305712 0.0218721 0.011719 0.023663 0.0346996 0.0453477 0.0325151 -0.0352032 -0.0222118 -0.0334802 -0.00996125 -0.0240368 0.0418774 0.0337886 -0.0328448 -0.0116061
internal_weight=2494.08 1463.05 1031.02 266.365 1382.75 33.8881 105.676 39.6188 80.3011 32.1688 30.1376 1348.86 66.0573 10.7681 69.533 30.5383 9.11477 3.64029 25.055 1347.44 53.4086 49.2098 6.29848 17.7897 7.93226 16.0984 12.2 28.2573 9.4815 41.0023 23.8217 27.1089 25.024 17.1227 12.47 21.4235 7.44995 764.657 24.243 1294.03 4.19719 23.773 2.45443 4.63763 160.689 38.9947 42.9113 2.10981
internal_count=165594 158329 7265 3030 157163 1952 2166 1706 1166 1607 1597 155211 460 619 547 340 214 101 242 155200 5117 5048 270 1727 102 225 207 1583 567 218 131 1566 1523 140 100 126 99 4235 118 150083 133 1489 85 213 864 207 4778 214
is_linear=0
shrinkage=0.035


Tree=40
num_leaves=50
num_cat=0
split_feature=29 54 34 2 17 36 28 8 15 16 38 14 1 0 41 15 22 0 10 14 29 15 2 1 54 54 17 2 7 7 12 28 30 11 14 15 27 0 10 14 11 14 10 15 10 10 15 15 15
split_gain=2500.12 178.564 29.5023 35.0601 27.569 20.1694 19.537 22.5 13.6907 11.5398 6.83272 6.49095 6.36137 5.59299 4.63651 4.65257 4.2147 12.7092 3.66331 5.93914 3.49175 3.48716 5.96268 3.10621 2.92144 4.76896 2.81783 4.91233 2.81768 2.64395 2.36677 2.35738 2.12308 1.63929 1.62055 3.81279 1.46457 1.20113 4.06574 4.78456 2.72614 1.77133 0.477813 0.447328 0.377584 1.18652 0.376384 0.101902 0.48266
threshold=0.58656641840934765 0.75134408473968517 0.36666667461395269 0.58757218718528759 0.64583334326744091 1.0000000180025095e-35 0.68599441647529613 0.17267081141471866 0.87112742662429821 0.84889996051788341 0.30952382087707525 0.63859337568283092 0.25371789932250982 0.50300902128219616 2.5000000000000004 0.90070420503616344 1.0000000180025095e-35 0.74562552571296703 0.44949495792388922 0.64565756916999828 0.51732715964317333 0.25198413431644445 0.48381753265857702 0.059397457167506225 0.70973089337348949 0.57821598649024974 0.080128207802772536 0.25783495604991918 0.92770034074783336 0.54653680324554454 0.52989995479583751 0.82972848415374767 0.41885964572429663 0.57735043764114391 0.44092722237110143 0.270728349685669 0.615800440311432 0.87729144096374523 0.5634920895099641 0.82413583993911754 0.69883719086647045 0.87112742662429821 0.64583334326744091 0.84660634398460399 0.13392857462167743 0.44949495792388922 0.92031747102737438 0.34248121082782751 0.3260560035705567
decision_type=2 2 2 2 2 2 2 2 2 2 2 2 2 2 2 2 2 2 2 2 2 2 2 2 2 2 2 2 2 2 2 2 2 2 2 2 2 2 2 2 2 2 2 2 2 2 2 2 2
left_child=1 4 3 6 12 23 7 -2 10 13 26 21 16 -3 15 37 17 18 47 -20 -7 -8 31 24 25 29 27 -9 -15 -6 -12 33 42 -23 35 -4 -18 38 39 40 -11 -39 -28 -21 -13 -46 -5 48 -1
right_child=2 9 34 46 5 20 11 8 -10 14 30 44 -14 28 -16 -17 36 -19 19 43 -22 22 -24 -25 -26 -27 32 -29 -30 -31 -32 -33 -34 -35 -36 -37 -38 41 -40 -41 -42 -43 -44 -45 45 -47 -48 -49 -50
leaf_value=-0.019541876919122656 0.048205803821437528 0.036905455415156017 0.044407320724536133 0.037206009465480534 0.02237819153813015 -0.033187663291823211 0.03680578740860297 -0.027343240912956843 0.039141896821127599 0.022096804315582197 -0.0079311065806508887 0.046795213989742672 0.025476923201551045 -0.031412494824301522 -0.0046450821982368072 0.036879733353130953 -0.035215148593287539 0.028846282526229002 0.039291656114004765 -0.028114378714219936 0.011247807956413652 -0.033104564731253103 0.03228734144726831 0.049641007390199512 -0.015015197252734716 0.037792839599831159 -0.034594668603877485 0.028581825509820368 0.013124545972058045 -0.028884715107447979 0.03050273856005211 0.008146508002067265 0.010639481020871153 0 0.045223047367449538 0.014255560999214635 0.0077578947663552661 0.032165899712493423 -0.010764598104342849 0.05136670808516073 -0.024243004754448128 0.0074801155228971525 -0.0029234901856636454 0 0.015840883397416784 0.0377988755040723 0.045032883838472391 -0.033487389218782811 0.0057546611810749201
leaf_weight=1.4592302273958915 8.2219253443181497 1.3295534448698152 12.969554156064989 81.638893566094339 1.044161475263538 15.423300823196771 4.6532538980245617 3.4512396249920156 4.5955526046454898 2.0949244759976882 3.000048733316361 13.222649022936819 1.4167105080559839 7.8022038228809816 5.477480254136025 32.865062965080142 1249.5142384851351 4.2732610935345283 1.7218795605003823 3.661164915189147 1.8719413857907046 4.1399635998532194 5.2684155758470288 3.8652732074260703 2.4972346639260641 6.5188500946387649 22.428105382248766 2.3767850715667009 1.4514922052621839 2.1568881012499332 3.0060609076172113 4.7707827687263489 0.84399516228586335 2.8296993616968393 722.65559188462794 10.969176035374401 0.51004628464579482 9.8597381208091992 6.6523347711190581 3.1309922747313976 2.1152491327375174 7.0855249799787989 1.0472246790304769 0.88051833026111115 7.6365948207676437 12.994277775287626 75.863241218030453 39.478782029822469 0.62563457991927851
leaf_count=157 43 52 66 443 11 1685 30 191 34 20 53 67 11 554 65 176 150065 69 57 186 42 52 25 18 19 75 1338 72 13 102 32 29 16 52 4117 52 18 61 76 31 83 35 23 27 43 66 421 4564 57
internal_value=-0.000848824 -0.030824 0.0412435 0.030843 -0.0338625 -0.00226964 0.0148676 -0.00122087 -0.0121933 0.0197859 -0.0196907 0.0288918 -0.0346664 -0.0130664 0.0249686 0.0275974 -0.034754 -0.0237946 -0.0290641 -0.00294447 -0.027835 0.0128412 0.00441092 0.0250388 0.0138234 0.0222686 -0.0263923 -0.00317759 -0.0234866 -0.0099835 0.0124136 -0.00937603 -0.0314721 -0.0213267 0.0448424 0.0318572 -0.0351886 0.0167815 0.00794918 0.0245841 -0.000697685 0.0230308 -0.033502 -0.0237896 0.0383987 0.0309409 0.0412584 -0.0327564 -0.0114115
internal_weight=2425.37 1416.78 1008.58 261.989 1336.92 33.3776 104.487 48.9709 40.749 79.8646 36.1535 55.5156 1303.54 10.5832 69.2813 63.8038 1302.12 52.1005 47.8272 6.26356 17.2952 21.6621 17.0089 16.0824 12.2171 9.7199 30.1473 5.82802 9.2537 3.20105 6.00611 11.7404 24.3193 6.96966 746.594 23.9387 1250.02 30.9388 13.9935 7.34117 4.21017 16.9453 23.4753 4.54168 33.8535 20.6309 157.502 41.5636 2.08486
internal_count=165594 158329 7265 3030 157163 1952 2166 1802 1759 1166 1725 364 155211 619 547 482 155200 5117 5048 270 1727 188 158 225 207 188 1640 263 567 113 85 133 1377 104 4235 118 150083 306 210 134 103 96 1361 213 176 109 864 4778 214
is_linear=0
shrinkage=0.035


Tree=41
num_leaves=45
num_cat=0
split_feature=29 54 34 2 17 36 28 8 15 16 14 34 1 0 14 22 0 39 43 10 14 29 1 32 1 6 7 9 12 12 10 12 14 15 39 11 36 15 8 15 15 15 15 2
split_gain=2394.23 173.516 29.1369 33.6791 27.2486 19.2151 18.3309 21.2477 13.0162 10.7543 6.27666 6.25138 6.22933 5.3488 4.46468 4.30876 12.2193 3.74847 5.48402 3.65199 5.6257 3.42684 3.41096 4.35969 3.00647 7.68528 2.75277 2.68688 9.1516 5.5892 2.31269 3.82244 1.7016 3.7268 1.52354 1.51266 0.902213 0.824489 0.581276 0.482445 0.455313 0.109498 0.471956 0.0208565
threshold=0.58656641840934765 0.75134408473968517 0.36666667461395269 0.58757218718528759 0.64583334326744091 1.0000000180025095e-35 0.68599441647529613 0.17267081141471866 0.87112742662429821 0.84889996051788341 0.63859337568283092 0.26785714924335485 0.25371789932250982 0.50300902128219616 0.93908473849296581 1.0000000180025095e-35 0.74562552571296703 1.5000000000000002 1.0000000180025095e-35 0.44949495792388922 0.64565756916999828 0.51732715964317333 0.25371789932250982 0.7609657645225526 0.059397457167506225 0.70659971237182628 0.92770034074783336 0.94494947791099559 0.62857428193092357 0.94627809524536144 0.73214286565780651 0.88282340764999401 0.44092722237110143 0.270728349685669 1.5000000000000002 0.89379698038101207 1.0000000180025095e-35 0.99438202381134044 0.86391696333885204 0.85028737783432018 0.92031747102737438 0.34248121082782751 0.3260560035705567 0.69999995827674877
decision_type=2 2 2 2 2 2 2 2 2 2 2 2 2 2 2 2 2 2 2 2 2 2 2 2 2 2 2 2 2 2 2 2 2 2 2 2 2 2 2 2 2 2 2 2
left_child=1 4 3 6 12 24 7 -2 11 13 17 22 15 -3 27 16 19 18 -8 41 -21 -7 36 -24 25 -6 -15 28 -11 35 31 -29 33 -4 -12 -30 -9 -27 -37 -22 -5 42 -1 -16
right_child=2 9 32 40 5 21 10 8 -10 14 34 -13 -14 26 43 -17 -18 -19 -20 20 39 -23 23 -25 -26 37 -28 30 29 -31 -32 -33 -34 -35 -36 38 -38 -39 -40 -41 -42 -43 -44 -45
leaf_value=-0.019358086343434416 0.046971825542438304 0.035509097811199548 0.043782219215228506 0.036547021466154968 0.032049523568814201 -0.033100397352620096 0.044999053670748052 -0.0056938253504532901 0.038101261178114382 0.04865647537471627 0.043702029307711478 0.014495628001897453 0.025031283306505898 -0.031269152878279798 0.042746784832066564 -0.035174257517324406 0.027645518477744272 -0.0072928396589672035 0.0024425309499159962 0.037575871295866876 -0.027987256248192288 0.01094626693250546 0.021098000870910485 -0.02873658953128648 0.048621928890285555 -0.030292353049999859 0.012801682549591397 0.032069985233517125 -0.034574481010317966 0.02861845198341691 0.038395338068457859 0.0024848939130555497 0.04475322726294044 0.013855330617795428 0.022793684293874614 0.005489586847113234 -0.033476349249113087 0 -0.01445882651457616 0 0.044524239761630571 -0.033417970187847056 0.0056646291431773823 0.026822649816643823
leaf_weight=1.4315119860693806 8.1697880160063487 1.3720273496583093 12.713127478957178 80.244883976876736 8.1020526792854088 14.933991185389461 6.0821915436536083 2.3513751002028647 4.583359698764979 3.3730070227757087 22.189661879092455 4.9315310809761277 1.4093980994075526 7.5722865685820562 12.337860053405166 1207.5047738077119 4.3449335983023039 7.1360147017985573 8.4397801151499152 1.7820523921400298 3.6100983796641231 1.8835252234712232 3.5890562599524847 3.0320482142269611 3.8297512382268897 2.7422905601561061 1.461064353585243 8.786401825025683 4.6631672298535687 2.6067275553941718 8.5635639317333681 12.839362645521758 705.00600923597813 10.920780837535856 11.224349446594713 2.1916880812495947 21.535660767927766 1.3894002754241226 2.979895057156682 0.83858697302639473 74.087182179093361 38.200775273144245 0.62916402425616968 10.713203711435199
leaf_count=157 43 52 66 443 74 1685 43 65 34 56 114 46 11 554 63 150083 69 67 78 57 187 42 52 99 18 94 13 52 80 11 40 75 4117 52 62 58 1463 39 46 26 421 4564 57 66
internal_value=-0.000837759 -0.0307288 0.0407333 0.0303226 -0.0338161 -0.00217943 0.0145963 -0.00114052 -0.0119525 0.019247 0.0282046 -0.0193899 -0.0346367 -0.0127408 0.0242301 -0.0347261 -0.0235416 0.0124642 0.0222426 -0.0288803 -0.00279914 -0.0276333 -0.0252646 -0.00204005 0.0243219 0.0133511 -0.0232268 0.0171498 0.00476788 -0.00960502 0.0231629 0.015546 0.0443624 0.0312195 0.0376467 -0.0217656 -0.0312208 -0.0217339 -0.00591802 -0.0235429 0.040661 -0.0326661 -0.01122 0.0369144
internal_weight=2358.33 1372.09 986.237 257.597 1292.63 32.881 103.265 48.1928 40.023 79.4603 55.072 35.4397 1259.75 10.4054 69.0549 1258.34 50.8371 21.658 14.522 46.4922 6.23074 16.8175 30.5081 6.6211 16.0635 12.2337 9.03335 46.0038 15.8145 12.4415 30.1893 21.6258 728.64 23.6339 33.414 9.83475 23.887 4.13169 5.17158 4.44869 154.332 40.2615 2.06068 23.0511
internal_count=165594 158329 7265 3030 157163 1952 2166 1802 1759 1166 364 1725 155211 619 547 155200 5117 188 121 5048 270 1727 1679 151 225 207 567 418 251 195 167 127 4235 118 176 184 1528 133 104 213 864 4778 214 129
is_linear=0
shrinkage=0.035


Tree=42
num_leaves=48
num_cat=0
split_feature=29 54 17 36 2 28 38 36 9 16 14 1 0 22 10 41 14 9 12 14 29 14 1 7 54 54 7 28 2 14 14 27 14 0 14 9 14 29 37 14 7 10 10 51 14 14 16
split_gain=2292.89 168.861 26.9037 26.8334 36.8894 25.4215 21.1663 18.2939 11.8015 10.0566 6.61296 6.10091 5.115 4.40291 11.8518 4.3702 3.64717 3.61103 3.43139 3.62874 3.36313 3.31567 2.91782 2.68918 2.56017 4.38639 2.51742 1.90076 1.70991 1.59232 2.5741 1.4862 1.47773 2.36881 2.35297 2.85401 1.04952 1.02256 0.925726 2.32973 0.849676 0.530163 0.482918 0.383321 0.116838 0.423794 0.100472
threshold=0.58656641840934765 0.75134408473968517 0.64583334326744091 1.0000000180025095e-35 0.56336912512779247 0.78024387359619152 0.36666667461395269 1.0000000180025095e-35 0.1702898591756821 0.84889996051788341 0.86240702867507946 0.25371789932250982 0.50300902128219616 1.0000000180025095e-35 0.44949495792388922 2.5000000000000004 0.62767899036407482 0.93813776969909679 0.79604920744895946 0.66978195309638988 0.51732715964317333 0.89699381589889537 0.059397457167506225 0.92770034074783336 0.70973089337348949 0.57821598649024974 0.54653680324554454 0.84918582439422619 0.53278529644012462 0.44092722237110143 0.32495285570621496 0.615800440311432 0.86706829071044933 0.87729144096374523 0.82413583993911754 0.99230769276618969 0.8521554470062257 0.91458967328071605 1.0000000180025095e-35 0.92084378004074108 0.83047896623611461 0.58571431040763866 0.58571431040763866 1.0000000180025095e-35 0.65166836977005016 0.75905716419219982 0.69504830241203319
decision_type=2 2 2 2 2 2 2 2 2 2 2 2 2 2 2 2 2 2 2 2 2 2 2 2 2 2 2 2 2 2 2 2 2 2 2 2 2 2 2 2 2 2 2 2 2 2 2
left_child=1 2 11 29 5 6 8 22 -5 12 17 13 -3 14 28 21 27 37 19 -16 -9 32 24 -14 25 26 -4 -7 -1 30 -2 -15 33 34 35 -11 41 40 39 44 42 -21 -10 -23 -6 -46 -8
right_child=3 9 7 4 38 16 46 20 10 15 -12 -13 23 31 18 -17 -18 -19 -20 36 -22 43 -24 -25 -26 -27 -28 -29 -30 -31 -32 -33 -34 -35 -36 -37 -38 -39 -40 -41 -42 -43 -44 -45 45 -47 -48
leaf_value=-0.032591753924033628 0.038621952255905916 0.034174833464861158 0.021177249018590621 0.037547678453729784 0.015330100965824652 0.0016841082131902928 0.021692463519449662 -0.033011615755192451 -0.03391461306969086 -0.02652194680956178 0.023379710538256188 0.024595057569275072 -0.031124349686071296 -0.035188483192190471 0.025886275661278126 -0.0051497261354725484 0.040364159735384382 0.014828416752028261 0.043050220417019051 -0.030646190759484666 0.010653334114692029 0.022595917751965674 0.047650913563958404 0.012487508647336209 -0.014306680984464954 0.035459997744158596 -0.028828180557521718 0.026181087986907138 0.014296175701188267 0.044204546587781696 0.011487448926709743 0.0081399211568874384 0.0027568791209120194 0.03133350724568288 0.027362511511092594 0.013207942101806008 0.0050254084054272511 0.00092503091953374361 0.043579273712369471 0.043380400403391625 0.00037318375587205404 0 -0.01040816437066323 0.038011404004288242 0.038550192349203399 0.024363649965584724 0.044827370648631473
leaf_weight=39.246305314823985 17.430742048658434 1.4139813752844919 1.0652080681175013 3.4602432996034613 5.6049426654353729 6.7081501781940487 4.756664668209849 14.46109075844288 26.741401620209228 2.9303892897442037 2.6201014956459394 1.4020583797246207 7.3498347997665388 1165.9392451369204 2.757989399135111 5.4479132061824194 25.244858056306839 1.6500992663204659 1.819180967286228 3.0632908921688795 1.8948729904368509 10.425484763458369 3.7920622527599326 1.4703913629055021 2.4530538227409115 6.6027439488098025 2.1215811055153608 10.02145218849182 0.34509463794529338 683.53794868197292 7.5698070991784325 0.49862762633711 7.9668710026890031 11.984604774042962 3.5057292319834232 4.0359822455793619 1.3439407879486678 0.97453227732330461 92.810718785971403 30.236201524734497 0.76756103429943223 1.0398772796615956 2.732237182557582 22.472427293658257 9.8442262513563019 25.87368375249207 5.5864603733643889
leaf_count=4795 96 52 11 19 34 51 54 1685 1505 104 32 11 554 150065 73 65 136 46 14 92 42 87 18 13 19 75 102 50 23 4114 57 18 57 70 32 24 55 10 541 174 18 65 77 108 58 151 42
internal_value=-0.000826812 -0.0306314 -0.0337695 0.0402363 0.0302163 0.0121361 -0.00486511 -0.00210454 -0.0168175 0.0187714 -0.0230983 -0.0346067 -0.0124207 -0.034698 -0.0232866 0.0235751 0.0318302 -0.0274879 0.00968791 -0.00120196 -0.0274289 0.0261425 0.0236156 -0.0229663 0.0128704 0.0206996 -0.0102117 0.0172048 -0.0317547 0.0437988 0.0312984 -0.03516 0.0166797 0.0211417 0.00745822 -0.00429639 -0.017348 -0.0302243 0.0400997 0.0350002 -0.0313376 -0.0249108 -0.0322634 0.0340401 0.0279055 0.0293123 0.0373468
internal_weight=2293.02 1328.85 1249.85 964.172 255.634 91.2638 49.2893 32.3906 38.9462 79.0036 35.4859 1217.46 10.2342 1216.05 49.6157 68.7694 41.9745 32.8658 10.0243 8.2051 16.356 63.3215 16.0346 8.82023 12.2426 9.78953 3.18679 16.7296 39.5914 708.538 25.0005 1166.44 30.4236 22.4567 10.4721 6.96637 5.44711 31.2157 164.37 71.5591 30.2412 4.10317 29.4736 32.8979 41.3229 35.7179 10.3431
internal_count=165594 158329 157163 7265 2998 2040 1803 1952 1707 1166 1688 155211 619 155200 5117 547 237 1656 299 285 1727 482 225 567 207 188 113 101 4818 4267 153 150083 287 230 160 128 212 1610 958 417 1600 157 1582 195 243 209 96
is_linear=0
shrinkage=0.035


Tree=43
num_leaves=49
num_cat=0
split_feature=29 54 34 2 17 36 28 6 38 15 12 36 14 1 27 15 22 10 39 44 17 14 12 9 10 14 29 12 14 1 6 54 14 15 2 54 15 27 39 2 0 10 10 10 29 15 15 2
split_gain=2196.3 164.165 28.9171 31.6155 26.5818 17.4333 16.3236 19.5744 11.8649 9.6619 6.955 6.82762 6.01409 5.97588 5.41962 5.23684 4.51507 11.6024 3.53014 5.03288 3.45279 3.32952 5.29056 6.30604 3.52854 3.55136 3.30059 3.21722 3.4256 2.82811 6.97523 2.21927 1.88214 3.68409 1.69408 1.64688 1.48474 1.47862 1.46588 1.24492 1.07492 0.70709 0.703035 0.237454 0.199907 0.145623 0.467024 0.0761446
threshold=0.58656641840934765 0.75134408473968517 0.36666667461395269 0.58757218718528759 0.64583334326744091 1.0000000180025095e-35 0.68599441647529613 0.069570478051900878 0.18333333730697635 0.79388421773910534 0.69785088300704967 1.0000000180025095e-35 0.63859337568283092 0.25371789932250982 0.5265987515449525 0.73097601532936107 1.0000000180025095e-35 0.44949495792388922 1.5000000000000002 1.0000000180025095e-35 0.44949495792388922 0.93908473849296581 0.70293971896171581 0.91476997733116161 0.73214286565780651 0.86706829071044933 0.51732715964317333 0.79604920744895946 0.66978195309638988 0.059397457167506225 0.70659971237182628 0.41516898572444921 0.44092722237110143 0.270728349685669 0.53278529644012462 -0.2226719334721565 0.83827373385429393 0.615800440311432 1.5000000000000002 0.54586797952651989 0.46906732022762304 0.64583334326744091 0.16025641560554507 0.58571431040763866 0.7353600561618806 0.34248121082782751 0.3260560035705567 0.69999995827674877
decision_type=2 2 2 2 2 2 2 2 2 2 2 2 2 2 2 2 2 2 2 2 2 2 2 2 2 2 2 2 2 2 2 2 2 2 2 2 2 2 2 2 2 2 2 2 2 2 2 2
left_child=1 4 3 6 13 29 7 -2 11 10 40 14 18 16 -9 -12 17 34 19 -8 42 22 -11 -24 25 -25 -7 28 -19 30 -6 41 33 -4 45 -5 43 -18 -14 -32 -3 -13 -10 -30 -37 46 -1 -23
right_child=2 9 32 35 5 26 12 8 20 21 15 31 38 -15 -16 -17 37 27 -20 -21 -22 47 23 24 -26 -27 -28 -29 36 -31 39 -33 -34 -35 -36 44 -38 -39 -40 -41 -42 -43 -44 -45 -46 -47 -48 -49
leaf_value=-0.018866917430737082 0.04938245624389774 0.0056864823927197973 0.042713973832475848 0.01757770889121887 0.030063207919003535 -0.032921274886997753 0.0020191932337720641 0.038670912087705546 0.013232156214498591 0.045227878917798198 0.041658588765812278 -0.033563732792168871 0.042249131364598749 0.024167877646297926 -0.017601439643396055 -0.0077523941163451871 -0.035175507836292252 0.024836584398127415 -0.0075895140388967134 0.042683589620899971 0.044952184675458154 0.041385982018678782 -0.01838121035045754 0.023392457151328261 0.036449566853608284 -0.0055782022007916203 0.010368742734480314 0.041457343605235175 -0.030320107533282757 0.046724347649554084 0.0047590873368068259 0.0070970874597611382 0.043893871917055578 0.012810193044798334 0.014116416535425443 0.027400849773014331 0.011299093939859013 0.0080267723668343768 0.021636455660803629 -0.031016033212325836 -0.031000424810242393 -0.0040245675465059218 -0.0082611531332458486 -0.0047358061073069372 0.041296362717072356 -0.033290643139923824 0.0060849060552017409 0.025477163465485463
leaf_weight=1.3603139985352743 6.8543155640363684 0.61604417674243706 12.242709383368494 6.767416074872016 8.1831018924713153 14.004053025506439 8.4263387080281991 2.9502607854083207 2.7006670655682665 6.1536405589431515 3.8236392214894277 21.575383350253112 21.517256960272789 1.3947071013972152 3.4948066119104624 5.0043814154341817 1126.2456481787376 2.8151672920212132 7.1324058016762129 6.1403802633285514 3.6078545530326664 12.044831739738584 6.2200108068063846 9.2180816605687195 8.2171820402145368 9.5964591633528453 1.9059880655258883 1.8606286272406567 2.9729803213849664 3.7524364143609992 1.1495209829881776 1.4233856601640571 670.33678693324327 10.785213876515625 0.34990602359175582 11.158889557234941 1.0282297031953929 0.50199519190937181 10.955320637673138 2.9187760390341282 7.2254233071580529 1.6312843915075053 2.6596623924560845 1.3835260197520254 130.10900428146124 36.035054847132415 0.61281485110521305 10.449018722400069
leaf_count=157 35 31 66 37 74 1685 78 49 34 77 65 1477 114 11 53 75 150065 73 67 43 25 63 72 55 39 55 42 14 91 18 29 46 4117 52 23 66 32 18 62 104 568 27 56 89 761 4581 57 66
internal_value=-0.000814221 -0.0305329 0.0397555 0.0292413 -0.0337213 -0.00202068 0.013901 -0.00118433 -0.0109175 0.0182719 -0.00497492 -0.021121 0.0268089 -0.0345758 0.00942169 0.0153538 -0.0346689 -0.0230088 0.0115462 0.0210263 0.0226589 0.0245674 0.0174905 0.0110846 0.0184034 0.0089034 -0.0272218 0.00944962 -0.0011496 0.0229544 0.0124333 -0.0293056 0.0434803 0.0299701 -0.0316347 0.0395277 -0.0170456 -0.0351461 0.0362537 -0.0212725 -0.0274052 -0.0318839 0.00239528 -0.0252495 0.0404237 -0.0324967 -0.0105001 0.0355438
internal_weight=2229.51 1287.04 942.469 249.105 1208.47 31.9139 101.069 46.8976 40.0433 78.5687 16.6695 31.0751 54.1717 1176.56 6.44507 8.82802 1175.17 48.4186 21.6991 14.5667 8.96818 61.8992 39.4054 33.2517 27.0317 18.8145 15.91 10.0605 8.1999 16.0038 12.2514 24.6301 693.365 23.0279 38.3581 148.035 5.38474 1126.75 32.4726 4.0683 7.84147 23.2067 5.36033 4.35651 141.268 38.0082 1.97313 22.4939
internal_count=165594 158329 7265 3030 157163 1952 2166 1802 1767 1166 739 1652 364 155211 102 140 155200 5117 188 121 115 427 298 221 149 110 1727 299 285 225 207 1550 4235 118 4818 864 212 150083 176 133 599 1504 90 180 827 4795 214 129
is_linear=0
shrinkage=0.035


Tree=44
num_leaves=54
num_cat=0
split_feature=29 54 34 8 10 17 36 17 14 28 15 16 9 0 17 14 32 22 10 9 0 0 27 29 6 36 12 12 14 38 7 54 14 15 11 55 30 16 55 15 11 54 15 6 15 7 7 7 7 30 30 30 7
split_gain=2104.19 159.765 28.6627 29.1352 26.4385 26.2435 16.6114 15.0769 14.795 11.32 9.25035 6.97277 6.87158 12.9291 4.66447 6.6585 5.80229 4.53734 11.3557 6.52451 4.90235 4.32488 3.7791 3.23917 2.64678 2.55352 2.50906 2.49067 2.51801 2.44458 2.212 2.19874 1.96347 3.60676 1.86273 1.76718 1.67134 1.64274 1.10034 0.902524 0.668833 0.554822 0.441749 0.414085 0.368379 0.289048 0.512959 0.245273 0.488445 0.173554 0.678534 0.0363748 0.00109846
threshold=0.58656641840934765 0.75134408473968517 0.45000000298023229 0.8521554470062257 0.080128207802772536 0.64583334326744091 1.0000000180025095e-35 0.30384616553783422 0.53093111515045177 0.64174234867095958 0.89512962102890026 0.26158231496810919 0.94494947791099559 0.51247477531433117 0.44949495792388922 0.84889996051788341 0.84650033712387096 1.0000000180025095e-35 0.44949495792388922 0.69804355502128612 0.74562552571296703 0.34463970363140112 0.5914268195629121 0.51732715964317333 0.96824595332145702 1.0000000180025095e-35 0.70293971896171581 0.88282340764999401 0.75716626644134533 0.46428571641445165 0.89512962102890026 -0.090370997786521898 0.44092722237110143 0.270728349685669 0.71291208267211925 0.76560765504837047 0.56385868787765514 0.30901856720447546 0.13604861497879031 0.70051544904708873 0.908033847808838 0.41516898572444921 0.85028737783432018 0.70659971237182628 0.87570226192474376 0.34330357611179357 0.3310502320528031 0.7320508360862733 0.65419578552246105 0.18019481003284457 0.18898809701204303 0.1863425895571709 0.70064935088157665
decision_type=2 2 2 2 2 2 2 2 2 2 2 2 2 2 2 2 2 2 2 2 2 2 2 2 2 2 2 2 2 2 2 2 2 2 2 2 2 2 2 2 2 2 2 2 2 2 2 2 2 2 2 2 2
left_child=1 5 3 4 8 17 27 26 11 25 12 -2 13 -3 15 16 -5 18 35 -20 42 37 49 -8 -14 -9 36 28 -7 -27 44 -16 33 -4 -11 45 41 -13 -36 -24 -12 -6 -21 -29 47 46 -1 48 -15 -19 51 -51 -50
right_child=2 10 32 14 7 6 23 9 -10 34 40 21 24 30 31 -17 -18 22 19 20 -22 -23 39 -25 -26 29 -28 43 -30 -31 -32 -33 -34 -35 38 -37 -38 -39 -40 -41 -42 -43 -44 -45 -46 -47 -48 -49 52 50 -52 -53 -54
leaf_value=-0.017642621460045606 0.031056979220011913 0.051366937552087114 0.042162142415984614 -0.038088276627490515 -0.036844093273894291 -0.010186884799924032 -0.032829336016964951 0.0075981491541453929 0.045518424804864906 0.0080692270766439672 0.01556154270662558 0.0016473887551771464 0.030796192239474197 -0.022182089255599644 0.022200814322539893 0.040174122237246195 0.020637983692288427 -0.035191862622357156 0.058952795830855192 -0.029072294696856134 0.023045114344427874 0.028752467875280185 -0.0089607979262105019 0.010092234325188841 0.0066307850865747241 -0.034392973875531765 0.013183056594217039 0.048135014498088637 0.026152441969635624 0.014203745825002006 0.015180143652317632 0.042008416763665637 0.043494927734666927 0.012448831809653241 0.042321987074544105 0.015569454206939243 0.005630193713958522 -0.030493859879133767 0.01729849989295705 0.024269362356596338 0.032834269980165989 -0.00013224449799456115 0 0.020904680531595551 -0.001308435888711393 -0.033235305869031541 0.0089119211325762258 -0.03278923954619261 0 -0.0033951036813517168 -0.026060810174992382 0.0034684602576568061 0.00086312914047700039
leaf_weight=1.1974037322215725 6.3034159662202027 2.4491470074281123 11.98646665364504 3.0590669275261444 14.862468377687039 4.3814497292041787 13.56234950898215 2.7795266602188331 31.731774262618273 7.517416748218241 7.0516766030341378 2.2208825252018851 10.069896374829113 1.7728492943569976 11.942157581448553 5.5351126883178949 3.2024229057133198 1081.1788840843365 1.5164445657283057 4.1113377800211293 3.5489796474575996 1.5591578176245082 1.1050599724985652 1.9168739756569273 13.543545246124268 6.9923996864818037 0.94309935858473082 2.8015252798795682 3.1094014346599579 0.82816088385879982 0.93314072024077255 123.62794108735397 652.83289187029004 10.73969007655978 6.7103019021451455 0.31145499087870021 0.88015334308147508 6.5633960580453277 7.2201872644945979 0.91933385422453273 30.339726589620113 0.72661378933116871 0.91631648503243912 5.667206171900034 1.0102220885455615 35.160484493710101 0.51065550511702884 9.2013214146718365 1.0360076492652295 1.2876256345771242 4.7865169025026262 0.51205426035448898 0.80621617380529631
leaf_count=144 51 71 66 74 913 55 1685 26 208 47 36 44 82 118 70 32 40 149329 42 204 25 38 74 42 83 397 14 13 57 13 16 743 4114 52 37 20 5 200 57 15 171 24 28 100 12 4596 58 482 61 138 502 36 34
internal_value=-0.000802355 -0.0304304 0.0392997 0.0287665 0.0137046 -0.0336729 -0.00194586 -0.00423941 0.0318351 0.00991113 0.0177822 0.00445252 0.00591266 -0.010438 0.0385829 0.0152126 -0.00886503 -0.0345446 -0.0227338 0.00921824 -0.00444757 -0.0127606 -0.0350324 -0.0270119 0.0179108 -0.018379 -0.0295978 0.0223185 0.00578866 -0.0278231 -0.0235242 0.0404646 0.0430696 0.0293846 0.0242446 -0.0315137 -0.0328624 -0.0226722 0.031614 0.00800755 0.0301581 -0.035455 -0.0250387 0.0344146 -0.0272201 -0.0324045 -0.00805194 -0.0287667 -0.0128834 -0.035123 -0.0202109 0 0
internal_weight=2167.48 1246.72 920.765 245.206 97.839 1168.5 31.4388 49.4603 48.3786 32.048 78.2137 16.6469 40.8223 17.2089 147.367 11.7966 6.26149 1137.06 47.2731 10.0931 8.57663 10.3434 1089.79 15.4792 23.6134 10.6001 17.4123 15.9596 7.49085 7.82056 14.7598 135.57 675.559 22.7262 21.4479 37.18 16.4692 8.78428 13.9305 2.02439 37.3914 15.5891 5.02765 8.46873 13.8266 36.8685 1.70806 12.8164 3.61507 1087.77 6.5862 1.79968 1.84222
internal_count=165594 158329 7265 3033 2074 157163 1952 1533 541 577 1166 333 959 794 959 146 114 155211 5117 299 257 282 150094 1727 165 436 956 225 112 410 723 813 4232 118 141 4818 942 244 94 89 207 937 232 113 707 4798 202 695 213 150005 676 174 95
is_linear=0
shrinkage=0.035


Tree=45
num_leaves=55
num_cat=0
split_feature=29 54 34 2 17 36 28 7 38 17 36 1 14 27 14 22 10 11 0 9 10 39 44 29 17 14 0 1 10 14 54 54 7 54 14 15 15 27 0 15 7 39 15 41 50 10 29 2 29 29 14 15 15 29
split_gain=2016.38 155.326 28.3574 29.4767 26.0415 15.8503 14.3701 17.8193 11.0376 8.83607 6.48461 5.82979 5.62426 5.04868 4.85982 4.72726 11.1167 4.59994 3.66606 7.70122 3.57539 3.24196 4.65336 3.17882 3.16148 3.04655 3.00755 2.78657 2.7849 2.72927 2.23732 3.99343 2.39031 2.14924 2.04074 3.53321 1.98323 1.88342 1.78534 1.77126 1.77051 1.4847 0.821816 1.65151 0.803899 0.70031 0.669397 0.393689 0.23741 0.351232 0.208295 0.169693 0.457719 0.0578002
threshold=0.58656641840934765 0.75134408473968517 0.36666667461395269 0.58757218718528759 0.64583334326744091 1.0000000180025095e-35 0.68599441647529613 0.067816093564033522 0.18333333730697635 0.38750000298023229 1.0000000180025095e-35 0.25371789932250982 0.63859337568283092 0.5265987515449525 0.93908473849296581 1.0000000180025095e-35 0.44949495792388922 0.98936170339584362 0.60574254393577587 0.91476997733116161 0.73214286565780651 1.5000000000000002 1.0000000180025095e-35 0.51732715964317333 0.44949495792388922 0.62258651852607738 0.74562552571296703 0.059397457167506225 0.81666666269302379 0.86706829071044933 0.70973089337348949 0.57821598649024974 0.54653680324554454 0.41516898572444921 0.44092722237110143 0.270728349685669 0.77459675073623668 0.65240275859832775 0.76780930161476146 0.85270008444786083 0.7320508360862733 1.5000000000000002 0.92031747102737438 1.0000000180025095e-35 1.0000000180025095e-35 0.64583334326744091 0.78319624066352855 0.69999995827674877 0.91458967328071605 0.96168524026870739 0.68108487129211437 0.34248121082782751 0.3260560035705567 0.82078272104263317
decision_type=2 2 2 2 2 2 2 2 2 2 2 2 2 2 2 2 2 2 2 2 2 2 2 2 2 2 2 2 2 2 2 2 2 2 2 2 2 2 2 2 2 2 2 2 2 2 2 2 2 2 2 2 2 2
left_child=1 4 3 6 11 27 7 -2 10 17 13 15 21 -9 18 16 38 -3 -11 28 29 22 -8 -7 46 -18 39 30 40 44 31 32 -6 45 35 -4 50 -17 51 -27 -20 -14 43 48 -21 -12 -10 -16 -5 -50 -19 52 -1 -45
right_child=2 9 34 42 5 23 12 8 24 14 33 -13 41 -15 47 37 25 36 19 20 -22 -23 -24 -25 -26 26 -28 -29 -30 -31 -32 -33 -34 -35 -36 -37 -38 -39 -40 -41 -42 -43 -44 53 -46 -47 -48 -49 49 -51 -52 -53 -54 -55
leaf_value=-0.018469605898517122 0.047658255264707752 -0.029789690361558853 0.041632429503449447 0.030557922314651612 0.019881525666714195 -0.032735758984497182 0.0015844775711739416 0.037195303918848184 -0.0074930433473932162 0.043191001554267992 -0.033352427576879777 0.02374655740138774 0.040899343132132497 -0.01728390820240263 0.042220235225636608 -0.035150460404141937 0.041920633625172912 0.0033013252830741751 0.0053901019148226348 0.0086647046564063794 0.03691017451756929 -0.0075460357965450257 0.040619625728582312 0.009823558137726944 0.043317389279824085 -0.028093704310051072 0.019478291625050326 0.045388168084083164 0.015593469222408502 -0.0026212654065014976 -0.013976786568888764 0.03273513873920228 -0.028815408240759219 0.0069288277766727758 0.043107363235766152 0.012097120976968115 0.042483176952557204 0.015657301001986042 0.016016998923340547 0.012896515673659691 -0.032059480561691514 0.020295732431937382 0.04279390756477356 0.026896252732618368 0.027468631667844617 -0.0038668648158179486 0.013603163974523384 0.024164850123475339 0.010898186223556672 0.025646004964359165 -0.013635356151454874 -0.033147139426572422 0.0062762929357438853 0.042976680091798107
leaf_weight=1.3056015884503711 6.6852218136191359 6.1345882578752917 11.731352314352991 21.82250081282109 1.0846458524465545 13.13546859892085 8.3959809290245193 2.9564721379429129 2.8424547514878196 4.1343170069158068 20.471735331229873 1.3807045035064209 20.846386432647709 3.4256102312356234 11.256370192393661 1051.1536064934917 1.636602334678172 0.70269377855584048 1.4501194506883601 6.9685577563941496 8.8641285840421897 7.0809241747483602 6.1830934304743996 1.9275342086330063 3.5669932723976672 3.709464297629891 3.7782223857939243 3.6919520944356927 1.9084360897541044 10.271793788298963 2.4306143056601277 6.6762547446414828 2.102448983117938 1.4121490428224195 636.24111586436629 10.694994814693926 1.0449415827170012 0.27748527377843757 0.30002545192837615 0.97794184647500504 6.15801713289693 10.697173365391789 67.400918558239937 8.8132659904658777 7.9800034780055285 1.615565126761793 2.4493948630988598 10.198813255876303 7.6994220614433271 7.0400536358356476 0.7470872332341969 33.825527862645686 0.60547352489083994 29.051728980615735
leaf_count=157 35 443 66 124 11 1685 78 49 77 74 1477 11 114 53 61 150077 51 38 61 73 42 67 43 42 25 200 24 18 8 60 19 75 102 46 4117 52 13 6 19 24 142 62 421 56 42 27 13 66 46 42 43 4585 57 175
internal_value=-0.000792459 -0.0303256 0.038866 0.0282968 -0.0336203 -0.00182956 0.013354 -0.00106922 -0.0105536 0.0172902 -0.0206876 -0.0345128 0.0255258 0.00909911 0.0214654 -0.0346108 -0.0224602 -0.0145766 0.014601 0.010904 0.0186337 0.0108422 0.0199089 -0.0267993 0.0219053 0.00903439 -0.000710585 0.0216851 -0.0155871 0.0109139 0.0114249 0.0187171 -0.0106165 -0.0289613 0.0426704 0.0288143 0.0196509 -0.0351189 -0.0313892 -0.0181625 -0.024718 0.0348581 0.0384975 0.0340445 0.0200152 -0.0316082 0.00232539 0.0352517 0.0267667 0.0193465 -0.00600095 -0.0323077 -0.0099644 0.0401123
internal_weight=2106.94 1207.82 899.125 240.457 1130 31.0489 98.6292 45.4256 38.7404 77.8199 29.8815 1098.95 53.2036 6.38208 69.1906 1097.57 46.1389 8.62931 47.7354 43.6011 34.0845 21.66 14.5791 15.063 8.85884 10.1022 8.46563 15.9859 9.51657 25.2204 12.294 9.86335 3.18709 23.4994 658.667 22.4263 2.49472 1051.43 36.0366 4.68741 7.60814 31.5436 141.828 74.427 14.9486 22.0873 5.29185 21.4552 36.562 14.7395 1.44978 35.7366 1.91108 37.865
internal_count=165594 158329 7265 3030 157163 1952 2166 1802 1767 1166 1652 155211 364 102 629 155200 5117 537 502 428 217 188 121 1727 115 299 248 225 211 175 207 188 113 1550 4235 118 94 150083 4818 224 203 176 864 443 115 1504 90 127 212 88 81 4799 214 231
is_linear=0
shrinkage=0.035


Tree=46
num_leaves=59
num_cat=0
split_feature=29 54 34 2 17 36 6 15 36 15 28 9 0 22 10 9 12 0 41 55 32 27 10 10 29 14 6 7 2 6 14 15 54 0 30 2 15 8 15 41 11 0 38 15 7 7 7 7 30 30 2 2 2 29 29 29 29 7
split_gain=1932.48 151.275 28.1284 28.4583 25.7205 15.1092 14.3058 22.4031 10.4313 8.50981 8.25402 6.07882 11.8526 4.74146 10.8837 7.53143 4.6709 4.53279 4.22833 4.83126 4.60828 3.72445 3.19583 6.23975 3.11952 2.59372 2.49737 2.45371 2.31671 3.47609 2.12102 3.464 1.8095 1.76876 1.74977 1.72394 1.25428 1.05816 0.872822 1.66145 0.6443 0.467387 0.407849 0.357468 0.311334 0.500273 0.244515 0.477085 0.232415 0.684729 0.317526 0.240965 0.652248 0.219014 0.340687 0.106793 0.0400698 0.00312396
threshold=0.58656641840934765 0.75134408473968517 0.45000000298023229 0.58757218718528759 0.64583334326744091 1.0000000180025095e-35 0.2152509689331055 0.83424907922744762 1.0000000180025095e-35 0.89512962102890026 0.64174234867095958 0.94494947791099559 0.51247477531433117 1.0000000180025095e-35 0.44949495792388922 0.69504830241203319 0.81169214844703685 0.33895938098430639 1.0000000180025095e-35 -0.39834177494049067 0.73183304071426403 0.5914268195629121 0.087121214717626586 0.30384616553783422 0.51732715964317333 0.59896907210350048 0.96824595332145702 0.90366768836975109 0.62731361389160167 0.70087718963623058 0.44092722237110143 0.28759399056434637 0.41516898572444921 0.76780930161476146 0.36038962006568914 0.49171780049800878 0.85028737783432018 0.8452991545200349 0.92031747102737438 1.0000000180025095e-35 0.908033847808838 0.7590814232826234 0.46428571641445165 0.87570226192474376 0.34330357611179357 0.3310502320528031 0.7320508360862733 0.65419578552246105 0.18019481003284457 0.18898809701204303 0.57520422339439403 0.39633636176586157 0.33527433872222906 0.91458967328071605 0.96168524026870739 0.82078272104263317 0.82078272104263317 0.70299971103668224
decision_type=2 2 2 2 2 2 2 2 2 2 2 2 2 2 2 2 2 2 2 2 2 2 2 2 2 2 2 2 2 2 2 2 2 2 2 2 2 2 2 2 2 2 2 2 2 2 2 2 2 2 2 2 2 2 2 2 2 2
left_child=1 4 3 6 13 28 25 8 17 11 32 12 -3 14 33 -16 36 -8 19 -12 -20 48 -21 -24 -7 -2 -13 43 29 -6 31 -4 42 44 -19 -23 41 -9 39 53 -11 -17 -10 46 45 -1 47 -14 -15 51 -51 52 -50 56 -55 -41 -5 -49
right_child=2 9 30 38 5 24 7 37 10 40 18 26 27 21 15 16 -18 34 20 22 -22 35 23 -25 -26 -27 -28 -29 -30 -31 -32 -33 -34 -35 -36 -37 -38 -39 -40 55 -42 -43 -44 -45 -46 -47 -48 57 49 50 -52 -53 -54 54 -56 -57 -58 -59
leaf_value=-0.017261245099948034 0.016998341678609526 0.047688184155149561 0.039504530471008624 0.020228363720060923 0.022001908748964124 -0.032640504674876697 -0.0083166154132161101 0.01856441024373913 -0.034435413869598253 0.014702284554071937 -0.022529556268454758 0.029064882369212515 -0.021995903726598279 -0.035169368928152658 0.064166434762302535 -0.029463866527014999 0.035622338149301533 0.012496633382804998 0.012574872887096264 0.040016376717877229 -0.036022173236981495 -0.016154503850757552 -0.028395170814097759 0.028247319734620635 0.0095624719127751136 0.04512985647925645 0.0057471665442498342 0.018673125911661606 0.035713426361075905 -0.018495692293448038 0.042745841561246757 0.0097939448528062013 0.0056839833509674991 0.015829611300892322 0.047524260514176853 0.029943727757394734 0.0083368202498773688 0.044782332780745636 0.042387548654944193 0.026299269049484184 0.031519193702634903 -0.0032049037851863181 -0.0041093265212673209 -0.0013352858471762387 -0.03308708640960123 0.0090275159133003328 -0.032630777314800387 -0.00026670940533544474 -0.010184914544444141 -0.027883833624894269 0 -0.010694303142694067 0.021471587580501703 0.01062015433624241 0.025187330641398463 0.042547698867794199 0.034209668016310028 0.0014391132460018206
leaf_weight=1.1516470056958485 8.3705640463158506 2.5774659393355277 12.926562085747721 8.5484622484073061 6.2569640967994911 12.722915108315645 3.9614037312567225 5.3352767294272807 16.85813877964393 7.0172419827431431 3.2634462239220747 10.201661107130349 1.7351560583338099 1008.7487284177914 1.3869387209415425 4.3190247509628517 1.6070640850812195 4.4502830253913981 3.0219112280756217 4.8320078533142805 5.4324451419524848 0.98787865322083124 3.1158750532194972 4.6366695379838347 1.9379722569137818 15.136889696121214 13.524724984541535 0.80951784923672754 6.6333459606394181 3.0505825495347381 619.19343074783683 9.2024245969951135 1.1484611625783134 0.30470699816942115 4.5721133165061474 0.99374263174831867 1.1224382603541014 12.433370389044283 65.704992145299911 8.7221856322139484 29.71720963716507 1.6775449551641939 1.1359666232019652 1.0090489648282535 32.971675842534751 0.50672476505860675 8.9291505068540555 1.0652674147859214 0.54451321717351564 4.1572187184356153 0.37176736444234837 0.56268657092005003 0.63817899022251368 7.6514961719512922 6.9374073594808578 28.491410667076707 12.960560873150824 0.77685144264250983
leaf_count=144 53 71 73 47 65 1685 53 49 1370 36 49 82 118 149329 37 211 12 57 32 43 90 79 79 32 42 85 83 12 89 71 4114 45 42 19 25 10 28 75 421 56 171 11 34 12 4597 58 486 65 69 491 11 63 42 46 42 176 77 30
internal_value=-0.000777687 -0.0302209 0.038442 0.0278514 -0.0335703 -0.00175518 0.0131291 0.00533749 -0.00553421 0.0168658 -0.0137919 0.00549159 -0.0100792 -0.0344813 -0.0221831 0.00885675 -0.00526792 0.0208569 0 0.0104566 -0.0187888 -0.0350002 0.020297 0.00443869 -0.026584 0.0363579 0.0166846 -0.0231351 0.0210946 0.00788245 0.0422962 0.0282582 -0.0303595 -0.0312625 0.0335669 0.00807845 -0.0181803 0.0385051 0.0380061 0.0335145 0.0288742 -0.0241262 -0.0330223 -0.0269943 -0.0322077 -0.00753774 -0.0285532 -0.0127054 -0.0350956 -0.0195561 -0.0255906 0 0.00730454 0.0262289 0.0189431 0.0396188 0.029954 0
internal_weight=2048.06 1170.02 878.044 236.721 1092.65 30.6018 97.7048 74.1974 56.4287 77.3633 43.4449 40.6288 16.9025 1062.05 45.0478 10.113 8.72607 12.9838 24.3024 15.848 8.45436 1017 12.5846 7.75254 14.6609 23.5075 23.7264 14.325 15.9409 9.30755 641.322 22.129 19.1426 34.9348 9.0224 1.98162 7.11901 17.7686 139.017 73.3115 36.7345 5.99657 17.9941 13.5155 34.63 1.65837 12.5064 3.57727 1015.02 6.27436 4.52899 1.74538 1.18269 36.0979 14.5889 37.2136 21.509 1.84212
internal_count=165594 158329 7265 3033 157163 1952 2168 2030 1906 1166 1771 959 794 155211 5117 299 262 135 325 203 122 150094 154 111 1727 138 165 723 225 136 4232 118 1446 4818 82 89 250 124 865 444 207 222 1404 711 4799 202 699 213 150005 676 502 174 111 212 88 232 124 95
is_linear=0
shrinkage=0.035


Tree=47
num_leaves=49
num_cat=0
split_feature=1 54 34 2 17 28 38 9 15 0 36 15 27 9 0 22 10 39 6 36 27 14 8 27 15 27 55 2 7 6 28 14 15 55 0 15 41 48 11 12 9 15 10 7 7 15 15 7
split_gain=1852.12 147.523 27.3806 27.8743 19.4123 13.2671 11.9212 10.0381 10.8016 9.68925 9.19558 8.04711 7.54928 5.67135 11.1646 4.91291 10.6911 4.79821 3.47767 2.95897 3.05059 2.77796 4.37937 2.73058 2.59262 2.5339 2.42107 2.44836 2.39414 2.29526 2.2316 2.213 3.47996 2.12857 1.75207 0.950387 2.05273 0.651237 0.626659 0.620641 0.546705 0.350783 0.257307 0.24622 0.465573 0.192531 0.448254 0.00302678
threshold=0.099711906164884581 0.75134408473968517 0.36666667461395269 0.58757218718528759 0.64583334326744091 0.74175426363945018 0.30952382087707525 0.12132352963089944 0.86319074034690868 1.0000000180025095e-35 1.0000000180025095e-35 0.89512962102890026 0.5914268195629121 0.94494947791099559 0.51247477531433117 1.0000000180025095e-35 0.44949495792388922 1.5000000000000002 0.70659971237182628 1.0000000180025095e-35 0.5265987515449525 0.62258651852607738 0.82972848415374767 0.615800440311432 0.93419912457466137 0.40586884319782263 0.19322340190410617 0.49171780049800878 0.90366768836975109 0.96824595332145702 0.51690155267715465 0.44092722237110143 0.270728349685669 -0.39834177494049067 0.76780930161476146 0.92031747102737438 1.0000000180025095e-35 1.0000000180025095e-35 0.908033847808838 1.000000059604645 0.1702898591756821 0.87570226192474376 0.64583334326744091 0.7320508360862733 0.65419578552246105 0.34248121082782751 0.3260560035705567 0.70299971103668224
decision_type=2 2 2 2 2 2 2 2 2 2 2 2 2 2 2 2 2 2 2 2 2 2 2 2 2 2 2 2 2 2 2 2 2 2 2 2 2 2 2 2 2 2 2 2 2 2 2 2
left_child=1 4 3 5 9 6 7 -2 19 -1 18 13 39 14 -3 16 34 33 -6 20 -9 -18 -23 -17 -20 30 -8 -28 41 -15 -21 32 -4 -7 45 36 -5 40 -13 -12 -27 43 -42 44 -16 46 -11 -46
right_child=2 11 31 35 10 17 26 8 -10 15 12 38 -14 29 28 23 21 -19 24 25 -22 22 -24 -25 -26 37 27 -29 -30 -31 -32 -33 -34 -35 -36 -37 -38 -39 -40 -41 42 -43 -44 -45 47 -47 -48 -49
leaf_value=0.039308781329131195 0.045069483225777918 0.045309042547634966 0.040651614271985145 0.025232806526623054 0.028009816859028962 0.015492376333989319 0.036402551626807535 0.024566555078965182 0.034117006374419445 -0.01807799037024278 -0.032678047987865645 0.014251388243877327 0.040923971110938415 0.027882132544530137 -0.021787698397922221 -0.035121108785150193 0.039576635239531303 0.0075272448148305249 -0.025508781715552101 -0.020564440149883144 -0.01776250874412795 -0.027275550257055102 0.018638575235943033 0.0088153290900592988 0.017260348202180552 -0.00045024203828043444 -0.019133155656767195 0.02248113882626061 0.018264282392743844 0.0055582560274939317 0.026743529661541355 0.042265552723949856 0.011195065663159726 0.040507285973645571 0.015642921630687159 0.041916190311817238 0.039469050020351802 0 0.030767781770908362 0 -0.034402058306208273 -0.0013124632927160379 -0.0028378770572012042 -0.032476225180766032 -0.00026192821219270913 -0.032993440841270025 0.0064563331907825103 0.0014162908588325163
leaf_weight=1.3558643609285344 2.7663447707891455 2.6686940398067263 11.236278526484968 36.168107725679874 8.5296471510082466 7.9434976838529137 9.4810092868283373 2.4534239759668734 3.8729472961276761 1.2540214769542206 12.944437891244885 7.0175168551504603 1.1214980781078345 10.302775879390538 1.7005951842293101 979.76347361365333 1.715712523087858 12.319645540788768 2.8148001469671735 1.5282057491131156 4.2483210600912571 3.4365085419267398 4.9548346679657698 1.2467674370855082 2.1782392244786024 0.8781559094786705 2.0144029976800075 3.0370939769782126 0.82085378561168987 13.528853797353804 1.3463292634114621 605.13303688727319 10.643534351140259 21.397420926019549 0.30940297525375982 64.44031623005867 37.059697400778532 0.87691021896898647 29.407419234514236 0.72681825002655465 19.488510926719758 1.0080702733248479 0.76073679886758228 8.6670249714516086 1.0650077527388928 31.704648546408862 0.59862293023616064 0.77783823758363713
leaf_count=6 14 71 66 216 75 61 74 47 24 157 1680 36 6 82 118 150216 51 79 93 100 60 200 48 56 44 6 77 24 12 83 30 4143 55 120 19 424 229 22 171 46 1199 12 19 486 65 4585 57 30
internal_value=-0.000765452 -0.0301711 0.0379544 0.0274046 -0.0335854 0.0125134 0.000695159 -0.00952967 -0.0150054 -0.0343743 -0.00467408 0.0164019 -0.0231114 0.00534273 -0.00982405 -0.0345134 -0.0218911 0.0270291 0.0154565 -0.0219993 -0.000634222 0.00877462 -0.000694105 -0.0350528 -0.00649977 -0.0273724 0.0266936 0.00488861 -0.0228527 0.0160843 0.00187325 0.0418038 0.0275909 0.0345841 -0.0311324 0.0374278 0.0329194 -0.0312604 0.0281451 -0.0310344 -0.0324344 -0.0267571 -0.0335703 -0.0283344 -0.0125153 -0.0321051 -0.00943929 0
internal_weight=1990.71 1131.62 859.094 232.081 1054.66 94.413 52.7524 38.2199 35.4535 1026.34 28.3154 76.9647 14.7928 40.5397 16.7081 1024.98 43.9738 41.6606 13.5227 31.5806 6.70175 10.1071 8.39134 981.01 4.99304 24.8788 14.5325 5.0515 14.0394 23.8316 2.87454 627.013 21.8798 29.3409 33.8667 137.668 73.2278 22.0043 36.4249 13.6713 21.1274 13.2185 20.2492 12.2105 3.54344 33.5573 1.85264 1.84285
internal_count=165594 158505 7089 2825 157339 1956 1696 1521 1507 155395 1944 1166 1732 959 794 155389 5117 260 212 1483 107 299 248 150272 137 1376 175 101 723 165 130 4264 121 181 4818 869 445 1246 207 1726 1224 711 1218 699 213 4799 214 95
is_linear=0
shrinkage=0.035


Tree=48
num_leaves=59
num_cat=0
split_feature=29 54 17 34 15 29 36 28 8 17 12 22 10 9 14 11 12 27 55 9 27 10 6 6 36 0 36 54 10 2 6 28 37 14 8 34 12 16 6 15 16 15 0 16 7 17 6 50 2 14 2 15 14 7 7 10 14 2
split_gain=1776.62 141.912 30.5987 25.2394 23.7256 15.1598 14.9196 8.44427 10.5161 7.70683 4.95849 4.85983 10.4356 6.86768 4.5215 4.40668 4.39159 4.2944 3.83448 5.83041 3.75793 3.64767 3.37858 6.32896 5.7257 3.79978 3.34559 3.12507 3.11991 2.91391 3.09606 2.64828 2.43701 2.40977 2.36584 2.3383 2.18205 2.01599 2.82158 1.84496 1.74627 2.84857 1.73531 1.50249 1.47211 1.45373 1.32302 1.16557 0.607209 0.526097 0.507441 0.486706 0.336366 0.332398 0.487629 0.200795 0.191892 0.166547
threshold=0.60326328873634349 0.75134408473968517 0.64583334326744091 0.45000000298023229 0.83424907922744762 0.82078272104263317 1.0000000180025095e-35 0.64174234867095958 0.17267081141471866 0.38750000298023229 0.62323853373527538 1.0000000180025095e-35 0.44949495792388922 0.69504830241203319 0.93908473849296581 0.98936170339584362 0.81169214844703685 0.5914268195629121 0.57157275080680858 0.91476997733116161 0.5914268195629121 0.73214286565780651 0.70087718963623058 0.2152509689331055 1.0000000180025095e-35 0.47840271890163427 1.0000000180025095e-35 -0.065719850361347185 0.86607143282890331 0.62731361389160167 0.70087718963623058 0.82972848415374767 1.5000000000000002 0.86706829071044933 0.86526826024055492 0.45000000298023229 0.24319982528686526 0.91331186890602123 0.83424907922744762 0.77459675073623668 0.41060766577720648 0.270728349685669 0.76780930161476146 0.8589511811733247 0.83752354979515087 0.11805555596947671 0.67962265014648449 1.0000000180025095e-35 0.12405638396739961 0.96824595332145702 0.69999995827674877 0.87570226192474376 0.85880398750305187 0.34330357611179357 0.3310502320528031 0.64583334326744091 0.68108487129211437 0.70000678300857555
decision_type=2 2 2 2 2 2 2 2 2 2 2 2 2 2 2 2 2 2 2 2 2 2 2 2 2 2 2 2 2 2 2 2 2 2 2 2 2 2 2 2 2 2 2 2 2 2 2 2 2 2 2 2 2 2 2 2 2 2
left_child=1 2 11 4 5 7 29 8 -2 15 27 12 42 -14 18 -3 43 35 -11 28 32 33 23 31 -25 45 -10 36 37 30 -4 -7 49 47 -22 -8 48 38 -20 56 41 -5 53 -15 55 -26 -6 -21 -9 57 -16 -48 -45 54 -1 -28 -17 -13
right_child=3 9 6 40 46 22 17 10 26 14 -12 20 13 16 50 39 -18 -19 19 21 34 -23 -24 24 25 -27 44 -29 -30 -31 -32 -33 -34 -35 -36 -37 -38 -39 -40 -41 -42 -43 -44 52 -46 -47 51 -49 -50 -51 -52 -53 -54 -55 -56 -57 -58 -59
leaf_value=-0.016886675163013898 0.040536815135975901 -0.029603927897210478 0.020238628561964497 0.040581214805633883 0.01608386741977785 0.016759162535248839 -0.032933075480295754 0.0060694595923028232 0.0064944576646139241 0.04439999014464615 0.032972584256092993 -0.035067240430267689 0.060080012636688933 0.0035679974052666634 0.040621921492837873 0.0029572253516242735 0.033974952225885133 0.029061335687579348 -0.023772511084196531 0.0055244332149421748 -0.019467022372588735 0.035059949485380625 0.035455547534422531 0.029931819713612907 -0.0044941756523299735 0.010606748385202747 -0.034412288240126022 -0.027535058223275011 0.02148433394950261 0.036633076341329195 -0.018036724373760152 0.048281504384915415 0.0092934014170774296 -0.0037165418877157515 0.031069649625745203 0.01972078352790424 0.026182668107011364 -0.0364466889807969 0.024978676760172864 0.040746744136100042 0.042109507424455045 0.013017574560469569 0.01545697978921782 -0.032013303759574459 0.0042314329683245631 -0.034223239830409952 0.028166383787456502 0.026082280451057975 -0.016968621556068993 0 0.022209754145228439 0.041327304961740391 -0.0029041226460569335 -0.032931257516774774 0.0091335932926076141 -0.0046642600296654003 -0.013291827766476336 -0.00405415014019772
leaf_weight=1.1084697176702309 2.5906893759965923 5.8710196139290911 6.34426790289581 10.732462435960771 5.3947447645477942 8.2384949326515216 13.260432892013339 1.520281386561692 3.0171275641769233 3.5639310078695408 9.0453743506222946 949.0072938259691 1.482032443396746 2.2395926844328624 10.811254465952516 0.71485212631523631 1.6457653939723966 0.83154572919011194 2.2340642819181054 7.3318752511404472 1.3812278970144682 8.7365522645413858 27.675893309526145 7.684978503733876 4.6442297659814376 8.9044171506538969 14.537883580662305 2.8325162134133297 1.6500173509120948 7.8746917722746721 2.9971338165923953 8.3114751875400525 1.0209437501616765 10.249474626034496 1.1523434915579853 0.38816991029307324 3.8859956357628107 4.1731435237452388 1.6299501154571769 1.0741845499724147 584.37037434056401 10.642273768782614 0.31411206629127164 3.6686768215149641 0.98600287735462266 3.7718650009483099 15.55247830878943 7.9854494165629148 2.1625190740451217 0.37771233171224494 9.8208342902362347 92.860397500917315 1.0923170149326322 30.912434353958815 0.50313146086409677 0.91312242206186134 0.72126651927828789 0.74613965582102437
leaf_count=144 13 443 65 64 38 51 1728 16 61 49 60 150137 37 74 61 38 12 5 136 76 115 42 172 47 51 58 1091 67 7 97 71 44 77 60 10 3 67 57 33 13 4093 59 19 132 15 41 103 42 69 24 66 611 44 4597 58 14 43 74
internal_value=-0.000754016 -0.0298151 -0.0332382 0.0379051 0.027587 0.0157814 0.00049281 -0.000889934 -0.0154729 0.01595 0.0154184 -0.0343138 -0.0216175 0.0085397 0.019858 -0.0141985 -0.00524421 -0.0246792 0.0133208 0.00979416 -0.0348589 0.0165266 0.025693 0.0184286 0.00664614 -0.00456435 -0.0247199 -0.00109347 -0.0130342 0.0220492 0.00706313 0.0346383 -0.0349733 0.00898041 0.00481585 -0.0299526 0.0104521 -0.0221013 -0.00158082 0.0190037 0.0416721 0.0282091 -0.0309999 -0.0179958 -0.0306941 -0.0204092 0.0388047 0.0173981 -0.00744572 -0.0350342 0.0334514 0.039746 -0.0276057 -0.0320007 -0.00703632 -0.0332574 -0.0058731 -0.0350508
internal_weight=1935.19 1104.92 1028.35 830.276 224.53 110.723 31.6962 41.4915 22.0448 76.5679 19.4467 996.652 42.9665 10.1284 68.1865 8.38132 8.64635 14.4801 47.5545 43.9905 953.686 34.3034 69.2314 41.5555 25.0055 17.3205 19.4541 10.4013 9.68718 17.2161 9.3414 16.55 951.152 25.5668 2.53357 13.6486 7.5688 8.03716 3.86401 2.5103 605.745 21.3747 32.8381 7.00059 16.437 8.41609 113.808 15.3173 3.6828 950.131 20.6321 108.413 4.76099 32.524 1.6116 15.451 1.43612 949.753
internal_count=165594 158689 157523 6905 2689 1937 1969 1473 1194 1166 279 155554 5117 299 629 537 262 1736 502 453 150437 220 464 292 197 150 1181 219 233 233 136 95 150312 178 125 1731 152 226 169 94 4216 123 4818 250 1120 92 752 118 85 150235 127 714 176 4799 202 1105 81 150211
is_linear=0
shrinkage=0.035


Tree=49
num_leaves=51
num_cat=0
split_feature=29 54 2 36 28 50 17 37 17 22 9 6 1 27 30 15 36 15 8 15 14 9 12 16 9 8 15 28 14 15 22 27 30 8 7 7 6 36 37 41 6 9 17 54 8 6 28 12 54 32
split_gain=1703.22 139.82 25.3184 28.4534 19.209 18.6555 16.0088 14.4015 9.16708 7.27695 7.19091 7.72944 6.12245 5.46955 5.19432 4.12511 3.4896 3.30975 3.30639 3.5228 3.27418 2.99968 4.57726 2.90012 4.44412 2.66512 2.28495 2.2651 2.13615 9.77738 1.8397 1.8497 1.78121 1.78378 1.33257 3.65991 1.06593 0.825575 1.53819 0.663677 0.54875 0.406146 0.408114 1.49229 0.399841 0.326456 0.208548 0.200882 0.103919 0.010783
threshold=0.58656641840934765 0.63161578774452221 0.56336912512779247 1.0000000180025095e-35 0.82972848415374767 1.0000000180025095e-35 0.73214286565780651 1.0000000180025095e-35 0.44949495792388922 1.0000000180025095e-35 0.12132352963089944 0.75905716419219982 0.25371789932250982 0.53532215952873241 0.23303167521953586 0.89022758603096019 1.0000000180025095e-35 0.93957647681236278 0.64241620898246776 0.82426470518112194 0.83096903562545787 0.94494947791099559 0.65557402372360241 0.8589511811733247 0.94494947791099559 0.82097071409225475 0.60107529163360607 0.48397369682788854 0.44092722237110143 0.270728349685669 1.0000000180025095e-35 0.65240275859832775 0.5419580638408662 0.90521115064620983 0.270728349685669 0.57804551720619213 0.64051282405853283 1.0000000180025095e-35 1.0000000180025095e-35 1.5000000000000002 0.68356868624687206 0.1702898591756821 0.4083333313465119 -0.090370997786521898 0.8521554470062257 0.63686314225196849 0.54589802026748668 0.65898677706718456 0.16764323413372043 0.37544326484203344
decision_type=2 2 2 2 2 2 2 2 2 2 2 2 2 2 2 2 2 2 2 2 2 2 2 2 2 2 2 2 2 2 2 2 2 2 2 2 2 2 2 2 2 2 2 2 2 2 2 2 2 2
left_child=1 6 3 28 7 8 12 10 20 15 -5 32 30 16 49 23 -8 21 26 -20 36 22 -7 25 40 -10 -9 -11 29 -2 -1 -32 33 41 -6 -36 45 -4 -39 -30 -25 -12 -43 -44 -22 -3 -18 -42 -45 -13
right_child=2 5 37 4 34 17 13 18 9 27 11 14 -14 -15 -16 -17 46 -19 19 -21 44 -23 -24 24 -26 -27 -28 -29 39 -31 31 -33 -34 -35 35 -37 -38 38 -40 -41 47 42 43 48 -46 -47 -48 -49 -50 -51
leaf_value=-0.022824099527164899 0.044577389713212005 -0.0084496162215564885 0.041865070366940926 0.039010354141756291 0.040391586705540633 0.027040371717469251 0.014585702661973971 0.0083789113978361331 -0.0021964273862998822 -0.031243508252901224 -0.0051381852177425445 -0.0014440154863968263 0.023872479654550166 0.042773018084519339 0.032558109806983378 0.035667674066845984 -0.028196923581049901 0.033292756395941765 -0.021930776018934336 0.025446385236280553 0.022712756546723969 0.020598092005109869 -0.020026520892954442 -0.0018008486433233996 0.010955860458907306 0.044584202027848442 0.043523247057917512 0.020184014591214439 0.040966319375292159 -0.0041720989845181137 -0.035104344491908156 0.015252630159538018 0.011780951608618634 0.0074820938622159779 0.0020969789483055745 0.037102408551376143 -0.032972402385670549 0.03086181006451974 0.040795646070003196 0.02197430535451245 -0.0055103906212288743 -0.035567528256207286 0.010515284630942302 -0.029602803808898431 -0.00093784417278853301 0.015267768011183132 0 -0.030489977698396304 -0.0054548264596389028 -0.024044797581654162
leaf_weight=24.395842950791121 10.639169905334713 0.4455423578620018 480.79467763844877 1.8392569348216046 15.129228487610819 3.01054824516177 3.7919704727828494 4.2563566160388309 2.1665879460051718 6.8134447694756082 1.4389578551054096 0.51146773761138264 1.4649612316861738 2.6995944157242766 4.4255941584706306 5.7282241377979508 4.0853848149999967 20.486881464719772 3.0698589691892257 2.6415787190198898 0.72153736650943656 24.200296862050891 5.8238964891061187 1.8670826135203249 11.632000289857388 2.5938242934644222 7.434607706964016 0.43218060582876194 86.339033663738519 8.3969351490959507 918.81560714356601 0.28307326883077522 0.72284534759819408 1.0298305125907052 7.1181029826402646 7.3803134858608246 15.642780706286429 62.287725652568042 78.352073535323143 7.0466562220826736 1.3850887482985852 18.456625053659085 1.1684831846505401 2.7645639339461918 1.1044859439134596 0.32101723039522767 0.35024753957986821 4.2222538320347667 1.2216600123792885 2.0249511022120714
leaf_count=3485 65 62 3469 9 92 53 56 50 74 675 10 22 12 15 38 36 509 110 70 15 21 115 60 44 53 32 49 3 608 65 150541 6 7 20 41 43 2081 417 541 60 46 1290 18 83 77 42 4 117 58 125
internal_value=-0.000740876 -0.0298997 0.0372602 0.0259547 0.0101293 0.00764574 -0.0341724 -0.00251424 -0.0065673 0.00348573 -0.0152261 -0.0193183 -0.0346603 0.00709715 0.0118978 0.0113455 -0.00759609 0.022188 0.0227174 0 -0.0261846 0.0144225 -0.00251282 0.00416759 -0.00212061 0.0260003 0.0326724 -0.0256757 0.0373642 0.023764 -0.0347801 -0.0350685 -0.0276888 -0.0293066 0.0322075 0.0213863 -0.0310637 0.0407557 0.0366697 0.0398183 -0.0217752 -0.0311825 -0.0323543 -0.0163709 0.0118991 0.00252168 -0.0263977 -0.0266172 -0.0254823 -0.0221741
internal_weight=1880.97 1064.48 816.491 195.056 82.6343 108.598 955.887 53.0066 55.0761 36.8407 35.6042 33.765 944.959 10.9272 6.96201 29.5951 8.2276 53.5216 17.4024 5.71144 18.2354 33.0347 8.83444 23.8668 19.1064 4.76041 11.691 7.24563 112.422 19.0361 943.495 919.099 26.803 26.0801 29.6276 14.4984 16.4093 621.434 140.64 93.3857 7.47443 25.0503 23.6113 5.15471 1.82602 0.76656 4.43563 5.60734 3.98622 2.53642
internal_count=165594 158329 7265 2838 2040 3701 154628 1864 3363 1080 1680 1671 154044 584 185 402 569 338 184 85 2283 228 113 366 260 106 99 678 798 130 154032 150547 1486 1479 176 84 2185 4427 958 668 207 1459 1449 159 98 104 513 163 141 147
is_linear=0
shrinkage=0.035


Tree=50
num_leaves=51
num_cat=0
split_feature=29 54 34 2 17 17 10 15 22 10 15 16 15 15 1 1 40 9 12 11 15 2 40 28 11 1 29 16 15 22 22 27 27 6 15 29 41 15 15 28 6 51 6 15 55 0 6 15 30 15
split_gain=1633.06 136.772 27.484 24.9267 17.7499 15.7391 12.6119 26.4771 11.5914 8.43562 8.47814 7.54817 7.26468 6.15478 5.99626 5.2672 5.24136 4.86824 9.96202 4.30116 3.95043 5.01434 2.99086 2.81096 2.78819 2.45299 2.27437 2.06325 2.73068 1.90647 1.86475 1.83898 1.54954 1.24816 1.20099 1.80218 1.3642 1.18901 1.13605 1.07034 0.907206 0.888408 0.86424 0.451416 0.392053 0.383871 0.357587 0.344131 0.332105 0.013785
threshold=0.58656641840934765 0.63161578774452221 0.36666667461395269 0.58757218718528759 0.44949495792388922 0.73214286565780651 0.080128207802772536 0.83424907922744762 1.0000000180025095e-35 0.44949495792388922 0.6569296419620515 0.44590643048286444 0.94570022821426403 0.81120249629020702 0.25371789932250982 0.059397457167506225 1.5000000000000002 0.94494947791099559 0.53307148814201366 0.89379698038101207 0.25198413431644445 0.24694594740867618 1.5000000000000002 0.80608585476875316 0.943650782108307 0.29179082810878759 0.55428233742713939 0.41060766577720648 0.270728349685669 1.0000000180025095e-35 1.0000000180025095e-35 0.65240275859832775 0.73375529050827037 0.92940199375152599 0.92031747102737438 0.7353600561618806 1.0000000180025095e-35 0.84409722685813915 0.88396573066711437 0.51690155267715465 0.64051282405853283 1.0000000180025095e-35 0.68356868624687206 0.77459675073623668 0.54684355854988109 0.87729144096374523 0.77459675073623668 0.78086888790130626 0.42481203377246862 0.87112742662429821
decision_type=2 2 2 2 2 2 2 2 2 2 2 2 2 2 2 2 2 2 2 2 2 2 2 2 2 2 2 2 2 2 2 2 2 2 2 2 2 2 2 2 2 2 2 2 2 2 2 2 2 2
left_child=1 5 3 6 13 14 11 9 12 23 -11 16 17 40 29 30 20 18 -6 42 -2 25 -12 32 -21 -22 -10 28 -4 -1 -7 -31 48 -15 35 -5 46 -26 -9 -32 44 43 -20 -42 -3 -19 -37 -45 -8 -47
right_child=2 4 27 34 8 15 7 38 26 10 22 -13 -14 33 -16 -17 -18 45 19 24 21 -23 -24 -25 37 -27 -28 -29 -30 31 39 -33 -34 -35 -36 36 -38 -39 -40 -41 41 -43 -44 47 -46 49 -48 -49 -50 -51
leaf_value=-0.022543909229093242 0.041933492233570693 -0.0092117841596631184 0.039182509100501001 0.011236415703342247 0.053078393717314751 0.011353939742135449 -0.035126596228251122 0.018258752612040453 -0.031096754677297049 0.04829442292509032 0.0042772110457217965 0.039123182758613068 0.035716191738136754 0.02511767137148168 0.023476662191858615 0.034444229615003041 -0.021214743550630639 0.011782470552637763 -0.002524813554755092 0.023638289080885621 0.015588145428801234 0.040818134380773363 -0.038722507952434843 0 0.0050382168550284013 -0.027988418941356369 0.020715994454044741 0.041421405361007628 0.012001661731642462 -0.035092551391252939 -0.027950450190081109 0.015099416118537925 -0.0031946182606160142 -0.0070965186033670469 0.040994199208322646 0.015528014722225404 0.039552409864467127 -0.024917082890206017 0.043880735479555573 0.010138434771394991 -0.032988150738013165 0.0024981062666214384 -0.032296937830415935 0.0079472493904491071 0.016887057951834553 0.027412119186698055 0.029029588375824655 -0.014241980683967008 -0.0023026774208965693 0.017149460332832905
leaf_weight=23.856601777952164 4.5250868527218717 0.4876367230899693 10.293441124260427 6.8532914789393535 2.43437057361007 2.1213608533143997 18.545774013269703 6.0687926332466331 6.635938284918665 3.4655437422916275 4.5195863535627723 23.440770635847002 21.778233960270882 3.0189283452928057 1.4545672545209516 4.0720493388362229 4.5234896512702099 11.911586713045834 1.9139860980212704 4.1912421844899637 1.4474624600261448 1.8218274004757402 2.1688435534015298 4.5086516290903083 2.2220230586826801 3.9503282806836069 0.41330567002296437 555.631043497473 10.504325691610573 887.50658703502268 4.1987998192198557 0.28603222221135993 2.7157346364110699 1.5405279193073509 59.34670427441597 8.9607221186161059 30.699650092050433 2.4852194394916296 10.530960055999456 0.41347656957805146 15.494209449738269 0.65825511515140434 7.2681711819022894 0.52900753682479151 0.28008542442694306 9.7102307081222552 21.36872786283493 0.82746492931619287 0.76826681196689506 13.748147383332251
leaf_count=3485 32 66 65 44 28 9 1291 54 676 37 77 214 116 67 12 28 84 55 41 76 72 23 62 23 58 81 2 4110 60 150541 542 6 30 55 421 55 206 23 69 5 2035 5 153 35 38 41 138 71 17 60
internal_value=-0.000729698 -0.0297916 0.0368834 0.0260945 0.00747596 -0.034137 0.0120793 0.000791569 0.0148697 -0.0157082 0.0104504 0.0267506 0.0188487 -0.0192781 -0.0346348 0.00700207 0.00748706 0.0117016 -0.00169645 -0.01165 0.0196134 0.00179829 -0.0124339 -0.0258599 0.00526382 -0.0151459 -0.0254278 0.0409471 0.0267952 -0.034757 -0.0114485 -0.0350555 -0.0308088 0.0142851 0.0361379 0.0313079 0.033288 -0.0117584 0.036282 -0.0227142 -0.0281394 -0.0297341 -0.0272922 -0.0312587 0.00249648 0.0194018 0.0257753 -0.0044029 -0.0341709 0.0224877
internal_weight=1828.12 1031.46 796.659 220.23 107.549 923.909 93.0011 53.2922 84.7125 36.6924 10.154 39.709 77.6632 22.8361 913.104 10.8057 16.2682 55.885 20.515 18.0806 11.7447 7.21962 6.68843 26.5384 8.89848 5.39779 7.04924 576.429 20.7978 911.649 6.73364 887.793 22.0298 4.55946 127.229 67.8824 61.0291 4.70724 16.5998 4.61228 18.2767 17.5089 9.18216 16.8507 0.767722 35.37 30.3294 1.35647 19.314 23.4584
internal_count=165594 158329 7265 3030 3701 154628 2166 1660 1329 1537 176 506 651 2372 154044 584 292 535 379 351 208 176 139 1361 157 153 678 4235 125 154032 556 150547 1338 122 864 443 399 81 123 547 2250 2146 194 2141 104 156 193 106 1308 101
is_linear=0
shrinkage=0.035


Tree=51
num_leaves=50
num_cat=0
split_feature=29 54 34 2 17 17 10 15 14 23 10 15 15 14 1 2 2 16 27 9 11 12 36 40 14 28 14 15 11 14 29 22 27 27 8 15 41 51 8 32 32 6 29 30 8 12 12 54 29
split_gain=1565.99 133.785 27.2989 24.1299 16.795 15.4711 11.8465 25.1769 12.9298 10.9571 8.0861 8.04284 7.01287 6.46224 5.87356 5.6332 5.0943 5.34181 5.06435 4.12701 9.42846 7.96828 3.27548 2.88929 2.85977 2.74952 2.68895 3.40459 2.2614 3.25677 2.23555 1.97368 1.82831 1.53237 1.26742 1.24962 1.79192 1.06769 1.10264 0.933186 0.905246 0.833236 0.430905 0.328334 0.289935 0.261738 0.833402 0.221515 0.188789
threshold=0.58656641840934765 0.63161578774452221 0.36666667461395269 0.58757218718528759 0.44949495792388922 0.73214286565780651 0.080128207802772536 0.83424907922744762 0.58280590176582348 1.0000000180025095e-35 0.44949495792388922 0.6569296419620515 0.93957647681236278 0.81120249629020702 0.25371789932250982 0.11427757143974306 0.28638668358325964 0.23132664710283282 0.53532215952873241 0.94494947791099559 0.88516482710838329 0.62857428193092357 1.0000000180025095e-35 1.5000000000000002 0.85880398750305187 0.80608585476875316 0.44092722237110143 0.270728349685669 0.98936170339584362 0.88185444474220287 0.55428233742713939 1.0000000180025095e-35 0.65240275859832775 0.73375529050827037 0.8452991545200349 0.92031747102737438 1.0000000180025095e-35 1.0000000180025095e-35 0.64051282405853283 0.9689110815525056 0.62012657523155224 0.68133461475372326 0.82078272104263317 0.42481203377246862 0.61651584506034862 0.85405564308166515 0.94627809524536144 0.23177224397659305 0.93039408326148998
decision_type=2 2 2 2 2 2 2 2 2 2 2 2 2 2 2 2 2 2 2 2 2 2 2 2 2 2 2 2 2 2 2 2 2 2 2 2 2 2 2 2 2 2 2 2 2 2 2 2 2
left_child=1 5 3 6 13 14 8 10 15 30 25 -12 19 37 31 -2 17 -17 22 20 41 -22 -7 -13 -23 33 27 -4 29 -15 -6 -1 -33 43 -9 36 39 38 44 48 -19 -11 -38 -8 -3 -21 -47 -24 -5
right_child=2 4 26 35 9 18 7 34 -10 12 11 23 -14 28 -16 16 -18 40 -20 45 21 24 47 -25 -26 -27 -28 -29 -30 -31 -32 32 -34 -35 -36 -37 42 -39 -40 -41 -42 -43 -44 -45 -46 46 -48 -49 -50
leaf_value=-0.02226165420532077 0.039299086448863041 -0.0076168206795475439 0.038838313844184305 0.029494491453308343 -0.030937228250423273 0.013942981943670111 -0.034937934470210916 0.01565558153592846 0.04389376439357151 -0.0025190355244677923 0.047001564671150249 0.0041516044487111504 0.034698838942397905 -0.0265070507943788 0.023088097565124817 0.01777231561298161 0.034725158012369146 -0.00038618223189901675 0.041419449175701582 0.024126353464017574 0.052617090166064175 0.017462880480654613 0 -0.03825659538380817 -0.021506725485887952 0 0.041165695317564414 0.0091659241873245211 0.037074471545682962 0.02572702579272711 0.020509015917565668 -0.035080871072624815 0.014947030130425247 -0.0031157444277339179 0.04260378767958873 0.040660169038483393 0.022975213813560321 0.005938736791081845 -0.03299291944511943 0.009702224885441901 -0.032729140471580535 -0.031857082322689391 0.040763133740148241 -0.0022688222479816667 0.014786642250351784 0.0064095496714387541 0.020871600632662232 -0.028035466144181124 0.015679510591578169
leaf_weight=23.335458372719586 3.2591998791322139 0.40132445143536699 10.226828671991827 19.028965189121667 6.4452274497598401 3.7761409357190123 18.00821288349108 5.2167918640188899 21.3668960519135 1.9220178741961733 3.4637729572132212 4.5235387356951833 22.16825920343399 2.3046928355470295 1.4442928470671166 3.503487702459096 2.0868483539670697 1.4863533400930444 2.6526993177831164 11.565213210880755 4.1102155437692982 3.2562234019860625 0.34434061171486874 2.1312693282961845 3.9983421685174108 4.5086516290903083 540.34983267635107 10.256335090845822 1.6345017328858373 1.6082788808271287 0.41296313703060139 857.26180348312482 0.28897821437567373 2.7123995544388881 11.154866010881959 57.776022627949715 8.0989086991175991 0.53615944087505241 15.55989788752049 7.3931994289159766 7.7006167792715132 6.970810323022306 25.112993087619543 0.7673777649179091 0.33370492840185761 11.423480883240702 11.796987175941466 3.9012502012774348 7.026600405573844
leaf_count=3485 23 51 66 119 676 56 1291 49 144 44 37 77 120 84 12 28 45 47 15 53 54 67 22 62 62 23 4117 52 60 24 2 150541 6 30 74 421 56 4 2107 47 219 151 175 17 42 49 51 491 46
internal_value=-0.000718021 -0.0296835 0.0365183 0.0256863 0.00731836 -0.0341014 0.0118415 0.00079098 0.0260907 0.0145041 -0.0154347 0.0101581 0.0183504 -0.0189922 -0.0346089 0.0036187 -0.006021 -0.0150241 0.00692374 0.0112021 -0.00120309 0.0190632 -0.00742231 -0.0121963 -0.00359462 -0.0255331 0.0406371 0.0252619 0.0117875 -0.00345909 -0.0251783 -0.0347336 -0.0350425 -0.0305356 0.0356138 0.0357062 0.0308233 -0.0294255 -0.0310676 0.0233689 -0.0283916 -0.0267656 0.0373261 -0.0339619 0.00319728 0.0183558 0.0144598 -0.0261278 0.0266155
internal_weight=1776.61 999.453 777.16 216.327 106.448 893.005 91.8903 52.4869 39.4034 84.0697 36.1152 10.1186 77.2115 22.3786 882.331 18.0365 14.7773 12.6905 10.6744 55.0433 20.2576 11.3648 8.02173 6.65481 7.25457 25.9966 560.833 20.4832 5.54747 3.91297 6.85819 880.886 857.551 21.488 16.3717 124.437 66.6607 16.8311 16.2949 33.4488 9.18697 8.89283 33.2119 18.7756 0.735029 34.7857 23.2205 4.24559 26.0556
internal_count=165594 158329 7265 3030 3701 154628 2166 1660 506 1329 1537 176 651 2372 154044 362 339 294 584 531 378 183 569 139 129 1361 4235 118 168 108 678 154032 150547 1338 123 864 443 2204 2200 212 266 195 231 1308 93 153 100 513 165
is_linear=0
shrinkage=0.035


Tree=52
num_leaves=49
num_cat=0
split_feature=29 22 17 34 15 1 10 29 14 10 10 14 15 14 16 9 16 15 12 17 6 6 36 0 27 14 27 28 30 2 0 14 15 37 16 14 2 15 6 17 6 2 8 15 38 28 7 7
split_gain=1502.13 129.261 42.2855 25.0085 21.344 20.2434 16.9014 12.6869 11.8413 7.46201 14.9361 10.0493 6.23623 5.92564 4.20818 7.84731 10.6384 6.40601 5.39847 4.38363 3.25718 5.55659 4.99266 3.2727 3.24557 3.14246 2.78411 2.56162 2.54149 2.23442 2.23166 2.16164 3.05732 1.89039 1.78572 2.52928 1.73315 1.5627 1.50446 1.34396 1.13979 1.06598 0.850507 0.721018 0.561011 0.485983 0.431931 0.475993
threshold=0.60326328873634349 1.0000000180025095e-35 0.44949495792388922 0.45000000298023229 0.83424907922744762 0.082333475351333632 0.44949495792388922 0.82078272104263317 0.81120249629020702 0.44949495792388922 0.080128207802772536 0.58759590983390819 0.94570022821426403 0.73499399423599254 0.8589511811733247 0.91476997733116161 0.92031747102737438 0.87570226192474376 0.78395128250122081 0.73214286565780651 0.70087718963623058 0.2152509689331055 1.0000000180025095e-35 0.47840271890163427 0.5914268195629121 0.74873736500740062 0.73375529050827037 0.82972848415374767 0.16172623634338382 0.11427757143974306 0.90921679139137279 0.44092722237110143 0.270728349685669 1.5000000000000002 0.84889996051788341 0.70859703421592724 0.54586797952651989 0.79388421773910534 0.67962265014648449 0.11805555596947671 0.94804319739341747 0.62731361389160167 0.90521115064620983 0.87570226192474376 0.84523808956146251 0.74175426363945018 0.34330357611179357 0.3310502320528031
decision_type=2 2 2 2 2 2 2 2 2 2 2 2 2 2 2 2 2 2 2 2 2 2 2 2 2 2 2 2 2 2 2 2 2 2 2 2 2 2 2 2 2 2 2 2 2 2 2 2
left_child=1 2 8 4 7 24 33 9 40 10 11 29 14 -11 34 16 17 18 -16 25 21 27 -23 39 44 -17 45 -9 -8 -2 -27 32 -5 41 35 -4 -15 -37 -6 -24 46 -7 -10 -40 -3 -12 47 -1
right_child=3 5 12 31 38 6 28 20 42 13 26 -13 -14 36 15 19 -18 -19 -20 -21 -22 22 23 -25 -26 30 -28 -29 -30 -31 -32 -33 -34 -35 -36 37 -38 -39 43 -41 -42 -43 -44 -45 -46 -47 -48 -49
leaf_value=-0.015975758277458309 0.018221158102292724 -0.035115869531558354 0.041766976268984984 0.038975398788889566 0.013656773934091258 -0.032938465697305311 0.00085728011858299876 0.014696619951624129 0.0028332950002439494 0.043727277162928346 -0.036832862293540596 0.042028284161118208 0.034858155304268633 -0.025835791802493912 -0.027839768396976293 0.027462393079558799 -0.040176646628150257 0.056110691599225951 0.038441416226218439 0.035306439777173938 0.033707952041429477 0.027640420475888713 -0.0044291940700725736 0.0092639425921242913 0.016019543987488088 -0.010557815832552248 0.0042662126099912261 0.04596810465338079 0.046033001691931204 -0.02899288321518953 0.01133232019579739 0.040939306284114782 0.010104825976204081 0.015455222688492877 0.060288506436170251 -0.021035010414354804 0.010882155818186499 0.016612944398431296 0.025861956689704941 -0.033459521333780058 0.0058578070381751501 0.0066045962994620957 0.033554593633795718 0.039873460285133666 -0.002174502159077548 -7.365625848880969e-05 -0.033143204494439464 0.009999618152921462
leaf_weight=1.0101956725120533 0.78622085787356066 831.51802831469104 2.0211572265252462 9.9118623733520526 5.1409569839015594 9.7222274304367584 2.1816203119233233 7.9233015105128271 2.268738306593149 5.8210607781074923 14.432944593951106 7.3802182767540216 21.314789563417435 1.9410813241265712 3.59812328731641 7.0131479837000397 7.2551389853470027 2.1159081216901541 1.2359543368220327 10.404330074787138 25.697401700541377 7.3956411145627525 4.5603892980143446 8.6123128468170744 0.90168104832991858 9.3169596809893864 2.0741307334974399 7.7909836173057556 6.2723188493400812 3.9179674573242664 11.678436219692228 523.05241926759481 9.9496566504240018 0.50729982042685229 1.9762783711776135 1.5922588873654606 2.3776656249538064 1.7973402040079234 14.58038457110524 3.6274662762880325 0.53831944614648719 0.42279278580099422 2.6154438871890306 84.252521853893995 0.99704373767599364 0.65472129918634969 33.756911998149008 0.47460088692605484
leaf_count=143 9 150987 54 65 38 1122 73 51 71 61 1004 59 117 78 180 39 95 14 15 47 172 47 51 58 60 61 25 44 73 214 49 4102 49 9 22 62 17 21 103 41 4 5 16 611 84 6 5208 58
internal_value=-0.000705251 -0.0293716 0.00427089 0.036434 0.0258597 -0.0341888 0.00119431 0.0144638 -0.0244631 -0.00116976 -0.0102419 0.0185081 0.0188046 0.0232533 0.0125668 0.00861786 -0.01285 0.0167017 -0.006609 0.0167701 0.0237782 0.0166314 0.0054829 -0.00507933 -0.0350047 0.00878402 -0.0305832 0.0322327 0.036069 -0.0186773 0.00142082 0.0404426 0.0258581 -0.0269029 0.0358963 0.0184266 -0.00671754 -0.00103794 0.0370865 -0.0199133 -0.0314522 -0.0305317 0.0227858 0.0381212 -0.0350833 -0.035559 -0.0322646 -0.00558153
internal_weight=1726.39 974.507 121.984 751.881 208.967 852.523 19.1063 104.994 40.6642 39.386 29.2462 12.0844 81.3198 10.1398 60.005 52.618 14.2051 6.94999 4.83408 38.4129 65.6075 39.9101 24.1958 16.8002 833.417 28.0085 17.1618 15.7143 8.45394 4.70419 20.9954 542.914 19.8615 10.6523 7.38703 5.41076 4.31875 3.3896 103.974 8.18786 35.78 10.145 4.88418 98.8329 832.515 15.0877 35.2417 1.4848
internal_count=165594 158689 6276 6905 2689 152413 1282 1937 5500 1473 1317 282 776 156 659 500 304 209 195 196 464 292 197 150 151131 149 1035 95 146 223 110 4216 114 1136 159 137 95 83 752 92 5413 1127 87 714 151071 1010 5409 201
is_linear=0
shrinkage=0.035


Tree=53
num_leaves=51
num_cat=0
split_feature=29 22 17 34 15 1 10 29 14 10 10 14 15 14 16 9 16 15 12 17 27 6 6 55 39 14 27 28 30 14 15 2 0 37 2 16 14 15 15 32 6 2 30 8 6 38 28 15 15 15
split_gain=1440.6 126.854 40.194 24.928 20.6734 19.8926 16.0955 11.9492 11.4947 7.06862 14.3139 9.50869 5.98719 5.59752 3.90986 7.33926 10.272 6.00752 5.17112 4.1585 3.21102 3.17773 5.09728 4.85773 4.38502 2.9336 2.73345 2.5176 2.43365 2.2288 3.00642 2.17796 2.09606 1.8566 1.67378 1.63616 2.33547 1.51244 1.50299 1.36767 1.12925 1.05257 0.798351 0.794351 0.694557 0.562987 0.480232 0.307376 0.432293 0.00777779
threshold=0.60326328873634349 1.0000000180025095e-35 0.44949495792388922 0.45000000298023229 0.83424907922744762 0.082333475351333632 0.44949495792388922 0.82078272104263317 0.81120249629020702 0.44949495792388922 0.080128207802772536 0.58759590983390819 0.94570022821426403 0.73499399423599254 0.8589511811733247 0.91476997733116161 0.92031747102737438 0.87570226192474376 0.78395128250122081 0.73214286565780651 0.5914268195629121 0.70659971237182628 0.2152509689331055 -0.39834177494049067 1.5000000000000002 0.74873736500740062 0.73375529050827037 0.82972848415374767 0.16172623634338382 0.44092722237110143 0.270728349685669 0.11427757143974306 0.90921679139137279 1.5000000000000002 0.54586797952651989 0.84889996051788341 0.70859703421592724 0.92031747102737438 0.79388421773910534 0.96791350841522228 0.94804319739341747 0.62731361389160167 0.5419580638408662 0.90521115064620983 0.75134408473968517 0.84523808956146251 0.74175426363945018 0.34248121082782751 0.3260560035705567 0.81284341216087352
decision_type=2 2 2 2 2 2 2 2 2 2 2 2 2 2 2 2 2 2 2 2 2 2 2 2 2 2 2 2 2 2 2 2 2 2 2 2 2 2 2 2 2 2 2 2 2 2 2 2 2 2
left_child=1 2 8 4 7 20 33 9 40 10 11 31 14 -11 35 16 17 18 -16 25 45 22 27 -24 42 -17 46 -9 -8 30 -5 -2 -27 41 -15 36 -4 39 -38 44 47 -7 -25 -10 -6 -3 -12 48 -1 -23
right_child=3 5 12 29 37 6 28 21 43 13 26 -13 -14 34 15 19 -18 -19 -20 -21 -22 49 23 24 -26 32 -28 -29 -30 -31 -32 -33 -34 -35 -36 -37 38 -39 -40 -41 -42 -43 -44 -45 -46 -47 -48 -49 -50 -51
leaf_value=-0.016821247316034921 0.017846995642904335 -0.035105803774321986 0.0398703045176418 0.038595349980541108 0.0147907112980989 -0.032807027809626653 0.00083654826688192379 0.014258311428473225 0.0027601633317285968 0.042567777611655755 -0.03666804524175158 0.04105922886391427 0.034251792673964304 -0.025585310820368513 -0.02763343241898009 0.026508658868931667 -0.039755341093927282 0.054328119961592217 0.037108868634722902 0.034412926578911582 0.015658564406770343 0.036174588544133364 -0.021763990697402223 0.011010748400293938 -0.0079122469175518882 -0.010260375716658393 0.004163955342581801 0.045304383867570415 0.045126377998910283 0.040673753730120624 0.0098211971653289661 -0.028777235372843768 0.010978250971622137 0.015269095538738011 0.010650784279892278 0.057754614201983689 -0.020833115217408847 0.041011487971703252 0.016156586650219403 0.0097690502010325964 0.0057779033169563631 0.0065396355192668338 0.032575499414176132 0.03247246704246589 0.034351723592334321 -0.0021382773304930167 -7.2635849102961226e-05 -0.033053258031823678 0.0074901383471181011 0.019979891731877732
leaf_weight=1.1026574433781196 0.79541029036045241 803.14479819079861 2.089523557573556 9.6732020527124423 5.5132744554430237 9.4287260072305781 2.1822097846306843 7.911972835659979 2.2737445593811563 5.7979835662990791 14.002491232939065 7.3147684130817652 20.956970438361168 1.9019650267437098 3.5071917995810491 7.0465445946902063 7.0889450190588832 2.1411974932998419 1.2708037979900835 10.328184947371481 0.91303147608414192 18.657128467690203 5.0421863645315197 5.5784140340983885 6.7746475888416162 9.2811372336000222 2.0752274980768552 7.6456684619188309 6.1958479359745979 508.3078538402915 9.908322870731352 3.8184264986775815 11.665640935301779 0.5076944720931359 2.3662185156717896 2.0336054749786854 1.5616539074108007 60.755844622850418 1.8114165188744662 5.544036552309989 0.54045352339744468 0.42199532222002822 7.5505472421646118 2.6408740747720003 29.799378071911633 0.9954172857105722 0.65472945012152273 32.483033270575106 0.56042857468128193 5.7054323852062216
leaf_count=157 9 150987 54 65 43 1122 73 51 71 61 1004 59 117 78 180 39 95 14 15 47 60 127 46 53 59 61 25 44 73 4102 49 214 49 9 17 22 62 461 21 38 4 5 44 16 210 84 6 5194 58 40
internal_value=-0.000691499 -0.0292625 0.00424074 0.0360908 0.0254556 -0.0341619 0.00124488 0.0141893 -0.0242293 -0.00112435 -0.0100855 0.0181597 0.0183657 0.02268 0.0122716 0.00841918 -0.0125069 0.0164629 -0.00636591 0.0162811 -0.0349908 0.0232635 0.0163893 0.00595297 0.0138472 0.00851442 -0.0303076 0.0315417 0.0352829 0.0401625 0.0253902 -0.0183686 0.0013696 -0.02666 -0.00662369 0.0345967 0.0178312 0.0366571 -0.0010163 0.0292731 -0.0313284 -0.0303515 0.0250883 0.0221086 0.0318855 -0.035072 -0.0353659 -0.032163 -0.00757824 0.0334573
internal_weight=1677.27 944.174 120.384 733.095 205.206 823.79 18.7365 103.593 39.6012 38.7272 28.6611 11.9286 80.7828 10.0662 59.8258 52.3296 14.0081 6.91919 4.778 38.3215 805.053 64.866 40.5034 24.9458 19.9036 27.9933 16.7324 15.5576 8.37806 527.889 19.5815 4.61384 20.9468 10.3584 4.26818 7.4962 5.46259 101.613 3.37307 40.8567 34.6866 9.85072 13.129 4.91462 35.3127 804.14 14.6572 34.1461 1.66309 24.3626
internal_count=165594 158689 6276 6905 2689 152413 1282 1937 5500 1473 1317 282 776 156 659 500 304 209 195 196 151131 464 297 202 156 149 1035 95 146 4216 114 223 110 1136 95 159 137 752 83 291 5413 1127 97 87 253 151071 1010 5409 215 167
is_linear=0
shrinkage=0.035


Tree=54
num_leaves=56
num_cat=0
split_feature=29 22 10 36 2 28 38 31 10 15 2 6 8 8 27 14 0 1 14 15 0 55 15 14 37 15 28 15 6 31 11 2 39 29 35 10 11 7 8 7 0 15 11 7 54 41 8 53 14 1 15 14 10 54 54
split_gain=1381.9 126.136 35.5159 24.6132 25.5109 16.1519 15.3811 12.881 8.54188 7.82427 5.20359 5.96961 5.20033 4.68332 4.65093 4.32823 4.0112 3.69541 2.54499 4.87821 2.33136 4.07729 2.19224 2.03484 1.93243 4.80185 2.29534 1.89261 1.8182 1.74114 1.64998 1.49509 1.47572 3.52225 1.40686 1.86384 1.35495 2.35771 1.21322 1.1816 1.50565 1.38408 1.13824 1.07334 1.07387 0.723313 0.518859 0.4855 0.484205 0.424484 0.385229 0.313586 0.232445 1.45409 0.0965609
threshold=0.58656641840934765 1.0000000180025095e-35 0.30384616553783422 1.0000000180025095e-35 0.56336912512779247 0.82972848415374767 0.36666667461395269 0.18019481003284457 0.44949495792388922 0.89512962102890026 0.11427757143974306 0.75905716419219982 0.64241620898246776 0.81661397218704235 0.5914268195629121 0.81120249629020702 0.32731349766254431 0.16783953458070758 0.44092722237110143 0.29818989336490637 0.54578265547752391 0.75615024566650402 0.86706829071044933 0.61861473321914684 1.0000000180025095e-35 0.92031747102737438 0.74175426363945018 0.88396573066711437 0.94804319739341747 0.54772728681564342 0.77888888120651256 0.62731361389160167 1.5000000000000002 0.96168524026870739 1.0000000180025095e-35 0.76388889551162731 0.52041664719581615 0.84680575132370006 0.99438202381134044 0.73623713850975048 0.87729144096374523 0.78086888790130626 0.89009663462638866 0.75905716419219982 0.44981460273265844 2.5000000000000004 0.059714796021580703 1.0000000180025095e-35 0.67962265014648449 0.51101076602935802 0.83096903562545787 0.70659971237182628 0.4083333313465119 -0.090370997786521898 0.16234373301267627
decision_type=2 2 2 2 2 2 2 2 2 2 2 2 2 2 2 2 2 2 2 2 2 2 2 2 2 2 2 2 2 2 2 2 2 2 2 2 2 2 2 2 2 2 2 2 2 2 2 2 2 2 2 2 2 2 2
left_child=1 2 15 18 5 6 10 14 31 12 -5 27 16 43 34 28 -4 -13 19 -2 -15 36 39 -8 25 26 -6 29 -1 38 -18 -9 49 -34 -3 -36 -22 48 46 -23 41 -41 -11 44 -14 -46 -12 -20 -38 -7 -28 -47 -48 -54 -55
right_child=3 7 9 4 24 32 23 8 -10 42 11 17 13 20 -16 -17 30 -19 47 -21 21 22 -24 -25 -26 -27 50 -29 -30 -31 -32 -33 33 -35 35 -37 37 -39 -40 40 -42 -43 -44 -45 45 51 52 -49 -50 -51 -52 -53 53 54 -56
leaf_value=-0.03383664763722672 0.038425799131233437 -0.035099732323802868 -0.010275244507222534 0.023778811949120838 0 0.045183060319568133 0.0076382782023432056 -0.028719543009531251 0.038450918099969707 0.012046870028467493 -0.0045883626057283342 -0.023952989329942956 0.0097420075827281405 0.036563220229160781 0.02019473824913752 0.021424656203355954 0.096336613346985359 0.02274648882807177 0.04031727399172938 0.00439638201545776 0.0043597959712199652 0.032500698531173343 -0.004068623127968362 0.038833660364212985 0.039191788976351769 0.038958832987812518 0.028126871863553282 0.012811896390617975 0.016299245669208477 0.011555868511299573 0.0065534831930196373 0.013205180887433049 -0.00027409637935651391 0.035218683312429916 -0.022080128991542845 0.024073479711696572 -5.9688445579852707e-05 0.011947653735408197 0.0049800222076685314 -0.012359426321769975 0.020522287948747282 0.013182981280673299 0.030576762879934275 0.0050544136838869295 -0.030406264428346194 0.013127480115069428 -0.035712177492005809 0.019572073603360461 -0.032176196536594731 0.022719407850081905 0.014527469417113342 -0.0098796866472149747 0.0094112184176301811 -0.030391452556786019 -0.0058981952950632579
leaf_weight=26.537713102065034 12.631272681057455 777.14160875231028 0.54511121241375704 2.9833411462604991 7.1783498539589372 8.5305200293660182 4.885644391179083 4.6655493476428074 4.1855106372386217 7.641323866788297 1.5173512250185144 2.1005152193829408 0.46990103833377173 2.4174196142703286 1.1944801867939521 1.1941124331206072 0.56059630913659908 5.2982371654361486 491.8414594642818 9.1738565000705403 3.8245579530484957 4.7567495764233234 6.7899524588137856 7.8303061751648784 68.957061238586903 26.991252191364765 11.413447692990305 0.78483206778764625 0.26291915029287238 0.68400319945067067 0.59325051354244351 0.53832662012428034 6.3902202472090703 5.8977954313158989 1.8298406610265368 0.71266117691993702 0.8836690648458897 1.5924527524039147 0.74908999260514875 4.0848748637363332 10.059679822996257 4.2938319216482341 28.852898392826319 1.4337484505958853 6.1189079149626195 0.36626218864694227 17.339698867872361 4.8426813017576924 5.0185985020361841 6.448439121246337 10.688434883952139 0.52337322058156133 1.1604208569042382 2.8947938703931859 1.2316469866782425
leaf_count=4402 86 151052 65 20 56 48 60 656 74 41 10 159 32 74 63 16 47 38 4074 67 52 45 35 62 541 207 78 5 2 6 75 4 41 45 201 3 54 26 20 52 48 47 158 76 627 45 1321 40 204 42 76 53 18 84 61
internal_value=-0.000676387 -0.0293574 0.00420772 0.0355002 0.0248555 0.00874434 -0.00319219 -0.0344074 0.00548536 0.0148634 -0.0147294 -0.0188192 0.00616201 0.00359016 -0.034898 -0.0295637 0.0536902 0.00779832 0.0395839 0.025083 0.00840771 0.00585179 0.0125646 0.0285339 0.0345515 0.0282191 0.0172437 -0.0264296 -0.0326503 -0.0282022 0.0762746 -0.0223889 0.0298669 0.0178661 -0.0350126 -0.00501158 -0.0112231 -0.0191642 -0.0298339 0.0175453 0.0120335 0.000367039 0.027215 -0.0181547 -0.0230885 -0.0266683 -0.0312084 0.0401618 -0.0285802 0.0377585 0.0226152 0 -0.0325756 -0.0176875 -0.0263401
internal_weight=1629.53 909.09 118.822 720.445 201.955 76.7269 49.4599 790.268 9.38939 90.8272 36.7439 33.7606 54.3329 52.634 780.879 27.9947 1.69896 7.39875 518.489 21.8051 43.7218 41.3044 29.9851 12.716 125.229 56.2715 29.2802 26.3618 26.8006 25.577 1.15385 5.20388 27.267 12.288 779.684 2.5425 11.3193 7.49472 24.893 23.1951 18.4384 8.37871 36.4942 8.91219 7.47844 7.00854 24.1439 496.684 5.90227 14.979 22.1019 0.889635 22.6266 5.28686 4.12644
internal_count=165594 158329 6276 7265 2998 2040 1864 152053 734 1856 1742 1722 1657 1470 151319 4420 187 197 4267 153 637 563 227 122 958 417 210 1525 4404 1520 122 660 176 86 151256 204 336 284 1514 192 147 99 199 833 757 725 1494 4114 258 90 154 98 1484 163 145
is_linear=0
shrinkage=0.035


Tree=55
num_leaves=51
num_cat=0
split_feature=29 23 17 34 16 1 10 10 17 14 14 28 40 17 2 16 2 16 9 16 27 28 2 6 12 6 16 30 16 16 30 2 30 16 14 8 6 11 10 10 8 38 7 7 16 29 54 8 44 9
split_gain=1325.36 122.275 36.4228 24.974 19.3419 19.162 15.244 14.7886 12.5564 10.9164 10.5319 5.23118 5.95414 4.94393 4.54495 8.17885 3.73727 3.54115 6.59146 8.90856 3.15492 2.88111 2.78994 2.74491 2.39051 4.06026 2.38669 2.27749 2.02384 1.9853 1.88282 1.51643 1.47247 1.40881 2.11169 1.19888 1.09761 1.09665 0.895271 1.65053 0.725389 0.569776 0.480349 0.462496 0.448619 0.340504 0.329261 0.313715 0.25941 0.177275
threshold=0.60326328873634349 1.0000000180025095e-35 0.44949495792388922 0.36666667461395269 0.89512962102890026 0.082333475351333632 0.080128207802772536 0.44949495792388922 0.30384616553783422 0.81120249629020702 0.58280590176582348 0.64174234867095958 1.5000000000000002 0.86607143282890331 0.2993582040071488 0.30901856720447546 0.13020028173923495 0.8589511811733247 0.91476997733116161 0.92031747102737438 0.5914268195629121 0.40282773971557623 0.62731361389160167 0.70659971237182628 0.62857428193092357 0.68356868624687206 0.41060766577720648 0.16172623634338382 0.93908473849296581 0.26158231496810919 0.32738095521926885 0.62731361389160167 0.56385868787765514 0.84889996051788341 0.70859703421592724 0.25176055729389196 0.94804319739341747 0.53614982962608349 0.68333333730697643 0.64583334326744091 0.90521115064620983 0.84523808956146251 0.34330357611179357 0.3310502320528031 0.45867486298084265 0.7353600561618806 0.41516898572444921 0.82446312904357921 1.0000000180025095e-35 0.90595519542694103
decision_type=2 2 2 2 2 2 2 2 2 2 2 2 2 2 2 2 2 2 2 2 2 2 2 2 2 2 2 2 2 2 2 2 2 2 2 2 2 2 2 2 2 2 2 2 2 2 2 2 2 2
left_child=1 5 9 4 6 20 10 31 22 36 14 21 48 17 15 16 -2 33 19 24 41 -10 32 37 -19 -26 29 -9 -20 -5 49 35 46 34 -4 -7 42 -6 39 -30 -11 -1 43 -3 -17 -25 -8 -36 -13 -23
right_child=3 2 13 26 23 7 8 27 11 40 -12 12 -14 -15 -16 44 -18 18 28 -21 -22 30 -24 45 25 -27 -28 -29 38 -31 -32 -33 -34 -35 47 -37 -38 -39 -40 -41 -42 -43 -44 -45 -46 -47 -48 -49 -50 -51
leaf_value=-0.035086075995966921 0.04099409332045318 -0.015309223981594053 0.038040087991081876 0.037141611658394399 0.025898099525304537 0.0092467429660971646 -0.036843361763243203 0.00063663164109685759 0.023108947492878458 0.0025532520568199183 0.04150759554634996 0.019527845251170465 -0.0060387346424721064 0.033080939189937528 0.041529170626968412 -0.033209769145342842 -0.0018045082989459468 0.035637321361945778 0 -0.036048726825500692 0.015111504966060653 -0.032094460772394008 0.012367253611755931 0.022297186974267216 0.032919086102994904 -0.025767706988787435 0.040179813362685349 0.04371367591017724 0.025518585458763284 0.012282707480428466 0.0097025574655599765 0.011040801486931826 0.0042587046908204142 0.054965625302677554 -0.0095071846631768504 -0.032618888303974282 0.0054463146991341428 0.0035788599499375507 0.02962351394208345 0.0056455080033813235 0.030904486546632717 -0.0019100203481527509 -0.032920923796856592 0.010500709442004066 -0.0074683977086924128 0.037665221847200656 -0.0032535594431609147 0.0073667222290562011 0.03686461139018142 -0.0036091082551147576
leaf_weight=749.31216743122786 4.0405935896560567 0.9437912544235576 2.154829926788806 7.996805593371394 5.5125380186364037 0.35749932564795095 11.506291037425393 2.1624830951914173 1.3348654303699712 2.2805919600650659 24.887028263881803 8.0289114424958861 7.5582928652875117 18.681177169084549 2.632789625786244 4.9133811071515074 4.5045453226193786 2.8882693303748947 7.9457087311893693 7.2894768491387367 0.92894550506025453 4.76036630384624 1.2981034964323033 8.3463641456328315 1.4186770692467692 2.5667967353947461 480.49331242963672 6.0344160906970501 8.9594706576317584 10.83403332531452 1.261931976303458 0.60058584902435619 0.87196452170610506 2.0939848460257053 1.7234798232093456 8.8774401969276351 0.54931009560823341 5.96013906551525 9.161714553833006 13.342814914882183 2.6727780904620886 0.97663127910345693 30.762350009288639 0.4585447795689106 2.2535683214664459 87.923134541139007 0.81771535938605744 1.591875249519944 8.2959626689553261 0.87245849380269636
leaf_count=150987 28 143 54 57 55 9 781 73 32 71 178 62 58 106 34 154 64 58 52 97 60 263 8 69 54 97 4096 73 53 66 10 6 5 22 64 1121 4 52 43 57 16 84 5208 58 44 690 26 19 53 20
internal_value=-0.000660901 -0.0290346 0.00416508 0.0354264 0.0246145 -0.0341085 0.0123592 0.00128973 -0.00150607 -0.0237738 0.0270822 0.0106181 0.0187808 0.0175241 0.00619737 -0.00164428 0.0202408 0.0122584 0.00863845 -0.0111484 -0.0349635 -0.0121599 -0.0275457 0.0345936 0.0160381 -0.00176263 0.0396399 0.0340347 0.015936 0.0243565 -0.0214937 -0.0262993 -0.0323131 0.0334853 0.0174973 -0.0299111 -0.0310895 0.0158003 0.0198112 0.0145318 0.0210606 -0.0350502 -0.0319644 -0.00455481 -0.0274498 0.0366118 -0.0352888 -0.00076448 0.0301594 -0.0294194
internal_weight=1583.64 886.736 117.486 696.905 197.581 769.25 89.8388 18.0324 46.6069 37.6674 43.2319 32.1128 23.8832 79.8183 18.3449 15.7121 8.54514 61.1371 53.5729 14.1632 751.218 8.22962 14.4941 107.742 6.87374 3.98547 499.324 8.1969 39.4097 18.8308 6.89476 9.83553 13.196 7.56417 5.47018 9.23494 32.714 11.4727 31.464 22.3023 4.95337 750.289 32.1647 1.40234 7.16695 96.2695 12.324 3.31536 16.3249 5.63282
internal_count=165594 158689 6276 6905 2686 152413 1820 1282 1318 5500 502 498 173 776 324 290 92 670 511 306 151131 325 820 866 209 151 4219 146 205 123 293 1136 812 159 137 1130 5413 107 153 110 87 151071 5409 201 198 759 807 83 115 283
is_linear=0
shrinkage=0.035


Tree=56
num_leaves=52
num_cat=0
split_feature=29 22 17 34 15 1 10 29 14 36 15 14 9 10 10 12 15 16 9 16 15 12 17 27 14 2 2 8 15 14 15 14 34 7 0 37 8 30 16 11 12 6 2 55 8 11 11 38 7 7 15
split_gain=1271.14 120.081 34.5788 24.8797 19.6283 18.8341 14.0851 11.6051 10.5973 6.08333 5.44917 5.23124 4.67136 5.21008 4.03337 8.58123 3.73235 3.53315 6.39509 9.55354 5.37041 4.86615 3.80366 3.12223 2.68163 2.63805 4.6373 5.18279 4.09893 2.50344 2.9957 2.2364 2.20431 2.37923 1.89015 1.7717 1.62846 1.49612 1.29974 2.13244 1.17377 1.08713 1.01152 0.827514 0.678288 0.578761 1.08022 0.571465 0.482783 0.451672 0.189645
threshold=0.60326328873634349 1.0000000180025095e-35 0.44949495792388922 0.36666667461395269 0.87570226192474376 0.082333475351333632 0.44949495792388922 0.78319624066352855 0.81120249629020702 1.0000000180025095e-35 0.94570022821426403 0.58759590983390819 0.1702898591756821 0.44949495792388922 0.095454547554254546 0.63981124758720409 0.67017546296119701 0.8589511811733247 0.91476997733116161 0.92031747102737438 0.87570226192474376 0.78395128250122081 0.73214286565780651 0.5914268195629121 0.74873736500740062 0.13020028173923495 0.28638668358325964 0.64241620898246776 0.25198413431644445 0.44092722237110143 0.270728349685669 0.81375637650489818 0.21111111342906955 0.87570226192474376 0.90921679139137279 1.5000000000000002 0.8521554470062257 0.3514705896377564 0.84889996051788341 0.79772728681564342 0.53307148814201366 0.94804319739341747 0.62731361389160167 0.52927309274673473 0.90521115064620983 0.8086080551147462 0.65571120381355297 0.84523808956146251 0.34330357611179357 0.3310502320528031 0.92031747102737438
decision_type=2 2 2 2 2 2 2 2 2 2 2 2 2 2 2 2 2 2 2 2 2 2 2 2 2 2 2 2 2 2 2 2 2 2 2 2 2 2 2 2 2 2 2 2 2 2 2 2 2 2 2
left_child=1 2 8 4 7 23 35 9 41 40 17 25 -11 31 -13 -16 -15 38 19 20 21 -19 24 47 -20 -9 28 -28 -27 30 -5 37 33 -8 -26 42 -18 -14 39 -4 -2 48 -7 -41 -10 46 -17 -3 49 -1 -6
right_child=3 5 10 29 50 6 32 11 44 12 -12 14 13 16 15 45 36 18 22 -21 -22 -23 -24 -25 34 26 27 -29 -30 -31 -32 -33 -34 -35 -36 -37 -38 -39 -40 43 -42 -43 -44 -45 -46 -47 -48 -49 -50 -51 -52
leaf_value=-0.01516136302482079 0.0040475947418075978 -0.035076349713050084 0.042688550689474934 0.037569592360008119 0.029697310021901697 -0.032498925466303397 -0.019056300639410009 0.026940245244377849 0.0024876490580785617 0.030993780409837714 0.032662417414370641 0.040283072832014676 -0.035348263679634159 0.039046175040497101 -0.0067269789779006838 0.027640924350008311 -0.022475771098543134 -0.027409943071209242 0.024679288724218821 -0.039124959359033859 0.051091132762977332 0.035221257328283108 0.032459882637017337 0.014771709526699168 -0.010297639258861308 0.01182416762903723 0.040702964906567725 -0.0076148157543391012 -0.034606948996218898 0.039947826916772129 0.0084977138257209695 0.0093901858042370612 0.047492567659555236 0.027150637200399886 0.0099165878247749802 0.014863300983263585 0.012286991354353729 -0.0012652350081027483 0.052778648149590685 0.016324441040183178 0.034284884963196746 0.0053716722830630141 0.0063444848150648152 -0.009885915210195554 0.029933853632800118 0.034785162371472583 0.0064271083827066528 -0.0018783306925692837 -0.032839223302224552 0.010350795633903577 0.04019967994177203
leaf_weight=0.92964384797961119 3.1971503761597004 723.73726471839473 1.4589729476720084 9.0056894570589083 23.390088448300958 8.6510098674334568 1.4057654249481841 4.7415330782532719 2.2851003264076999 1.8780853971838976 19.975146159529686 19.207794278860092 12.323014765977861 2.0099195474758735 10.646750149317084 9.0556017160415632 3.0290301805362105 3.3979325937107188 7.101497849449518 6.8041369444690645 2.1743082609027624 1.3183339554816482 10.12718980014324 0.93986115185543795 9.2555229868739861 2.90675186365843 4.1789637701585871 4.9760055099613965 5.3281134376302361 466.56169410794973 9.7010958045721036 1.2921890737488855 4.5514293666929007 2.1668589934706688 11.604037433862684 0.50297391181811768 1.8274726537056265 2.1203209874220184 2.1449334844946861 1.4978333394974468 3.8744684951379895 0.55130986124277015 0.41484982892870981 2.5694184396415949 2.6948898546397686 15.944205701351166 5.9401583997532734 0.97524505574256082 29.779347923118621 0.46330352313816547 56.140226386487484
leaf_count=143 55 150987 33 65 173 1122 95 33 71 10 117 133 1068 30 79 62 101 180 39 95 14 15 47 60 61 20 32 59 81 4105 49 12 39 12 49 9 14 67 22 34 32 4 5 70 16 118 46 84 5208 58 461
internal_value=-0.000647041 -0.0289153 0.00412548 0.0351052 0.0242339 -0.0340806 0.00133511 0.0146995 -0.0235328 -0.00320556 0.0170833 0.0215108 -0.0115956 -0.016446 0.0267765 0.0196566 0.00784492 0.0113376 0.0076153 -0.0121506 0.0156245 -0.00619153 0.0149408 -0.0349496 0.00757295 0.0063623 -0.000218034 0.0159324 -0.018333 0.0393855 0.0238671 -0.0270902 0.0332954 0.0080123 0.000726518 -0.0260513 -0.00893271 -0.0309773 0.0322845 0.0169254 0.023243 -0.0309577 -0.02992 0.000392474 0.0204473 0.0287714 0.0203836 -0.0350391 -0.031856 -0.00443373 0.0375615
internal_weight=1538.75 859.478 116.133 679.276 194.008 743.345 17.6929 114.478 36.7036 31.5517 79.4293 82.9259 24.48 22.6019 60.7945 41.5867 6.86642 59.4541 51.783 13.6947 6.89057 4.71627 38.0882 725.652 27.9611 22.1314 17.3898 9.15497 8.23487 485.268 18.7068 15.7355 8.12405 3.57262 20.8596 9.56883 4.8565 14.4433 7.67116 5.52622 7.07162 31.7236 9.06586 4.06725 4.97999 30.94 14.9958 724.713 31.1723 1.39295 79.5303
internal_count=165594 158689 6276 6905 2686 152413 1282 2052 5500 1389 776 663 1302 1292 438 305 145 659 500 304 209 195 196 151131 149 225 192 91 101 4219 114 1147 146 107 110 1136 115 1135 159 137 87 5413 1127 104 87 226 108 151071 5409 201 634
is_linear=0
shrinkage=0.035


Tree=57
num_leaves=53
num_cat=0
split_feature=29 22 17 34 2 30 15 10 15 10 10 15 16 15 27 40 16 9 16 15 12 17 15 2 16 15 15 1 40 28 0 15 41 27 35 10 2 7 11 47 16 11 32 6 2 1 29 1 7 7 27 27
split_gain=1219.47 119.494 32.8761 26.5126 19.9965 12.2371 10.0521 9.39859 20.1469 7.45613 6.63058 6.79504 5.89649 5.22536 4.51782 4.402 3.31421 5.98802 9.2224 5.04888 4.66314 3.61161 3.04752 4.2346 2.73619 2.85003 2.35571 2.34212 2.2119 2.19833 2.11322 1.56676 2.15964 1.46554 1.41559 1.73748 1.41206 1.20905 1.19444 3.65564 1.17998 1.9937 1.06401 0.871764 0.788233 0.736588 0.680893 0.566229 0.483676 0.441087 0.118017 0.651453
threshold=0.58656641840934765 1.0000000180025095e-35 0.44949495792388922 0.45000000298023229 0.58757218718528759 0.18019481003284457 0.77459675073623668 0.080128207802772536 0.83424907922744762 0.44949495792388922 0.44949495792388922 0.6569296419620515 0.44590643048286444 0.94570022821426403 0.5914268195629121 1.5000000000000002 0.8589511811733247 0.91476997733116161 0.92031747102737438 0.87570226192474376 0.78395128250122081 0.73214286565780651 0.25198413431644445 0.24694594740867618 0.41060766577720648 0.270728349685669 0.73546314239501964 0.29179082810878759 1.5000000000000002 0.80608585476875316 0.87729144096374523 0.92031747102737438 1.0000000180025095e-35 0.73375529050827037 1.0000000180025095e-35 0.76388889551162731 0.62731361389160167 0.81120249629020702 0.96225070953369152 1.0000000180025095e-35 0.84889996051788341 0.79772728681564342 0.9689110815525056 0.94804319739341747 0.37020142376422888 0.63926216959953319 0.82078272104263317 0.40217100083827978 0.34330357611179357 0.3310502320528031 0.55747640132904064 0.77158385515213024
decision_type=2 2 2 2 2 2 2 2 2 2 2 2 2 2 2 2 2 2 2 2 2 2 2 2 2 2 2 2 2 2 2 2 2 2 2 2 2 2 2 2 2 2 2 2 2 2 2 2 2 2 2 2
left_child=1 2 6 4 7 14 43 12 10 36 29 -12 15 16 34 22 40 18 19 20 -18 26 -2 27 25 -5 -19 -24 -13 33 -28 32 42 47 -3 -36 -7 -10 39 -8 41 -4 45 48 -43 -6 -34 -9 49 -1 -14 -52
right_child=3 5 13 24 31 9 38 8 37 -11 11 28 50 -15 -16 -17 17 21 -20 -21 -22 -23 23 -25 -26 -27 30 -29 -30 -31 -32 -33 46 -35 35 -37 -38 -39 -40 -41 -42 44 -44 -45 -46 -47 -48 -49 -50 -51 51 -53
leaf_value=-0.015015032439542721 0.036685682695813723 -0.035071002053529289 0.041135462402987689 0.036593533081537219 0.027148920302983829 -0.028155088463525289 -0.024519247554608662 -0.034512998937752538 0.012811527122165049 0.036622352607166966 0.042263027695208351 0.0025229274698388834 0.044613145638294674 0.032105124003158729 0.019361800525078344 -0.020674535283480247 -0.027202312471428947 0.023985054877992452 -0.03872455825312817 0.049565150931400542 0.034029430242669106 0.031662630478909194 0.015406887154120178 0.037727431749660874 0.039630852544181132 0.0079986790605801206 -0.012517701772339254 -0.027814331058950943 -0.034713219810903945 -0.0012057355193952997 0.009298917662025721 0.038927893138462032 0.019976137449637762 -0.0027467490940264842 -0.021519002106686985 0.023409227037729959 0.012898474001686179 0.039501886934987518 0.037238071247968407 0.032260002912391776 0.050722067507447968 0.015861110906556741 0.0059013224753973088 0.0016622486223346062 -0.0096884933375417995 0.0092310625654474857 0.039205521164638178 0 -0.032734744436207171 0.010202471678871628 0.016234030189742028 0.036786665381680371
leaf_weight=0.91583928791806701 4.600018613971768 700.35651796078309 1.4981119418516744 8.7101939544081706 17.864899175241597 4.265123500954358 1.8100160355679682 15.889471778180457 4.7045844774693242 4.0351969809271395 3.4290952645242196 4.3582176729105413 7.1846239166334298 19.634045407176018 1.2095314585603762 4.2546689803712061 3.3131664069369418 6.680279320105913 6.6470049559138715 2.1932484619319439 1.3511786609888075 10.045448169112204 1.398610900621861 1.7126799756661055 454.969741653651 9.6071211285889131 7.6175202354788807 3.6991785941645503 2.1800876585766673 4.398019164800643 13.640355631709097 49.075232498347759 7.4138446189463165 2.6426437310874453 1.7267644037492567 0.70411288738250721 0.52830349840223778 10.300651270896195 1.588866746984422 1.7321174964308739 2.1934468196704984 1.5165079105645416 6.7599468678235999 0.68434834480285545 2.5507245045155287 5.7184377685189238 22.047069378197193 0.5170222846791156 28.572971060872078 0.46804181300103664 7.8126509096473438 6.2851413935422897
leaf_count=143 32 151052 33 65 123 656 88 1295 48 74 37 77 85 117 63 84 180 38 95 14 15 47 72 23 4107 60 53 81 63 23 58 421 56 30 201 3 4 75 29 12 22 34 47 5 70 42 176 14 5165 58 87 42
internal_value=-0.000630055 -0.0290087 0.00409705 0.0345338 0.023385 -0.0343367 -0.0232896 0.0104659 0.000168185 0.00568478 -0.0148533 0.00823479 0.0235087 0.0166967 -0.0348509 0.00632432 0.0110842 0.00744045 -0.0118357 0.0153934 -0.00597047 0.0145114 0.0175282 0.0011002 0.0390431 0.0229676 0.00734255 -0.0148003 -0.0123864 -0.0247466 0.00111277 0.0332951 0.0280511 -0.0296759 -0.0349766 -0.00445521 -0.0215809 0.0326757 0.018862 0.00346503 0.0312546 0.0164918 0.0200035 -0.0308317 0.000397345 0.0234988 0.035296 -0.0334054 -0.0317168 -0.00431596 0.0351489 0.0274584
internal_weight=1495.01 827.479 114.653 667.534 194.247 712.826 35.7722 85.3674 48.4198 8.82862 33.4146 9.9674 36.9476 78.881 703.997 15.6652 59.247 51.4882 13.5046 6.85759 4.66435 37.9836 11.4105 6.81047 473.287 18.3173 27.9382 5.09779 6.53831 23.4472 21.2579 108.879 59.8042 19.0491 702.787 2.43088 4.79343 15.0052 5.131 3.54213 7.75879 5.56534 30.3433 30.6412 4.06723 23.5833 29.4609 16.4065 29.9569 1.38388 21.2824 14.0978
internal_count=165594 158329 6276 7265 3033 152053 5500 2168 1662 734 1539 177 506 776 151319 292 659 500 304 209 195 196 208 176 4232 125 149 153 140 1362 111 865 444 1339 151256 204 660 123 129 100 159 137 212 5371 104 165 232 1309 5366 201 214 129
is_linear=0
shrinkage=0.035


Tree=58
num_leaves=53
num_cat=0
split_feature=29 22 17 34 15 1 10 29 14 28 8 15 14 10 8 30 0 9 16 30 27 6 14 15 16 2 8 17 2 6 6 30 14 37 6 55 2 2 1 38 14 8 38 30 30 8 16 8 15 15 15 53
split_gain=1169.99 115.688 31.2472 24.6555 18.6497 18.139 12.9993 10.5534 10.0358 6.30238 6.57314 5.02259 4.94939 3.88447 8.05547 3.36052 3.18714 6.32639 7.96803 3.08068 3.06674 2.9182 2.70967 2.99964 2.42492 6.15538 4.82747 2.32986 2.2934 2.60141 3.03901 2.16867 2.06331 1.70586 1.06934 0.995254 1.35213 0.988927 0.687975 0.661553 0.646773 0.621376 0.577594 0.477192 3.43073 0.445143 0.390871 0.527226 0.386742 0.421638 0.283797 0.0415901
threshold=0.60326328873634349 1.0000000180025095e-35 0.44949495792388922 0.36666667461395269 0.87570226192474376 0.082333475351333632 0.44949495792388922 0.78319624066352855 0.81120249629020702 0.68599441647529613 0.17267081141471866 0.93957647681236278 0.58759590983390819 0.095454547554254546 0.83457711338996898 0.36038962006568914 0.51405227184295665 0.91476997733116161 0.91715687513351452 0.42481203377246862 0.5914268195629121 0.92422503232955944 0.44092722237110143 0.270728349685669 0.30901856720447546 0.28638668358325964 0.64241620898246776 0.73214286565780651 0.39411346614360815 0.72065573930740368 0.83424907922744762 0.16172623634338382 0.74322345852851879 1.5000000000000002 0.94804319739341747 0.41853918135166174 0.35056966543197637 0.62731361389160167 0.25371789932250982 0.53571429848670971 0.86706829071044933 0.90521115064620983 0.84523808956146251 0.59411767125129711 0.71825397014617931 0.99438202381134044 0.47140522301197058 0.44300144910812383 0.34248121082782751 0.3260560035705567 0.92031747102737438 1.0000000180025095e-35
decision_type=2 2 2 2 2 2 2 2 2 2 2 2 2 2 2 2 2 2 2 2 2 2 2 2 2 2 2 2 2 2 2 2 2 2 2 2 2 2 2 2 2 2 2 2 2 2 2 2 2 2 2 2
left_child=1 2 8 4 7 20 33 9 34 10 -2 16 24 -14 19 21 35 18 28 -15 42 39 23 -5 -9 -26 -27 32 -18 -30 -31 -8 -19 37 48 -4 -37 -7 -11 45 -34 -10 -3 -16 -45 46 47 -12 49 -1 -6 -24
right_child=3 5 11 22 50 6 31 12 41 38 15 -13 13 14 43 -17 17 27 -20 -21 -22 -23 51 -25 25 26 -28 -29 29 30 -32 -33 40 -35 -36 36 -38 -39 -40 -41 -42 -43 -44 44 -46 -47 -48 -49 -50 -51 -52 -53
leaf_value=-0.015733454996483796 0.032658625027624226 -0.035057205487005617 0.055041394341060798 0.036906476275079161 0.028786093311748966 -0.032324546467770589 0 0.021438723027495939 0.0022745874755897809 0.033248150703387193 -0.016788772281659758 0.031232400374953641 0.039495495190170843 -0.020836069438748179 0.035814272631992584 0.010833611463999604 -0.019913185802453708 0.02498649803314875 -0.038167903981298421 0.010691667850829241 0.014229787563214047 0.015950784835211351 0.03972914579659273 0.0075640425379277258 -0.028016883959645651 0.03909882836645133 -0.0076845258321771581 0.029738192543137247 0.039469758500115797 -0.024184520930737894 0.025883534499315845 0.04198042381938779 0.0088397348096825 0.014447960318718981 0.0052751806775734574 -0.0044183635639214354 0.032089037414778275 0.0062614524990684409 0.0084433882987064324 0.0013026587033182532 -0.0024749431119534234 0.028514349971644228 -0.0016620216855830756 2.6016813687038154e-05 0.035481630774075637 -0.0042834683802281618 -0.034150587312846183 0.010627925537824755 -0.032659739929125624 0.0085472976305395014 0.039671960040648067 0.026098843131397483
leaf_weight=0.98674784367904667 2.5252604186534944 675.22253041667864 1.5200031185522664 8.5668022632598895 22.571283087134361 8.1854654410853964 2.1391210653819135 7.0936217950657037 2.2887414237484327 3.4364503719843915 1.0573968859389484 19.982236787676811 18.45731383562088 5.6798215024173242 13.829967275261881 3.1564385266974559 1.4192241649143378 6.9333471506834057 6.2980797621421507 7.7317331284284592 0.95606477558612724 1.2407045401632775 430.60291221365333 9.5554851591587049 5.7494166269898406 4.1521529583260399 4.9110641577281058 9.4075421988964063 2.9289144868962467 2.1382057750597601 1.8170117586851118 5.7808612803928554 12.509446156211199 0.5011743353679784 0.55389660596847434 1.7642695149406793 1.5139897428452966 0.40916454140096981 4.035720678512007 0.55111656524241048 10.100480798631905 2.7180094458162785 0.95744882663711806 5.9707492068409902 7.2236117497086525 1.4053592355921871 12.911775593645869 0.44861308531835664 27.793740995228291 0.52309103310108185 53.106811821460724 9.3849981948733312
leaf_count=157 14 150987 32 65 173 1122 73 54 71 38 88 121 133 48 106 63 64 38 92 47 60 7 4025 49 80 32 59 44 78 79 19 73 66 9 4 63 26 5 43 4 54 16 84 45 59 21 1061 50 5194 58 461 80
internal_value=-0.000612562 -0.0286823 0.00406828 0.0344876 0.0235124 -0.0340262 0.00138872 0.014161 -0.0230436 -0.00311943 -0.0121878 0.0163177 0.020742 0.0259837 0.0189273 -0.0190504 0.010711 0.00779142 -0.0111935 -0.00293684 -0.034922 -0.0248876 0.038905 0.0228225 0.00597822 -0.00209188 0.0151561 0.0150979 0.0107936 0.0192908 0 0.0322784 0.0095004 -0.0256942 -0.0306875 0.0357284 0.0151833 -0.0296617 0.0228421 -0.0289234 0.00374617 0.0194776 -0.0350176 0.0296204 0.0208159 -0.0301991 -0.0320565 -0.00624316 -0.0316344 -0.00587292 0.0368886 0.0395062
internal_weight=1452.71 807.349 113.197 645.357 187.246 694.152 17.0158 111.568 34.8642 30.7688 23.2967 78.3328 80.7995 58.8932 40.4359 20.7714 58.3505 53.5523 14.6014 13.4116 677.136 17.615 458.11 18.1223 21.9063 14.8126 9.06322 38.9508 8.30336 6.88413 3.95522 7.91998 29.5433 9.0958 29.8575 4.79826 3.27826 8.59463 7.47217 16.3743 22.6099 5.00675 676.18 27.0243 13.1944 15.8231 14.4178 1.50601 29.3036 1.50984 75.6781 439.988
internal_count=165594 158689 6276 6905 2686 152413 1282 2052 5500 1389 1308 776 663 438 305 1294 655 534 332 95 151131 1231 4219 114 225 171 91 202 240 176 98 146 158 1136 5413 121 89 1127 81 1224 120 87 151071 210 104 1220 1199 138 5409 215 634 4105
is_linear=0
shrinkage=0.035


Tree=59
num_leaves=52
num_cat=0
split_feature=29 22 17 34 15 1 0 29 15 28 8 8 12 9 12 14 14 8 10 12 10 27 12 8 14 15 37 14 2 2 8 15 1 32 30 54 30 1 11 15 12 15 14 8 15 1 40 14 15 35 53
split_gain=1122.45 113.533 29.6885 24.5535 18.0833 17.8334 12.4812 10.0446 6.18819 5.97898 6.29133 5.05601 7.05922 5.38205 6.29685 8.61966 4.82858 4.30341 3.71935 7.83146 3.32303 3.03585 2.9321 8.20932 2.7725 2.94513 2.61112 2.58489 2.42797 4.14926 4.57125 3.72995 1.64818 1.4431 1.71872 1.34509 1.27514 1.25232 0.978438 0.977611 0.967904 3.03239 2.08142 0.927753 0.677787 0.643936 0.584139 0.451839 0.336613 0.253747 0.0784312
threshold=0.60326328873634349 1.0000000180025095e-35 0.30384616553783422 0.45000000298023229 0.87570226192474376 0.082333475351333632 0.81607216596603405 0.78319624066352855 0.89512962102890026 0.68599441647529613 0.17267081141471866 0.64241620898246776 0.50088694691658031 0.94494947791099559 0.50558269023895275 0.81375637650489818 0.58759590983390819 0.92637759447097789 0.095454547554254546 0.63981124758720409 0.44949495792388922 0.5914268195629121 0.74453234672546398 0.87226107716560375 0.44092722237110143 0.270728349685669 1.5000000000000002 0.69614070653915416 0.13020028173923495 0.28638668358325964 0.64241620898246776 0.25198413431644445 0.25371789932250982 0.40078739821910864 0.19292803853750232 0.2038596644997597 0.36038962006568914 0.086183592677116408 0.89009663462638866 0.86706829071044933 0.85405564308166515 0.77459675073623668 0.70051544904708873 0.6832355558872224 0.84660634398460399 0.25371789932250982 1.5000000000000002 0.51087471842765819 0.92031747102737438 1.0000000180025095e-35 1.0000000180025095e-35
decision_type=2 2 2 2 2 2 2 2 2 2 2 2 2 2 2 2 2 2 2 2 2 2 2 2 2 2 2 2 2 2 2 2 2 2 2 2 2 2 2 2 2 2 2 2 2 2 2 2 2 2 2
left_child=1 2 17 4 7 21 26 9 11 10 -2 12 -4 14 15 -13 28 -1 -18 -20 33 49 39 -24 25 -5 32 -22 -9 31 -31 -30 37 34 -12 -29 -35 47 -10 43 41 42 -15 -16 46 -11 -21 -7 -6 -3 -26
right_child=3 5 8 24 48 6 -8 16 38 45 20 13 -14 40 22 -17 18 -19 19 44 27 -23 23 -25 50 -27 -28 35 29 30 -32 -33 -34 36 -36 -37 -38 -39 -40 -41 -42 -43 -44 -45 -46 -47 -48 -49 -50 -51 -52
leaf_value=-0.033608234981621514 0.031953607495728689 -0.035047648934998107 -0.014292619084835204 0.03658526120706674 0.028310349907757829 0.021082352574132702 0.038209902616382456 0.02550218892634205 0.010626818208381187 0.032292273562200581 -0.01757292136735402 -0.021258227187849286 0.091125230157284867 0.020003033226138448 0.00097763342202022529 0.069515116116495732 0.039036827720244006 0.019323691207028509 -0.0065817183598206016 0.034911253156925573 0.026684992540354866 0.013910540678733041 0.044091726182352402 -0.023745865008493256 0.039532008341386315 0.0073471040327940168 0.021692987096043302 -0.027541203137054285 0.010482955484937505 0.038079814333149477 -0.0074624983107201394 -0.034013483507914027 0.011495528745457497 -0.035292674787834571 0.032112056498561616 0.0066204027884963681 -0.00077473397039779695 -0.033313745946815909 0.028103530004600051 0.0048477842520480274 0.0061351219599357692 0.039318160756508673 -0.010965113413300538 -0.032801374852898427 0.013325973613025859 0.0082128593080177722 0.015995430715997357 -0.007981341634624859 0.039411868930348981 -0.0077099697430377274 0.025689560747598709
leaf_weight=22.466920005157593 2.5129259843379321 651.7391311195679 0.83999364636838325 8.3521242141723651 22.171246049925685 0.18521626992151041 6.0695189838297656 4.7519717821851399 7.3720862879417828 3.4438048680312923 1.1492780689150119 1.6812051371671288 0.89541564043611288 4.522920182906093 0.81246108608320433 1.6955358013510702 18.039737574756145 1.3251339481212188 10.479859265033154 16.93172753602267 2.2116179880686095 0.96653897315263648 2.3445101212710133 5.303666612599045 417.62426522746682 9.5234190225601179 0.76480655837804157 2.2167921704240148 2.9529545083642024 4.1410068781115097 4.9099518503062427 5.0846019540913403 0.67196836695075113 10.966440516989676 0.40362100722268213 1.720422933809459 1.7584065585397173 8.5878677512519044 27.000583861023188 0.60511418944224793 15.958226189017294 4.853795430622994 4.0907893115654588 10.142102686688302 6.5027140602469435 4.0319229559972882 6.1943166879937044 0.42237053718417883 51.61915347725153 1.3892553779296566 9.2196864709258062
leaf_count=4335 14 150889 125 65 173 41 44 33 41 38 149 218 65 58 78 12 133 70 79 129 32 60 57 79 4022 49 11 62 20 32 59 81 9 938 10 48 56 1085 158 17 69 24 32 838 51 43 48 92 461 182 80
internal_value=-0.000596427 -0.0285592 0.00401777 0.0341888 0.0231699 -0.0339972 0.00143244 0.0139505 0.0134361 -0.00300698 -0.011959 0.00574503 0.0522488 0.00317097 -0.00936039 0.0289903 0.0203992 -0.0298584 0.0256266 0.018707 -0.0187637 -0.034908 -0.0173766 0 0.0386825 0.0224082 -0.0207414 0.00211475 0.00581571 -0.000572423 0.0147414 -0.0179274 -0.026046 -0.0275342 0.0014901 -0.0135874 -0.0311817 -0.0299911 0.0248605 -0.0277812 0.0128955 0.0196865 0.00532095 -0.0301311 0.0276889 0.0222196 0.0308627 0.00630431 0.0365462 -0.0350067 0.0393019
internal_weight=1411.62 782.707 111.91 628.914 184.194 670.797 16.7017 110.404 88.1184 30.4152 22.9395 53.7457 1.73541 52.0103 22.5846 3.37674 79.9888 23.7921 58.1484 40.1086 20.4266 654.095 19.2079 7.64818 444.719 17.8755 10.6322 6.14883 21.8405 17.0885 9.05096 8.03756 9.86742 14.2777 1.5529 3.93722 12.7248 9.19545 34.3727 11.5597 29.4257 13.4675 8.61371 10.9546 29.6288 7.47573 23.126 0.607587 73.7904 653.128 426.844
internal_count=165594 158689 6276 6905 2689 152413 1282 2055 1871 1390 1309 1672 190 1482 1299 230 665 4405 440 307 1295 151131 1069 136 4216 114 1238 142 225 192 91 101 1227 1153 159 110 994 1218 199 933 183 114 90 916 228 81 177 133 634 151071 4102
is_linear=0
shrinkage=0.035


Tree=60
num_leaves=52
num_cat=0
split_feature=1 32 34 10 2 15 10 14 10 15 15 8 12 9 12 14 12 2 2 16 27 14 29 28 12 8 1 27 6 15 55 54 11 11 6 16 6 15 8 14 32 11 28 54 1 6 16 2 8 12 53
split_gain=1076.88 115.847 29.3911 27.1242 20.9657 9.86695 16.8592 9.92672 8.81606 6.54069 6.12763 4.81821 6.52519 5.08503 5.85103 8.37494 4.65986 4.0939 4.21164 3.94616 3.58851 3.58639 4.38342 3.23952 2.87322 9.04704 2.73159 2.1644 1.9252 1.70195 2.69533 4.9 1.65615 1.92809 1.32945 1.32557 1.25951 0.927968 0.889315 0.841429 0.784538 0.777821 0.721936 0.64875 0.602573 0.527735 0.432865 0.293308 0.288449 0.127084 0.0963365
threshold=0.078810192644596114 0.19785943627357486 0.36666667461395269 0.30384616553783422 0.58757218718528759 0.88396573066711437 0.080128207802772536 0.58280590176582348 0.44949495792388922 0.89512962102890026 0.69282051920890819 0.64241620898246776 0.50088694691658031 0.94494947791099559 0.50558269023895275 0.81375637650489818 0.65237718820571911 0.11427757143974306 0.2993582040071488 0.23132664710283282 0.5914268195629121 0.44092722237110143 0.97169560194015514 0.80608585476875316 0.74453234672546398 0.86391696333885204 0.21894425153732303 0.73375529050827037 0.90070420503616344 0.92031747102737438 0.59051179885864269 0.35830493271350866 0.82247900962829601 0.73431372642517101 0.069570478051900878 0.81302964687347423 0.069570478051900878 0.86706829071044933 0.6832355558872224 0.74115687608718883 0.62012657523155224 0.89009663462638866 0.90152388811111461 0.41516898572444921 0.40217100083827978 0.96824595332145702 0.91476997733116161 0.35746769607067114 0.93440860509872448 0.77224791049957286 1.0000000180025095e-35
decision_type=2 2 2 2 2 2 2 2 2 2 2 2 2 2 2 2 2 2 2 2 2 2 2 2 2 2 2 2 2 2 2 2 2 2 2 2 2 2 2 2 2 2 2 2 2 2 2 2 2 2 2
left_child=1 3 4 16 5 6 7 17 23 11 -10 12 -5 14 15 -13 36 -2 19 -19 34 22 -4 27 37 -26 46 43 -22 30 32 -32 33 -6 -3 -18 -1 38 47 49 -21 -11 -42 44 -8 -41 -12 -16 -27 -15 -23
right_child=2 20 21 9 29 -7 8 -9 10 41 26 13 -14 39 24 -17 35 18 -20 40 28 50 -24 -25 25 48 -28 -29 -30 -31 31 -33 -34 -35 -36 -37 -38 -39 -40 45 42 -43 -44 -45 -46 -47 -48 -49 -50 -51 -52
leaf_value=0.010805358844587052 0.031572680445445103 0.010681299402574106 -0.00017523110894856225 -0.014381195564665416 0.027497524946566192 0.041393957310685819 -0.035450633402798713 0.038844944705385992 0.042199554713223141 0.011250681684246727 -0.028917479126948691 -0.021621831354195441 0.085400456430563002 0.010432940293287318 0.01305932651407694 0.06645358696136959 0.034285184919135209 0.013572451037209202 0.033288154008888758 0 -0.015496523071806299 0.039169309961064318 0.033847941267505101 0.0016621881851611236 0.047624473880958224 -0.0079769899346997398 0.0096715014920038811 0 0.035735568626921121 0.037965250001268422 -0.0059336148212895826 0.03237244043702181 0.037270675887600815 0.0014956559538916265 -0.03503631500616522 -0.0068605700834731224 -0.033580994833651401 0.0038769799629499685 -0.032747225419129486 0.012394806311074829 -0.034514264150754613 0.027112663991087846 -0.00085575175122227056 -0.0013971771441252917 0 0.001174486633424749 -0.0011080584180634203 -0.0092527002896473382 -0.031086368789666852 0.027398825690125105 0.025252981980305029
leaf_weight=0.24979960918427124 3.4655945687554803 0.24965289235114951 7.3051933832466611 0.8482933286577452 11.970550127327444 8.8957816553302091 16.887157475110158 18.142643892671913 3.9954162845388046 7.7615779219195238 3.0640598242171091 1.7576107881031959 0.98229877045378089 3.9248919151723412 0.3613372817635544 1.7502689375542102 0.91851807711645905 3.5545747820287934 1.7284566252492357 1.4441298246383647 0.9481450761668373 410.05640378501266 10.767310187220573 4.972669154405593 2.1993931396864346 2.473307091742754 6.3137058354914188 2.8727943655103436 0.69404816627502441 45.641605779528618 8.0280037657357735 6.6117176059633485 26.032775104045868 5.347306750714778 629.17644077446312 1.157178323715925 22.830485837068409 0.64436203055083829 10.245708462316541 10.917145801242441 6.2353135882876813 27.179488099180162 1.175488047301769 1.0833242936059821 0.51081539131700893 10.767673397436738 1.2498689307831226 0.48668790562078357 3.0970906713046134 3.7554550250060856 9.0638383855111879
leaf_count=1 27 1 55 130 92 71 1773 151 66 45 134 244 70 56 20 15 76 34 44 56 99 4082 73 27 58 46 39 31 4 426 60 51 211 41 150711 38 4639 23 946 63 253 165 7 34 14 49 26 68 44 24 81
internal_value=-0.000578866 -0.0289921 0.033217 0.00337626 0.0214595 0.00843989 0.00408901 0.0213854 -0.0110759 0.0124797 0.0101148 0.00462742 0.04918 0.00211271 -0.00988636 0.0265403 -0.0279963 0.00208224 -0.00652357 -0.0143987 -0.0348568 0.0382372 0.0206236 -0.0229137 -0.017582 -0.000307965 -0.00423825 -0.0286115 0.0101614 0.0319958 0.0266742 0.0121064 0.031131 0.0201798 -0.0349957 0.0154363 -0.0325265 -0.0278196 -0.0301184 0.0116484 -0.0262199 0.0240976 -0.030328 -0.0327938 -0.0343763 0.00727498 -0.0232437 0.00028261 -0.024134 0.0213327 0.0389375
internal_weight=1371.79 745.377 626.416 114.309 189.224 85.5918 76.696 35.7462 40.9498 89.1526 14.6231 54.2115 1.83059 52.3809 23.0158 3.50788 25.156 17.6036 14.138 12.4095 631.068 437.193 18.0725 26.3268 19.5079 7.76979 10.6276 21.3541 1.64219 103.632 57.9904 14.6397 43.3506 17.3179 629.426 2.0757 23.0803 11.7381 11.0937 29.3652 8.85493 34.9411 7.4108 18.4813 17.398 21.6848 4.31393 0.848025 5.5704 7.68035 419.12
internal_count=165594 157635 7959 6820 3668 2787 2716 572 2144 2066 265 1856 200 1656 1464 259 4754 421 394 350 150815 4291 128 1879 1205 148 199 1852 103 881 455 111 344 133 150712 114 4640 1057 1034 192 316 210 260 1821 1787 112 160 88 90 80 4163
is_linear=0
shrinkage=0.035


Tree=61
num_leaves=54
num_cat=0
split_feature=29 22 17 34 15 1 10 29 28 8 15 8 12 9 12 15 8 6 6 36 30 9 27 16 15 12 8 8 28 34 30 37 10 55 15 15 2 12 15 15 15 38 1 38 15 32 8 15 15 8 30 53 30
split_gain=1033.24 109.602 27.1168 24.32 17.1771 17.0495 11.5807 9.09333 5.53856 5.78765 5.43805 4.44514 5.98923 4.72261 5.73502 5.90335 4.19533 3.73612 4.9632 4.25606 3.11604 3.05398 2.98935 2.90272 3.0026 2.80284 8.68996 2.71068 2.40048 2.20019 2.46943 1.60407 1.14615 1.89982 0.949641 0.932985 0.899823 0.869121 2.8819 1.77035 0.743435 0.694857 0.64367 0.605538 0.521668 0.482648 0.521138 0.423695 0.380554 0.279378 0.20484 0.184348 0.00594813
threshold=0.60326328873634349 1.0000000180025095e-35 0.30384616553783422 0.45000000298023229 0.87570226192474376 0.082333475351333632 0.44949495792388922 0.78319624066352855 0.68599441647529613 0.17267081141471866 0.89512962102890026 0.64241620898246776 0.50088694691658031 0.94494947791099559 0.50558269023895275 0.77459675073623668 0.92637759447097789 0.71834936738014232 0.2152509689331055 1.0000000180025095e-35 0.36038962006568914 0.75716626644134533 0.5914268195629121 0.41060766577720648 0.270728349685669 0.74453234672546398 0.86391696333885204 0.92637759447097789 0.82972848415374767 0.21111111342906955 0.19292803853750232 1.5000000000000002 0.240384615957737 -0.39834177494049067 0.86706829071044933 0.60107529163360607 0.62731361389160167 0.85405564308166515 0.77459675073623668 0.70051544904708873 0.94570022821426403 0.53571429848670971 0.25371789932250982 0.84523808956146251 0.82426470518112194 0.33460560441017156 0.69504830241203319 0.92031747102737438 0.58745098114013683 0.93440860509872448 0.59411767125129711 1.0000000180025095e-35 0.41421568393707281
decision_type=2 2 2 2 2 2 2 2 2 2 2 2 2 2 2 2 2 2 2 2 2 2 2 2 2 2 2 2 2 2 2 2 2 2 2 2 2 2 2 2 2 2 2 2 2 2 2 2 2 2 2 2 2
left_child=1 2 16 4 7 22 31 8 9 -2 11 12 -4 14 15 -13 -1 18 28 -20 27 32 43 24 -5 34 -27 41 -9 30 -8 36 33 -21 35 48 -7 38 39 -15 -12 45 -10 -3 52 46 -11 -6 -16 -28 -46 -25 -19
right_child=3 5 10 23 47 6 29 17 42 20 40 13 -14 37 25 -17 -18 44 19 21 -22 -23 -24 51 -26 26 49 -29 -30 -31 -32 -33 -34 -35 -36 -37 -38 -39 -40 -41 -42 -43 -44 -45 50 -47 -48 -49 -50 -51 -52 -53 -54
leaf_value=-0.033489885072070631 0.030544339724976232 -0.035029360259070198 -0.014015026209021586 0.036021292063661413 0.027441924045486604 -0.032038265369397932 -0.022554321422972843 0.012364291779416146 0.031404578622089403 0.012192031063645048 0.015390175552083784 -0.019183917151111451 0.081696792513603608 0.017894111922416123 -0.0096881995025363283 0.056848070854563858 0.018745142145294338 0.019796635044915689 0.02277316276059372 -0.023282705099409377 0.010344279682542222 0.0093912778510918254 0.013538414505025308 0.039141303262776206 0.006022272374626836 0.046785508010113691 -0.0077551379286236065 0.005687101639873327 0.042106942133028194 0.045240915487916963 0.025328204389051076 0.013722640808569907 -0.030165351923209342 0.0083514179595894113 0.0047197451003236825 -0.032546948687818329 0.0054766713377990481 0.0057211429271401262 0.03758033166244442 -0.010626824832448352 0.02892597647716642 0.0012443069858659441 0.0075630943364787271 -0.0011152631754550726 0.024311055284299291 -0.033747236880165399 -0.015684933373433109 0.038930820970347717 0.015945871601139715 -0.030661809188313596 0.010619474385381076 0.024558228138446853 0.036354990841460072
leaf_weight=21.058227193076167 2.4807939026504817 608.46008956385776 0.81668685143813391 7.8845297545194652 21.392441252246499 7.5768700358457881 1.25966716883704 8.5935810431838018 3.4181973873637608 0.40003151260316794 14.871663817204533 1.3917354550212651 1.0416309526190159 4.6615716600790638 0.51295670354738909 1.9987650560215113 1.3422977309674013 5.6015907796099809 8.3556901626288909 3.2768217623233795 3.1313520381227127 8.5363055588677508 0.97395299421623249 393.85313905030489 9.0924405083060247 2.2208961443975559 2.4517229772172868 2.5984415747225276 6.9287529289722434 4.2303177299909294 2.1503842393867671 0.49670327547937621 4.0691236238926649 4.0754866967909056 0.60936968913301903 9.5568272513337416 0.3985333153977989 15.953438997268675 4.8993912041187277 3.9904206041246653 18.857781499624252 0.54105104133486825 3.982940876390785 0.92600100208073755 7.4897072091698629 12.181719029787926 0.89934334019199014 48.773396506905556 0.28714219899848104 2.9671292952261865 6.2427429780364037 8.6668852567672712 14.691520601511
leaf_count=4335 14 150987 125 64 173 1122 83 63 38 49 80 212 65 63 89 18 70 44 60 48 63 73 60 4015 59 49 45 28 46 39 24 9 35 69 17 799 5 69 24 27 119 4 43 84 58 1072 79 461 28 42 51 78 118
internal_value=-0.000562849 -0.0283042 0.00394518 0.0336111 0.0224865 -0.0339434 0.00130681 0.0134408 -0.00289528 -0.0117133 0.0128361 0.00561168 0.048222 0.0031183 -0.00883852 0.0275803 -0.029543 0.0196605 0.0123114 0.00315611 -0.0184055 -0.00558468 -0.0348803 0.0382495 0.021378 -0.0167217 0 -0.0243003 0.0275974 0.0307224 0.00574332 -0.0252943 -0.0169143 -0.00642798 -0.0272958 -0.0297374 -0.0293724 0.0121447 0.0185534 0.00463909 0.0236737 -0.030099 0.0214183 -0.0349855 0.0284067 -0.0315976 -0.00401059 0.035912 0.0013148 -0.0236659 0.0194678 0.0388976 0.0330931
internal_weight=1333.12 735.962 109.49 597.158 177.661 626.473 16.1125 107.495 29.6339 22.2327 87.0891 53.3597 1.85832 51.5014 21.9965 3.3905 22.4005 77.8613 43.8358 28.3134 19.7519 19.9577 610.36 419.497 16.977 18.606 7.63975 16.6206 15.5223 7.64037 3.41005 8.47211 11.4214 7.35231 10.9663 10.3569 7.9754 29.5048 13.5514 8.65199 33.7294 14.0221 7.40114 609.386 34.0256 13.4811 1.29937 70.1658 0.800099 5.41885 13.7325 402.52 20.2931
internal_count=165594 158689 6276 6905 2689 152413 1282 2055 1390 1309 1871 1672 190 1482 1299 230 4405 665 394 285 1295 225 151131 4216 123 1069 136 1232 109 146 107 1136 152 117 933 916 1127 183 114 90 199 1204 81 151071 271 1200 128 634 117 87 109 4093 162
is_linear=0
shrinkage=0.035


Tree=62
num_leaves=55
num_cat=0
split_feature=1 32 34 17 15 29 15 10 10 15 6 6 55 39 15 15 12 9 8 11 8 2 8 15 28 28 47 28 28 6 11 47 2 10 15 7 55 43 34 15 28 11 6 30 15 29 10 29 15 11 15 12 12 30
split_gain=991.09 112.029 28.8349 26.4796 19.6179 11.4908 8.69719 8.02924 8.65833 4.71223 3.87453 4.54255 4.06387 4.01157 3.64285 3.58316 3.35612 4.89275 7.60312 3.76566 5.76831 2.8627 9.23696 6.57157 2.66405 2.23847 2.15215 2.04116 1.90452 1.79403 1.58524 3.45152 1.50031 1.4956 1.58235 1.46705 1.44752 1.44472 1.07877 1.07845 1.06115 0.950552 0.86375 0.810552 0.807673 0.789655 0.657997 0.624224 0.528277 1.98884 0.498187 0.114632 0.00545503 0.00394902
threshold=0.078810192644596114 0.19785943627357486 0.36666667461395269 0.44949495792388922 0.87570226192474376 0.78319624066352855 0.77459675073623668 0.44949495792388922 0.080128207802772536 0.93419912457466137 0.71834936738014232 0.2152509689331055 -0.39834177494049067 1.5000000000000002 0.77836257219314586 0.46841755509376531 0.52148920297622692 0.91476997733116161 0.91366460919380199 0.71563342213630687 0.84680575132370006 0.3341702818870545 0.17267081141471866 0.270728349685669 0.82972848415374767 0.64174234867095958 1.0000000180025095e-35 0.56928694248199474 0.68599441647529613 0.3310502320528031 0.98936170339584362 1.0000000180025095e-35 0.11427757143974306 0.73214286565780651 0.73546314239501964 0.34330357611179357 0.15533946454524997 1.0000000180025095e-35 0.45000000298023229 0.70859703421592724 0.78024387359619152 0.7245689630508424 0.94804319739341747 0.36038962006568914 0.92031747102737438 0.82078272104263317 0.64583334326744091 0.7353600561618806 0.82426470518112194 0.90353596210479747 0.33520600199699407 0.99999997019767772 0.35360486805439001 0.41421568393707281
decision_type=2 2 2 2 2 2 2 2 2 2 2 2 2 2 2 2 2 2 2 2 2 2 2 2 2 2 2 2 2 2 2 2 2 2 2 2 2 2 2 2 2 2 2 2 2 2 2 2 2 2 2 2 2 2
left_child=1 3 4 6 5 7 35 8 15 16 11 24 -13 36 41 32 -5 18 19 -18 39 22 -4 -24 -7 -16 40 51 -15 -25 31 -8 -2 34 -19 50 -14 -17 47 -21 43 -9 -37 -10 45 -6 -36 -29 53 -50 -1 -3 -52 -12
right_child=2 27 21 9 44 10 30 14 26 -11 48 12 13 28 25 37 17 33 -20 20 -22 -23 23 29 -26 -27 -28 38 -30 -31 -32 -33 -34 -35 46 42 -38 -39 -40 -41 -42 -43 -44 -45 -46 -47 -48 -49 49 -51 52 -53 -54 -55
leaf_value=-0.012168541343324917 0.014242952508015353 -0.035013919744354596 0.037937926268054742 0.041162510559349344 0.013208594289410779 0.010531139454136846 -0.025132517337004723 0.049561031905915473 -0.036578818533253184 0.028844692984124513 0.019534999556979706 -0.022371002916841298 0.028365580706233288 0.0067947015061662619 -0.02689990681501472 0.040030446827104618 0.04751385986387284 0.022497176015279889 -0.038021964581044176 0.00081955167633641587 0.030938772150575521 0.039001100433244021 0.032903345012581783 -0.026059132635154605 0.041587968098033237 0.015331217155309556 0.01345015162594884 -0.021188075869403588 -0.022674872378537936 0.0018790539929237765 0.038026883267921155 0.029314946173590057 -0.025271573616063123 0.025892883479151356 0.0092528454324746993 -0.032496072035628848 0.0035756077333564643 0.0012066195482848677 0.022830447674686099 -0.028831288594302132 0.0066479506636360538 0.014758740863819744 0.0010275141091543106 -0.0041843268253338025 0.03863224899943022 0.031288797419933005 -0.0020246040091320017 0.0099616167696725301 0.00097968796407136324 0.028824347564313596 0.00054135828131329018 -0.01190678551380088 0.017012314029625962 0.036023043302684569
leaf_weight=0.67935964930802828 0.87445707246661397 584.44137702113949 33.930541351437569 2.8183532853145143 7.4885851051658419 8.3299867548048478 1.9376837101299307 2.6579000228084606 13.926602722844107 20.138037258759141 5.5421154061332372 5.2079647472128299 8.9823668040335196 4.4205095730721933 1.8718143419828264 3.2165005188435316 1.4224272633437092 7.0519081465899971 5.7880417285487047 1.7175103616900722 3.2223691153340042 363.78157489513978 5.1874865666031829 4.6284728869795781 6.7847143858671179 2.2799894530326128 0.70842540590092618 1.6456204261630767 4.3657648162916303 4.9570006649009883 1.5222595904488114 1.7642026068642735 2.4864979451522231 8.6053792983293516 12.209556031040847 26.288377630757171 5.0028914529830208 1.9815429591108111 0.48650899529457081 4.2405319407116622 0.36615239828825075 3.5370430548209697 0.70387987792491813 1.5734063098207105 48.52042846288532 14.621932469308375 10.837374433875084 0.26479616295546282 5.2550944946706286 8.3165616169571859 0.59606065787374973 2.0212463480420402 0.2772065345197916 14.323684245347975
leaf_count=109 12 150255 332 50 55 62 113 51 1725 129 42 61 79 55 79 55 76 43 62 61 46 3834 43 28 46 16 6 287 34 54 28 16 227 41 76 5581 51 56 3 226 2 94 5 38 470 125 47 2 41 68 67 268 44 118
internal_value=-0.000545124 -0.0287389 0.0326358 0.00332423 0.0208254 0.0115027 -0.0221244 -0.0047956 -0.0154296 0.0145195 0.0190682 0.0115641 0.00279176 0.00939285 0.0198105 0.0119756 0.00907372 0.00666531 -0.00886816 0.00865044 -0.00110302 0.0377938 0.0281027 0.00431811 0.0264048 -0.00455478 -0.0296567 -0.0348288 -0.00831136 -0.012468 0.0165669 0.000787144 -0.0132795 0.0133894 0.00898442 -0.029645 0.0205615 0.0283777 -0.000741413 -0.0208915 -0.0324723 0.0349899 -0.0314914 -0.0339555 0.0351943 0.0261532 0.00394063 -0.0137287 0.0280212 0.0190899 0.000844981 -0.0349606 0.0139288 0.0327477
internal_weight=1295.81 700.68 595.128 111.821 182.643 112.012 33.769 35.4803 25.1336 78.0515 76.5317 43.0942 27.9795 22.7715 10.3467 8.559 57.9135 55.0951 16.3909 10.6028 9.18041 412.485 48.7035 14.773 15.1147 4.1518 16.5746 588.86 8.78627 9.58547 5.22415 3.70189 3.36096 38.7042 30.0988 28.5449 13.9853 5.19804 2.39693 5.95804 15.8662 6.19494 26.9923 15.5 70.6309 22.1105 23.0469 1.91042 33.4375 13.5717 1.55263 586.463 0.873267 19.8658
internal_count=165594 157635 7959 6820 3668 3018 5963 2361 2121 857 657 388 280 219 240 350 728 678 471 409 333 4291 457 125 108 95 1771 150815 89 82 157 129 239 207 166 5806 130 111 292 287 1765 145 5586 1763 650 180 123 289 269 109 220 150523 111 160
is_linear=0
shrinkage=0.035


Tree=63
num_leaves=54
num_cat=0
split_feature=29 22 17 34 15 1 10 29 36 15 14 8 12 8 10 8 12 14 15 12 6 10 14 15 27 15 8 30 15 2 8 30 14 10 37 8 41 30 15 41 7 7 14 12 11 2 48 38 15 54 53 7 37
split_gain=951.007 105.713 24.7793 24.2518 16.3331 16.3209 10.666 8.07164 5.24062 4.91468 4.33661 4.21458 5.47326 4.13779 3.59221 7.27068 3.37478 5.1109 4.9324 4.92794 3.13814 4.3962 3.10398 3.08608 2.98807 2.96169 2.67033 2.54596 2.16935 5.44153 4.20584 2.13002 1.87261 1.85313 1.5368 1.35492 1.22581 3.51204 1.20013 1.03286 1.54619 1.56411 1.09645 1.01827 0.935329 0.860771 0.736973 0.613466 0.516229 0.248471 0.235958 0.227465 0.147241
threshold=0.60326328873634349 1.0000000180025095e-35 0.30384616553783422 0.45000000298023229 0.87570226192474376 0.082333475351333632 0.44949495792388922 0.78319624066352855 1.0000000180025095e-35 0.89512962102890026 0.58759590983390819 0.64241620898246776 0.50088694691658031 0.92637759447097789 0.095454547554254546 0.83457711338996898 0.78395128250122081 0.83096903562545787 0.84074437618255626 0.51348406076431286 0.069570478051900878 0.44949495792388922 0.44092722237110143 0.67017546296119701 0.5914268195629121 0.270728349685669 0.84680575132370006 0.42481203377246862 0.30471627414226538 0.28638668358325964 0.64241620898246776 0.16172623634338382 0.81375637650489818 0.58571431040763866 1.5000000000000002 0.8521554470062257 1.0000000180025095e-35 0.58114033937454235 0.78086888790130626 2.5000000000000004 0.75582656264305126 0.77015754580497753 0.66978195309638988 0.53307148814201366 0.89009663462638866 0.62731361389160167 1.0000000180025095e-35 0.84523808956146251 0.92031747102737438 0.010260170325636865 1.0000000180025095e-35 0.86391696333885204 1.5000000000000002
decision_type=2 2 2 2 2 2 2 2 2 2 2 2 2 2 2 2 2 2 2 2 2 2 2 2 2 2 2 2 2 2 2 2 2 2 2 2 2 2 2 2 2 2 2 2 2 2 2 2 2 2 2 2 2
left_child=1 2 13 4 7 24 34 8 43 11 28 12 -4 -1 -12 27 17 33 38 -19 -10 32 25 -23 47 -5 -21 -16 -9 -30 -31 -8 46 39 45 49 37 -17 -18 40 -13 -42 -41 -2 -11 -7 52 -3 -6 -25 -24 -43 -22
right_child=3 5 9 22 48 6 31 10 20 44 14 16 -14 -15 15 36 18 19 -20 26 21 23 50 35 -26 -27 -28 -29 29 30 -32 -33 -34 -35 -36 -37 -38 -39 -40 42 41 51 -44 -45 -46 -47 -48 -49 -50 -51 -52 -53 -54
leaf_value=-0.03337233010114625 0.0037754129220109504 -0.035011265279120712 -0.013788743837244781 0.035509397984561181 0.026564600153183231 -0.031861436224509043 0 0.01962807827866208 0.02247552053656645 0.0090765076749766156 0.037679773514224475 -0.03447108943567475 0.077311923502423802 0.018566379281304942 -0.019671919276390119 0.031495075890816453 0.01080081131998044 0.056763656138061683 -0.0047666858089142295 -0.024363225943623289 -0.033741937873358135 0.035172590894136088 0.038805632582610071 -0.0020618258132468177 0.013625021716269848 0.0056710604165804068 0.019689818067499889 0.0091716113323866526 -0.027563871197947457 0.03603028566522648 -0.0079196205120340441 0.039708560154281071 0.0074231899409692419 0.0026880263493965603 0.013259352807055242 0.010736797024272927 0.036534455101982666 -0.0036273537410683289 0.033283543656767049 0.02357907220238923 0.018392653555755742 -0.023545841138833318 -0.015658487536601144 0.032841604479509047 0.025953437170646614 0.0052256741323429999 0 -0.00083556552282135752 0.038470699477570758 -0.027879394007064538 0.023994596184559416 0 -0.0021916253830137561
leaf_weight=19.773842704016719 3.0296627110801664 567.71976171410643 0.79708958370610972 7.6202681288123157 20.658952459692955 7.1883981430437398 2.1056665284559122 7.0600993242114809 2.0869981199502972 7.2817499479278913 16.681823059916496 7.5945761404000276 1.1167200384661553 1.3471845970489074 5.6880140961147827 7.5186939761042595 7.3638147176243383 1.6104284338653077 12.643932797946034 2.3565721698105335 10.719351510051636 1.9960329639725376 370.09550069272518 1.1396279642358424 0.9675772930495431 9.2319726198911649 2.363914767280221 7.4542890340089798 5.5265013417229047 4.0933780944906157 4.7857522899284959 5.3573603387922049 1.2687037796713401 4.1189752914942792 0.49179684743285168 1.7490450604818759 12.098083812743425 5.3121305108070374 7.7851586127653718 0.58732978627085575 1.2184580275788905 1.8030123906210067 0.90598282776772976 3.6610121005214751 25.725194375962019 0.38777778483927239 0.99501664470881301 0.90380355669185419 46.035096228122711 1.6719351867213843 8.5381953269243223 0.73275024350732554 0.57489272719249207
leaf_count=4335 55 150987 125 65 173 1122 73 56 11 41 133 775 65 70 49 60 51 10 72 123 1105 30 4022 25 60 49 32 47 79 32 58 73 12 67 9 14 109 42 54 41 33 126 85 32 158 5 16 84 461 76 80 13 14
internal_value=-0.000528263 -0.0280444 0.00386141 0.0330329 0.021786 -0.0338884 0.0012184 0.0129383 -0.00265138 0.012266 0.0188511 0.00539706 0.0464574 -0.0292117 0.0240283 0.0171458 0.00292918 -0.00665383 0.011034 0.0180926 -0.010971 -0.0155071 0.0378427 0.0069463 -0.0348522 0.0205927 -0.00210508 -0.00357273 0.00500778 -0.00273931 0.0135837 0.0295997 -0.0263373 -0.0165786 -0.0250179 -0.00888168 0.0279199 0.01749 0.0239171 -0.0227588 -0.0261251 -0.00480596 0.00163756 0.0223373 0.0227095 -0.0291671 -0.0303823 -0.0349647 0.0352813 -0.0216193 0.0385449 -0.0189922 -0.0327296
internal_weight=1259.54 692.249 107.127 567.291 171.805 585.122 15.531 105.111 28.8923 86.0057 76.2188 52.9987 1.91381 21.121 54.753 38.0712 51.0849 23.292 27.7929 6.33092 22.2016 20.1146 395.486 6.55664 569.591 16.8522 4.72049 13.1423 21.4657 14.4056 8.87913 7.46303 13.558 16.9611 8.06797 4.56061 24.9289 12.8308 15.149 12.8421 11.3488 3.75422 1.49331 6.69067 33.0069 7.57618 12.2893 568.624 66.694 2.81156 378.634 2.53576 11.2942
internal_count=165594 158689 6276 6905 2689 152413 1282 2055 1390 1871 665 1672 190 4405 440 307 1482 1305 177 165 1303 1292 4216 145 151131 114 155 96 225 169 90 146 1147 1140 1136 115 211 102 105 1073 947 172 126 87 199 1127 1135 151071 634 101 4102 139 1119
is_linear=0
shrinkage=0.035


Tree=64
num_leaves=62
num_cat=0
split_feature=29 22 34 17 1 15 0 29 36 17 14 8 9 10 10 8 8 9 0 14 41 14 27 15 15 30 27 11 9 29 29 14 15 0 14 6 14 16 10 15 0 1 8 30 15 41 30 8 6 0 9 6 38 15 32 16 16 53 11 28 0
split_gain=912.224 103.822 24.159 23.6466 16.046 15.9258 10.2432 7.52688 4.95897 4.77912 4.15736 4.05796 3.59338 4.25082 3.53545 7.08608 3.3887 5.12213 3.23449 3.15655 3.12007 3.53255 2.95847 2.9454 2.9024 2.55999 2.14711 2.13202 2.4189 2.09524 2.03842 1.82172 1.76569 5.34476 1.55556 1.47182 4.63374 2.5949 1.73753 1.41446 1.95863 1.39876 1.30976 1.30968 1.25213 1.21663 3.39136 1.16823 1.13072 0.848655 0.796105 0.707196 0.613958 0.566906 0.840148 0.543401 0.283538 0.271434 0.189463 0.13235 0.125177
threshold=0.60326328873634349 1.0000000180025095e-35 0.36666667461395269 0.30384616553783422 0.082333475351333632 0.87570226192474376 0.81607216596603405 0.78319624066352855 1.0000000180025095e-35 0.86607143282890331 0.58759590983390819 0.92637759447097789 0.1702898591756821 0.44949495792388922 0.095454547554254546 0.83457711338996898 0.64241620898246776 0.81725418567657482 0.53636872768402111 0.44092722237110143 2.5000000000000004 0.89699381589889537 0.5914268195629121 0.67017546296119701 0.270728349685669 0.42481203377246862 0.40792746841907507 0.88516482710838329 0.75147059559822094 0.84764185547828685 0.53863716125488292 0.81375637650489818 0.30471627414226538 0.33895938098430639 0.84889996051788341 0.82807883620262157 0.83752354979515087 0.89386734366416942 0.58571431040763866 0.80673459172248851 0.80084761977195751 0.32986950874328619 0.8521554470062257 0.3514705896377564 0.81120249629020702 1.0000000180025095e-35 0.58114033937454235 0.56949809193611156 0.48934240639209753 0.55229255557060253 0.99230769276618969 0.68457102775573742 0.84523808956146251 0.92031747102737438 0.93305322527885448 0.48050633072853094 0.91715687513351452 1.0000000180025095e-35 0.80707195401191723 0.64174234867095958 0.99999997019767772
decision_type=2 2 2 2 2 2 2 2 2 2 2 2 2 2 2 2 2 2 2 2 2 2 2 2 2 2 2 2 2 2 2 2 2 2 2 2 2 2 2 2 2 2 2 2 2 2 2 2 2 2 2 2 2 2 2 2 2 2 2 2 2
left_child=1 3 5 11 22 7 26 8 49 16 29 -1 -10 31 -12 25 18 27 47 24 21 35 52 -15 -4 -16 30 48 44 55 -6 43 -31 -34 56 37 -37 38 -19 40 51 -28 59 -14 -29 46 -17 -5 -18 -2 -23 -39 -3 54 -7 -9 58 -21 -22 -25 -11
right_child=2 4 19 9 6 53 -8 10 12 60 14 -13 13 23 15 45 17 20 -20 57 34 50 -24 42 -26 -27 41 28 -30 32 -32 -33 33 -35 -36 36 -38 39 -40 -41 -42 -43 -44 -45 -46 -47 -48 -49 -50 -51 -52 -53 -54 -55 -56 -57 -58 -59 -60 -61 -62
leaf_value=-0.033306077096897445 0.0048069505857051492 -0.035001937125462075 0.035219317902959443 0.025209859567647069 -0.018135433303482825 0.030082548513080603 0.035435130751276529 -0.00042662872088132346 0.02722349973919699 0.034567446392416691 0.037249757290295983 0.018062716952311719 -0.034729506138611255 0.034314027662760094 -0.02020133467417657 0.031101347458853255 0.0052250371850643736 -0.029439555251991933 0.082987367719559488 0.038631504104888741 0.0036898608031662255 0.01262188130398622 0.013322315936096155 -0.026833191985910651 0.0055052828707902032 0.0089149311896982806 -0.032499537951592321 -0.0017780812924271209 -0.021930799668147351 0.025896292388159024 0.029830464072147622 0.0072752928866725393 -0.022548114429934894 0.02271265585899852 -0.035044375769763471 0.034409518447363806 0 0.010536781542660576 0.011547539784513146 -0.010098780891355122 0.027755866908933467 0.010613114414017502 0.010528395901171272 -0.0015137191386689936 0.039930605044616527 0.036223467597446483 -0.0035128478654020182 -0.014834463002974531 -0.033511644656676193 0.031938335701502583 0.03367028249477607 -0.010007931778210265 -0.00082192103047688933 0.038242257514416914 0.0090976923504551242 -0.022581692665969055 0.012006966390225643 0.023603031853151268 -0.013046057792381239 -0.0036363448959877815 0.018938616952504862
leaf_weight=19.13300315709785 3.1736461664550033 548.3370729687158 7.4258014857769039 0.67225540615618118 1.1878137090243384 15.67284467443824 5.6477712825871995 2.9879941255785551 1.7710529714822794 8.2333957105875015 16.30207671225071 1.3638676065020252 10.218569952528926 1.9993270491249848 5.5464054555632156 7.3628181274980307 0.62241947278380205 3.974536936264486 0.42623968329280604 359.14468275010586 0.51226437697187044 6.1535801999270889 0.97747245617210765 1.5793106390628966 9.2076719999313337 7.4297359995543957 6.8379835283849388 1.142873391974718 1.6279954100027678 5.3109036497771767 1.1426441175863145 1.2695021191611875 4.8552238168194872 6.0135440155863762 1.7023424762301145 6.651927926111969 13.322286374866961 2.8289329586550576 0.95504572102800001 3.4605168323032567 4.7337403949350119 0.43861863017082203 1.7411725516431031 2.0357579765841356 1.0463501145131884 11.678830038756132 5.3256523981690407 0.88006532937288284 5.0779311722144485 3.4971610000357032 8.4401358738541603 3.4052100908011198 0.9032609979622056 44.718465052545071 4.6339395716786376 2.2283057910390198 0.99582250555977214 8.3951845318078977 0.694382777903229 1.1985711324959991 8.0280220955610275
leaf_count=4335 55 150987 65 70 142 135 44 53 10 51 133 70 1068 30 48 60 57 417 19 4025 32 52 60 87 49 47 1038 75 134 31 55 12 48 42 27 68 79 59 16 54 27 3 14 67 11 108 42 101 309 32 43 48 84 461 38 51 7 80 60 14 55
internal_value=-0.000512129 -0.0279054 0.0327545 0.00380779 -0.0338573 0.021441 0.00125139 0.0126634 -0.00249267 0.0119602 0.0184195 -0.0290439 -0.0107038 -0.0153561 0.023571 0.0166925 0.0076565 0.00588647 0.0445274 0.0376405 0.00987183 0.0121624 -0.0348376 0.00679312 0.0202142 -0.00383479 -0.0199606 -0.0166328 0.00275424 0.00487137 0.00622711 -0.0260055 0.0111004 0.0020029 -0.0170777 0.00627008 0.0127014 -0.000491966 -0.0203003 0.00692598 0.012985 -0.0285096 -0.00875979 -0.0300061 0.0233291 0.027482 0.017122 0.00421873 -0.0286111 0.0217962 0.026398 -3.35094e-05 -0.0349537 0.0349593 0.0261099 -0.0125641 0.00232283 0.0383627 -0.00590261 -0.0213627 0.0285986
internal_weight=1224.28 671.558 552.724 106.085 565.473 168.551 15.2548 103.526 28.4841 85.5883 75.0415 20.4969 21.8133 20.0422 53.6455 37.3434 69.3269 67.3483 1.97856 384.173 57.8307 53.9259 550.218 6.51838 16.6335 12.9761 9.60706 9.51757 3.81722 21.396 2.33046 13.5238 16.1797 10.8688 3.90481 39.3322 19.9742 19.358 4.92958 14.4284 10.9679 7.2766 4.51905 12.2543 2.18922 24.3673 12.6885 1.55232 5.70035 6.67081 14.5937 6.23414 549.24 65.0252 20.3068 5.2163 2.20247 367.54 1.20665 2.77788 16.2614
internal_count=165594 158689 6905 6276 152413 2686 1282 2052 1389 1871 663 4405 1302 1292 438 305 1765 1575 190 4219 989 863 151131 145 114 95 1238 586 220 225 197 1147 121 90 126 768 147 621 433 188 134 1041 115 1135 86 210 102 171 366 87 95 107 151071 634 173 104 99 4105 92 101 106
is_linear=0
shrinkage=0.035


Tree=65
num_leaves=55
num_cat=0
split_feature=29 23 34 17 6 30 30 36 38 2 10 9 17 27 8 14 41 54 28 40 8 12 9 12 9 16 27 28 12 11 9 14 11 12 6 8 2 35 10 7 14 12 2 6 54 10 0 29 11 9 2 53 6 0
split_gain=875.029 103.544 25.3851 22.5965 16.1113 10.6291 7.71602 6.88815 7.80058 6.01709 5.49029 5.32707 4.57755 4.24773 3.97982 3.74988 3.55687 3.73253 3.55613 5.42325 3.2907 4.91493 4.8379 3.24616 3.91626 2.23018 2.17066 3.00764 2.12489 2.06497 2.32888 1.63508 1.55977 2.49957 1.67103 1.51433 1.40695 1.36779 1.43971 1.35387 1.24515 3.09291 1.12896 1.11065 0.999319 0.871792 0.808687 0.78266 1.40231 0.62516 0.309914 0.297085 0.228565 0.121833
threshold=0.58656641840934765 1.0000000180025095e-35 0.45000000298023229 0.30384616553783422 0.83827373385429393 0.18019481003284457 0.5419580638408662 1.0000000180025095e-35 0.36666667461395269 0.11427757143974306 0.44949495792388922 0.95553359389305126 0.86607143282890331 0.5914268195629121 0.92637759447097789 0.44092722237110143 1.0000000180025095e-35 -0.2226719334721565 0.64174234867095958 1.5000000000000002 0.64241620898246776 0.50088694691658031 0.81725418567657482 0.49146202206611639 0.94494947791099559 0.26158231496810919 0.501101315021515 0.68599441647529613 0.24319982528686526 0.88516482710838329 0.75147059559822094 0.91331186890602123 0.89379698038101207 0.83034139871597301 0.83047896623611461 0.79705882072448742 0.46851472556591039 1.0000000180025095e-35 0.76388889551162731 0.75905716419219982 0.84028983116149913 0.79604920744895946 0.62731361389160167 0.48934240639209753 0.41516898572444921 0.36931818723678594 0.7064650058746339 0.7353600561618806 0.82247900962829601 0.84292763471603405 0.36545780301094061 1.0000000180025095e-35 0.2152509689331055 0.99999997019767772
decision_type=2 2 2 2 2 2 2 2 2 2 2 2 2 2 2 2 2 2 2 2 2 2 2 2 2 2 2 2 2 2 2 2 2 2 2 2 2 2 2 2 2 2 2 2 2 2 2 2 2 2 2 2 2 2
left_child=1 5 4 14 6 13 7 26 9 -9 42 18 20 37 -3 25 17 -8 44 28 21 -5 29 -24 32 -4 -2 50 52 43 39 40 33 -25 49 36 -30 -1 -39 -31 41 -26 -7 -22 -11 -10 -36 -6 -49 -34 -28 -17 -20 -14
right_child=2 3 15 12 47 10 16 8 45 11 -12 -13 53 -15 -16 51 -18 -19 19 -21 22 -23 23 24 31 -27 27 -29 35 30 -32 -33 34 -35 46 -37 -38 38 -40 -41 -42 -43 -44 -45 -46 -47 -48 48 -50 -51 -52 -53 -54 -55
leaf_value=-0.034998963033347062 0.039803114302619506 -0.033238375226887037 0.03410733446603062 -0.013670104316299952 0.016739508973086618 -0.026644943996697559 0 0.028510761829056243 0.010214822021146236 -0.034988656500501175 0.03348445577108481 0.017684803399716485 0.034033980760728583 0.018144608701055571 0.017574271088421835 0.038399989109895546 0.040761527535929556 0.031834224991643935 -0.0026197519189360462 -0.036634081231154303 0.0051454167883968225 0.071709160033694652 0.043293806910695155 -0.030760774182941868 -0.0031686147646912011 0.007291655598935169 -0.010448180406127482 0.028980262703878597 0.001412375203633301 -0.0024218747997332758 -0.021717298655975267 0.028231328577758241 0.0045770234354131452 0.012084619288694184 0.020224333538977492 -0.0048295073780110845 0.033123193678636906 -0.020229990607014699 0.021555180585584147 0.040467324120043939 0.001273406984352863 0.025916782285541874 0.011329797922801206 -0.033240235500574908 0.0020693969245103605 0.035293856468104935 -0.00069414767651636115 0.013736716663049145 0.036156273541857645 -0.024423258031481467 0.0027180088370504893 0.023214613687453766 -0.024008528874469071 0.018545661750809659
leaf_weight=530.87519892468117 5.4312825971283045 18.513908017892394 6.257050774991515 0.7875845124945039 7.0980491810478261 3.3970338259823616 9.9380964301526564 3.6754349372349671 4.8896419494412822 11.939506911672652 3.5714128618128598 4.8270597243681541 8.0880217701196688 1.2012008735910047 1.3802113751880813 349.50574703142047 11.409386761486532 7.1022843047976485 1.649699568748477 4.9520440560299894 0.62535113422199895 1.2192922881804404 2.3875517183914772 4.6213023583404746 6.5131658483296659 10.4519777148962 3.1473924154415709 5.5507674217224121 3.3854365276638401 1.1817693989723927 1.5968431127257643 6.7935753911733618 0.63986905524507021 1.600294940639287 3.7187270927242935 4.1599161773920059 3.3460711166262627 1.5059985851403319 0.67257845401763905 1.0209817509166894 14.588205575942991 11.005010706372557 0.47610535472631443 4.9506326243281364 0.65183316962793547 4.4821243030019104 3.6388267539441586 5.9177208542823783 60.077092818915844 2.1371674246620387 3.3356448784470558 8.256112761795519 1.8815377498976884 7.9340586811304084
leaf_count=151052 60 4335 57 125 79 656 73 24 71 1356 74 59 51 63 70 4034 92 61 11 89 57 65 69 375 74 61 51 40 71 70 134 38 65 18 41 40 21 201 3 16 65 54 4 309 38 36 47 54 604 143 29 80 74 55
internal_value=-0.000494833 -0.0279894 0.0322132 0.00377137 0.0206947 -0.0341444 0.0110129 0.00434107 -0.00231629 -0.00912518 0.00623319 -0.0136323 0.0116949 -0.0347242 -0.0288732 0.0373286 0.0259946 0.0142019 -0.0188606 -0.00846348 0.00748775 0.0436357 0.00572824 0.00959123 0.00732907 0.0188899 0.0226254 0.0121449 0.00273019 -0.0163204 0.00273009 0.0133007 -0.00661972 -0.0191082 0.00176019 0.0105311 0.0198732 -0.0348836 -0.00350584 0.0227928 0.00927842 0.0153268 -0.0198916 -0.0282752 -0.0328016 0.024793 0.0106147 0.0330113 0.0344332 -0.0173719 -0.00374826 0.038125 -0.017572 0.0281099
internal_weight=1189.96 646.642 543.319 104.942 168.848 541.7 95.7552 67.3054 49.8403 40.4685 7.44455 36.7931 85.0482 534.255 19.8941 374.471 28.4498 17.0404 31.966 19.3747 69.0262 2.00688 67.0193 57.6437 55.2561 16.709 17.4651 12.0338 14.4227 9.37558 3.79959 38.9 16.3562 6.2216 10.1346 10.8914 6.73151 533.054 2.17858 2.20275 32.1064 17.5182 3.87314 5.57598 12.5913 9.37177 7.35755 73.0929 65.9948 2.77704 6.48304 357.762 3.53124 16.0221
internal_count=165594 158329 7265 6276 3033 152053 2296 2070 1890 1783 734 1759 1871 151319 4405 4232 226 134 1700 306 1765 190 1575 989 920 118 180 120 217 586 220 231 689 393 296 132 92 151256 204 86 193 128 660 366 1394 107 88 737 658 208 80 4114 85 106
is_linear=0
shrinkage=0.035


Tree=66
num_leaves=61
num_cat=0
split_feature=29 22 34 17 15 30 2 29 38 43 17 8 28 2 10 16 10 8 9 12 12 9 15 38 12 6 8 12 27 10 6 11 9 9 27 15 6 0 6 8 0 8 41 30 7 7 28 10 12 15 15 6 27 36 15 32 53 11 0 35
split_gain=839.374 100.13 23.9885 21.585 15.2096 14.1457 9.65575 6.87312 5.43618 4.77306 4.38908 3.9033 3.85411 3.35415 6.7031 3.30089 3.22536 3.06362 4.57566 4.54063 3.03481 3.68836 2.99089 2.55644 2.55308 3.81705 2.34799 2.46848 2.2318 2.22525 2.02203 1.99976 2.24403 1.99333 1.75072 1.49717 1.69253 3.9952 2.11387 1.51154 1.45214 1.40774 2.69251 5.149 1.38238 1.29506 1.27956 1.14692 2.16337 2.51923 2.7009 1.09085 1.02136 0.979276 0.665429 0.847715 0.379638 0.211585 0.118991 0.100202
threshold=0.60326328873634349 1.0000000180025095e-35 0.45000000298023229 0.30384616553783422 0.87570226192474376 0.16172623634338382 0.62731361389160167 0.78319624066352855 0.58571431040763866 1.0000000180025095e-35 0.86607143282890331 0.92637759447097789 0.68599441647529613 0.58757218718528759 0.087121214717626586 0.41060766577720648 0.30384616553783422 0.64241620898246776 0.81725418567657482 0.50088694691658031 0.49146202206611639 0.94494947791099559 0.270728349685669 0.46428571641445165 0.19413144141435626 0.2152509689331055 0.55848154425621044 0.66934204101562511 0.46192501485347753 0.58571431040763866 0.65648320317268383 0.88516482710838329 0.75147059559822094 0.50423729419708263 0.49720634520053869 0.94570022821426403 0.70926907658576976 0.69439807534217846 0.83047896623611461 0.87026646733284008 0.36078302562236791 0.99438202381134044 1.0000000180025095e-35 0.59411767125129711 0.82078272104263317 0.75905716419219982 0.80608585476875316 0.68333333730697643 0.88282340764999401 0.78086888790130626 0.70051544904708873 0.48934240639209753 0.5914268195629121 1.0000000180025095e-35 0.92031747102737438 0.93305322527885448 1.0000000180025095e-35 0.4246212244033814 0.99999997019767772 1.0000000180025095e-35
decision_type=2 2 2 2 2 2 2 2 2 2 2 2 2 2 2 2 2 2 2 2 2 2 2 2 2 2 2 2 2 2 2 2 2 2 2 2 2 2 2 2 2 2 2 2 2 2 2 2 2 2 2 2 2 2 2 2 2 2 2 2
left_child=1 3 4 11 7 8 33 9 52 12 17 -1 26 14 24 22 40 19 31 -5 -20 35 -4 28 25 46 34 57 53 -10 -18 51 45 -7 -2 36 37 -22 -38 -40 -16 -15 43 -43 -35 -33 -9 48 49 50 -23 -19 59 -11 55 -6 -17 -28 -12 -3
right_child=2 5 15 10 54 6 -8 13 29 23 58 -13 -14 41 16 56 30 18 20 -21 21 47 -24 -25 -26 -27 27 -29 -30 -31 -32 32 -34 44 -36 -37 38 -39 39 -41 -42 42 -44 -45 -46 -47 -48 -49 -50 -51 -52 -53 -54 -55 -56 -57 -58 -59 -60 -61
leaf_value=-0.033169178394948845 0.037950784348127278 -0.035005836997711148 0.034608194333504677 -0.013539602740677548 0.029295043439505012 0.016375578754212125 0.038967322286322589 0.0086634613108369177 -0.015623245408197062 0.024581050528710985 0.033511634275188905 0.017100516831273858 0.031006122386950444 0.037327006284893362 -0.0004344317758092127 0.038302834289491751 -0.008774651791144273 0.0050669286747877709 0.041729784584636158 0.067996984163884527 -0.020159136362302602 0.020223522488467916 0.0037874092791889877 0.014233858058541748 0.037500994655977983 -0.0088323983882879556 0 0.0063958382828498877 -0.03305823884697344 0.03677071276668966 0.017440769589868028 -0.0023787989918894778 -0.021505408254414684 -0.031257118728729077 -0.0042375390325566226 0.021430076457707788 -0.030274853386786045 0.0483739766506514 0.014849740977397045 -0.013313806896937948 -0.037726026571039843 0.027582505216574491 0.032188311422941179 -0.018430449615119925 0.0087172568017692791 0.039477725743533885 0.03415383002830541 0.024172569220998932 -0.0015050871725280522 0.031348606462997773 -0.012710909998546649 -0.032970252255773332 0.00032330678442756716 -0.012596458228937317 0.037851406619781369 0.0082792764834029847 0.022487308269902223 -0.030287603931702298 0.018158975364229776 -0.0054962589808135801
leaf_weight=17.915823660790924 1.5080793215893238 512.21616601757705 6.9523280411958686 0.77716750930994694 15.047333475202324 0.80021819774992575 4.5577278882265091 5.6913081593811565 0.94023133115842883 0.77236335165798664 7.9447304457426053 1.3962198821827758 5.315845558885484 11.221811991184952 2.1528249955736127 338.28653291612864 6.0878766672685725 0.62825033999979307 2.4271011692471793 1.2940774564631281 1.3211424744222342 5.2555249081924611 8.5952161401510221 1.5455119116231788 8.3363143550232035 5.8228407232090822 0.42612962215207328 3.9574515165295452 7.9642155044712126 1.1659975955262778 6.2661139713600278 1.1792124030180282 1.5665266725700346 6.1967958980239928 1.7258782912977038 1.1026878207921971 5.1599079109728319 0.9341519905719905 2.857854702975601 4.8309591235592961 3.1946743009611964 5.0129711553454399 8.4346782863140106 4.8856217041611671 0.6507974884007125 1.0347636155784128 6.1586794033646584 8.3776694685220701 13.05971050262451 7.2056471714749923 4.9123066430911422 4.8268604814074934 0.79097529104910691 0.69922053208574808 42.360826171934605 4.5213934779167166 7.9096344858407965 3.9306416099425405 7.8423399478197098 0.83008344401605327
leaf_count=4335 39 150860 64 125 135 72 41 42 100 15 51 70 51 95 36 4015 45 57 69 65 163 64 59 21 69 73 24 56 643 6 42 70 134 1122 63 7 397 14 53 55 58 43 82 38 24 16 42 43 57 36 31 309 68 107 461 38 78 371 55 120
internal_value=-0.00047718 -0.0276283 0.0322047 0.00372924 0.0207948 -0.0337962 0.00295245 0.0121789 -0.0346763 -0.00245821 0.0114271 -0.0286995 0.0089587 0.0177472 0.011043 0.0372661 -0.00527151 0.00731366 0.0055882 0.0418163 0.00933573 0.00712476 0.0190395 -0.0195677 0.0220601 0.0129709 -0.0025734 -0.0124459 -0.0262729 0.0147551 0.00457039 -0.016014 0.00270886 -0.0201301 0.0189262 -0.00648022 -0.00993939 0.0132923 -0.0149353 -0.0019386 -0.025698 0.0268619 0.0186758 0.00494359 -0.0263852 0.0222914 0.0238106 0.0129139 0.00903289 0.0167956 0.00428534 -0.0279411 -0.034914 0.00755078 0.0343891 0.0252481 0.0380174 -0.0282131 0.0276296 -0.0349757
internal_weight=1156.78 632 524.784 103.851 163.041 528.149 12.2055 101.111 515.943 27.8453 84.5386 19.312 16.864 73.2657 43.7106 361.744 17.7015 68.7515 66.6803 2.07124 57.4447 55.0176 15.5475 10.9813 26.0091 17.6728 11.5482 8.31422 9.4358 2.10623 12.354 9.23561 3.7805 7.64781 3.23396 16.2067 15.104 2.25529 12.8487 7.68881 5.3475 29.5551 18.3333 9.89859 6.84759 2.21398 11.85 38.8109 30.4332 17.3735 10.1678 5.45511 513.837 1.47158 61.9296 19.5687 346.196 4.35677 15.7871 513.046
internal_count=165594 158689 6905 6276 2689 152413 1259 2055 151154 1390 1871 4405 604 665 407 4216 181 1765 1575 190 989 920 123 786 226 157 553 451 765 106 87 586 220 1218 102 689 682 177 505 108 94 258 163 81 1146 86 84 231 188 131 95 366 151048 122 634 173 4093 395 106 150980
is_linear=0
shrinkage=0.035


Tree=67
num_leaves=54
num_cat=0
split_feature=1 32 34 17 15 29 14 10 10 14 14 8 14 29 15 14 27 16 9 16 15 12 11 10 8 14 31 14 10 14 12 2 36 38 6 15 55 31 41 31 0 27 0 0 0 11 15 55 15 51 15 2 29
split_gain=805.512 103.039 27.64 20.7175 16.9636 9.40291 8.4079 6.11653 7.90719 6.92674 5.47464 5.41292 4.1067 4.30277 3.98791 3.62652 3.3783 3.28241 3.5735 7.3342 3.74302 4.0959 3.25118 3.04583 6.56684 2.99672 2.314 1.95865 1.89577 2.67892 2.53409 1.86523 3.48385 3.08133 1.68083 1.57856 1.52084 1.41066 1.30092 3.86566 1.23119 1.06993 1.04993 0.867563 2.65415 0.821337 0.799532 1.90211 0.600617 0.523496 0.42101 0.380958 0.301423
threshold=0.078810192644596114 0.19785943627357486 0.36666667461395269 0.44949495792388922 0.88047617673873912 0.78319624066352855 0.88185444474220287 0.44949495792388922 0.080128207802772536 0.59896907210350048 0.63453349471092235 0.8521554470062257 0.44092722237110143 0.97169560194015514 0.93419912457466137 0.58759590983390819 0.5914268195629121 0.8589511811733247 0.91476997733116161 0.92031747102737438 0.87570226192474376 0.78395128250122081 0.98936170339584362 0.095454547554254546 0.83457711338996898 0.81120249629020702 0.48529411852359777 0.84889996051788341 0.73214286565780651 0.86706829071044933 0.81169214844703685 0.13020028173923495 1.0000000180025095e-35 0.46428571641445165 0.90070420503616344 0.22401433438062671 0.20000471919775012 0.54772728681564342 1.0000000180025095e-35 0.59411767125129711 1.0000000180025095e-35 0.73375529050827037 1.0000000180025095e-35 0.73969104886055004 0.51405227184295665 0.88047617673873912 0.92031747102737438 0.59221526980400097 0.34248121082782751 1.0000000180025095e-35 0.3260560035705567 0.13020028173923495 0.60326328873634349
decision_type=2 2 2 2 2 2 2 2 2 2 2 2 2 2 2 2 2 2 2 2 2 2 2 2 2 2 2 2 2 2 2 2 2 2 2 2 2 2 2 2 2 2 2 2 2 2 2 2 2 2 2 2 2
left_child=1 3 4 6 5 7 22 8 9 35 -9 36 13 -4 17 31 40 43 19 20 21 -19 42 -17 26 49 -25 41 29 30 -20 -7 -33 37 -18 -2 -12 -34 39 -26 -3 -10 -1 44 -5 -46 47 -6 50 -24 -44 -14 -53
right_child=2 16 12 14 46 15 -8 10 27 -11 11 -13 51 -15 -16 23 34 18 28 -21 -22 -23 25 24 38 -27 -28 -29 -30 -31 -32 32 33 -35 -36 -37 -38 -39 -40 -41 -42 -43 48 -45 45 -47 -48 -49 -50 -51 -52 52 -54
leaf_value=0.0094132236332813059 0.010985296503307462 0.0096916654014106342 -0.0031585562866859123 0.034356983317210384 0.031479899890071932 0.022281510932247273 0.039718702333256493 0.054578590468174058 -0.034898996002715219 0.039825343478726259 0.011164134481561689 0.02868017612244305 0.0197630618509026 0.031687185942203863 0.026695696669220427 0.035914464298485903 -0.01469475604195263 -0.026690952629068503 -0.0033515840182628555 -0.036993194116836214 0.041595686841180445 0.030395549441858166 -0.022923257002508093 -0.01547619289838599 0.030709899917433562 0.034578089629139108 0.012465396007495001 0.012426631371018357 0.023764911047095254 -0.009285626269118212 0.022004574294865461 0.022992410005929491 -0.031663958080469831 0.012062215314266609 0.033815145848412144 -0.028819076983835176 -0.02968637175726738 -0.00083165703117508928 0.035702459373802058 -0.0067579320704406528 -0.034972972247922847 -7.934703879383518e-05 -0.013710652487583909 0.04287528764473645 0.0085724048773546807 -0.020969761091021159 0.037526820650157985 0.0053981521140445922 -0.032616511102679623 0.0040288765137268838 0.011455010357936835 0.018863159317766488 0.038101709906256477
leaf_weight=0.24578176438809407 0.97531491285190153 0.24700817465782066 6.8153963456861684 2.5426971206907174 12.577690404374154 4.7263901568949249 1.686356559395789 2.3005143576301625 12.824566331924865 4.1422029167879373 0.72723498614504745 3.7527699854690582 5.6479372754693022 9.5299720838665962 18.732271939516068 15.23466847091913 0.8738107697572548 3.146014566998927 7.0858757512178334 5.8534345531370491 2.2660387882497162 1.4433700405061243 2.1381484579760581 7.5153513518162054 7.4196403287351131 1.2282607555389402 5.2820499837398529 0.69327975134365338 8.2918152660131437 9.5295308418571931 11.633661542087792 4.3548513092100665 5.1919309180229849 4.0619861297309408 0.66850225627422333 3.0353078772313893 3.9657833343371749 2.989887148141861 11.466625168919563 4.9041034281253815 493.65269486047328 1.3971643955446786 0.80202278145589179 2.635268195066601 1.1353634712286296 1.550128184026107 42.179943486116827 5.6916737630963317 22.959174412069842 0.58660537004470814 0.42883707652799785 4.6774617517366996 329.18254471570253
leaf_count=1 17 1 55 48 122 33 12 25 1751 46 11 34 54 73 129 133 99 222 51 111 20 15 420 59 64 18 34 6 41 52 52 30 115 27 4 287 175 19 114 39 150711 14 171 21 40 55 470 43 5278 4 59 62 4047
internal_value=-0.000457761 -0.02807 0.031262 0.00320962 0.0193045 0.0107133 -0.0208969 -0.00438332 -0.0144557 0.0120395 0.0163298 0.000865706 0.0368078 0.0176116 0.0129617 0.0177043 -0.0347573 0.00801508 0.00430595 -0.0109835 0.0126613 -0.005885 -0.0258456 0.0226578 0.0162361 0.00232276 -0.0036222 -0.0290048 0.00986774 0.00499587 0.0125458 0.00503439 -0.000664798 -0.0104442 0.00998518 -0.0181803 -0.0218923 -0.0220958 0.0267748 0.0161491 -0.034924 -0.0319381 -0.0304522 0.0277442 0.0138959 -0.00859326 0.0340273 0.0242378 -0.0313538 -0.0166573 -0.00216937 0.0376673 0.0378998
internal_weight=1124.63 601.363 523.264 105.921 167.411 106.962 30.0752 33.8141 23.0678 8.15283 10.7463 8.44579 355.853 16.3454 75.8455 73.1475 495.442 57.1132 49.2497 12.7089 6.85542 4.58938 28.3888 51.8224 36.5878 3.95301 12.7974 14.915 36.5409 28.2491 18.7195 21.325 16.5987 12.2438 1.54231 4.01062 4.69302 8.18182 23.7904 12.3237 493.9 14.2217 24.4358 7.86346 5.22819 2.68549 60.4493 18.2694 24.19 2.72475 1.23086 339.508 333.86
internal_count=165594 157635 7959 6820 3668 3033 5963 2366 2121 350 245 220 4291 128 857 667 150815 728 564 368 257 237 5951 443 310 442 93 1771 196 155 103 224 191 161 103 304 186 134 217 103 150712 1765 5509 164 143 95 635 165 5508 424 230 4163 4109
is_linear=0
shrinkage=0.035


Tree=68
num_leaves=61
num_cat=0
split_feature=29 22 34 17 15 30 10 29 38 43 17 8 14 28 14 10 12 8 14 12 12 0 14 9 15 6 7 8 12 55 10 29 14 15 12 9 37 12 11 15 43 10 27 16 34 15 32 12 0 16 53 27 15 11 11 30 0 38 35 15
split_gain=772.205 96.604 23.7247 19.7601 14.4036 13.737 9.14872 6.12872 5.29339 4.4416 3.99684 3.85179 3.75987 3.52781 3.4645 3.28852 6.50585 2.91607 4.2498 4.57602 4.17319 3.88572 3.89567 3.70933 2.90082 2.4303 2.20779 2.16285 2.29725 2.14803 2.0896 1.87539 1.70054 1.60003 5.13781 1.5238 1.34362 1.10019 1.06745 1.13058 1.04543 2.05186 1.02104 0.889545 0.882925 0.74484 0.856546 0.736478 0.675964 0.488749 0.450242 0.441841 0.39649 0.342097 0.201047 0.183555 0.145605 0.133631 0.105221 0.0359307
threshold=0.60326328873634349 1.0000000180025095e-35 0.45000000298023229 0.30384616553783422 0.87570226192474376 0.16172623634338382 0.44949495792388922 0.78319624066352855 0.58571431040763866 1.0000000180025095e-35 0.86607143282890331 0.92637759447097789 0.58759590983390819 0.68599441647529613 0.44092722237110143 0.095454547554254546 0.63981124758720409 0.64241620898246776 0.78830561041831981 0.54141855239868175 0.50088694691658031 0.71650776267051708 0.75513628125190746 0.91476997733116161 0.270728349685669 0.2152509689331055 0.65648320317268383 0.55848154425621044 0.66934204101562511 0.6321813464164735 0.58571431040763866 0.84764185547828685 0.60814526677131664 0.30471627414226538 0.19413144141435626 0.69504830241203319 1.5000000000000002 0.65898677706718456 0.82247900962829601 0.89512962102890026 1.0000000180025095e-35 0.58571431040763866 0.5914268195629121 0.99438202381134044 0.21111111342906955 0.92031747102737438 0.93305322527885448 0.79604920744895946 0.81607216596603405 0.48050633072853094 1.0000000180025095e-35 0.46192501485347753 0.6832355558872224 0.91042780876159679 0.4246212244033814 0.21240601688623431 0.99999997019767772 0.46428571641445165 1.0000000180025095e-35 0.65419578552246105
decision_type=2 2 2 2 2 2 2 2 2 2 2 2 2 2 2 2 2 2 2 2 2 2 2 2 2 2 2 2 2 2 2 2 2 2 2 2 2 2 2 2 2 2 2 2 2 2 2 2 2 2 2 2 2 2 2 2 2 2 2 2
left_child=1 3 4 11 7 8 36 9 42 13 17 -1 31 27 24 -14 -17 20 21 -20 -5 35 47 26 -4 -11 29 32 54 -21 -10 49 55 -33 -35 59 48 -28 -25 -40 -18 -42 58 51 -8 46 -6 52 -7 -9 -16 53 -23 -27 -29 -2 -12 -53 -3 -19
right_child=2 5 14 10 45 6 44 12 30 25 56 -13 15 -15 50 16 40 18 19 23 -22 22 -24 38 -26 43 37 28 -30 -31 -32 33 -34 34 -36 -37 -38 -39 39 -41 41 -43 -44 -45 -46 -47 -48 -49 -50 -51 -52 57 -54 -55 -56 -57 -58 -59 -60 -61
leaf_value=-0.033039147922153435 0.0021152367266705917 -0.034987974052300926 0.034281009458055463 -0.013292416440663654 0.028548102575630584 -0.030734167687906773 0.011290608641672212 -0.00071144386679655041 -0.015306881914682696 0.011557300552167129 0.032600179923796595 0.016977945536744112 0.035898580938412306 0.02999245816343336 0.03802729515184234 -0.0077944596840125967 0.032401760333768549 0.0082039086438250169 0.046300779610452515 -0.013280185594701788 0.064707151704673824 0.012585466864766259 -0.0202161740928265 0.024099139113967483 0.0040375491077423069 -0.012853120091357865 0.00099689301800494779 0 0.0060676683028764384 0.043958056767397502 0.035697555933836944 0.024118541319600419 0.034075019105444783 -0.025280172073806177 0.020109908502325788 -0.030151285517144945 0.012481025889620032 -0.025818457379241662 0.00085255555655735322 0.016471331647209295 0.031410319885329691 0.0033365065030618313 0.00041327678364548424 0.0056718026509334045 0.046814035045409728 0.037442956580605723 0.0074893652823341721 0.024561227587727382 0.0031150667303297625 -0.022160782297006961 0.021866108426466024 -0.033591124432649354 -0.0042842129474617956 0.010277421878537949 -0.029816846077653773 -0.014350781198720637 0.017215498776460118 -0.0021444887893391296 -0.0052959403523345407 0
leaf_weight=16.837390795582909 0.5956529325339972 477.91703264880925 6.7910897806286803 0.75686134304851238 14.517804848030211 5.5500833108089846 2.6393214859999716 2.9471476888284114 0.90972235472872798 1.8466839743778134 7.6916857808828336 1.4002039395272721 15.027091555297373 5.2295613428577772 317.19410394877195 9.9263301086612028 12.30562206543982 0.51121507841162539 3.3072837421204886 0.74038417707197168 1.3639514236710963 2.2306561213918012 4.2952250014059237 8.0859725084155816 8.9683140814304334 0.71831604279577355 2.1893554199486971 0.41691871359944155 3.8999804724007845 0.68001573905348778 1.1627929911483077 5.3009823467582455 1.8754305033944545 4.1720379870384914 6.4399096216075122 7.068679366260767 0.4734601811505853 5.4999747737310827 12.269945346750321 10.663978837430475 4.7906898036599168 8.4451904073357564 0.78265660349279542 0.48744375817477781 2.6488350448198617 39.948259696364403 4.4147090539336196 5.1586879123933613 0.41241865139454592 2.1493775867857039 7.7860541492700568 6.5867362793069333 2.432619365863502 0.37138069025240839 3.7316139549948275 0.72999126277863979 7.6218462288379669 0.56234239554032672 0.81310186232440074 0.8382095389533788
leaf_count=4335 48 150860 65 125 135 1099 111 53 100 13 51 70 133 51 4022 79 112 56 43 63 65 36 60 44 49 101 69 24 56 19 6 31 16 40 50 802 12 131 76 58 43 73 68 4 29 461 38 32 8 51 80 633 50 23 371 38 55 12 120 36
internal_value=-0.000438595 -0.0273395 0.0316715 0.00367062 0.0201732 -0.0337306 0.00317394 0.0117411 -0.034641 -0.0022831 0.010963 -0.0283342 0.0170534 0.00879945 0.0368995 0.0221713 0.0154345 0.00704224 0.00532994 0.0116666 0.0404099 -0.00671202 0.00441014 0.00767078 0.0185468 -0.0191268 -0.0109204 -0.00241093 -0.0121083 0.0195164 0.014475 0.00414529 0.0182165 0.0101009 0.00132328 -0.0242234 -0.0230665 -0.0185446 0.0134104 0.00864608 0.0245475 0.0152362 -0.0348902 -0.0265008 0.034256 0.0337968 0.0244353 0.0163758 -0.027779 -0.0124827 0.0377191 -0.029191 0.00396471 -0.00214934 -0.0277347 -0.00771895 0.0266821 -0.0321137 -0.034956 0.00495555
internal_weight=1093.13 594.954 498.177 101.644 157.437 493.309 11.7241 98.5564 481.585 27.0521 83.4065 18.2376 71.5044 16.4791 340.74 50.4949 35.4678 68.093 65.9722 43.4369 2.12081 22.5353 14.1172 40.1296 15.7594 10.5729 9.10973 11.2496 8.04851 1.4204 2.07252 21.0095 3.20107 15.9129 10.6119 8.4181 6.43596 7.68933 31.0199 22.9339 25.5415 13.2359 479.513 8.72622 5.28816 58.8808 18.9325 9.82196 5.9625 5.09653 324.98 8.23878 4.66328 1.0897 4.14853 1.32564 15.3135 7.14908 478.73 1.34942
internal_count=165594 158689 6905 6276 2689 152413 1259 2055 151154 1390 1871 4405 665 604 4216 440 307 1765 1575 503 190 1072 178 460 114 786 282 553 451 82 106 225 102 121 90 894 1119 200 178 134 228 116 151048 773 140 634 173 118 1107 104 4102 769 86 124 395 86 106 645 150980 92
is_linear=0
shrinkage=0.035


Tree=69
num_leaves=55
num_cat=0
split_feature=1 32 34 17 15 29 10 10 14 14 8 14 29 15 7 8 14 27 10 8 12 12 15 14 12 8 30 14 2 36 2 14 10 8 12 7 15 55 41 30 0 0 0 27 54 15 55 41 11 15 7 2 29 9
split_gain=741.296 99.6265 27.0547 18.8843 15.9422 8.34371 5.74789 7.49929 6.46341 5.12472 5.06211 4.20079 4.17276 4.11847 3.7581 3.61876 3.38487 3.31293 2.87519 6.16047 2.57311 2.50027 4.21861 3.81366 4.0218 2.53225 2.15882 1.87905 1.7591 3.27855 2.34784 1.70482 2.39795 2.70825 3.17696 1.59728 1.52534 1.45085 1.34035 3.71547 1.20063 1.08769 1.07981 1.03047 0.926559 0.870036 1.89479 0.813985 0.741268 0.729321 0.707248 0.476391 0.375481 0.0425586
threshold=0.078810192644596114 0.19785943627357486 0.36666667461395269 0.30384616553783422 0.88047617673873912 0.78319624066352855 0.44949495792388922 0.080128207802772536 0.59896907210350048 0.63453349471092235 0.8521554470062257 0.44092722237110143 0.97169560194015514 0.89512962102890026 0.43534001708030706 0.92637759447097789 0.58759590983390819 0.5914268195629121 0.095454547554254546 0.83457711338996898 0.50088694691658031 0.78395128250122081 0.84074437618255626 0.83096903562545787 0.51348406076431286 0.84680575132370006 0.48529411852359777 0.84889996051788341 0.13020028173923495 1.0000000180025095e-35 0.26299756765365606 0.71209660172462474 0.58571431040763866 0.6705426573753358 0.58688256144523632 0.90070420503616344 0.22401433438062671 0.20000471919775012 1.0000000180025095e-35 0.59411767125129711 1.0000000180025095e-35 0.38899841904640203 1.0000000180025095e-35 0.73375529050827037 0.75134408473968517 0.92031747102737438 0.59221526980400097 2.5000000000000004 0.89009663462638866 0.76239567995071422 0.87226107716560375 0.13020028173923495 0.60326328873634349 0.9607692062854768
decision_type=2 2 2 2 2 2 2 2 2 2 2 2 2 2 2 2 2 2 2 2 2 2 2 2 2 2 2 2 2 2 2 2 2 2 2 2 2 2 2 2 2 2 2 2 2 2 2 2 2 2 2 2 2 2
left_child=1 3 4 15 5 6 7 8 36 -8 37 12 -4 14 20 42 28 40 -18 26 -5 23 49 31 -25 -26 -20 43 -7 -30 -31 32 33 34 -16 -19 -2 -11 39 -21 -3 -33 -1 -9 47 46 -6 -35 -15 -23 -43 -13 -53 -50
right_child=2 17 11 13 45 16 9 27 -10 10 -12 51 -14 48 21 -17 18 35 19 38 -22 22 -24 24 25 -27 -28 -29 29 30 -32 41 -34 44 -36 -37 -38 -39 -40 -41 -42 50 -44 -45 -46 -47 -48 -49 53 -51 -52 52 -54 -55
leaf_value=0.0090987170926465667 0.010731927761612787 0.0093866348246552083 -0.0034989706759119676 -0.0078966459842930471 0.030829110113312814 0.021491734115730424 0.053123202958111661 -0.034712949433257749 0.038841572166221541 0.010865299407131095 0.027944056537624835 0.018762264869190842 0.031086377160851213 0.0080029337465977249 -0.015410558136753105 0.016216890232827793 0.035099582550787892 -0.014407590494516599 -0.015044720025225311 0.030041117050603989 0.06761384928345969 0.0084106930970172487 -0.0054899921120444232 0.049216992353891188 -0.024394267794402492 0.018221877413605349 0.012038598420593693 0.011978226084375888 0.022138230225702236 -0.026201906592268086 0.002760320310564049 0.0080086434104313653 0.020968471784713647 -0.032975086982987824 0.053661513588737116 0.033062360677400163 -0.028521855181060714 -0.029167229292358356 0.035271043178753542 -0.0069347893194298708 -0.034954677646368573 -0.033389068936060834 -0.033087359211262365 -0.00021621503638292883 0.0009402986981832302 0.037108833107330728 0.0046865168382548708 0.0027754529414855322 0.029302890070744839 0.027127715607905466 0.0007521478146327174 0.01807947872751664 0.037812619281781291 0.018326176780102416
leaf_weight=0.24413703382015839 0.97912479378283324 0.24565339088439841 6.7475741354282919 0.41409065295010694 12.095527904108168 4.7258025687187937 2.2805023279506704 12.167486603371794 4.0641182442195714 0.72192029515281131 3.6771417025011033 5.4288881421089163 9.211207889020443 7.3309557980392155 0.9377813101746193 1.4301241689827282 14.548403173685072 0.84874914097599574 7.4774858024902624 7.1402595099061728 0.82620800053700805 5.9180238661356297 12.583155905362217 1.7158240443095554 2.3916892532724887 2.414117366541177 5.2229449898004532 0.68967650365084487 4.3402101770043418 5.1556862704455817 6.9355824743397534 0.4598890426568677 2.3667020180728287 4.6520537342876196 0.52003306802362204 0.66455429047346115 2.9114175257273018 3.8540492225438356 10.969390243291855 4.8853291720151901 460.58535406412557 6.0576242716051638 17.338109660893679 1.3905581459403045 1.2492688209749756 39.806560246273875 5.595605179667472 0.53107765316963185 8.1617031279020029 9.2527587930671853 0.56084665586240579 4.5711850670631966 309.32461825013161 16.330829739570618
leaf_count=1 17 1 55 72 122 33 25 1751 46 11 34 54 73 45 158 74 133 99 59 64 36 38 75 13 164 39 34 6 30 83 78 31 31 504 28 4 287 175 114 39 150711 507 4664 14 51 470 43 47 51 69 8 62 4047 114
internal_value=-0.000420379 -0.0277869 0.0307386 0.00316578 0.0187472 0.0103629 -0.00410195 -0.0141142 0.0118795 0.016092 0.000846021 0.0364361 0.0169128 0.0103175 0.00409837 -0.0274346 0.0170082 -0.0347279 0.0219054 0.0156226 0.0485696 0.00206025 0.00910303 -0.00602876 0.0150418 -0.00293261 -0.00358572 -0.0286836 0.00475664 -0.000812505 -0.0103799 -0.0145345 -0.00419413 -0.0136451 0.0196129 0.00990651 -0.0177528 -0.0214079 0.0260847 0.015372 -0.0349032 -0.0267111 -0.0318551 -0.0316732 -0.0232782 0.0334358 0.0234407 -0.0288895 0.0200998 0.0210144 -0.0303176 0.037345 0.0375947 0.0231273
internal_weight=1062.95 566.031 496.918 103.687 161.635 104.137 32.736 22.2024 7.95466 10.5336 8.25311 335.283 15.9588 84.6746 52.8511 19.0124 71.4011 462.344 50.2438 35.6954 1.2403 51.6108 27.7539 23.8569 6.52163 4.80581 12.7004 14.2477 21.1573 16.4315 12.0913 17.3353 10.2569 7.89021 1.45781 1.5133 3.89054 4.57597 22.995 12.0256 460.831 7.07836 17.5822 13.558 6.4324 57.4977 17.6911 5.18313 31.8235 15.1708 6.61847 319.325 313.896 24.4925
internal_count=165594 157635 7959 6820 3668 3033 2366 2121 350 245 220 4291 128 2081 1871 4739 667 150815 443 310 108 1763 182 1581 216 203 93 1771 224 191 161 1365 819 788 186 103 304 186 217 103 150712 546 4665 1765 602 635 165 551 210 107 515 4163 4109 165
is_linear=0
shrinkage=0.035


Tree=70
num_leaves=61
num_cat=0
split_feature=1 32 34 17 6 30 36 2 9 14 15 15 41 54 8 27 7 15 28 9 16 15 12 12 12 9 12 7 9 48 43 16 14 41 17 14 15 14 16 6 28 1 6 0 8 12 0 55 16 43 11 1 1 53 14 27 27 30 55 55
split_gain=710.945 98.0789 26.7121 18.035 15.4497 7.28158 6.30767 5.49927 5.67767 4.25872 3.97209 3.79727 3.56239 3.68481 3.54409 3.2751 3.25283 3.13744 3.02745 2.91234 7.31974 4.36735 3.8345 4.24442 2.87424 2.52935 2.45954 2.09109 3.23134 2.76647 2.35878 3.55452 2.03808 1.94709 1.78809 1.56396 2.35129 4.32953 1.87974 1.55292 1.46197 1.25029 1.24241 1.19412 1.14373 1.71533 1.07101 0.974159 0.88569 0.809306 0.67591 1.48172 0.674766 0.528278 0.44666 0.332286 0.530787 0.308766 0.159763 1.18581
threshold=0.078810192644596114 0.19785943627357486 0.36666667461395269 0.30384616553783422 0.83827373385429393 0.5419580638408662 1.0000000180025095e-35 0.11427757143974306 0.94392031431198131 0.44092722237110143 0.93419912457466137 0.87570226192474376 1.0000000180025095e-35 -0.2226719334721565 0.92637759447097789 0.5914268195629121 0.43534001708030706 0.270728349685669 0.90152388811111461 0.91476997733116161 0.92031747102737438 0.75134408473968517 0.62857428193092357 0.78395128250122081 0.74453234672546398 0.86542212963104259 0.50088694691658031 0.51022112369537365 0.78086888790130626 1.0000000180025095e-35 1.0000000180025095e-35 0.60107529163360607 0.56992483139038097 1.5000000000000002 0.73214286565780651 0.69416099786758434 0.78086888790130626 0.74873736500740062 0.94570022821426403 0.90070420503616344 0.80608585476875316 0.21894425153732303 0.2152509689331055 1.0000000180025095e-35 0.6705426573753358 0.59071990847587597 1.0000000180025095e-35 1.0000000180025095e-35 0.69282051920890819 1.0000000180025095e-35 0.82247900962829601 0.14944787323474887 0.25371789932250982 1.0000000180025095e-35 0.61938297748565685 0.40586884319782263 0.40304292738437658 0.27525253593921667 0.59221526980400097 0.64563670754432689
decision_type=2 2 2 2 2 2 2 2 2 2 2 2 2 2 2 2 2 2 2 2 2 2 2 2 2 2 2 2 2 2 2 2 2 2 2 2 2 2 2 2 2 2 2 2 2 2 2 2 2 2 2 2 2 2 2 2 2 2 2 2
left_child=1 3 4 14 5 6 32 -8 11 17 16 18 13 -7 46 43 26 -4 27 20 21 24 25 -24 44 -23 -5 28 30 40 31 54 49 -34 35 -21 37 -37 -38 -17 47 -10 -32 -3 45 -18 -1 -29 -33 -2 -6 -52 57 -11 -9 56 -49 -30 -53 -60
right_child=2 15 9 10 50 12 7 8 41 53 -12 -13 -14 -15 -16 39 19 -19 -20 34 -22 22 23 -25 -26 -27 -28 29 52 -31 42 48 33 -35 -36 36 38 -39 -40 -41 -42 -43 -44 -45 -46 -47 -48 55 -50 -51 51 58 -54 -55 -56 -57 -58 -59 59 -61
leaf_value=0.0090387761610590586 0.014902325213350318 0.0093241996396543105 0.033256143493106842 -0.0078336491429823272 0.01463354890133256 -0.0016641965245881825 0.028894074885339543 -0.026060332975449556 0.0010277143193735141 0.037507658245929894 0.024112658239582641 0.017113103104651868 0.039592705094600229 0.030639357999238528 0.015782526773092709 -0.014268807179713067 -0.018187720000079729 0.0021444943265314818 0.024156548920441161 0.023976301381431486 -0.036548499489858076 0.050847083396121866 -0.026227679858922937 0.029484293642133091 0.023908205107347428 0 0.065772935286898135 0.0012819912407247684 -0.010487268907968764 0.00089829279724903119 -0.0012837774691165913 0.043224866031731299 0.038121752511102738 0.0055505841430505279 0.023203890954661553 0.011963165609263913 0.018639151871614131 -0.035273632103777021 -0.0017392865862181121 0.032606089499558552 0.0099618400293780326 0.03138424782156312 -0.035726401338141291 -0.034945197525839231 -0.029241453698972568 0.029651971029531359 -0.033015416102456473 -0.01769185255717105 0.0024438739285660583 -0.0082079926361129062 0.0071681309042160276 0.036587553031890444 0.036790956410318966 0.020852128640835764 0 -0.038557711576423348 0.01069615861485743 0.012504526967579489 0.006120626467022371 0.0307391990338798
leaf_weight=0.24379217624664917 2.2733596914913532 0.24534423649310966 6.5886837765574446 0.41090899403206893 5.9322004951536647 9.524266894906761 4.6226916215382508 2.258960259845479 3.0961641950998446 302.21879456704482 18.416925808414817 3.6425754912197581 10.384073048830034 6.5130289047956458 1.4453009115532029 0.83694463479332515 1.2435105545446337 9.1925710146315378 1.2007339298725117 3.8474982136394855 5.7251739411149165 3.7794419894926232 2.928098615957424 1.9098535431548951 1.2029278480913488 1.7348382282070813 0.84721765550784767 0.62898393813520748 0.561322525376453 3.3755732346326104 2.0277720522135496 1.0212372893001886 7.390603840351103 3.9751907992176712 8.7774585708975774 3.7110296748578575 9.8608018576633185 3.9309193096123636 10.437143392860889 0.66426712274551392 0.41311772167682725 3.61095648445189 4.761086817830801 444.86251047509722 4.9354399661533535 0.54680947843007732 16.779759127181023 1.1920742609072466 1.4443849576637147 3.1952703485731035 3.6286934462841591 41.255899551790208 1.0426023863255975 7.4666705834679297 0.82616495387628663 12.765590002760289 0.29658715613186348 0.32076553488150239 4.1738989017903796 11.408784657716749
leaf_count=1 42 1 66 72 60 73 34 177 52 4082 131 33 92 61 74 99 189 62 7 64 122 93 221 24 28 53 36 15 104 23 18 43 79 43 44 36 67 59 48 4 3 34 393 150711 761 33 4664 192 52 59 58 471 10 81 11 1241 13 8 47 120
internal_value=-0.000399389 -0.0276334 0.0304816 0.00315063 0.0184824 0.00901366 0.00260898 -0.00373524 -0.00776344 0.0362496 0.0100936 -0.0131269 0.024193 0.0122778 -0.0272317 -0.0347124 0.005817 0.0165499 -0.0168484 0.00424426 -0.00518958 0.00583603 0.0201154 -0.00235184 -0.0125809 0.0376995 0.0473598 -0.0191142 -0.00786661 -0.0266922 -0.0149082 0.00165489 0.0204843 0.0283831 0.00990191 0.0055264 0.00212409 -0.0131999 0.00840662 0.00981694 -0.0326771 0.0197767 -0.0273737 -0.0348921 -0.0218101 0.000559652 -0.0317509 -0.0346337 0.0279435 0.0016767 0.0312727 0.0325836 0.0257432 0.0371858 -0.0201954 -0.0364281 -0.00860437 0 0.0339936 0.0251228
internal_weight=1033.56 549.324 484.231 102.715 158.765 92.3651 65.9438 49.1093 44.4867 325.467 84.246 37.7795 26.4214 16.0373 18.4689 446.609 65.8291 15.7813 34.137 64.5709 24.0061 18.2809 10.3522 4.83795 7.92869 5.51428 1.25813 32.9362 14.2643 18.6719 12.3396 5.55075 16.8344 11.3658 40.5649 31.7874 27.9399 7.64195 20.2979 1.50121 15.2964 6.70712 6.78886 445.108 6.72576 1.79032 17.0236 14.8832 2.46562 5.46863 66.3995 60.4673 1.92469 309.685 3.08513 14.2543 1.48866 0.882088 56.8386 15.5827
internal_count=165594 157635 7959 6820 3668 2912 2686 2463 2429 4291 2081 2343 226 134 4739 150815 1950 128 2310 1842 1524 1402 391 245 1011 146 108 2303 816 1487 694 283 223 122 318 274 210 95 115 103 1464 86 411 150712 983 222 4665 1461 95 101 756 696 122 4163 188 1446 205 112 638 167
is_linear=0
shrinkage=0.035


Tree=71
num_leaves=63
num_cat=0
split_feature=29 22 34 17 6 30 30 43 32 17 14 27 41 15 9 8 30 41 54 36 41 55 28 15 8 12 9 12 9 34 55 11 9 2 12 11 9 8 6 28 27 14 35 0 15 6 14 14 12 2 15 29 11 27 30 53 15 15 11 11 0 16
split_gain=681.381 93.2465 24.2565 17.2437 13.6042 9.76255 6.10439 5.86752 4.64465 4.50836 4.14656 3.98929 3.97021 5.31992 3.77628 3.63309 3.48689 3.46859 3.55635 3.43044 3.90803 3.47655 3.30158 2.93951 2.88908 3.93117 3.73803 2.36671 3.48125 2.02937 1.81438 1.80369 1.95857 1.69318 1.56276 1.79906 1.97752 2.04436 1.4702 2.44353 2.6324 2.14721 1.27717 1.24589 1.24246 1.19825 1.14005 0.997616 2.61328 0.948334 0.938825 0.935006 1.60438 0.76952 0.779048 0.579591 0.494486 0.295763 0.118047 0.112074 0.0926127 0.088767
threshold=0.58656641840934765 1.0000000180025095e-35 0.45000000298023229 0.30384616553783422 0.83827373385429393 0.18019481003284457 0.5419580638408662 1.0000000180025095e-35 0.58007633686065685 0.44949495792388922 0.44092722237110143 0.5914268195629121 3.5000000000000004 0.94570022821426403 0.88730159401893627 0.92637759447097789 0.23303167521953586 1.0000000180025095e-35 -0.2226719334721565 1.0000000180025095e-35 1.0000000180025095e-35 0.13604861497879031 0.64174234867095958 0.270728349685669 0.64241620898246776 0.50088694691658031 0.81725418567657482 0.49146202206611639 0.94494947791099559 0.26785714924335485 0.20570160448551181 0.88516482710838329 0.75147059559822094 0.60462343692779552 0.83034139871597301 0.89379698038101207 0.86391696333885204 0.82972848415374767 0.60495716333389293 0.84918582439422619 0.48019607365131384 0.62767899036407482 1.0000000180025095e-35 1.0000000180025095e-35 0.93419912457466137 0.45748709142208105 0.90070420503616344 0.84028983116149913 0.79604920744895946 0.62731361389160167 0.81120249629020702 0.7353600561618806 0.82247900962829601 0.49720634520053869 0.20942982286214831 1.0000000180025095e-35 0.89512962102890026 0.76689496636390697 0.79772728681564342 0.52704679965972911 0.99999997019767772 0.60495716333389293
decision_type=2 2 2 2 2 2 2 2 2 2 2 2 2 2 2 2 2 2 2 2 2 2 2 2 2 2 2 2 2 2 2 2 2 2 2 2 2 2 2 2 2 2 2 2 2 2 2 2 2 2 2 2 2 2 2 2 2 2 2 2 2 2
left_child=1 3 4 15 6 11 7 19 16 49 23 42 13 24 29 -1 43 18 -8 58 22 -22 53 -4 25 -5 31 -28 34 38 -24 45 50 59 35 -29 37 -37 39 40 -10 -42 -3 -9 -44 -26 47 48 -30 -7 -33 -6 -53 54 -21 -12 57 -38 -2 -23 -15 -40
right_child=2 5 10 12 51 9 17 8 14 -11 55 -13 -14 60 -16 -17 -18 -19 -20 20 21 33 30 -25 26 -27 27 28 46 -31 -32 32 -34 -35 -36 36 56 -39 61 -41 41 -43 44 -45 -46 -47 -48 -49 -50 -51 -52 52 -54 -55 -56 -57 -58 -59 -60 -61 -62 -63
leaf_value=-0.032811992886692953 0.037121662703295165 -0.034944918621168539 0.032967400456793458 -0.012946081716951064 0.014271675307786294 -0.025489613670518673 -0.0016108270819420482 0.014311811217397824 0.01993000099863617 0.031892457133479525 0.037522750892258226 0.016909242124248661 -0.029626067414511733 0.035180441583050809 0.017235908605889475 0.015667328906292008 0.030606131678929008 0.039159124778108637 0.030290515223182844 -0.01118622386937374 0.014161765689352991 -0.0025840366392881793 0.0077600396747392227 0.0024966272481661694 0.0081327092769895026 0.063186583616347256 0.036943044812605054 -0.029920392075485743 -0.0035880566142986385 0.010424137694059097 0.04006339470766343 -0.0012151190718985385 -0.020683493390127757 0.003251032330000667 0.010986245290454938 -0.013468459964354333 0 0.037895129907357175 -0.0043886450420778308 0.022000079790197042 -0.035238346334145028 0.0022948554897866506 -0.019460070448851983 -0.025986519626831604 0.019884662294052158 -0.032123706446905098 0.023704631338960776 8.7718062840249798e-05 0.023151156666899181 0.010192759505317402 0.034901632976923565 0.01084225166271101 0.034813592524973416 -0.020430396411343352 0.018822961733425875 0.020516506827609422 0.00042423269379423097 -0.025153593435540408 0.017371516526215925 -0.034821762999610761 0.018898528027474763 -0.039937853117161998
leaf_weight=15.264772432856264 4.8015327164903265 431.24968708795495 6.4254157468676558 0.73016926157288198 6.608552837278693 2.895236151758581 9.5284861018881184 0.51073180139065089 0.92147081717849744 3.2868389894720167 290.19514481723309 1.1945151141844679 1.9810983890201885 8.3850062489509565 2.7585164133924982 1.445325985085218 4.7318451507017016 10.146862395107746 6.3714830130338678 1.0066753411665592 3.7988365327473712 0.55596213112585235 4.5817501733545196 9.0724284127354604 0.50962529191747119 1.3912143507041035 2.497863683383911 3.9858199327718449 6.4515246613882544 1.5186130823567499 5.3124555079266429 1.1046103599946953 1.4120591976679859 1.7141185821965335 3.2424550857394925 0.77234085882082615 1.0098730477038773 1.4333455420564858 0.5875299284234633 1.0528964772820462 6.6499717594124359 2.0911487431731075 1.3817366028670215 1.8876419316511599 0.6516631394624709 4.5150254089385271 7.8004768639802924 11.925232317298649 10.953171529807149 0.43860399490222324 1.0978106749244032 5.3427626937627783 51.488724835216999 1.7739388351328669 1.1915282481350002 7.3494516834616652 1.6240687966346739 2.3223317803349346 5.0228021768853068 4.4163202056661248 6.8989832028746596 5.7902036753948778
leaf_count=4335 42 151052 66 124 79 654 73 3 58 76 4034 63 50 61 80 70 55 92 61 147 77 30 47 52 39 63 69 355 73 20 51 75 131 17 28 115 67 12 61 7 376 47 201 161 3 321 41 53 54 4 11 54 604 132 23 80 9 68 45 288 52 303
internal_value=-0.000377521 -0.0271097 0.0306282 0.00357249 0.0189169 -0.0339794 0.00983235 0.00370408 -0.00780073 0.00683576 0.0362314 -0.0346237 0.0102565 0.0116398 -0.0158977 -0.0277733 0.0150071 0.0237672 0.0120016 0.0133469 0.00562101 -0.0097815 0.0173778 0.0165745 0.00694916 0.0401084 0.00515908 0.0086522 0.00653665 -0.0216155 0.0275112 -0.0149511 0.00298405 -0.0239127 -0.00756518 -0.0137094 -0.00169823 0.0202269 -0.0250742 -0.0143844 -0.0203688 -0.0265861 -0.0348124 -0.0146889 -0.00329861 -0.0267876 0.0121488 0.00827984 0.013393 -0.0187189 0.0209715 0.0312178 0.032847 -0.00761618 0.00478517 0.0371845 -0.0138009 -0.0200395 0.0298852 -0.0328395 0.0296578 -0.0381761
internal_weight=1005.06 539.852 465.206 98.7542 152.163 441.098 88.7233 62.6765 28.5006 6.62068 313.042 434.478 82.0441 80.063 21.3704 16.7101 7.13022 26.0468 15.9 34.1759 24.3516 10.4852 13.8663 15.4978 64.779 2.12138 62.6576 54.0185 51.5206 18.6118 9.89421 8.63913 3.61448 6.6864 14.3902 11.1478 7.16196 2.20569 17.0932 10.7155 9.66259 8.74112 433.283 2.39837 2.0334 5.02465 37.1304 29.3299 17.4047 3.33384 2.20242 63.44 56.8315 3.97214 2.1982 297.545 4.95627 3.3322 9.82433 4.97228 15.284 6.37773
internal_count=165594 158329 7265 6276 3033 152053 2296 2070 1171 734 4232 151319 1871 1821 952 4405 219 226 134 899 812 412 400 118 1708 187 1521 944 875 872 98 577 217 335 654 626 271 127 852 488 481 423 151256 164 204 360 221 180 127 658 86 737 658 302 170 4114 144 135 87 318 113 364
is_linear=0
shrinkage=0.035


Tree=72
num_leaves=60
num_cat=0
split_feature=29 22 34 17 15 30 10 36 38 40 28 9 38 41 15 43 14 16 12 15 41 12 55 10 16 0 2 9 12 17 16 27 10 54 14 14 41 15 37 9 6 27 14 14 6 10 34 16 2 2 12 2 53 12 0 12 55 35 0
split_gain=653.522 89.9402 23.1759 16.4607 13.1071 12.8835 8.19787 5.32329 6.65736 8.00745 6.63981 5.05613 5.02392 3.78604 5.12688 4.55222 5.83141 3.7743 3.18657 3.11833 2.42793 3.28763 2.61212 2.27527 2.98689 4.65952 2.77277 2.2655 2.26503 2.61609 2.17291 2.05047 1.86038 1.82245 1.78881 4.32532 1.41647 1.32827 1.25001 1.09406 1.0842 1.00827 0.98599 0.947342 2.26967 0.939032 0.847245 0.830402 0.751633 0.741445 0.733963 0.697094 0.665597 0.467098 0.322948 0.269354 0.200534 0.099593 0.0964976
threshold=0.60326328873634349 1.0000000180025095e-35 0.45000000298023229 0.30384616553783422 0.87570226192474376 0.16172623634338382 0.44949495792388922 1.0000000180025095e-35 0.36666667461395269 1.5000000000000002 0.64174234867095958 0.12132352963089944 0.58571431040763866 3.5000000000000004 0.94570022821426403 1.0000000180025095e-35 0.88493064045906078 0.41060766577720648 0.65237718820571911 0.270728349685669 1.0000000180025095e-35 0.85405564308166515 -0.39834177494049067 0.44949495792388922 0.91715687513351452 0.80084761977195751 0.41028705239295965 0.86391696333885204 0.60392647981643688 0.13392857462167743 0.81302964687347423 0.38901458680629736 0.58571431040763866 0.37746594846248632 0.85880398750305187 0.79095324873924266 1.0000000180025095e-35 0.73546314239501964 1.5000000000000002 0.74464204907417308 0.69804355502128612 0.5914268195629121 0.62767899036407482 0.83752354979515087 0.83424907922744762 0.64583334326744091 0.21111111342906955 0.69282051920890819 0.54586797952651989 0.62731361389160167 0.58079150319099437 0.60462343692779552 1.0000000180025095e-35 0.51511728763580333 0.53026744723320018 0.60606721043586742 0.73398485779762279 1.0000000180025095e-35 0.99999997019767772
decision_type=2 2 2 2 2 2 2 2 2 2 2 2 2 2 2 2 2 2 2 2 2 2 2 2 2 2 2 2 2 2 2 2 2 2 2 2 2 2 2 2 2 2 2 2 2 2 2 2 2 2 2 2 2 2 2 2 2 2 2
left_child=1 3 4 18 7 12 38 28 9 10 11 -9 41 14 15 23 34 19 -1 -4 21 22 -12 26 27 -26 39 -25 29 -2 -20 -11 -14 -13 35 37 50 45 49 -5 -6 57 -22 44 -37 47 -8 54 -49 -7 -10 -33 -19 -41 -17 -55 -42 -3 -16
right_child=2 5 17 13 40 6 46 8 36 31 20 33 32 -15 58 16 -18 52 30 -21 42 -23 -24 24 25 -27 -28 -29 -30 -31 -32 51 -34 -35 -36 43 -38 -39 -40 53 56 -43 -44 -45 -46 -47 -48 48 -50 -51 -52 -53 -54 55 -56 -57 -58 -59 -60
leaf_value=-0.03266763126699098 0.023338416692869336 -0.034953660054182621 0.033279058769659087 -0.010573295020704232 0.0090946256330471202 -0.030522773030957063 0.010523991595414594 0.032038962873302726 0.0023963570030014589 0.011446609403563054 -0.0013446444341166926 -0.034835858344052131 -0.014724018934240652 -0.028888795307920673 0.034764497896584694 -0.00442101456239325 0.020439496912951393 0.037467619976830506 0.03630585482491077 0.00083029717940046044 -0.016562291108859008 -0.0066166851657552218 0.030699578156862008 0.046285037380760521 -0.011864935555246925 0.021405229706615705 -0.03057347173062188 0.0082342642135035272 0.034504191248683577 -0.0069843032900603619 -0.018221669779102088 -0.037936302271396855 0.033845799021318408 0.003989448190299936 -0.034472139069853469 -0.0063838223178002435 0.033840149327430999 -0.036141656924529697 0.011862257936548312 0.037914410474405955 0.035496925548877491 0.0004080758262667449 0.0066330716584139292 -0.0010582066241892653 0.037611773515879458 0.011604497847570668 0.045907927238652863 -0.027887202585697626 0 0.0053885905722403102 0.020492460881779119 0 0.01979325872620253 -0.0089249027394569091 0.022002813465674519 0.012891944115806781 0.018579244435965776 -0.0050120679195971591 0.018525445536903815
leaf_weight=14.60546470154077 8.0020278613083082 416.11937461653724 6.0912159681320182 0.57168102753348593 3.5310281515121451 5.135611829813568 2.5253753298893571 1.1427941769361485 5.9869742570444959 0.72765969438478162 3.4941151570528826 7.1389172521885467 0.85482421936467234 1.9859840988647182 8.2035253494977933 0.25771248457022888 8.1998685491271299 280.97963041812181 0.8440227701794345 8.0069778710603696 3.0685429419390848 4.4665388017892829 15.358962910715491 5.8880817578174192 6.9816911038942662 13.776157256215809 1.9983078769873825 3.7143235863186419 12.728147807531057 4.8473974061198524 0.78747974243015051 7.2761866406071931 1.1495445200707761 1.3860502056777475 2.9572845306247464 1.846729171462355 7.6439869608730069 3.8922112272121012 0.46005276660434891 0.80245157703757264 44.434115899726748 0.77274141274392505 3.8982317147310823 4.1879237690009177 2.4147344855591655 1.1868440285325048 2.4668952117208391 3.1179699557833374 1.8158548299688844 0.30909782042726863 5.7260199980810285 0.69431359320878971 7.0575973317027083 0.46713906200602651 0.16574094048701227 0.28214694233611226 5.4697044715285292 0.77239078609272738 6.8132645711302748
leaf_count=4306 69 150860 64 121 31 1103 111 5 69 45 52 675 100 50 61 62 54 4015 66 59 48 38 168 130 70 75 221 53 129 64 33 465 6 51 44 76 81 107 12 77 550 68 38 47 20 6 29 385 20 4 50 8 78 96 33 11 53 120 52
internal_value=-0.000360186 -0.0267277 0.0306379 0.00351765 0.0189823 -0.0335956 0.00339218 0.0108378 0.00548738 -0.00144826 0.00528033 -0.0185938 -0.0345701 0.0100128 0.0113742 0.0067821 -0.00305417 0.0362167 -0.0275812 0.0163574 0.0133638 0.0186269 0.0248158 0.0152953 0.0185814 0.0100233 -0.00712891 0.0340615 0.0241908 0.0119682 0.011734 -0.0300739 0.0139605 -0.0283998 -0.0125356 -0.00736382 0.0223063 -0.0216596 -0.0225789 0.0165384 0.0327213 -0.0348441 -0.00394062 0.0103468 0.0202912 -0.00893327 0.0333361 -0.0151434 -0.0196096 -0.0274212 0.0124342 -0.0351081 0.0371166 0.0281276 0.0116542 0 0.0341128 -0.0349187 0.0292318
internal_weight=977.488 528.331 449.157 97.7646 147.022 430.566 10.897 93.5869 68.0093 48.6523 39.9542 9.66776 419.669 81.5276 79.5416 64.5249 30.0429 302.135 16.237 14.0982 30.2864 23.3196 18.8531 34.482 30.3603 20.7578 4.12173 9.60241 25.5776 12.8494 1.6315 8.69816 2.00437 8.52497 21.843 18.8857 19.357 10.4363 5.90476 2.12342 53.4348 417.665 6.96677 8.44939 4.26146 6.54412 4.99227 5.35728 4.93382 5.44471 11.713 7.9705 288.037 1.55174 0.423453 0.749286 49.9038 416.892 15.0168
internal_count=165594 158689 6905 6276 2689 152413 1259 2055 1793 1593 1075 731 151154 1871 1821 1708 854 4216 4405 123 344 258 220 854 328 145 526 183 262 133 99 518 106 726 800 756 200 613 1119 305 634 151048 86 143 96 506 140 500 405 1107 119 473 4093 184 95 107 603 150980 113
is_linear=0
shrinkage=0.035


Tree=73
num_leaves=63
num_cat=0
split_feature=1 32 36 17 37 28 15 14 14 15 27 41 15 8 29 27 8 12 9 14 9 28 9 12 9 16 12 15 30 17 6 9 9 1 6 12 0 6 15 15 16 29 16 53 0 14 16 30 54 27 16 16 0 32 15 41 16 9 9 9 30 9
split_gain=627.528 92.9635 25.1712 15.6585 14.7727 14.2394 8.96122 7.76505 4.12249 4.91345 3.78229 3.56565 5.10555 3.38032 3.20288 3.17422 2.65816 3.59443 3.2443 2.63843 2.47909 3.45997 2.44396 2.22234 2.92838 2.44379 3.02533 3.72535 1.9441 1.94057 1.45393 1.41412 2.155 1.38002 1.41558 1.36797 1.1463 1.06886 1.05912 2.38203 1.52419 1.05654 2.89498 1.08016 1.01131 0.805363 0.701251 0.543481 0.495069 0.313953 0.232796 1.81656 0.209303 0.189764 1.70851 0.187359 0.121613 0.0721335 1.32191 0.0638119 0.049051 0.00162601
threshold=0.078810192644596114 0.19785943627357486 1.0000000180025095e-35 0.30384616553783422 1.0000000180025095e-35 0.80608585476875316 0.92403846979141246 0.46247655153274542 0.44092722237110143 0.36882591247558599 0.40586884319782263 3.5000000000000004 0.93419912457466137 0.92637759447097789 0.89498746395111095 0.5914268195629121 0.64241620898246776 0.50088694691658031 0.81725418567657482 0.63859337568283092 0.91476997733116161 0.64174234867095958 0.1702898591756821 0.49146202206611639 0.91476997733116161 0.92031747102737438 0.74453234672546398 0.87570226192474376 0.18019481003284457 0.73214286565780651 0.90070420503616344 0.69504830241203319 0.69028213620185863 0.082333475351333632 0.83047896623611461 0.50558269023895275 1.0000000180025095e-35 0.51668518781661998 0.69614070653915416 0.78086888790130626 0.94570022821426403 0.60326328873634349 0.93582704663276683 1.0000000180025095e-35 1.0000000180025095e-35 0.81375637650489818 0.26158231496810919 0.19292803853750232 -0.10616533085703848 0.5914268195629121 0.83438816666603099 0.80217391252517711 0.7590814232826234 0.93305322527885448 0.85867896676063549 1.5000000000000002 0.74322345852851879 0.82972848415374767 0.85880398750305187 0.84028983116149913 0.16172623634338382 0.84680575132370006
decision_type=2 2 2 2 2 2 2 2 2 2 2 2 2 2 2 2 2 2 2 2 2 2 2 2 2 2 2 2 2 2 2 2 2 2 2 2 2 2 2 2 2 2 2 2 2 2 2 2 2 2 2 2 2 2 2 2 2 2 2 2 2 2
left_child=1 3 8 13 5 6 10 -6 9 46 28 12 16 44 20 36 17 -5 31 -7 22 -22 -12 -20 25 26 27 -25 48 38 -17 32 -18 49 57 45 -3 -37 52 -40 -41 42 47 55 -1 -33 -2 -10 -4 -24 51 56 -26 54 -21 -43 -9 -35 59 -59 -50 -61
right_child=2 15 4 11 7 19 -8 50 41 -11 14 -13 -14 -15 -16 30 18 -19 23 53 21 -23 33 24 29 -27 -28 -29 -30 -31 -32 35 -34 34 -36 37 -38 -39 39 40 -42 43 -44 -45 -46 -47 -48 -49 60 -51 -52 -53 -54 -55 -56 -57 -58 58 -60 61 -62 -63
leaf_value=0.008491145586880253 0.037537518580235046 0.0088498105000081092 0.011451844846359222 -0.013063934231122143 -0.013482245641038863 0.0050297549534922574 0.030043767880717349 0.031271562471387945 -0.02121199218787885 -0.0097563282201858625 0.0095699729462027615 -0.028208115283149347 0.027479041570868255 0.014975104019063946 0.014992057724809674 -0.013937924154056709 -0.016916473396101635 0.058469518169769696 0.034535360578936768 0.00053442716959427826 -0.030980212662850143 0.01193746548321553 -0.0052409038379235707 -0.028358684228170408 0.0056053073439039534 -0.031922983848637676 0.026634909446545368 0.028553116592870298 0.035851397629639924 0.023963263834334565 0.031627711596476205 -0.011110484861492322 0.036349998782526399 -0.038334162204984111 0.0070097696204157187 0.0067580106933973413 -0.034916778721907592 -0.03203635254165528 -0.013867778611713023 0.017699035444248841 -0.00059774775444504564 0.037395599195021126 0.033630364779116302 0.01106989655041999 -0.032794662208016676 0.02463880745390393 0.015425693391611921 0.0036074006310837722 -0.017470252504794677 0.019871616282745079 0.035455267850981916 -0.001632550702173365 0.0271472590667712 0.032680830852500044 0.027768315928547473 0.023680954523011458 0.013220296274302046 -0.0047675053003737415 -0.032208166156487722 0.0051190915116120124 0 0
leaf_weight=0.24017348885536449 6.1525320485234278 0.24263894557952781 0.25753557309508335 0.73939414042979423 4.1864608358591786 9.4952526614069921 5.5394972562789908 13.532484922558075 1.1709662824869149 5.1757890332955858 1.3896482959389782 2.0078022377565494 16.624081831425428 1.4715798464603711 2.3948673065751782 0.80889246123842784 1.0594102561008165 1.5026592474896459 2.5591580329928538 4.2659114152193096 2.6329504360910496 5.2282198220491409 0.29268810059875505 4.083577811252324 2.1031931687612113 3.0851501750294119 2.6137790649663657 0.99572803755290795 1.6790521738585082 8.3657691627740842 0.65663082152605057 0.6015017044264821 0.70477802352979768 13.028985997894784 0.58947470970451732 0.48725364776328195 400.96616048039868 5.2139293204527348 7.0222741004545268 9.8329438155051321 10.637772796675563 269.98832886666059 3.3985709398984909 3.4089940357953301 15.241305695148183 0.48332309746183455 6.5280135441571474 1.2837969954125581 1.1273526330478478 0.18816292425617576 41.700349321821705 2.4247722798027089 2.0031122481450438 13.646082274615763 9.5772170647978765 9.2344956789165717 3.4965297046583137 0.55989825422875528 2.9259375468827784 0.70601499173790194 0.29858479625545453 0.99024340976029634
leaf_count=1 57 1 2 131 71 64 60 242 65 54 10 54 125 74 25 99 104 69 77 39 96 43 101 539 61 79 55 9 57 43 4 120 7 1258 16 26 150711 373 70 66 49 3924 28 40 4664 4 55 24 161 7 558 28 20 147 124 112 53 67 200 47 37 87
internal_value=-0.000346133 -0.0271904 0.0297076 0.00301742 0.0172996 0.0066913 -0.00769761 0.029429 0.0353789 0.0172017 -0.0145725 0.00938027 0.0106918 -0.0266298 -0.0184921 -0.0346658 0.00592874 0.0370463 0.00417363 0.0220738 -0.0218336 -0.00391601 -0.027991 0.0074667 0.00539284 -0.0100046 0.00104374 -0.0137646 0.0166513 0.0097737 0.00960576 -0.0146213 0.00854888 -0.0312091 -0.0328173 -0.0214188 -0.0348597 -0.0276848 0.00528986 0.00233479 0.00844295 0.0364287 0.0160672 0.0367799 -0.0314655 0.00731661 0.0283697 -0.00993178 -0.00741794 0.00900554 0.0325925 0.0248515 0.0200577 0.027455 0.0202131 0.0370406 0.0286981 -0.0345864 -0.0199208 0 -0.0155845 0.00398022
internal_weight=950.85 502.354 448.496 99.6797 142.154 76.8136 39.8291 65.3406 306.341 17.8563 34.2896 82.7266 80.7188 16.9531 30.9271 402.674 64.0947 2.24205 61.8527 36.9845 28.5322 7.86117 20.6711 53.3025 50.7433 10.7782 7.69308 5.07931 3.36253 39.9651 1.46552 8.5502 1.76419 19.2814 18.8006 6.78601 401.209 5.70118 31.5993 27.493 20.4707 288.485 5.85333 282.632 15.4815 1.08482 12.6805 2.45476 1.68347 0.480851 61.1541 19.4538 4.10631 27.4892 13.8431 279.223 17.029 18.2111 5.18209 2.25616 1.42594 1.69626
internal_count=165594 157635 7959 6820 3600 2648 2274 952 4359 166 2214 2081 2027 4739 1957 150815 1902 200 1702 374 1932 139 1793 1068 991 682 603 548 257 309 103 634 111 1783 1675 523 150712 399 266 185 115 4193 117 4076 4665 124 112 89 200 108 881 323 81 310 163 4036 295 1659 401 201 198 134
is_linear=0
shrinkage=0.035


Tree=74
num_leaves=58
num_cat=0
split_feature=1 32 34 17 15 29 10 10 14 14 14 6 29 41 15 6 6 55 15 12 27 12 39 28 7 9 16 15 12 2 6 9 12 12 14 1 16 15 6 17 12 15 55 6 12 2 6 6 28 12 30 2 1 15 1 30 29
split_gain=601.584 91.366 25.8341 14.9403 13.9194 6.41094 5.18181 6.79867 5.66289 4.54654 4.46665 4.29998 4.07898 3.40178 4.86296 3.14022 3.58409 3.555 3.16968 3.26693 3.13795 2.91435 2.60326 2.59658 2.49854 2.27106 4.22951 4.40582 3.83772 3.32516 3.31965 2.69829 2.09805 1.90748 1.66955 1.62129 1.50565 1.41966 1.41418 1.39598 1.35006 1.15421 1.97611 1.14019 1.13143 1.27072 1.00029 0.974584 0.938087 0.88907 0.881431 0.753576 0.904066 0.631484 0.643022 0.227923 0.0975687
threshold=0.078810192644596114 0.19785943627357486 0.36666667461395269 0.30384616553783422 0.88047617673873912 0.78319624066352855 0.44949495792388922 0.080128207802772536 0.59896907210350048 0.63453349471092235 0.44092722237110143 0.83047896623611461 0.97169560194015514 3.5000000000000004 0.93419912457466137 0.71834936738014232 0.2152509689331055 -0.39834177494049067 0.47114317119121557 0.63981124758720409 0.5914268195629121 0.65237718820571911 1.5000000000000002 0.82972848415374767 0.44590643048286444 0.96362435817718517 0.92031747102737438 0.87570226192474376 0.74453234672546398 0.35861176252365118 0.82097071409225475 0.91476997733116161 0.50088694691658031 0.71262335777282726 0.84889996051788341 0.21894425153732303 0.70659971237182628 0.22401433438062671 0.90070420503616344 0.73214286565780651 0.58688256144523632 0.92031747102737438 0.59221526980400097 0.069570478051900878 0.85405564308166515 0.56336912512779247 0.069570478051900878 0.89039039611816417 0.78024387359619152 0.31678666174411779 0.36038962006568914 0.13020028173923495 0.21894425153732303 0.82426470518112194 0.48549756407737737 0.37980769574642187 0.6253834366798402
decision_type=2 2 2 2 2 2 2 2 2 2 2 2 2 2 2 2 2 2 2 2 2 2 2 2 2 2 2 2 2 2 2 2 2 2 2 2 2 2 2 2 2 2 2 2 2 2 2 2 2 2 2 2 2 2 2 2 2
left_child=1 3 4 21 5 6 7 8 37 -8 12 35 -4 14 24 16 23 -18 -19 22 43 46 -20 -7 32 26 27 28 29 30 40 -28 -5 -23 48 -11 -31 -2 -22 44 49 42 -6 -3 45 -27 -1 -38 50 -26 -9 -12 56 55 -55 -17 -53
right_child=2 20 10 13 41 15 9 34 -10 11 51 -13 -14 -15 -16 53 17 18 19 -21 38 33 -24 -25 25 39 31 -29 -30 36 -32 -33 -34 -35 -36 -37 47 -39 -40 -41 -42 -43 -44 -45 -46 -47 -48 -49 -50 -51 -52 52 -54 54 -56 -57 -58
leaf_value=0.0084364158112251869 0.010301503096137409 0.0087920131678849572 -0.0050530712308959657 -0.008109562500080986 0.029110317956040615 0.0067333770096595488 0.050797539924755386 -0.036300750064505331 0.037224384183719927 -0.028385063111972753 0.015969787479124292 0.03509412229394783 0.02984209165477331 -0.027506882718567723 0.026991934323724584 0.0145639090510854 -0.023098429267221551 0.030555765665989543 0.0039795531520489891 0.014824721378734373 -0.013804376654416008 0.032790501919577796 -0.031340245985543927 0.038777656072745838 0.010354087517020464 0.0019701044248631753 -0.035690155982022159 0.037748700834170826 0.025114864586191651 0.016084362024365299 0.04479815877633872 0.0040490957858365728 0.057228848897260411 -0.017990257769849773 0.01065564507591104 0.0047573785534446066 -0.031342629558475145 -0.027867048044999385 0.031196072488757259 0.022940164105499969 0.017541690916599864 0.036230516291093251 0.0020790164003820317 -0.034906960554409935 -0.00019512099088994533 0.025013288205756531 -0.032650501845669089 0.0072169746918633688 0.005711407820783514 -0.025194934396507711 -0.0023491892089945029 0.010595425912719912 0.037473132156878128 0.0051632234039067039 0.022917055770031749 0.033208043098453079 0.026009969615732018
leaf_weight=0.2397653609514262 0.97632364393212556 0.24226616322994132 6.5087445953395191 0.42545135202817508 10.763185299001636 7.3425374962389451 2.221323046833275 10.582754092523823 3.8596667726524174 3.1800780608318746 4.8591384515166274 2.0949652059935033 8.5221360847353935 2.0123347451444706 16.35459627956152 4.298406531102958 5.0221965396776822 4.3919190256856409 4.3178667817264813 7.9867270635440937 0.7979999748058606 0.94172256719320901 4.2250003386288881 5.6858458817005157 0.36893447814510238 6.5678398332092929 5.301581193925812 3.1931924200616768 3.6855407434049985 0.30006894399411965 1.1424020528793333 2.6338943429291248 0.9982101449277252 0.73573973961174488 0.66592747461982149 2.4773931372910738 7.1627298926468939 2.6921396618708968 0.65625885128974915 7.4138280227780333 0.88378311949782062 34.925923805683851 5.2434338331222525 387.28239188203588 15.547442287206648 5.24289914034307 14.562440760899333 0.36449461523443449 0.36530710011720735 2.6179043129086494 1.4200646083336312 3.7083947842475018 256.87562184408307 6.107166323810814 5.871197521686554 11.65397399663925 8.4798459336161596
leaf_count=1 17 1 55 80 122 62 25 1725 46 181 54 19 73 54 125 38 61 57 50 64 99 78 49 46 24 65 117 25 76 61 5 23 38 32 6 20 840 287 4 39 47 470 43 150711 69 34 4628 5 2 354 38 52 3975 56 62 122 82
internal_value=-0.000328186 -0.0270348 0.029439 0.0029864 0.0173407 0.00937309 -0.00374457 -0.013692 0.0115346 0.0158234 0.0355579 0.000743403 0.0151407 0.00916822 0.0104589 0.0153788 0.00847395 0.000604467 0.00724813 -0.000134877 -0.0346493 -0.0264146 -0.0145753 0.022735 0.00581924 0.00432915 -0.00301061 0.00564325 -0.00216051 -0.0114912 0.00923689 -0.0231314 0.0409692 0.0108101 -0.0282954 -0.0148117 -0.0247055 -0.0169285 0.00951346 0.0101854 -0.00758303 0.032042 0.0211042 -0.0348481 0.00591844 0.0136264 -0.0312717 -0.0284376 -0.0312946 -0.0184303 -0.0330427 0.0366064 0.0369056 0.0242663 0.0152302 0.0295462 0.0227443
internal_weight=925.001 487.676 437.325 98.6968 148.371 97.4388 30.5359 20.5622 7.52813 9.97376 288.954 7.75244 15.0309 82.2171 80.2048 66.9028 38.9721 25.9437 20.9215 16.5296 388.979 16.4797 8.54287 13.0284 63.8502 62.4265 27.6545 19.7191 16.5259 12.8403 5.01302 7.93548 1.42366 1.67746 13.0341 5.65747 7.82729 3.66846 1.45426 34.772 3.87062 50.9325 16.0066 387.525 27.3582 11.8107 14.8022 7.52722 12.3681 2.98684 12.0028 273.923 269.064 27.9307 11.9784 15.9524 12.1882
internal_count=165594 157635 7959 6820 3668 3033 2366 2121 350 245 4291 220 128 2081 2027 667 389 281 220 163 150815 4739 99 108 1902 1784 1577 1437 1412 1336 430 140 118 110 1771 201 906 304 103 207 425 635 165 150712 168 99 4629 845 1765 378 1763 4163 4109 278 118 160 134
is_linear=0
shrinkage=0.035


Tree=75
num_leaves=63
num_cat=0
split_feature=1 22 34 17 15 36 38 28 14 28 27 8 35 41 15 7 29 41 9 8 17 11 12 15 2 15 30 28 12 55 41 28 14 10 11 6 54 29 14 8 41 29 29 2 9 14 27 2 1 1 15 7 15 27 2 2 15 0 29 28 30 55
split_gain=576.905 89.1759 25.5196 14.3355 13.4149 7.2181 7.10261 7.0117 4.52098 5.73276 4.30768 3.45927 3.29603 3.28748 4.56002 2.91545 2.58067 2.55939 2.45543 4.95933 2.4526 4.25602 4.81383 2.387 2.30061 2.21115 2.20393 2.1864 2.34604 3.27019 3.54246 2.15386 2.27538 2.02417 3.06845 1.66058 1.84203 1.63293 1.6329 1.27205 1.19332 2.22505 1.54266 1.18961 1.1227 1.10866 0.888219 0.778503 0.938294 0.772105 0.734783 0.590371 1.03481 0.582629 0.547092 0.306034 0.231021 0.164527 0.0671526 0.0586416 0.0907431 0.0361154
threshold=0.078810192644596114 1.0000000180025095e-35 0.45000000298023229 0.30384616553783422 0.91596046090126049 1.0000000180025095e-35 0.36666667461395269 0.82972848415374767 0.44092722237110143 0.90152388811111461 0.40586884319782263 0.92637759447097789 1.0000000180025095e-35 3.5000000000000004 0.94570022821426403 0.43534001708030706 0.91458967328071605 1.0000000180025095e-35 0.96362435817718517 0.9607692062854768 0.64583334326744091 0.88516482710838329 0.5949113965034486 0.38924963772296911 0.53278529644012462 0.87570226192474376 0.16172623634338382 0.64174234867095958 0.24319982528686526 0.13604861497879031 1.0000000180025095e-35 0.64174234867095958 0.60397014021873485 0.11805555596947671 0.88516482710838329 0.069570478051900878 0.37746594846248632 0.6569296419620515 0.90070420503616344 0.55848154425621044 1.0000000180025095e-35 0.94352909922599804 0.78319624066352855 0.54586797952651989 0.86542212963104259 0.74873736500740062 0.5914268195629121 0.13020028173923495 0.21894425153732303 0.05278326943516732 0.64174234867095958 0.75905716419219982 0.64051282405853283 0.55747640132904064 0.12405638396739961 0.66425621509552013 0.6820855736732484 0.99999997019767772 0.6253834366798402 0.60723635554313671 0.075961541384458556 0.77593311667442333
decision_type=2 2 2 2 2 2 2 2 2 2 2 2 2 2 2 2 2 2 2 2 2 2 2 2 2 2 2 2 2 2 2 2 2 2 2 2 2 2 2 2 2 2 2 2 2 2 2 2 2 2 2 2 2 2 2 2 2 2 2 2 2 2
left_child=1 3 4 11 5 17 7 10 9 -4 26 -1 37 14 15 -5 27 -2 19 20 21 39 44 -8 25 -24 54 35 -29 -30 -31 32 53 -9 -35 -12 -37 46 45 -17 41 42 -25 -41 51 -20 -3 -10 58 -14 -28 52 -23 -19 -7 -47 -48 -16 -49 60 -39 -6
right_child=2 12 8 13 61 6 23 33 47 -11 16 -13 49 -15 57 18 -18 31 38 -21 -22 22 24 40 -26 -27 50 28 29 30 -32 -33 -34 34 -36 36 -38 59 -40 43 -42 -43 -44 -45 -46 55 56 48 -50 -51 -52 -53 -54 -55 -56 -57 -58 -59 -60 -61 -62 -63
leaf_value=-0.032499426528062154 -0.0016566499035088039 -0.034903193318916476 -0.011243946679579404 0.045614736016262848 0.036475895227461801 0.011404247840605085 -0.0074075543067011751 0.028369081576861469 0.015659349836157337 0.030787160141763165 0.01253147157895337 0.014936248991111524 -0.011055393364948906 -0.026777943538452045 0.033720760055873128 0.014232751315799397 0.013163307515609594 0.0038014981047439335 0.016783214563024444 -0.032752370976971569 0.033499086947179062 0.027207320917784227 -0.029172335864188305 0.0028092181666516955 0.014520342173903286 0.01204605362376132 0.0017116309380917035 -0.030282534746963345 0.027189264531518854 0.0086816730155617541 -0.029896772720037892 0.035640350600540396 0.023116928967484823 -0.0089540246540408507 0.021451657851732 -0.035715302843711418 0.0075351397919779239 0.004435042069017887 0.024870055937116858 -0.030682263047471889 0.035368905349801201 -0.0073027722549803371 0.034213419359669039 0.0096927980702074448 0.00022950600259184285 -0.0028916691754909012 -0.0093814619458618669 0.010639876646687821 0.037370866238811778 0.021422900262270568 0.047563953761293173 0.050385455349533648 -0.012228018700297594 -0.020610841179608166 -0.017799836102088625 0.0052595551165447911 0.010483463319676454 0.017064932802948622 0.025580561956656776 0.007554274799872621 -0.0079160552894837165 0.016364581321153281
leaf_weight=13.453380572609602 3.5738194310106364 374.76121631357819 5.6840062334667882 1.2714884304441501 33.243851327337325 0.24994704127311651 2.5794998626224723 6.7429851256310966 4.802857093513011 9.1897639706730825 0.4776514545083107 1.4680889756418753 0.60348703805357118 2.0009363780263802 7.7496742680668813 0.33479541586712969 2.6338200708851209 1.4004055578261634 7.8052300410345223 4.5418169971089801 2.0130979381501666 0.60796027886681192 4.2253354431595636 3.4158596044871938 3.5354602674487978 1.498023062944412 0.81728631886653635 3.6367212184704867 2.7482511543203136 5.0292968838475627 4.7371302586980164 17.775580370798707 6.4700387031771243 7.7563693374395353 6.5545714125037193 11.286640151403841 0.8470463689882316 0.26891462458297499 7.1567550450563422 5.6103268240112811 8.3789988602511585 3.2305109426379213 5.2442687824368477 0.41876234672963608 1.156003111740574 8.8384505147114414 0.49688407266512413 3.6736888696905217 248.53912886604667 1.0684594446793196 1.3821002985350785 2.6188251916319132 0.67054020520299673 1.5448420553002504 1.1711408887058494 11.526775822043417 0.3762742206454277 6.4864723086357117 8.3397006690502149 0.44913125364109874 0.41690538008697331 3.1558633744716635
leaf_count=4335 31 150980 50 96 469 1 29 52 54 78 3 70 144 50 61 30 25 59 73 66 15 88 278 79 45 8 70 98 41 79 82 180 78 60 57 1690 28 14 39 716 101 30 52 11 38 43 71 51 3973 40 37 23 88 29 183 51 15 52 82 15 80 28
internal_value=-0.000304843 -0.0268768 0.0291895 0.00338366 0.0171024 0.010764 0.00496701 -0.00175034 0.0353949 0.014808 -0.0112921 -0.0269675 -0.0344703 0.00934605 0.0106432 0.00635065 -0.0156106 0.0249003 0.00479242 -0.00295695 0.00399045 -0.000134057 0.0102314 0.0209801 -0.0048239 -0.0176763 0.0206735 -0.0187168 -0.00898917 -0.000759552 -0.0107443 0.0284499 0.01242 0.0137533 0.00523504 -0.0293422 -0.0320857 -0.0346932 0.0107791 -0.0221446 0.0249357 0.0151388 0.0237619 -0.0264 0.0346341 0.00634943 -0.0348213 0.0364757 0.0367847 0.00863985 0.0374799 0.0419937 0.0086991 -0.0100947 -0.00862887 0.00158836 0 0.0279796 0.0224494 0.0025099 -0.00123893 0.03531
internal_weight=899.743 473.429 426.314 94.9882 146.084 109.685 78.9201 56.071 280.229 14.8738 35.017 14.9215 378.441 80.0667 78.0658 63.8296 31.3966 30.7647 62.5582 27.2309 22.6891 20.676 14.3121 22.8491 9.25882 5.72336 3.62047 28.7627 16.1514 12.5147 9.76643 27.1909 9.41529 21.0539 14.3109 12.6113 12.1337 376.769 35.3272 6.36388 20.2696 11.8906 8.66013 6.02909 5.05333 28.1705 375.634 265.355 260.553 1.67195 2.19939 3.89733 1.2785 2.94525 1.42109 20.3652 0.873158 14.2361 12.0134 1.13495 0.68582 36.3997
internal_count=165594 157635 7959 6276 3671 3174 2797 2506 4288 128 2337 4405 151359 1871 1821 1708 2046 377 1612 1406 1340 1325 568 291 331 286 291 2021 300 202 161 346 166 169 117 1721 1718 151175 206 757 262 161 131 727 237 167 151066 4160 4106 184 107 199 176 88 184 94 86 113 133 109 94 497
is_linear=0
shrinkage=0.035


Tree=76
num_leaves=62
num_cat=0
split_feature=1 22 34 17 15 36 38 28 14 28 27 35 41 15 12 7 41 28 9 9 55 15 9 16 15 12 7 2 7 9 28 14 30 41 16 10 29 16 17 1 30 12 12 55 29 37 2 27 12 2 12 1 15 29 27 0 15 55 0 28 30
split_gain=553.051 87.628 25.2868 13.7127 13.108 6.78151 6.74698 6.653 4.56423 5.49705 4.17009 3.25001 3.14163 4.3711 3.03483 2.74749 2.45695 2.42535 3.18879 3.02183 2.58046 2.29385 2.27646 4.75468 3.83751 3.41255 3.48959 3.46928 2.70385 2.21089 2.15043 2.13239 2.10307 2.07247 2.0611 1.95224 1.62559 1.6115 1.57452 1.57142 1.35179 1.27924 1.22595 1.17827 1.16565 0.893503 5.51936 0.886804 0.865632 1.28706 0.820804 0.747395 0.699027 0.695854 0.564786 0.536862 0.226303 0.213044 0.166725 0.0572163 0.0892686
threshold=0.078810192644596114 1.0000000180025095e-35 0.36666667461395269 0.30384616553783422 0.91596046090126049 1.0000000180025095e-35 0.36666667461395269 0.82972848415374767 0.44092722237110143 0.90152388811111461 0.40586884319782263 1.0000000180025095e-35 3.5000000000000004 0.94570022821426403 0.65237718820571911 0.43534001708030706 1.0000000180025095e-35 0.64174234867095958 0.77694860100746166 0.12132352963089944 0.15533946454524997 0.38924963772296911 0.96362435817718517 0.92031747102737438 0.87570226192474376 0.73107904195785534 0.7320508360862733 0.35861176252365118 0.77459675073623668 0.91476997733116161 0.64174234867095958 0.60397014021873485 0.16172623634338382 1.0000000180025095e-35 0.81302964687347423 0.58571431040763866 0.6569296419620515 0.70659971237182628 0.73214286565780651 0.43283110857009893 0.28869047760963445 0.85405564308166515 0.58688256144523632 0.19322340190410617 0.78319624066352855 1.0000000180025095e-35 0.53278529644012462 0.5914268195629121 0.85405564308166515 0.56336912512779247 0.31678666174411779 0.05278326943516732 0.64174234867095958 0.60326328873634349 0.55747640132904064 1.0000000180025095e-35 0.6820855736732484 0.79027906060218822 0.99999997019767772 0.60723635554313671 0.075961541384458556
decision_type=2 2 2 2 2 2 2 2 2 2 2 2 2 2 2 2 2 2 2 2 2 2 2 2 2 2 2 2 2 2 2 2 2 2 2 2 2 2 2 2 2 2 2 2 2 2 2 2 2 2 2 2 2 2 2 2 2 2 2 2 2
left_child=1 3 4 14 5 16 7 10 9 -4 32 36 13 15 -1 -5 -2 19 40 -12 -20 -8 23 24 25 27 -27 28 42 -25 31 54 55 -22 -16 39 47 -29 48 -9 -19 -21 50 -23 -45 46 -10 -3 49 -24 -17 -13 -34 -47 -18 -7 -49 -6 -15 60 -38
right_child=2 11 8 12 57 6 21 35 45 -11 17 51 -14 58 34 22 30 18 20 41 33 43 38 29 -26 26 -28 37 -30 -31 -32 -33 52 -35 -36 -37 59 -39 -40 -41 -42 -43 -44 44 -46 53 -48 56 -50 -51 -52 -53 -54 -55 -56 -57 -58 -59 -60 -61 -62
leaf_value=-0.032340092590472824 -0.0016109221874726497 -0.034893021773355036 -0.010864149534573465 0.044098481998842975 0.036328400307641624 0.011324123945510247 -0.007234891881214232 0.032889091580909316 -0.007794216798324081 0.030389865094427111 0.021529957369235953 -0.010955448007050955 -0.026109017534197362 0.033329745516667252 0.03486825225808822 0.0098007021275935639 0.0037223802933399929 0.0029336289846137015 0.029781632135877527 -0.033833005768929225 0.0092688923132381168 0.032307857832357269 0.0012576298328025775 -0.035584523092231146 0.036684994984738324 0.046308598124981074 -0.0074004438639259547 0.016139056763252058 0.040774108336811707 0.00031591696917419935 0.035138554811162778 0.022357781896081206 0.0016843290717421697 -0.022776006692945425 -0.018068562508963302 -0.00069549661055710562 0.0044025710934733845 -0.030738079825112275 0.023886053381945369 0.0076201610054706832 -0.030396803692188976 0.0023837452265498037 0.017011418863504508 -0.0046215585297969177 0.019910622877043652 0.015156130321435896 0.035087321717593663 -0.0093013042658176351 0.00026576029648219836 0.024200237095339115 -0.024436611846931678 0.021003498339267956 0.046552617897298997 0.037385023799194138 -0.020335523669955235 -0.017625712052137997 0.010365161716525358 0.013994069667837603 0.01671870681331649 0.007472934753264892 -0.0078527638563009091
leaf_weight=12.859156769001855 3.5749976800289032 361.97538624983281 5.7112817068118593 1.3029900237452228 32.594881987199187 0.24998040497302954 2.5726115857251015 6.1840711161494273 4.309436887502673 9.0004918128252012 0.72312604635954159 0.59691694122739036 2.0059057942125937 7.5808950290083867 0.87171060009859391 0.37799590732902899 1.4013525636401047 1.4936810224317039 2.7478216523304573 11.499853905057531 4.6882479563355428 11.022842509672047 6.647640560287984 5.1969972234219295 3.1551114572212091 2.1570816086605182 2.1698702697176486 0.29860369255766261 1.2163608567789195 2.8646071515977383 17.419023431837559 6.3427899507805705 0.8176674107089642 3.339881143765524 0.77829733188264072 7.3923340365290633 0.26879415800794848 6.2496779197826982 7.5366730093955985 7.3666968904435635 5.3459722700063139 0.98441089317202646 0.89995772973634292 2.7582535408437234 6.1989995390176773 4.1282578604295841 13.759659841656683 0.49232389428652723 15.827837780117987 5.2422256534919143 2.3707771878689528 1.0715644871816037 1.3843859690241513 235.23435970023274 1.5248497640714047 1.1515419769566504 0.37862078286707401 2.789330191910266 6.411128044128418 0.44901590142399073 0.41367311822250485
leaf_count=4306 31 150980 50 96 473 1 29 40 53 78 4 144 50 61 66 25 59 59 21 1717 52 114 63 101 19 51 51 59 10 24 180 77 70 57 33 67 14 707 41 62 125 9 44 82 66 55 218 71 70 32 315 40 37 3837 29 183 15 24 52 15 80
internal_value=-0.000283523 -0.0267162 0.0289295 0.00336014 0.0168186 0.0105416 0.00488932 -0.00169729 0.0352209 0.0144797 -0.0111039 -0.0344476 0.00916456 0.010443 -0.0267632 0.0062457 0.0243614 -0.0154186 -0.00607484 -0.0263298 0.00556175 0.0205943 0.00471243 -0.00279648 0.00674099 -0.000885006 0.0223846 -0.0110813 0.00977411 -0.0238144 0.0278995 0.0118574 0.020374 -0.00472096 0.0111819 0.0134072 -0.0346763 -0.0262819 0.0104694 0.0208603 -0.0232257 -0.0307527 -0.0063553 0.0245185 0.0122993 0.036332 0.0248042 -0.0348084 0.00599468 0.0127372 -0.0174364 0.00843744 0.0367142 0.0370809 -0.00990917 -0.00843945 0 0.035097 0.0275749 0.00249269 -0.00119782
internal_weight=875.381 459.668 415.713 94.0215 143.57 108.185 77.9224 55.3697 272.143 14.7118 34.4266 365.646 79.5123 77.5064 14.5092 63.5144 30.263 30.823 17.6156 13.2074 10.776 22.5527 62.2114 26.957 18.8954 15.7403 4.32695 11.4134 4.86509 8.0616 26.688 9.26899 3.60358 8.02813 1.65001 20.9431 363.978 6.54828 35.2544 13.5508 6.83965 12.4843 3.64873 19.9801 8.95725 257.432 18.0691 362.846 27.7177 11.8899 2.74877 1.66848 2.20205 239.363 2.9262 1.40152 0.870945 35.3842 13.992 1.13148 0.682467
internal_count=165594 157635 7959 6276 3668 3171 2795 2504 4291 128 2335 151359 1871 1821 4405 1708 376 2044 314 1730 130 291 1612 1406 1281 1262 102 1160 394 125 345 165 291 109 99 169 151175 766 206 102 184 1726 384 262 148 4163 271 151066 165 95 340 184 107 3892 88 184 86 497 113 109 94
is_linear=0
shrinkage=0.035


Tree=77
num_leaves=63
num_cat=0
split_feature=1 22 34 17 15 36 38 28 2 8 15 27 8 35 17 7 38 28 9 8 9 28 14 15 9 12 12 27 12 12 10 11 54 9 15 7 54 27 12 12 30 10 9 30 55 6 3 15 9 1 12 7 10 14 15 39 55 27 54 14 0 55
split_gain=530.038 86.1507 25.0626 13.122 12.7651 6.43454 6.35956 6.23331 4.68737 10.2794 6.12872 3.99153 3.36577 3.20483 2.77965 2.61692 2.52989 2.41323 3.09618 3.43779 2.94816 2.38 2.70665 2.20127 2.07757 2.48625 4.50718 2.01326 1.96376 1.95073 1.88218 2.91382 1.76665 1.90897 1.82174 1.75022 1.72502 1.69106 1.68682 1.68641 1.36361 1.18865 1.16728 1.16062 1.13663 1.15827 1.03441 0.851544 0.724091 0.72356 0.613195 2.27084 1.95048 0.59191 0.565782 0.51487 0.499514 0.464808 0.438371 0.285288 0.247131 0.230139
threshold=0.078810192644596114 1.0000000180025095e-35 0.45000000298023229 0.30384616553783422 0.91596046090126049 1.0000000180025095e-35 0.36666667461395269 0.82972848415374767 0.3341702818870545 0.17267081141471866 0.28759399056434637 0.40586884319782263 0.92637759447097789 1.0000000180025095e-35 0.86607143282890331 0.43534001708030706 0.41428571939468389 0.64174234867095958 0.77694860100746166 0.77485185861587536 0.12132352963089944 0.74175426363945018 0.60397014021873485 0.38924963772296911 0.81725418567657482 0.5949113965034486 0.58079150319099437 0.37745475769042974 0.49146202206611639 0.61085417866706859 0.11805555596947671 0.88516482710838329 0.68004313111305248 0.91476997733116161 0.72834226489067089 0.75905716419219982 0.37746594846248632 0.5914268195629121 0.65898677706718456 0.74453234672546398 0.26491229236125952 0.68333333730697643 0.95553359389305126 0.29520697891712194 0.19322340190410617 0.71516755223274242 1.0000000180025095e-35 0.90521115064620983 0.93813776969909679 0.05278326943516732 0.88282340764999401 0.85145786404609691 0.58571431040763866 0.86706829071044933 0.64174234867095958 1.5000000000000002 0.46973712742328649 0.51445281505584728 0.56412413716316234 0.76689496636390697 0.99999997019767772 0.79027906060218822
decision_type=2 2 2 2 2 2 2 2 2 2 2 2 2 2 2 2 2 2 2 2 2 2 2 2 2 2 2 2 2 2 2 2 2 2 2 2 2 2 2 2 2 2 2 2 2 2 2 2 2 2 2 2 2 2 2 2 2 2 2 2 2 2
left_child=1 3 4 12 5 16 7 11 9 -4 -11 27 -1 40 15 -5 21 20 43 -20 -13 22 37 -8 25 26 35 48 -26 53 -9 -32 59 34 39 -17 47 -2 -36 -34 46 50 -21 -19 -25 -46 -3 -22 -7 -15 51 52 -35 -30 -29 -24 -47 -48 -27 -31 -16 -6
right_child=2 13 8 14 61 6 23 30 -10 10 -12 17 -14 49 60 24 -18 18 19 42 36 -23 55 44 28 58 -28 54 29 32 31 -33 33 41 38 -37 -38 -39 -40 -41 -42 -43 -44 -45 45 56 57 -49 -50 -51 -52 -53 -54 -55 -56 -57 -58 -59 -60 -61 -62 -63
leaf_value=-0.032330979767249544 0.014936446899266129 -0.034879244509427663 0.035181466494131036 0.0423675433053603 0.036156161304981727 -0.016096025726938447 -0.0070660658633324835 0.02723907487541059 0.0369716870319712 0.02491561817278783 -0.022226050575985343 0.021277575309858701 0.014537530234362935 -0.010856683523615098 0.029204997372975335 -0.024368247059521016 -0.0038617183638455068 0.001050938438489744 0.029481752743660074 -0.020533268955661821 -0.035543180789566489 0.037952822880262617 0.031627449551028031 0.031815053780002926 0.032558578058275812 0 0.054934869928334795 0.0014008194850114275 -0.025440289577896031 0.0098407339620232605 -0.008895665434079535 0.020841015429446875 -0.013205619620580599 0.012484392349082796 0.0072834545551971738 0.020974805060205631 0.0076609181325261533 -0.021000338253843787 -0.028827338642637999 0.036203395440205004 0.008425908621769328 0.019993388137733777 0.0045311161883020623 -0.029785767260374438 -0.0064841157676826357 0.027438813256521033 -0.01215539457745275 0.0050946049965172853 0.013520483631544606 0.020592673702240511 -0.0013448296372244866 0.023395239600384869 -0.014834712132028562 0.0050118079446501177 0.050467611397196778 0.0091094780779784716 0.005404184502050019 0.013586711551561211 -0.026870592541826374 0.03392811019139845 0.013552333092104199 0.013707834618300972
leaf_weight=12.636709018144755 1.8100868861656696 349.49699054262601 22.698735218495131 1.3423584436532099 31.625774744898081 1.2627473485190419 2.565898037049922 6.6493226774036911 229.03137659514323 4.5312386138830316 7.6433412057813257 0.71804492920637386 1.4798164265230287 0.5904760982375582 6.6722675412893278 2.4353630023542783 3.1294907936826339 1.6059378511272395 3.6477670113090408 3.4626937722787261 11.098890882916743 13.13993029668927 5.649574106326325 10.820893649943175 2.5269326197449109 0.8724219575524329 0.79367331229150284 0.58527269726619102 2.2357151375617828 2.8940657416824243 7.7710295692086202 6.4371860325336456 0.72026552073657402 5.174224064452579 1.5604371093213556 0.5436842928174882 0.84050509380176741 2.7060187477618456 4.4462087629362941 0.82002808433026075 0.41491719824261863 6.7190028578042975 3.6947808694094419 5.1384405915159732 2.2746357345022243 3.2404403614345938 1.4246432229410846 0.26429562829434949 0.78427492314949621 1.074585356749594 13.09947559982538 6.3208104930818072 5.6003881068900228 0.42252744548022736 0.95510066952556372 3.5096570895984769 3.3496922804042697 0.28743325173854817 4.768173357937485 2.2019159854389727 6.8126416727900505 2.769151344895362
leaf_count=4335 69 150875 332 98 473 177 29 52 3831 48 77 4 70 144 51 375 22 60 46 53 1696 144 65 114 66 43 41 70 249 69 60 57 115 56 65 7 28 37 142 15 16 39 32 124 64 44 281 3 10 40 58 40 37 4 34 40 40 3 217 29 55 24
internal_value=-0.000262549 -0.0265499 0.0286672 0.00334294 0.0165577 0.0103716 0.0048366 -0.00157279 0.0350602 0.0217282 -0.00385539 -0.0107471 -0.0265496 -0.0344244 0.00899452 0.00575143 0.0239051 -0.0150096 -0.00573792 0.00564692 -0.0260338 0.0272938 0.0149254 0.0201927 0.00429308 -0.0100363 0.00988952 0.0200752 0.00695577 0.00506242 0.0130543 0.00483123 0.00681579 0.00419327 -0.0107263 -0.0120218 -0.0304833 -0.00586554 -0.0192461 0.0156179 -0.0346591 0.0075383 -0.0081963 -0.0228036 0.0240847 0.0120252 -0.0347437 -0.0339793 -0.00288707 0.0082377 0.00410251 0.00831363 -0.0014721 -0.0195963 0.0410924 0.0250895 0.0188876 -0.00312694 -0.0233731 0.0246811 0.0230204 0.0348861
internal_weight=851.8 446.388 405.412 93.0991 141.508 107.113 77.1679 54.9163 263.905 34.8733 12.1746 34.0588 14.1165 353.289 78.9826 65.4977 29.9448 30.4714 17.5496 10.8052 12.9217 26.8153 13.6753 22.2516 64.1553 9.41332 3.77272 3.5874 54.742 52.2151 20.8575 14.2082 49.5568 44.4608 7.54694 2.97905 12.2037 4.51611 6.00665 1.54029 351.624 36.9139 7.15747 6.74438 19.6857 8.86477 351.209 11.3632 2.04702 1.66506 30.1949 17.0954 10.7746 2.65824 1.54037 9.15923 6.59013 1.71208 5.6406 5.09598 13.4849 34.3949
internal_count=165594 157635 7959 6276 3671 3174 2797 2506 4288 457 125 2337 4405 151359 1871 1765 377 2046 315 131 1731 355 211 291 1667 683 423 291 984 918 169 117 665 567 337 382 1727 106 207 130 151175 230 85 184 262 148 151159 1699 187 184 191 133 93 253 104 105 84 284 260 98 106 497
is_linear=0
shrinkage=0.035


Tree=78
num_leaves=63
num_cat=0
split_feature=1 32 34 17 15 36 29 2 8 2 16 27 6 10 28 8 27 41 15 1 8 12 14 12 0 14 9 41 8 14 2 43 28 14 14 12 54 12 15 15 10 6 9 6 0 8 14 0 30 55 29 12 12 54 10 27 1 55 8 7 32 32
split_gain=507.962 85.5746 24.7815 12.4983 12.4502 6.07794 5.89952 4.78197 4.8308 5.00239 4.6843 4.5576 4.39743 5.17539 3.99052 3.13452 3.06423 2.99846 4.11346 2.75951 2.44035 3.26841 2.57585 3.6139 3.34521 3.69121 3.04304 2.32457 2.26652 2.22041 4.52619 2.15467 2.08992 1.96007 1.76606 3.90833 1.74451 1.63138 1.88865 1.62339 1.60604 1.30316 1.29958 1.20612 1.11785 1.0148 2.38741 0.948132 0.870198 0.764129 0.734829 0.727961 1.17663 0.596035 0.565437 0.529226 0.298985 0.24669 0.144299 0.0794712 0.0400261 0.0297812
threshold=0.078810192644596114 0.19785943627357486 0.36666667461395269 0.30384616553783422 0.91596046090126049 1.0000000180025095e-35 0.78319624066352855 0.50935709476470958 0.17267081141471866 0.29564568400383001 0.30901856720447546 0.40792746841907507 0.71516755223274242 0.087121214717626586 0.64174234867095958 0.92637759447097789 0.5914268195629121 3.5000000000000004 0.93419912457466137 0.21894425153732303 0.64241620898246776 0.50088694691658031 0.78830561041831981 0.531602442264557 0.71650776267051708 0.75513628125190746 0.94494947791099559 1.0000000180025095e-35 0.17267081141471866 0.53093111515045177 0.13020028173923495 1.0000000180025095e-35 0.64174234867095958 0.60397014021873485 0.83752354979515087 0.77224791049957286 -0.2226719334721565 0.70293971896171581 0.87570226192474376 0.57307061553001415 0.44949495792388922 0.90070420503616344 0.69504830241203319 0.90366768836975109 1.0000000180025095e-35 0.77485185861587536 0.70051544904708873 1.0000000180025095e-35 0.16172623634338382 0.47743874788284307 0.87559524178504955 0.79604920744895946 0.76187252998352062 0.36883662641048437 0.10555555671453477 0.55747640132904064 0.9193122684955598 0.79027906060218822 0.64346247911453258 0.59516963362693798 0.9745212495326997 0.26293487846851354
decision_type=2 2 2 2 2 2 2 2 2 2 2 2 2 2 2 2 2 2 2 2 2 2 2 2 2 2 2 2 2 2 2 2 2 2 2 2 2 2 2 2 2 2 2 2 2 2 2 2 2 2 2 2 2 2 2 2 2 2 2 2 2 2
left_child=1 3 4 15 5 27 11 8 -4 10 -10 39 13 29 28 47 44 18 20 -11 21 -5 24 -24 42 51 34 -2 -13 30 -8 -15 33 55 35 -25 -33 38 -36 -7 45 -18 59 -28 -3 46 58 -1 54 50 -14 52 -26 60 -41 -29 -21 -6 -16 -22 -30 -46
right_child=2 16 7 17 57 6 12 -9 9 19 -12 14 49 31 40 -17 41 -19 -20 56 22 -23 23 26 25 -27 43 32 53 -31 -32 36 -34 -35 37 -37 -38 -39 -40 48 -42 -43 -44 -45 61 -47 -48 -49 -50 -51 -52 -53 -54 -55 -56 -57 -58 -59 -60 -61 -62 -63
leaf_value=0.0079804236052037833 -0.0017993027499481271 0.0085824436174771462 0.034989792234408172 -0.012929873750017945 0.035985485410679252 -0.012138279060551396 0.028265452405604061 0.037235022080827469 0.013854879823286106 -0.0042092864687551905 -0.033355258520196641 0.014325500424554084 0.010564452272733546 0.0030810128598784243 -0.023392680485644354 0.013913449733066924 -0.013321723835993688 -0.025890452111386058 0.025488349990424458 0.033946773074826443 0.00966778526015428 0.054767136297597885 0.039901429685424067 -0.021101065683102722 0.01733751371350447 -0.019870650315985682 0.022121717753315777 0.003463260547744026 -0.035634201957986389 0.027057366887577879 -0.019705883502794792 -0.039183102565504779 0.034307190770630935 0.021352263696453225 -0.019906000583285059 0.039939110103474063 -0.0052579903121959589 -0.028351787972809708 0.02348573094933553 0.017469204987018989 0.016656926251834656 0.030118050164328895 -0.028972534903726258 0.0054803499445609336 -0.014319747231416668 -0.028500413447537485 0.027287317802089248 -0.032398725771192093 0.041659723458777595 0.0091802524323395356 0.030986673601767128 0.024638601387579975 -0.012276319125467517 0 -0.012136989299063095 -0.019872037880829675 0.011597427562843035 0.013426664133729709 -0.00012586059891254525 -0.0005569188135165601 -0.0043887628000529831 -0.034968929304418951
leaf_weight=0.23603613674640556 3.5471907809842405 0.24083550274372001 22.041362378746271 0.72916560643352513 30.684974445030093 0.67608361667953731 3.2478003259748238 210.7041398184374 4.3813401386141795 3.1712983269244424 3.9675699640065432 0.71908351778984325 5.0068092839792433 5.0655773244798166 1.4266147131565947 1.5055941839236755 0.75933828460983821 2.0091854387428603 15.38553033582866 9.0983531139790994 0.44967268058099097 1.5885584813077001 3.22325027687475 1.644022033317013 2.570348351961 4.1315122633241108 8.4207292201463151 1.4042655844241401 9.6238395106047339 7.7883418574929237 4.5537237492389977 3.7456116061657667 16.707657789811492 6.2755985334515572 1.389998082071543 1.5215799477882681 4.0928769926540554 4.9654039572924376 1.5056646165903655 0.47943977033719443 3.8260528035461903 0.65561497211456299 6.2640304490923882 16.42438521143049 2.5357844051904967 1.3320505721494553 1.3820225228555498 13.014905135380102 1.9352756079751996 6.6898758492898187 12.163239426910875 4.9277472128160298 1.9983686236664651 0.45229863957502026 0.65368658001534641 1.4925317361485211 2.8953232802450648 2.7494835332036009 0.75151012814603735 0.86851933016441762 0.61827757372520942 334.65232468186878
leaf_count=1 31 1 332 131 473 150 23 3658 38 43 45 6 45 59 78 74 99 54 125 143 42 69 48 145 71 61 43 59 1599 74 69 33 180 77 82 21 54 115 14 3 38 4 869 81 1062 38 14 4664 53 72 130 31 21 24 100 29 32 24 38 58 95 149649
internal_value=-0.000238696 -0.0263749 0.0284126 0.00297015 0.0162934 0.0101731 0.00476589 0.0348882 0.0233916 0.011393 -0.00937401 -0.00931593 0.0113078 0.00172498 -0.0160638 -0.0255348 -0.0345775 0.00852041 0.00976746 0.0229152 0.00551016 0.0349366 0.00377068 0.0090527 -0.00577689 0.00448982 0.00517888 0.0234482 -0.028831 0.0149739 0.000809515 -0.0139555 0.0269771 0.0112211 -0.00939078 0.00994286 -0.0244641 -0.0178148 0.00199506 0.0219648 0.00153694 0.00949355 -0.0230107 0.0118937 -0.0348002 -0.0105141 0.00022226 -0.0309243 0.0314759 0.0220813 0.0261333 0.0163049 0.00387738 -0.0330089 0.00106598 -0.00967592 0.0301287 0.0346758 -0.0190318 0.00408703 -0.0346175 -0.0348668
internal_weight=828.969 433.618 395.351 94.7742 139.092 105.657 76.2301 256.259 45.5552 23.5139 8.34891 23.8762 52.3539 28.4939 20.1317 14.7565 338.844 80.0177 78.0085 15.165 62.623 2.31772 60.3052 39.095 21.2102 13.628 35.8718 29.4272 11.4135 15.5899 7.80152 12.9041 25.8801 9.1724 11.0267 3.1656 7.83849 7.86107 2.89566 3.74449 8.71825 1.41495 7.58222 24.8451 337.429 4.8922 3.56015 13.2509 3.0684 23.8599 17.17 9.49646 4.56872 10.6944 1.13313 2.8968 11.9937 33.4345 2.17812 1.31819 10.2421 337.188
internal_count=165594 157635 7959 6820 3668 3171 2795 4291 633 301 83 2236 559 312 1930 4739 150815 2081 2027 218 1902 200 1702 549 1153 184 501 376 1724 166 92 146 345 165 377 166 87 211 96 306 206 103 969 124 150712 168 130 4665 156 247 175 123 92 1718 103 88 175 497 116 100 1694 150711
is_linear=0
shrinkage=0.035


Tree=79
num_leaves=61
num_cat=0
split_feature=29 22 34 6 17 30 2 10 14 15 10 14 43 2 15 41 54 8 41 15 17 27 32 7 30 14 8 2 30 9 8 17 11 12 2 15 14 15 8 12 11 14 28 9 11 29 32 11 2 12 37 54 7 7 2 29 54 0 1 0
split_gain=486.911 82.3684 25.4506 12.4224 11.9822 5.09113 5.18123 5.70028 4.73583 4.35657 4.27682 6.72926 3.51778 3.24716 7.53029 3.23589 3.30308 3.23252 2.88692 3.89938 2.66461 3.68263 2.42729 2.40189 2.38565 2.22923 2.57529 2.13709 1.9978 1.90151 4.5428 2.20838 3.86287 4.16198 2.09968 2.0345 1.57852 1.29889 1.2098 1.30908 1.1649 1.06746 1.04419 1.0044 0.960653 0.815439 2.24459 1.88219 0.775071 0.664158 0.501286 0.376564 0.349505 0.707728 0.297799 0.280463 0.268913 0.202701 0.153247 0.0114445
threshold=0.56268712878227245 1.0000000180025095e-35 0.36666667461395269 0.83827373385429393 0.30384616553783422 0.5419580638408662 0.11427757143974306 0.4083333313465119 0.49731183052062994 0.93419912457466137 0.080128207802772536 0.58380147814750682 1.0000000180025095e-35 0.3341702818870545 0.270728349685669 1.0000000180025095e-35 -0.2226719334721565 0.92637759447097789 3.5000000000000004 0.94570022821426403 0.30384616553783422 0.73375529050827037 0.86855396628379833 0.43534001708030706 0.070197045803070082 0.73499399423599254 0.82097071409225475 0.31387476623058325 0.18019481003284457 0.96362435817718517 0.9607692062854768 0.64583334326744091 0.88516482710838329 0.5949113965034486 0.53278529644012462 0.87570226192474376 0.90070420503616344 0.6900656819343568 0.55848154425621044 0.83034139871597301 0.44151847064495092 0.74873736500740062 0.74175426363945018 0.86542212963104259 0.855400711297989 0.7353600561618806 0.76329937577247631 0.82247900962829601 0.15667484700679782 0.73731175065040599 1.0000000180025095e-35 0.41516898572444921 0.75905716419219982 0.64241620898246776 0.66425621509552013 0.5265987515449525 0.041702900081872947 0.99999997019767772 0.21894425153732303 0.51247477531433117
decision_type=2 2 2 2 2 2 2 2 2 2 2 2 2 2 2 2 2 2 2 2 2 2 2 2 2 2 2 2 2 2 2 2 2 2 2 2 2 2 2 2 2 2 2 2 2 2 2 2 2 2 2 2 2 2 2 2 2 2 2 2
left_child=1 4 3 5 17 6 -2 10 13 28 11 27 25 14 -4 16 -7 -1 19 23 49 42 44 59 -11 -9 56 40 -3 30 31 32 38 43 35 -35 41 58 -25 -40 -8 -31 48 52 -14 46 -5 -47 -22 51 -10 -12 53 -34 -43 -39 -27 -21 -30 -6
right_child=2 9 8 45 18 15 7 12 50 24 20 -13 22 -15 -16 -17 -18 -19 -20 57 21 -23 -24 29 -26 26 -28 -29 37 36 -32 -33 33 34 -36 -37 -38 55 39 -41 -42 54 -44 -45 -46 47 -48 -49 -50 -51 -52 -53 -54 -55 -56 -57 -58 -59 -60 -61
leaf_value=-0.032148732989075265 0.026942976797778805 -0.03486351156807746 0.031067800929073866 0.030061695345934714 0.0062245820645031634 -0.003726570269824093 -0.0013871556561557417 0.034629902831081472 0.025458437137411617 -0.022002486917805153 -0.036156152213673347 0.029760483210363165 -0.0050131689044028913 0.034530635926021798 -0.022079355126788214 0.036778611703280312 0.028297128005053105 0.013791211487650386 -0.025197973568286857 0.032357951515691541 0.0052345690100666096 0.024918221913184515 -0.031967093178082003 0.013639221218308205 0.022062813451923787 -8.1691373964404139e-06 0.022019093559952629 0.017980836572571039 -0.020889613832802224 0.015617278925331131 -0.031794126681646412 0.031951961319669583 0.022825918944391642 -0.028636029552898887 0.013921202378042532 0.011278768968523671 0.023675274902455343 0 -0.030449842917925175 0.012504949100024107 -0.032744441473265419 -0.0036268278757685215 0.0098003848785578451 0 0.020278058055841947 0.0069250678377169262 -0.0060970581815816584 0.033167709657543308 -0.03094489259725559 0.0024539629038973308 0.0370641391808521 -0.0012941228793837923 0.046575651520264154 -0.010060202036020482 0.0044621386397584841 0.025523947087465457 -0.023182719370760572 0.01557361427704752 0 0.046770639203297826
leaf_weight=11.851459959056227 7.5603853336069724 324.98247641068883 5.2053758737165499 3.3580998682882628 0.58996621356345602 9.0293461652472597 2.4167223912663776 6.7353972897399235 16.536915553966537 1.8302115192636836 9.6763745138887298 5.5626680522691458 3.4444006003905079 5.8207515117246649 5.8748945978004485 8.6895088106393814 5.5553619377315053 1.5062125278636802 1.9999737797770638 7.1689638122916204 0.36119326623156567 2.3359313756227493 2.0848652310669422 0.3474217494949795 2.1983545229304582 1.218352312454954 3.7762938006781042 0.97387208114378143 1.6687495440710329 7.7911684778519001 4.2833101265132418 2.0391452237963668 0.72466716682538324 3.9430749944876862 3.544383670669049 1.4922568015754221 6.9806347936391822 0.54529489413835086 5.3313006083481014 0.33026758022606362 4.5462892418727279 8.8434851109050232 0.47710327059030522 1.1215556815732268 2.1023097208235413 4.6643122136592856 3.2764137766789645 42.027204889804125 3.8449478612747043 0.31055865413509387 213.77286763489246 0.69029930536635298 2.629047938156873 0.52854293142445385 11.449580729007719 0.52952633402310312 1.5498906238935886 6.1679383739829063 0.16138603258877982 0.78183253295719624
leaf_count=4335 62 150202 63 44 71 73 74 82 268 505 1355 76 74 58 41 92 61 70 50 61 8 14 49 30 83 20 45 37 477 73 66 15 100 278 45 8 39 53 721 6 265 43 4 38 49 54 57 604 403 8 3823 32 23 76 51 32 65 52 6 25
internal_value=-0.000224824 -0.026077 0.0283005 0.0159331 0.00327541 0.00725289 0.00166206 -0.00237836 0.035012 -0.0341599 -0.0117635 0.00282425 0.0113606 0.0154471 0.00310375 0.0207829 0.00927979 -0.026125 0.00861558 0.00986511 -0.0226347 -0.00432706 -0.00671788 0.00592181 0.000953156 0.0217378 0.00517436 -0.0168804 -0.0346035 0.0044452 -0.00251869 0.00415429 0 0.00996748 -0.00432649 -0.0170839 0.00969334 -0.00314337 -0.0215116 -0.0259176 -0.0238414 0.00540311 -0.0213478 0.0326501 0.00567129 0.0289875 0.0132868 0.0308197 -0.0267571 -0.0329691 0.0363596 -0.0344607 0.0395339 0.00909354 0.000767909 0.0177388 -0.0166209 0.0264675 -0.0185785 0.0407852
internal_weight=806.841 423.362 383.479 136.268 91.4462 82.9421 59.6679 52.1075 247.211 331.916 31.196 13.4996 20.9115 16.901 11.0803 23.2742 14.5847 13.3577 78.0885 76.0885 17.6964 7.01918 7.63158 62.7516 4.02857 13.2799 6.54454 7.93688 327.887 61.3798 26.315 22.0317 19.9925 13.9835 8.97972 5.43533 35.0649 2.90496 6.00899 5.66157 6.96301 28.0842 4.68324 5.00381 5.54671 53.326 6.63451 46.6915 4.20614 10.6772 230.31 10.3667 3.88226 1.25321 20.2931 1.07482 2.76824 13.3369 1.83014 1.3718
internal_count=165594 157634 7960 3707 6276 2948 2722 2660 4253 151358 2276 452 384 162 104 226 134 4405 1871 1821 1824 429 172 1708 588 212 130 376 150770 1612 1406 1340 1325 568 331 286 206 568 757 727 339 167 415 237 123 759 101 658 411 1395 4091 1387 199 176 94 85 85 113 483 96
is_linear=0
shrinkage=0.035


Tree=80
num_leaves=63
num_cat=0
split_feature=1 32 34 15 17 40 29 2 27 38 28 6 6 27 14 15 27 28 41 15 12 12 7 12 28 9 15 12 9 12 12 12 55 17 15 7 55 7 17 11 29 11 17 2 2 11 6 11 14 54 55 0 14 0 11 2 7 54 9 38 55 32
split_gain=466.653 82.6184 24.3116 11.9341 11.3926 5.39362 5.53332 4.93622 4.9004 4.70483 4.42322 3.99434 4.06383 4.01359 3.38208 5.34338 3.00387 2.78186 2.73247 3.75192 2.70842 2.38101 2.29717 2.11148 2.58185 2.05003 1.9044 1.87409 1.57841 2.22207 4.18293 1.68491 1.92109 2.04206 2.56329 1.60454 1.5044 1.42555 1.7009 1.54412 1.35948 1.31968 1.712 1.28637 1.31948 1.25147 1.22503 1.21807 2.01384 1.18566 1.18269 1.09434 0.964491 0.913005 0.871528 0.79418 0.732813 0.508279 0.391386 0.390845 0.297845 0.130048
threshold=0.078810192644596114 0.19785943627357486 0.45000000298023229 0.91596046090126049 0.30384616553783422 1.0000000180025095e-35 0.78319624066352855 0.50935709476470958 0.41799478232860571 0.46428571641445165 0.64174234867095958 0.71516755223274242 0.2152509689331055 0.8686291277408601 0.44092722237110143 0.270728349685669 0.5914268195629121 0.82972848415374767 3.5000000000000004 0.93419912457466137 0.65237718820571911 0.63981124758720409 0.43534001708030706 0.60392647981643688 0.58470535278320324 0.33687943220138555 0.57307061553001415 0.71262335777282726 0.81725418567657482 0.5949113965034486 0.58079150319099437 0.49146202206611639 0.75615024566650402 0.64583334326744091 0.85270008444786083 0.75905716419219982 0.088180061429739012 0.80229884386062633 0.73214286565780651 0.60791924595832836 0.6569296419620515 0.83899769186973583 0.30384616553783422 0.25783495604991918 0.14570845663547519 0.7245689630508424 0.90070420503616344 0.87652438879013073 0.82413583993911754 0.36883662641048437 0.54198554158210765 1.0000000180025095e-35 0.628892481327057 1.0000000180025095e-35 0.98936170339584362 0.66425621509552013 0.87226107716560375 0.50200346112251293 0.69804355502128612 0.84523808956146251 0.79027906060218822 0.9745212495326997
decision_type=2 2 2 2 2 2 2 2 2 2 2 2 2 2 2 2 2 2 2 2 2 2 2 2 2 2 2 2 2 2 2 2 2 2 2 2 2 2 2 2 2 2 2 2 2 2 2 2 2 2 2 2 2 2 2 2 2 2 2 2 2 2
left_child=1 4 3 5 20 23 8 9 26 -4 25 12 17 21 15 -11 51 -8 19 22 53 36 -6 24 -2 -10 -7 -22 29 30 35 -30 33 34 56 -24 43 39 55 -34 -16 42 52 44 -14 -28 -18 48 -13 59 -49 -3 -12 -1 -47 -39 -33 -31 -59 61 -5 -27
right_child=2 16 7 60 18 6 11 -9 10 14 41 47 13 -15 40 -17 46 -19 -20 -21 27 -23 28 -25 -26 49 45 -29 31 57 -32 32 37 -35 -36 -37 -38 38 -40 -41 -42 -43 -44 -45 -46 54 -48 50 -50 -51 -52 -53 -54 -55 -56 -57 -58 58 -60 -61 -62 -63
leaf_value=0.0076972635618416758 -0.017215578668303779 0.0083534339064277197 -0.0041358317747881498 0.035692973276593043 0.039047805217148471 -0.013380712963748454 0.0014102850652088458 0.037050741752766458 0.012443165045783145 0.031290839945029437 -0.022487941774398751 0.022996061622622774 0.0090585554170114213 -0.029347732317031062 0.0056611036938288718 -0.016618261905903646 -0.012976015218737192 0.036900653676157476 -0.024615181891368361 0.024646868364465561 0.032134040789387718 0.021522827757933398 -0.023970413459578604 0.035451381694463636 0.020439401317013335 -0.037314695828139385 0.04682738523059355 -0.018148725975635251 0.029765050263042363 0.00026892930699896607 0.052426532609364737 -0.028853177643228537 0.0028675019177001873 0.01303432614699437 0.0080732900220074587 0.019574708168200661 -0.02378326031896023 -0.009817420477857889 0.017972112888503183 0.032239560242537504 0.03594244740630953 -0.012311270825138788 0.025815414603616083 0.015203908554366185 -0.0225564759574109 -0.013788001630720106 0.029313096316108053 0.035257232685982014 -0.0039039096741287798 0.0044999220128867177 0.008004825602041174 -0.03484584727553932 0.010619106387715316 -0.032154424629857827 0.019630238566325082 0.0039570621824187519 0.0048389412953896965 0 -0.029738618145890974 0 0.012688151304213245 -0.0028007777920374911
leaf_weight=0.23342527449130912 2.0851707810070383 0.2391304075717916 6.3419603102374813 29.044168690219525 1.4142117213923473 0.77156119747087615 5.5967627242207509 197.53687894530594 0.75111130438745277 4.7047998458147031 1.2851893075276151 6.7773765120655298 1.9652906190604023 5.3280601799488059 2.6990960016846683 4.7089511065278202 0.73242171853780635 4.8400338105857372 2.0186023544520131 14.903825020417569 0.9495233823545266 4.8820990500971666 2.3382180547341695 11.168804466491563 7.4240714733023196 9.4788201916962791 1.8040256260428578 0.73028568597510457 2.568469879217445 0.76025945437140752 0.83069139439612616 6.1874889256432635 4.3928793130908144 3.7719481587409964 3.416564011014998 0.55201655975542951 2.8372801910154513 7.2615983192808988 6.7410786077380171 4.6648463399615139 25.064013201743364 3.2173685398884118 3.436171785928309 3.9440475394949317 2.6326527730561793 0.77579785021953274 0.65389862656593323 9.6491916440427286 5.2832211777567863 0.60704470379278141 3.7093250975012788 314.67772522591986 1.0478220907971261 12.058546270476652 1.0213616760447621 12.251219217665492 0.4018247693311422 0.82341614039614786 3.6976989272516221 0.2701154416427024 2.6892675906419745 0.53305173898115832
leaf_count=1 105 1 76 473 106 180 51 3657 9 57 75 70 30 36 40 34 99 43 54 125 78 37 400 141 76 1546 47 32 74 43 43 660 29 19 60 9 57 60 41 56 424 76 39 31 54 111 4 114 52 21 40 150711 18 4628 22 57 7 29 209 3 24 90
internal_value=-0.000205523 -0.0260389 0.0279056 0.0157813 0.00291246 0.00977516 0.00555872 0.0345807 -0.0078905 0.0227098 -0.0151639 0.0115064 0.00296785 -0.0056127 0.0273695 0.00769513 -0.0345417 0.0199623 0.00816073 0.00936974 -0.0250907 0.00321102 0.00531367 0.025393 0.010997 -0.028552 0.0222038 0.0103528 0.00384992 -0.00886134 0.00981558 0.00625776 0.00438825 -0.006242 -0.0143507 -0.01186 -0.00546662 0.00869 0.0040527 0.0200439 0.0334194 0.0029497 0.012539 0.00210546 -0.00921385 0.0318397 0.00942914 0.0216123 0.0115477 -0.0324829 0.0290182 -0.0347756 -0.00784371 -0.0306122 0.00418107 -0.00122712 -0.0259705 -0.0220449 -0.0258002 -0.0351819 0.0342975 -0.0362162
internal_weight=785.184 409.272 375.912 134.856 92.9686 103.123 82.4448 241.056 24.9994 43.5188 20.6267 57.4453 32.0262 21.5894 37.1769 9.41375 316.303 10.4368 78.9969 76.9783 13.9718 16.2614 62.0744 20.678 9.50924 11.6401 4.37275 1.67981 60.6602 9.0023 3.72093 51.6579 49.0894 13.7778 10.0059 2.89023 11.3793 35.3116 26.2539 9.05773 27.7631 8.98655 5.76918 8.54199 4.59794 3.60119 1.38632 25.4191 12.0606 10.889 13.3585 314.917 2.33301 12.292 1.79716 19.5128 6.58931 5.28137 4.52112 10.282 31.7334 10.0119
internal_count=165594 157635 7959 3671 6820 3174 2852 4288 2237 631 1877 615 339 245 555 91 150815 94 2081 2027 4739 209 1902 322 181 1669 360 110 1796 733 452 1063 989 746 727 409 172 243 158 85 464 208 132 115 84 180 103 276 122 1660 154 150712 93 4629 133 117 667 281 238 1639 497 1636
is_linear=0
shrinkage=0.035


Tree=81
num_leaves=62
num_cat=0
split_feature=29 22 34 15 17 36 38 28 14 15 9 9 8 2 15 41 15 41 8 12 14 12 11 0 0 14 30 29 32 30 55 9 28 27 10 41 29 16 7 1 15 9 16 8 15 27 0 37 15 28 45 9 9 7 29 0 1 54 54 7 54
split_gain=447.22 79.5649 24.957 11.8017 10.958 5.50188 6.76307 6.00634 4.78326 4.21763 3.33288 4.26369 3.15133 3.10073 6.9735 2.63634 3.57676 2.38664 2.26289 3.00066 2.60107 3.05128 3.21186 3.07813 2.78523 3.27666 2.21166 2.11856 2.47419 1.98669 1.96426 8.18149 1.93576 1.99763 1.79446 1.66462 2.08018 1.96756 1.47166 1.41839 1.23896 1.22977 1.04866 1.31827 0.998993 0.687331 0.596516 0.589684 0.576129 0.491008 0.426188 0.402985 1.54519 0.348291 0.267861 0.233024 0.144588 0.132871 0.579799 0.0540192 0.032361
threshold=0.56268712878227245 1.0000000180025095e-35 0.36666667461395269 0.92031747102737438 0.30384616553783422 1.0000000180025095e-35 0.36666667461395269 0.82972848415374767 0.49731183052062994 0.93419912457466137 0.12132352963089944 0.93813776969909679 0.92637759447097789 0.3341702818870545 0.270728349685669 3.5000000000000004 0.94570022821426403 1.0000000180025095e-35 0.64241620898246776 0.50088694691658031 0.78830561041831981 0.531602442264557 0.6900656819343568 0.90921679139137279 0.71650776267051708 0.75513628125190746 0.070197045803070082 0.7353600561618806 0.77435165643692028 0.18019481003284457 0.13604861497879031 0.77694860100746166 0.64174234867095958 0.52011558413505565 0.58571431040763866 1.0000000180025095e-35 0.94352909922599804 0.77849927544593822 0.33568075299263006 0.43283110857009893 0.6900656819343568 0.69504830241203319 0.93127068877220165 0.82972848415374767 0.64747309684753429 0.77158385515213024 0.83118847012519848 1.0000000180025095e-35 0.46234817802906042 0.68599441647529613 1.0000000180025095e-35 0.92637759447097789 0.87585616111755382 0.70299971103668224 0.5265987515449525 0.99999997019767772 0.21894425153732303 0.25926734507083898 0.26272420585155493 0.60922586917877208 0.25570033490657812
decision_type=2 2 2 2 2 2 2 2 2 2 2 2 2 2 2 2 2 2 2 2 2 2 2 2 2 2 2 2 2 2 2 2 2 2 2 2 2 2 2 2 2 2 2 2 2 2 2 2 2 2 2 2 2 2 2 2 2 2 2 2 2
left_child=1 4 3 5 12 17 7 10 13 29 -7 30 -1 14 -4 16 18 -2 19 -6 24 -22 -23 42 41 46 -11 28 -13 -3 31 44 33 60 39 36 37 -8 -32 -9 56 59 43 -24 -12 48 53 -10 49 -40 57 52 -45 -26 -42 -18 -31 -50 -59 -20 -19
right_child=2 9 8 -5 15 6 35 34 47 26 11 27 -14 -15 -16 -17 55 32 20 -21 21 22 23 -25 25 -27 -28 -29 -30 40 38 -33 -34 -35 -36 -37 -38 -39 45 -41 54 -43 -44 51 -46 -47 -48 -49 50 -51 -52 -53 -54 -55 -56 -57 -58 58 -60 -61 -62
leaf_value=-0.031969237067941039 -0.002965869964308602 -0.034842304452168446 0.03056189310273083 0.035031397420949004 -0.012582846885486236 0.02594404253685095 0 0.031262666190288571 0.024777257573569796 -0.021575789103051277 -0.033265411540783107 0.015853420797763276 0.013489419811821364 0.033974784086580313 -0.021026263508498524 -0.023952338515221789 0.031703603496518962 0.030088572422479899 0.0084845142772049017 0.052441473102538008 0.03780344557942051 0.03075639515438815 -0.022100768156666069 0.011140244999772708 0.0060788246434805501 -0.019615890442491016 0.021335012035886589 0.021178782439877749 -0.031156675473106667 -0.020470804360024696 0.013098706530272387 0.036655555019251336 0.033377850716261225 -0.0068088762553762203 -0.0010764497857856821 0.03298117029428789 -0.0090340626959798769 0.031311313274698833 -0.013844013803709412 0.0069245331067191145 0 -0.028284380597777103 -0.020476081133973593 0.016790540905936145 0.0031325415856491385 0.0014662734435070264 0.0010011889045884468 0.036877097923860805 -0.038367033495265795 0.01443793058882427 0 0.013201145490968595 -0.019981420595879613 0.027155745307949241 0.025224016238942836 0.014733680967918265 0 0.0091750206007285614 -0.020137598452183821 0 0.010311488833378488
leaf_weight=11.141744370572267 3.4751123541500446 303.27300233091228 4.9670496396720427 28.561156637966633 0.70280647533945684 1.786574900150298 4.2202310459688288 5.9851206913590449 15.822950121015309 1.7421127425041043 5.1403644692618453 1.5528940719086661 1.5157811138778914 5.5464236997067919 5.9260263543110341 2.010045150993391 6.8950582072138769 2.2760855348315108 0.48358243284747249 1.6427945899777112 3.2015157535206518 4.3726340096909544 1.8148647730704413 17.077879581600428 2.8291571233421546 4.0927820382639757 2.1576518206857145 4.4833424827083945 2.0371719331014901 1.5948059482034289 0.34602952073328097 2.5885988615918905 16.183476973325014 3.840132336365059 7.3348042592406264 8.0046028476208448 3.5988535732030877 5.5697883642278612 0.8127064253203542 7.146684430539608 0.53283344046212711 5.7632543516810983 5.7879307125695041 1.7282644663937392 0.69608103367499996 0.48268716223538 3.4219066700898111 200.43343512550928 10.188963684253389 0.24847750551998615 0.50161723862402219 3.2493846649304032 1.845703105907887 3.392889660783112 0.51565904240123928 5.9955134689807892 0.15721976617351163 0.28707420662976924 2.1061821249313653 0.79972907830961049 2.5348708047531545
leaf_count=4335 31 150202 63 466 124 11 65 41 268 505 312 32 70 58 41 50 61 43 43 63 38 43 138 85 39 59 83 42 61 477 37 30 186 67 70 104 34 59 263 63 53 784 49 28 25 6 24 3823 1272 4 22 28 61 53 32 52 6 10 313 49 38
internal_value=-0.000185558 -0.0257296 0.027798 0.015419 0.00322764 0.00968608 0.00454108 -0.00209814 0.0347086 -0.0341101 -0.0112127 -0.0141638 -0.02568 0.0148599 0.00279456 0.00828578 0.00949807 0.0225981 0.00573369 0.0339747 0.00402954 0.00930208 0.00570764 0.00128402 -0.00569549 0.00343337 0.00096031 0.00683034 -0.011036 -0.03457 -0.021534 -0.00640916 0.026287 0.0105757 0.0123826 0.0207196 0.011363 0.0193278 -0.028891 0.0196921 -0.00274943 -0.0221415 -0.0101228 -0.00141791 -0.0285892 -0.0308829 0.0144679 0.036126 -0.0322418 -0.00173187 -0.0341692 0.00575771 -0.00165112 0.0202254 0.0176231 0.0256916 -0.0181866 -0.0353425 -0.0139224 0.00421808 0.0238382
internal_weight=764.424 399.739 364.686 131.99 89.7652 103.429 75.1189 53.7254 232.696 309.973 33.2588 31.4722 12.6575 16.4395 10.8931 77.1077 75.0977 28.3097 62.2071 2.3456 59.8615 39.0782 35.8767 31.504 20.7833 13.7367 3.89976 8.07341 3.59007 306.074 23.3988 8.42504 24.8346 8.65109 20.4666 21.3935 13.3889 9.79002 14.9737 13.1318 2.80052 7.04657 14.4261 8.63822 5.83645 14.6277 9.64395 216.256 14.145 1.06118 13.0838 6.82335 3.57397 6.22205 1.04849 12.8906 1.75203 12.5822 2.39326 1.28331 4.81096
internal_count=165594 157634 7960 3707 6276 3241 2876 2614 4253 151358 2440 2429 4405 162 104 1871 1821 365 1708 187 1521 470 432 389 1051 175 588 135 93 150770 2294 367 334 148 174 262 158 124 1927 104 568 876 304 255 337 1890 116 4091 1884 267 1617 117 89 92 85 113 483 1595 323 92 81
is_linear=0
shrinkage=0.035


Tree=82
num_leaves=63
num_cat=0
split_feature=1 32 34 6 17 2 29 35 30 43 32 10 17 9 41 54 27 14 30 14 12 41 14 2 27 55 7 17 7 12 30 38 14 29 2 0 9 9 9 6 6 14 55 12 14 6 17 29 32 0 6 0 54 6 0 7 12 12 30 1 9 12
split_gain=428.556 79.8182 23.7886 10.763 10.3723 5.1266 4.78729 5.62346 4.32583 4.9988 3.66628 3.13935 4.5545 3.103 3.0497 3.07201 2.95179 2.85938 2.71962 2.71728 2.62932 2.48684 3.05316 2.35384 2.2415 2.17791 2.09811 2.37852 1.83068 1.81649 1.61277 1.58393 1.54984 1.42457 1.41117 1.40396 2.10253 2.12153 2.74758 1.55219 2.41339 3.44466 2.16494 1.84487 1.66463 1.14588 1.1285 1.11253 1.42614 1.07175 1.04346 0.972126 0.970816 0.944835 0.881181 0.868188 1.06628 0.807339 0.802898 1.08621 0.678507 0.595894
threshold=0.078810192644596114 0.19785943627357486 0.45000000298023229 0.83827373385429393 0.30384616553783422 0.50935709476470958 0.89498746395111095 1.0000000180025095e-35 0.5419580638408662 1.0000000180025095e-35 0.58007633686065685 0.4083333313465119 0.087121214717626586 0.88730159401893627 1.0000000180025095e-35 -0.2226719334721565 0.5914268195629121 0.51087471842765819 0.23303167521953586 0.73499399423599254 0.65237718820571911 3.5000000000000004 0.92907443642616283 0.11427757143974306 0.73375529050827037 0.088180061429739012 0.43534001708030706 0.86607143282890331 0.81284341216087352 0.71262335777282726 0.30384616553783422 0.46428571641445165 0.44092722237110143 0.6926884949207307 0.13642936199903491 0.41016845405101782 0.82683658599853527 0.70064935088157665 0.69028213620185863 0.68133461475372326 0.82807883620262157 0.83752354979515087 0.73398485779762279 0.83034139871597301 0.74873736500740062 0.90070420503616344 0.58571431040763866 0.7353600561618806 0.75815314054489147 1.0000000180025095e-35 0.75905716419219982 1.0000000180025095e-35 0.0056774127297103414 0.51191151142120372 1.0000000180025095e-35 0.62258651852607738 0.71262335777282726 0.88282340764999401 0.48529411852359777 0.53663355112075817 0.33687943220138555 0.50558269023895275
decision_type=2 2 2 2 2 2 2 2 2 2 2 2 2 2 2 2 2 2 2 2 2 2 2 2 2 2 2 2 2 2 2 2 2 2 2 2 2 2 2 2 2 2 2 2 2 2 2 2 2 2 2 2 2 2 2 2 2 2 2 2 2 2
left_child=1 4 3 8 20 6 7 -4 9 11 18 12 17 31 15 -10 49 23 51 -13 54 22 26 -2 25 -14 -6 35 30 -22 -21 34 -8 -9 -12 50 37 38 -37 43 42 46 -41 55 -44 -18 -42 48 -5 -3 -28 -11 -49 -39 -1 -38 -57 -43 59 -36 -25 -55
right_child=2 16 5 47 21 -7 32 33 14 10 13 19 24 -15 -16 -17 45 -19 -20 28 29 -23 -24 60 -26 -27 27 -29 -30 -31 -32 -33 -34 -35 58 36 39 53 -40 40 41 57 44 -45 -46 -47 -48 52 -50 -51 -52 -53 -54 61 -56 56 -58 -59 -60 -61 -62 -63
leaf_value=0.0074204147016581901 0.026025958509476373 0.0081342475241428288 -0.026408500766344937 0.025568953473673099 0.037476367354705331 0.036877990673730716 0.013236634478591996 -0.0018703891510874913 -0.0038310157916564926 0.011786468984057698 -0.003038092953600541 0.03792016634016359 0.0070968678752878584 0.014666092300751853 0.035798380155196083 0.027501345234444578 -0.012569368458999836 0.034652736362382225 0.027073874611802419 -0.024534101067316856 0.03138708516505357 -0.023403835197198308 0.023564232371953452 0.0019698565946327001 0.010826649027552784 -0.032536800681750508 -0.00045511734810021369 0.028756555068947739 0.0258509809252267 -0.018047757207591407 0.011290864395162163 0.0046178747996269759 0.03535376649249871 0.025758793362591226 -0.039001435887022748 -0.018472990473257057 -0.016706765119901372 0.0073045884597383731 0.037459445356513368 -0.029397754739938459 0.0068477319213641795 0.0091945931048207519 0.012419634192663511 0.041701098001522358 -0.013095266463052712 0.028532198007146684 0.038052755333388602 0.0091572996656306017 -0.0024796074122766108 -0.034824484884719432 0.038153175962790657 -0.025072775502999349 0.031801744729823188 0.00046512355923159903 -0.031973049929652227 0.02710317189207297 -0.0063789416202491966 -0.0050683449889604958 -0.0089998061462099668 0.0019000267999064384 -0.026918797390167792 -0.03146742081103665
leaf_weight=0.23065492510795493 1.2886232712771795 0.23735974729061027 3.9772430039010915 3.3424062286503604 1.4503124959301192 185.2202105326578 7.5335414707660702 2.676667396677658 8.9462986397556943 0.45236362516880335 3.337480274261913 6.6089370884001237 1.6830020137131194 2.5254551868420085 8.2090731859207153 5.2698281481862077 0.70230364566668757 4.7635443699546158 4.1434102081693709 2.1732421719934791 0.96613457892089971 2.0276823148597023 13.509152556769548 0.98317894805222783 2.4487326173111796 5.6658261988777667 1.0797798230778419 3.454032987356185 2.1784759648144245 0.7235742521006614 1.9997176341712473 1.9165754914283741 20.326661817729473 7.2030197903513908 8.3962488207034731 1.2397724990732952 0.92668083519674782 0.47462390759028483 1.0954311531968413 3.8524387562647453 3.2420810551848289 6.1610781792551306 4.9737458473537099 1.7217523530125616 5.5511616056319326 0.65185661613941193 3.7356329634785652 3.990839570760726 3.8083415774162859 293.67183833906893 1.2098975367844103 1.6505098639754576 39.434135422110558 0.53692179126664985 11.326926742214708 1.3879544779192658 1.4320076457224784 14.016722511500118 2.9447573963552705 0.59422825835645277 2.0047104863915592 5.0865208506584167
leaf_count=1 12 1 46 48 106 3657 71 43 73 3 56 92 48 84 92 61 99 67 53 93 78 54 122 11 19 797 151 19 22 32 20 37 368 103 917 114 87 26 26 449 69 64 43 9 61 4 21 52 50 150711 7 192 606 73 4628 62 18 68 36 8 122 432
internal_value=-0.000166661 -0.0256818 0.0274006 0.0152867 0.00284332 0.0342675 0.0220032 0.00444113 0.00710093 0.00185486 -0.00927376 0.0110531 0.00145199 -0.0165797 0.0198075 0.00859774 -0.0345048 0.0185068 0.0124084 0.0236538 -0.0246287 0.00779572 0.00896463 -0.00197346 -0.0142167 -0.023278 0.0054396 0.00403332 0.00519402 0.0100771 -0.00782593 -0.0219167 0.0301603 0.0184677 -0.0255408 0.00202986 0.000634968 -0.0144088 0.0100799 0.00365108 0.00105183 0.00719169 -0.0100309 0.0196369 -0.000702606 0.00944465 0.0266684 0.0278074 0.01173 -0.0347505 0.0242784 -0.0147726 0.0300524 -0.0243786 -0.0303799 0.00211073 0.0119654 -0.00031952 -0.0308414 -0.0360281 -0.0184249 -0.0282802
internal_weight=744.373 386.676 357.697 130.76 91.4127 226.937 41.7171 13.8569 80.1842 57.759 25.961 31.798 18.8376 19.7147 22.4252 14.2161 295.263 9.04006 6.24628 12.9604 13.2473 78.1654 76.1377 4.27651 9.79756 7.34883 62.6285 61.1782 6.35144 1.68971 4.17296 17.1893 27.8602 9.87969 15.2727 57.7242 55.4345 8.43327 2.3352 47.0013 41.5329 27.1555 14.3773 5.4684 10.5249 1.35416 6.97771 50.5757 7.15075 293.909 2.28968 2.10287 43.425 6.09807 11.5576 3.74664 2.81996 20.1778 11.9352 8.99048 2.98789 5.62344
internal_count=165594 157635 7959 3671 6820 4288 631 192 2915 2689 1386 1303 1076 1138 226 134 150815 212 248 227 4739 2081 2027 145 864 845 1905 1799 135 110 113 1054 439 146 1017 1780 1622 671 140 951 775 222 553 176 104 103 90 756 98 150712 158 195 658 531 4629 167 80 132 961 925 133 505
is_linear=0
shrinkage=0.035


Tree=83
num_leaves=63
num_cat=0
split_feature=29 22 34 6 17 14 30 43 32 30 29 8 30 12 7 9 41 54 30 41 17 10 16 17 14 2 10 8 14 12 12 11 6 0 14 38 2 14 35 9 14 27 0 0 0 29 32 11 30 1 30 12 8 37 9 17 52 0 7 54 2 7
split_gain=410.657 76.8332 24.3812 10.8486 10.0001 4.90233 4.26678 4.5262 4.07013 3.87106 3.8134 3.06958 3.06843 2.97468 3.0363 2.96173 2.95608 2.95442 2.76824 2.40209 2.83965 2.28115 2.25869 2.25223 2.12019 2.23364 2.05613 2.02168 2.95239 2.82472 2.65257 2.46715 3.78123 2.37109 2.81976 1.61399 1.3778 1.31788 1.17966 1.17851 1.09717 0.999061 0.948315 0.858579 0.848397 0.841945 2.06149 1.96854 0.809863 1.06779 0.773215 0.652139 0.645423 0.639794 0.610861 0.585085 0.542686 0.504617 0.435816 0.401951 0.361477 0.332077
threshold=0.56268712878227245 1.0000000180025095e-35 0.45000000298023229 0.83827373385429393 0.30384616553783422 0.49731183052062994 0.5419580638408662 1.0000000180025095e-35 0.58007633686065685 0.18019481003284457 0.91458967328071605 0.92637759447097789 0.14039409160614016 0.66246303915977489 0.52223318815231334 0.88730159401893627 1.0000000180025095e-35 -0.2226719334721565 0.23303167521953586 3.5000000000000004 0.86607143282890331 0.76388889551162731 0.85349595546722423 0.10555555671453477 0.45867486298084265 0.11427757143974306 0.44949495792388922 0.64241620898246776 0.78830561041831981 0.50088694691658031 0.531602442264557 0.6900656819343568 0.82807883620262157 0.71650776267051708 0.75513628125190746 0.46428571641445165 0.13642936199903491 0.84660634398460399 1.0000000180025095e-35 0.69504830241203319 0.91715687513351452 0.5914268195629121 1.0000000180025095e-35 1.0000000180025095e-35 0.83118847012519848 0.7353600561618806 0.76329937577247631 0.82247900962829601 0.48529411852359777 0.53663355112075817 0.32738095521926885 0.44688415527343756 0.22474747896194461 1.0000000180025095e-35 0.69504830241203319 0.64583334326744091 1.0000000180025095e-35 0.3953788429498673 0.64565756916999828 0.13692940771579745 0.62731361389160167 0.70299971103668224
decision_type=2 2 2 2 2 2 2 2 2 2 2 2 2 2 2 2 2 2 2 2 2 2 2 2 2 2 2 2 2 2 2 2 2 2 2 2 2 2 2 2 2 2 2 2 2 2 2 2 2 2 2 2 2 2 2 2 2 2 2 2 2 2
left_child=1 4 3 6 11 10 7 12 18 21 -4 -1 43 14 24 35 17 -8 42 20 27 -3 23 -16 25 -14 60 29 33 -6 -30 -32 58 39 44 36 -10 -34 41 -29 55 -23 -9 -2 61 46 -5 -47 49 -38 -17 -26 -27 -7 -25 -39 -12 -56 -33 -15 -11 -35
right_child=2 9 5 45 19 53 16 8 15 26 56 -13 13 59 22 50 -18 -19 -20 -21 -22 38 -24 54 51 52 -28 28 30 -31 31 32 37 34 -36 -37 48 40 -40 -41 -42 -43 -44 -45 -46 47 -48 -49 -50 -51 -52 -53 -54 -55 57 -57 -58 -59 -60 -61 -62 -63
leaf_value=-0.031782339280594922 0.010184807215441852 -0.034818721122322614 -0.011303666390968265 0.028473802420538433 -0.012594459800783383 0.024189376417208391 -0.0037068807261811921 0.011682246180814723 -0.0031831698772041574 -0.021484993850050697 0.033264473438860728 0.013189720027430652 0.026029377618796378 0.036287356636571587 0.012376237829545798 -0.0053370657256975084 0.035375879520193866 0.027175809062456733 0.027698256559629181 -0.022770129412104524 0.024491405243719611 -0.023471376865248805 0.012261535324656032 0 0.011127331797497092 0.0020455296567775563 0.02671441651494922 0.004059901458901745 0.036437134269668818 0.049943069147982445 0.028982394435850371 0 0.02130233009356497 0.0056541370150352543 -0.01912797568280156 0.00515603661593266 -0.038628224761901891 0.0053350612911795929 0.020181691068385518 -0.027864495518431225 0.014483698923864346 0.015228002257672827 -0.024796384756557412 -0.027357947723674472 -0.0011032058472921801 0.0052568298284172595 -0.0064799400182706784 0.032323276210616897 -0.0087780495918167271 0.0018754263035813835 0.024776114053430439 0.04009685749142694 -0.026267423495145402 0.036704989042615606 0 -0.0070080857640592983 0.013131186613227269 -0.038114013204448405 -0.03028548337252886 0.012083893859158127 0.0043038357992549363 0.026041002582123173
leaf_weight=10.479077695403246 0.24865694344044031 283.09460930619389 4.3944870816776502 3.2450648199301204 0.70358401886187438 15.053517495281993 8.9556038007140142 0.44939927756786646 3.3653331925161245 1.7800571490079162 5.114071436226368 1.5251701339147974 1.2684823477175138 5.5649168193340284 1.2841440464835594 1.0022849180968472 8.0314651094377041 5.1602260097861299 4.3697245139628649 2.0196607448160639 11.521571964025496 2.0453095955308527 3.2184183759381995 0.5704763497924431 3.2090773757081479 0.97127862926572595 1.3408833353314547 1.2810582618694777 3.1993243752513072 1.7110419603995977 4.168223653221502 0.74232861469499711 5.5909033678472069 2.8327934544067812 4.0518049255479118 1.8696300396695722 8.5571614461950922 7.2360851392149987 0.78853651881217945 5.5529922472778708 6.3204498235136262 0.23155021667480458 1.6114948561880735 2.2556744139874354 3.1585520971566439 4.4123810268938533 3.1972028664313257 37.936166245490313 2.9388484526425591 0.59407174121588546 1.5543618798255918 3.052692913566716 1.8808980726171283 187.81934229773469 0.51200919551774848 9.6700034625828248 6.4884402677416801 3.5604152738815174 3.1361140666995198 3.1835882957093418 0.22704457165673364 3.4165186244063079
leaf_count=4335 1 150286 40 44 124 267 73 3 61 528 57 70 10 61 36 103 92 61 55 50 101 488 59 37 101 8 48 92 38 63 42 55 53 39 59 32 1079 48 4 784 51 1 187 348 23 54 57 604 36 8 13 55 102 3821 28 49 65 236 147 66 3 53
internal_value=-0.000144974 -0.0253629 0.0273049 0.0149516 0.0031544 0.0344143 0.00674914 0.00151571 -0.00889168 -0.0340554 0.0141634 -0.0252245 0.0105222 0.0140303 0.00560108 -0.0166299 0.0194408 0.00840211 0.0135801 0.00793228 0.00910474 -0.0344928 -0.00840408 -0.020281 0.0178997 -0.00109249 0.0018599 0.00588591 0.00426052 0.0323438 0.00972362 0.00641171 0.0026557 -0.00631039 0.00221051 -0.0218205 -0.0254116 0.0073478 -0.00236825 -0.0216791 0.00310366 -0.0150216 -0.0144805 -0.0207889 0.0126917 0.0277997 0.0121167 0.0297702 -0.0306157 -0.0357283 0.0138054 0.0293091 -0.0176891 0.0359167 -0.0305263 -0.00152665 0.0242185 -0.0344119 -0.0258497 0.0299818 -0.0169427 0.0193372
internal_weight=724.726 377.825 346.901 128.031 88.3173 218.87 79.2403 57.093 26.3123 289.508 15.997 12.0042 30.7807 28.2764 19.5279 19.8817 22.1473 14.1158 6.43062 76.313 74.2934 286.16 9.14546 5.92704 10.3824 4.12066 3.34799 62.7718 60.3572 2.41463 40.0634 36.8641 32.6959 20.2937 13.4597 17.325 15.4554 28.8174 3.0654 6.83405 23.2265 2.27686 2.06089 2.50433 9.40786 48.7908 6.44227 42.3485 12.0901 9.15123 2.55665 6.26177 2.85218 202.873 4.6429 16.9061 11.6025 4.07242 3.87844 8.74851 2.0071 6.24931
internal_count=165594 157634 7960 3710 6276 4250 2951 2725 1577 151358 162 4405 1148 799 672 1332 226 134 245 1871 1821 150779 396 337 276 120 579 1720 1533 187 483 445 403 1050 174 1216 1184 201 493 876 148 489 190 349 115 759 101 658 1123 1087 116 156 110 4088 301 97 122 264 202 127 531 92
is_linear=0
shrinkage=0.035


Tree=84
num_leaves=63
num_cat=0
split_feature=1 32 34 15 17 2 8 38 40 29 27 28 6 6 27 2 27 8 28 41 15 12 28 8 8 12 9 30 10 2 15 11 10 12 9 12 6 9 11 14 16 9 6 8 14 6 0 10 12 15 14 14 30 14 0 9 15 1 10 0 11 32
split_gain=393.362 77.1419 23.1797 11.0196 9.44547 5.37659 4.89704 5.84746 4.83833 4.99984 5.10555 4.70328 3.90008 3.86459 3.8991 3.80026 2.9018 2.84227 2.68956 2.26419 3.13404 2.17535 2.17038 2.1225 1.93626 2.64941 2.03085 1.91409 1.84258 2.15679 1.7471 1.53339 1.48159 1.35152 1.72644 1.31993 1.37103 1.68421 1.2653 1.80702 1.23091 1.21407 1.1733 1.12968 2.29096 1.07346 1.04832 1.04305 1.71324 3.71056 1.7643 1.03278 0.952137 0.893874 0.85283 0.749413 0.593696 0.577192 0.495078 0.405315 0.221306 0.199718
threshold=0.078810192644596114 0.19785943627357486 0.36666667461395269 0.92031747102737438 0.30384616553783422 0.50935709476470958 0.17267081141471866 0.77500000596046459 1.0000000180025095e-35 0.78319624066352855 0.41799478232860571 0.64174234867095958 0.71209660172462474 0.2152509689331055 0.8686291277408601 0.35861176252365118 0.5914268195629121 0.92637759447097789 0.82972848415374767 3.5000000000000004 0.93419912457466137 0.60392647981643688 0.74175426363945018 0.17267081141471866 0.64241620898246776 0.50088694691658031 0.81725418567657482 0.56385868787765514 0.30384616553783422 0.13642936199903491 0.57307061553001415 0.88516482710838329 0.44949495792388922 0.49146202206611639 0.94494947791099559 0.83034139871597301 0.83047896623611461 0.8841681480407716 0.87652438879013073 0.82413583993911754 0.48331478238105779 0.75147059559822094 0.43951219320297247 0.77485185861587536 0.70051544904708873 0.90070420503616344 1.0000000180025095e-35 0.73214286565780651 0.85405564308166515 0.78086888790130626 0.70051544904708873 0.39314988255500799 0.16172623634338382 0.64747309684753429 1.0000000180025095e-35 0.82972848415374767 0.81120249629020702 0.25371789932250982 0.10555555671453477 0.99999997019767772 0.92637759447097789 0.26293487846851354
decision_type=2 2 2 2 2 2 2 2 2 2 2 2 2 2 2 2 2 2 2 2 2 2 2 2 2 2 2 2 2 2 2 2 2 2 2 2 2 2 2 2 2 2 2 2 2 2 2 2 2 2 2 2 2 2 2 2 2 2 2 2 2 2
left_child=1 4 3 8 17 6 -4 15 21 10 30 23 13 18 27 -8 46 54 -11 20 24 22 40 -12 25 -6 31 28 29 -15 -10 42 43 -28 35 36 55 -38 39 -14 -2 56 -26 44 -13 -18 -3 48 49 50 -36 -9 58 -42 -1 60 -33 -25 -32 -40 -35 -48
right_child=2 16 5 -5 19 -7 7 51 9 12 11 32 38 14 -16 -17 45 -19 -20 -21 -22 -23 -24 57 26 -27 33 -29 -30 -31 52 41 -34 34 47 -37 37 -39 59 -41 53 -43 -44 -45 -46 -47 61 -49 -50 -51 -52 -53 -54 -55 -56 -57 -58 -59 -60 -61 -62 -63
leaf_value=0.007149709374124842 0.013272651328028824 0.0079072894095951404 0.033999062650830261 0.034485365939059778 -0.012689099966920621 0.036717487719832145 -0.035623835556108631 0.0076508684100272907 -0.012558347268723694 0.00075738693284367977 0.013211090498728222 -0.018062765190424167 0.02180757905586013 0.012280725172840465 -0.029704720819978398 0.011435667570009411 -0.012171111632044039 0.012646487967192364 0.036126427564188907 -0.022253986829965135 0.023032245654627873 0.034763243957770237 0.027812401529571006 -0.037294965017462912 0.010120374453542977 0.047103265614379532 0.026874613700342352 0.023698703737873941 0.009580032766561327 -0.026234009261118435 0.015884992378601234 -0.00037637791756838364 0.017161997995170448 -0.0066304677508208102 0.013447342289559853 0.010729338222359762 0.021053179493776407 -0.013476134429182572 0.03439370002429764 -0.0037114671316333414 -0.026444910801383607 -0.016691339641445178 -0.030082609748313109 -0.028423699720274979 0.027122469622815969 0.027807243581334538 -0.011458539071295867 0.019615360712020025 -0.0029746015402066007 0.035922787635191598 -0.015139217735008811 0.028714833109855127 0.040570838306215662 0.0030541372445717237 -0.031864501046020163 -0.028781052196444834 0.028572025006797078 -0.0061554931549435829 -0.011994916423275078 0.014579408985149098 0.013104711827776857 -0.034927557834637663
leaf_weight=0.22773918509483237 2.1226305983727816 0.23538342118263145 18.692648727446795 26.617538835853338 0.71110937744378988 173.72916568350047 3.8675785823725173 6.2536245891824374 0.70780697674490767 5.42811366915703 0.6736546009779002 2.030488210963084 6.6238865519408137 1.7194475671276466 5.2312962561845771 2.8860591421835124 0.67368833068758138 1.548127167392521 4.6243544705212116 2.0363208989147088 14.004104660823939 10.610382321989162 3.6041154786944389 8.757624756311996 0.43007940170355041 1.7954587677959351 2.5905911137815556 3.0969878062605849 5.8347486052662134 4.8591505803633481 0.46657179016619943 1.0383448947686709 4.0094316946342587 0.33873580745421161 4.3351144376210886 3.1573051107116035 1.9085856433957813 3.2618978570681065 7.9834186369553208 5.3200920149683952 2.0239122133934875 1.0366955749923361 3.8859711332479492 1.2372048473916946 1.4981195167638359 0.64913424849510193 2.1108313911827272 6.9369523152708998 15.564174253493546 4.5366535272914907 4.2274213314522058 8.418411177583037 2.5414358980488032 1.5127241936279459 10.7946775163291 4.1525849188910797 1.1208021682687102 1.5737636302364979 0.64312675455585122 5.1733235940337181 0.32156178681179881 271.93616956763435
leaf_count=1 32 1 332 470 131 3658 46 56 180 51 6 116 73 23 35 46 99 74 43 54 125 147 31 1593 30 69 77 21 49 113 3 79 42 57 56 28 26 77 98 55 85 142 369 37 15 4 1062 39 70 25 35 153 67 33 4664 550 14 71 111 68 28 149649
internal_value=-0.000125954 -0.0253077 0.0269044 0.0148072 0.00278057 0.0339433 0.0212439 0.00893987 0.00924 0.0051962 -0.00781348 -0.0155072 0.0109148 0.00227135 -0.00624795 -0.0161811 -0.0344657 -0.0241574 0.0191411 0.0074531 0.00858267 0.0243281 0.00981199 -0.029791 0.00491169 0.030361 0.00327991 0.00277149 -0.00356623 -0.0154134 0.0228252 -0.0125326 0.00326318 0.00585608 0.00415074 -0.00621953 -0.0123872 4.87915e-05 0.0208913 0.0107619 -0.00358107 0.00448855 -0.024268 -0.00877126 0.00210135 0.00946574 -0.0347239 0.00813956 0.00467662 0.0135821 -0.000407419 0.0210212 0.0316625 -0.0151639 -0.0302396 -0.0240594 0.0178303 -0.0338223 4.13868e-05 0.02843 0.00297672 -0.0348018
internal_weight=705.939 365.566 340.373 126.525 89.961 213.847 40.1183 21.4257 99.9078 80.034 24.1392 19.7803 55.8948 30.7941 20.7416 6.75364 275.605 12.5705 10.0525 77.3905 75.3541 19.8738 9.26338 11.005 61.35 2.50657 58.8435 15.5103 12.4133 6.5786 4.35894 7.51189 8.77524 51.3316 48.741 13.1407 9.98337 5.17048 25.1007 11.944 5.65927 3.19584 4.31605 4.76581 3.52861 1.32282 274.282 35.6003 28.6634 13.0992 8.56254 14.672 3.65113 3.53664 11.0224 4.81288 2.15915 10.3314 1.1097 13.1567 0.660298 274.047
internal_count=165594 157635 7959 3668 6820 4291 633 301 3198 2870 2241 1880 629 335 241 92 150815 4739 94 2081 2027 328 181 1670 1902 200 1702 206 185 136 361 634 210 1068 991 766 738 103 294 128 150 235 399 168 131 103 150712 225 186 116 91 209 181 118 4665 635 93 1664 114 166 85 150711
is_linear=0
shrinkage=0.035


Tree=85
num_leaves=63
num_cat=0
split_feature=1 32 34 6 17 2 8 38 30 43 2 10 27 41 9 32 54 8 10 17 14 14 8 41 14 2 27 55 7 17 14 9 30 2 9 9 9 6 6 14 55 12 14 16 17 41 14 55 6 6 28 6 2 38 6 6 12 7 14 32 11 30
split_gain=376.806 75.768 22.9014 9.58669 8.99771 5.41693 4.8175 5.6368 3.72437 4.51365 3.49593 3.41812 2.86676 2.83534 2.83264 2.79401 2.77927 2.77859 2.76042 4.17546 2.63076 2.59188 2.30821 2.1584 2.67981 2.12636 2.07107 2.02904 1.90798 2.13968 1.77497 1.39852 1.28627 1.24591 1.91732 1.95062 2.65137 1.46475 2.17578 3.1735 2.01348 1.69075 1.5235 1.14187 1.09072 1.06539 1.62098 3.20013 1.04564 1.04292 1.03973 0.97078 0.96695 0.946889 0.926954 0.845164 0.817394 1.01046 0.77065 0.770031 0.766024 0.602652
threshold=0.078810192644596114 0.19785943627357486 0.45000000298023229 0.83827373385429393 0.30384616553783422 0.50935709476470958 0.17267081141471866 0.77500000596046459 0.5419580638408662 1.0000000180025095e-35 0.35861176252365118 0.080128207802772536 0.5914268195629121 1.0000000180025095e-35 0.88067796826362621 0.61715260148048412 -0.2226719334721565 0.92637759447097789 0.4083333313465119 0.087121214717626586 0.51087471842765819 0.73499399423599254 0.82097071409225475 3.5000000000000004 0.92907443642616283 0.11427757143974306 0.73375529050827037 0.088180061429739012 0.43534001708030706 0.86607143282890331 0.65733855962753307 0.33687943220138555 0.46410256624221807 0.28770673274993902 0.82683658599853527 0.70064935088157665 0.69028213620185863 0.68133461475372326 0.82807883620262157 0.83752354979515087 0.73398485779762279 0.83034139871597301 0.74873736500740062 0.30901856720447546 0.58571431040763866 1.0000000180025095e-35 0.92084378004074108 0.50352248549461376 0.90070420503616344 0.069570478051900878 0.84918582439422619 0.75905716419219982 0.38148501515388494 0.46428571641445165 0.51191151142120372 0.069570478051900878 0.71262335777282726 0.63224515318870556 0.88185444474220287 0.86497211456298839 0.42163743078708654 0.32738095521926885
decision_type=2 2 2 2 2 2 2 2 2 2 2 2 2 2 2 2 2 2 2 2 2 2 2 2 2 2 2 2 2 2 2 2 2 2 2 2 2 2 2 2 2 2 2 2 2 2 2 2 2 2 2 2 2 2 2 2 2 2 2 2 2 2
left_child=1 4 3 8 17 6 -4 10 9 18 -8 15 49 16 32 -11 -10 55 19 20 25 -20 -23 24 28 -2 27 -21 -6 33 31 -17 53 51 35 36 -35 41 40 44 -39 56 -42 -33 -40 46 47 -5 -14 -3 52 -30 -9 -13 -37 -1 57 -36 -41 -49 -27 -16
right_child=2 12 5 45 23 -7 7 50 13 11 -12 14 48 -15 61 30 -18 -19 21 26 -22 22 -24 -25 -26 60 -28 -29 29 -31 -32 43 -34 34 37 54 -38 38 39 58 42 -43 -44 -45 -46 -47 -48 59 -50 -51 -52 -53 -54 -55 -56 -57 -58 -59 -60 -61 -62 -63
leaf_value=0.0071061656423274024 0.024691037281840043 0.007857490312522487 0.033811785510936297 0.025274989060362369 0.035348372290472295 0.036634710657505447 -0.03442747671981683 -0.0053571188213773291 -0.0037035180568560154 0.027358807274201001 0.011073889512988336 -0.034717908319922101 -0.012057977556681051 0.034687689321852629 -0.0040434943127188715 -0.02968929617751696 0.026571610541921663 0.012318717151791395 0.037018499488532149 0.0066039339429166833 0.033710827894628925 -0.016317304530816069 0.021091406576310145 -0.021700988874706461 0.022368596542638626 0.0035474848751370562 0.010318492797318213 -0.03201423822685092 -0.00070024553090096376 0.027524467968192461 0.018754574923950329 0.022634023794633622 0 -0.018573418371278395 -0.01058498584399657 0.0072939046272226145 0.036135175899064897 -0.029024165186276825 0.0061957781136384726 -0.0081266906340442223 0.011646607473025232 0.040037605128483596 -0.012806712061600349 -0.012516981516265298 0.036636911526300865 0.032932003384951801 0.030443183573247014 0.0044065934781114648 0.027442578009938864 -0.034790144772389058 0.028052090115338105 0.036177769751690701 0.019191994412992356 -0.00039039697626423432 -0.027915123780638963 -0.031764691449139494 -0.011090108751201212 0.027247563473907839 0.0050184421053735741 -0.016187770798569482 -0.026974349467248391 0.021889639900497693
leaf_weight=0.22725117206573386 1.2791532042902014 0.23493035137653251 18.153384763747454 7.2682847701944429 1.4953108048066486 168.06432635430247 3.8961429561022678 3.1056251055561015 8.9087666464038193 3.5805582323810103 2.7707969276234508 8.7072472359286603 0.66573219490237423 7.743268370628356 1.2896944644162425 2.8496709493920207 4.959395483136178 1.560085734585299 6.3057664413936418 1.6679966817609946 4.6324291846249253 2.6284545040689409 3.518796052550897 2.0405313394730902 12.960093179950489 0.93610455980524454 2.4260780159384012 5.3500428418628871 1.0887271061073982 3.3299824967980376 1.4598751512821762 0.92275516700465265 2.0422502635046831 1.2501106571871772 0.53801584918983225 0.47620286303572346 1.1123552648350594 3.6379939789185292 3.2469909682404277 8.5759652066044527 4.983661932172252 1.7204862534999845 5.4815055525396019 1.7071255358168853 3.6947660520672798 23.62886774726212 9.5752682872116548 3.4660248254658654 0.64804589003324509 264.72415834036656 8.6023519486188871 1.2123525422066448 2.7532971887849271 1.3522517068777222 5.3887912255013362 10.458666942548005 1.8172531652962787 1.3418615408008916 11.603207834763451 3.3710055651608855 1.9501224680570883 1.2421670854091642
leaf_count=1 12 1 332 92 106 3657 46 35 73 51 44 959 99 92 86 30 61 74 92 48 67 88 47 54 122 38 19 797 152 19 19 27 19 114 84 26 26 449 69 64 43 9 61 152 21 409 174 43 4 150711 128 7 46 32 505 4664 29 53 68 38 95 11
internal_value=-0.000107426 -0.0251202 0.0266522 0.0145816 0.00273713 0.033794 0.0209453 0.00870384 0.00678685 0.00183046 -0.0160826 -0.00889396 -0.0344451 0.018793 -0.0193751 0.00579802 0.00794674 -0.0239108 0.0107326 0.00156526 0.0180591 0.0227867 0.00456136 0.0072725 0.00838265 -0.00182652 -0.0137226 -0.0227203 0.00509468 0.00372742 -0.00693066 -0.0161523 -0.0261587 0.0018318 0.000500833 -0.0140384 0.00923075 0.0033798 0.000848127 0.00665848 -0.00979473 0.0189647 -0.000856282 0.00169004 0.0254119 0.0268669 0.0195842 0.0104535 0.00935322 -0.0347098 0.0206584 0.0227427 0.00678517 -0.0308724 -0.0239005 -0.0301012 0.00197706 0.0152889 -0.000522798 -0.00607078 -0.0178089 0.0102841
internal_weight=687.63 355.515 332.115 124.769 89.2422 207.346 39.2816 21.1282 77.46 55.8485 6.66694 25.1536 266.273 21.6114 14.6336 10.52 13.8682 12.246 30.6949 18.2419 8.79781 12.453 6.14725 76.9962 74.9556 4.16538 9.44412 7.01804 61.9955 60.5002 6.93943 5.47955 12.1017 57.1702 54.8692 8.22746 2.36247 46.6417 41.2241 27.1209 14.1032 5.41762 10.4652 2.62988 6.94176 47.3095 23.6806 14.1053 1.31378 264.959 14.4613 2.30108 5.85892 10.0595 5.86499 10.6859 3.69713 1.87988 20.1792 6.83703 2.88623 2.53186
internal_count=165594 157635 7959 3671 6820 4288 631 299 2915 2689 90 1386 150815 226 1107 279 134 4739 1303 1076 212 227 135 2081 2027 145 864 845 1905 1799 228 209 1010 1780 1621 671 140 950 775 222 553 175 104 179 90 756 347 173 103 150712 209 159 81 991 531 4665 166 137 132 81 133 97
is_linear=0
shrinkage=0.035


Tree=86
num_leaves=63
num_cat=0
split_feature=29 22 34 15 10 14 30 36 38 28 15 9 9 38 28 14 32 28 17 43 14 10 16 0 0 30 15 30 10 55 9 48 6 16 14 14 9 15 1 15 16 6 55 14 15 14 11 15 30 6 37 2 11 6 54 11 6 0 11 14 0 29
split_gain=361.237 72.8475 23.481 10.6795 8.73074 5.02529 4.80446 4.55933 5.68841 4.98376 3.90559 2.97111 3.36688 2.26166 2.22647 2.12085 2.03945 2.3316 2.01438 2.80944 6.51222 3.20192 2.27841 3.03713 1.9998 1.98235 1.95084 1.85125 1.8185 1.78295 7.54395 1.63366 1.6233 1.57423 1.54873 3.51511 1.51367 1.45221 1.32439 1.10249 1.04347 1.19684 0.991871 1.61257 0.968536 1.58651 1.37748 0.954959 0.908056 0.878422 0.834597 4.18567 0.824141 0.615934 0.560794 0.533725 0.502581 0.457425 0.358794 0.350578 0.265551 0.247631
threshold=0.56268712878227245 1.0000000180025095e-35 0.36666667461395269 0.92031747102737438 0.240384615957737 0.49731183052062994 0.62202382087707531 1.0000000180025095e-35 0.36666667461395269 0.82972848415374767 0.93419912457466137 0.12132352963089944 0.93813776969909679 0.46428571641445165 0.74175426363945018 0.59896907210350048 0.700393706560135 0.74175426363945018 0.81666666269302379 1.0000000180025095e-35 0.88493064045906078 0.44949495792388922 0.91715687513351452 0.80084761977195751 0.69104009866714489 0.18019481003284457 0.76689496636390697 0.070197045803070082 0.58571431040763866 0.13604861497879031 0.77694860100746166 1.0000000180025095e-35 0.33508773148059851 0.54085850715637218 0.85880398750305187 0.79095324873924266 0.86391696333885204 0.40862709283828741 0.43283110857009893 0.6900656819343568 0.64051282405853283 0.99438202381134044 0.19322340190410617 0.78086888790130626 0.85270008444786083 0.83752354979515087 0.96362435817718517 0.65030118823051464 0.24068965017795566 0.84680575132370006 1.0000000180025095e-35 0.53278529644012462 0.98936170339584362 0.24068965017795566 -0.39348588883876795 0.60922586917877208 0.94804319739341747 0.52868187427520763 0.54226192831993114 0.82413583993911754 0.99999997019767772 0.5265987515449525
decision_type=2 2 2 2 2 2 2 2 2 2 2 2 2 2 2 2 2 2 2 2 2 2 2 2 2 2 2 2 2 2 2 2 2 2 2 2 2 2 2 2 2 2 2 2 2 2 2 2 2 2 2 2 2 2 2 2 2 2 2 2 2 2
left_child=1 4 3 7 52 6 -4 13 9 11 25 -9 29 14 15 54 -14 -18 19 21 34 24 36 -24 26 -3 37 -12 38 30 47 32 -31 -10 35 40 -23 -6 -11 -27 57 55 -35 -44 45 46 59 -13 -17 -34 51 -7 -1 -8 -2 58 -54 -21 -42 -37 -20 -41
right_child=2 10 5 -5 18 50 53 8 33 28 27 12 16 -15 -16 48 17 -19 60 20 -22 22 23 -25 -26 39 -28 -29 -30 31 -32 -33 49 42 -36 44 -38 -39 -40 61 41 -43 43 -45 -46 -47 -48 -49 -50 -51 -52 -53 56 -55 -56 -57 -58 -59 -60 -61 -62 -63
leaf_value=-0.031629891078058574 -0.019198889279718082 -0.034786755320132534 -0.013954807168178386 0.034238719231547296 0.023256290059280729 -0.0071694066015094296 0.0089832692333092438 0.02454449674861265 -0.0022931700001040706 0.030002691925771617 -0.020451586179059796 -0.032751937846370954 0.023832104359560097 -0.0054860541444821101 0.035595320785821942 0.0033898152830508306 -0.026841210187292238 0.015109122469422262 0.025114698341255737 -0.0059999124436888492 0.021166384758488484 0.038478230240580745 -0.0095700424590742551 0.017538669426598055 -0.034935572280726558 -0.017117500412584662 0.027177514750419664 0.020038260726038662 -0.0025850499174722946 0.013792474726567914 0.035558111296308918 0.0082483413092381899 -0.035594686910014918 0.03107169184225023 -0.034319115829042152 -0.017239067975581283 0.00689187613777947 -0.023456276682785146 0.0061013791590497973 0 -0.01804633613541607 0.0067097733938874743 -0.0048415070393777399 0.023958881702629019 0.022320257139775455 -0.020992425866557085 0.02740109352555184 0.0033122655659415731 0.029168479377356844 0.00018846138080338412 0.036463862065797208 0.033545602369345028 -0.010979430788179664 0.031620178624981517 0.0027439047945700241 -0.034332952286564855 0.018866133849027796 0.025157324689623967 0 0.0040708378585837283 0.01024953185874198 0.02484979005440828
leaf_weight=7.7838596940273401 1.5380536019802096 255.22147412400227 4.6734984685899681 25.076934449374676 0.13958123279735435 3.6514645006973288 3.7025631330907327 1.7174915149807954 3.0417491381522295 5.7105842158198374 1.5309893217636266 4.8422344031278097 3.0795210524229324 2.9442245550453654 11.145093455910681 3.1310880826786143 2.6045610482105985 1.9719726890325544 6.2860295623540861 0.32599127944559825 8.3217685734853131 6.0647807705681789 7.0585542744956937 12.661085302941499 1.7026452798163516 1.5599858398782083 1.4077075684908775 2.0272555034607649 7.0231748744845381 0.31924764136783501 2.517083297483623 0.86377315036952573 11.853098760475401 9.2011007675901073 2.9031556942500165 0.86541735264472486 3.6328481016680598 2.3027564160292968 6.8483543917536736 0.50357429729774583 2.3774849707260692 0.89194795489311296 3.6188660677289581 4.1230983529239893 2.544205516576767 1.9305874637793747 1.9086577761918306 0.65832578169647593 5.299564397893846 0.68068288860377002 170.70956149953417 10.346216421574352 0.59895029407925893 7.0202996395528316 2.2720436557428974 5.5088286623358727 0.1913505345582962 0.10455798800103366 1.6689227186143396 0.91414401726797223 6.1608634144067764 0.47784388810396194
leaf_count=3333 14 150202 43 466 31 50 48 11 37 41 505 313 43 20 149 52 73 19 54 117 61 136 77 73 104 483 43 83 70 39 30 9 1849 104 45 63 54 769 63 53 110 5 66 55 12 37 19 24 58 30 3823 218 217 71 72 737 1 28 70 24 56 32
internal_value=-8.35501e-05 -0.024802 0.0265664 0.0142486 0.00302981 0.0339558 0.0132148 0.00874855 0.00393064 -0.00230896 -0.0339786 -0.0109422 -0.0138705 0.0209357 0.0244942 0.0121974 0.00524219 -0.0086697 0.00687298 0.0041881 -0.00348285 0.0108367 0.0154434 0.00767275 -0.0116671 -0.0344802 0.00298298 0.00118427 0.011101 -0.0206914 -0.00596507 -0.0280711 -0.0311838 0.0192796 -0.0134982 -0.00859494 0.0287231 -0.0137894 0.0186387 -0.00157463 -0.0209359 -0.0234558 0.0232595 0.0110823 0.0079583 -0.000405756 0.0118029 -0.0280517 0.0213402 -0.0335224 0.0355854 0.0229214 -0.028505 0.0255354 -0.00753615 -0.0269722 0.000793506 0.0114165 -0.0114399 -0.0075069 0.0193265 0.017535
internal_weight=669.763 347.578 322.186 122.082 86.2567 200.104 15.3964 97.005 70.6749 50.6901 261.321 31.108 29.3905 26.3301 23.3858 12.2407 7.65605 4.57653 77.6825 65.2356 30.2657 34.97 29.4173 19.7196 5.55269 257.763 3.85005 3.55824 19.5821 21.7344 8.01764 13.7168 12.853 19.9848 21.9439 19.0407 9.69763 2.44234 12.5589 2.5414 10.8777 10.4472 16.9431 7.74196 8.16301 5.61881 3.68822 5.50056 8.43065 12.5338 184.707 13.9977 8.57416 10.7229 3.8101 9.55524 0.790301 0.430549 4.04641 1.77956 12.4469 0.981418
internal_count=165594 157634 7960 3707 6276 4253 162 3241 2876 2614 151358 2440 2429 365 345 196 135 92 2725 2615 1328 1287 340 150 947 150770 843 588 174 2294 367 1927 1918 262 1267 1222 190 800 104 568 1067 922 225 121 155 143 106 337 110 1879 4091 268 3551 119 86 917 218 145 180 87 110 85
is_linear=0
shrinkage=0.035


Tree=87
num_leaves=63
num_cat=0
split_feature=1 32 34 15 17 14 28 36 38 28 27 27 8 12 28 9 12 55 9 14 7 30 10 15 17 16 37 28 1 17 0 15 9 9 9 6 6 14 55 12 14 17 7 55 0 6 6 54 0 12 15 7 0 12 27 10 14 0 0 14 32 11
split_gain=345.86 73.0936 22.2392 10.1561 8.17347 4.93096 4.55221 4.32647 4.77819 4.39267 3.98155 2.81199 2.73734 2.39154 2.22897 2.56596 2.50995 3.20598 1.93927 1.9153 1.88914 1.78728 1.72945 1.72617 1.57801 2.24358 1.47132 4.55654 1.26848 1.18256 1.12971 2.14402 1.78813 1.86903 2.50217 1.46665 1.94126 3.51959 1.98277 1.58461 1.45698 1.19237 1.0757 1.03597 1.02182 0.976974 0.89634 0.862757 0.815062 0.8132 0.778412 0.77355 0.994969 0.575348 0.569058 0.479866 0.459515 0.418986 0.35748 0.301996 0.276916 0.243902
threshold=0.078810192644596114 0.19785943627357486 0.45000000298023229 0.92031747102737438 0.30384616553783422 0.44092722237110143 0.90152388811111461 1.0000000180025095e-35 0.36666667461395269 0.82972848415374767 0.40586884319782263 0.5914268195629121 0.92637759447097789 0.60392647981643688 0.64174234867095958 0.12132352963089944 0.24319982528686526 0.13604861497879031 0.93813776969909679 0.92907443642616283 0.43534001708030706 0.16172623634338382 0.58571431040763866 0.38924963772296911 0.087121214717626586 0.79205974936485302 1.0000000180025095e-35 0.78024387359619152 0.43283110857009893 0.86607143282890331 0.41016845405101782 0.75905716419219982 0.82683658599853527 0.70064935088157665 0.69028213620185863 0.68133461475372326 0.82807883620262157 0.83752354979515087 0.73398485779762279 0.83034139871597301 0.74873736500740062 0.58571431040763866 0.55036231875419628 0.49353177845478063 1.0000000180025095e-35 0.90070420503616344 0.51191151142120372 0.42308075726032263 1.0000000180025095e-35 0.88282340764999401 0.52223318815231334 0.62258651852607738 0.7269541621208192 0.50558269023895275 0.88947063684463512 0.44949495792388922 0.42776885628700262 1.0000000180025095e-35 0.99999997019767772 0.61861473321914684 0.26293487846851354 0.53001201152801525
decision_type=2 2 2 2 2 2 2 2 2 2 2 2 2 2 2 2 2 2 2 2 2 2 2 2 2 2 2 2 2 2 2 2 2 2 2 2 2 2 2 2 2 2 2 2 2 2 2 2 2 2 2 2 2 2 2 2 2 2 2 2 2 2
left_child=1 4 3 7 12 6 -4 13 9 10 21 44 48 24 15 -12 -16 -18 42 20 -6 57 28 -10 56 50 27 -7 -11 30 31 -22 33 34 -32 39 38 41 -37 51 -40 -38 -19 54 -3 -13 -35 61 -1 -39 -26 -34 -53 -48 59 -23 -2 -9 -21 -25 -46 -17
right_child=2 11 5 -5 19 26 -8 8 23 22 14 45 -14 -15 16 47 17 18 -20 58 29 55 -24 43 25 -27 -28 -29 -30 -31 32 -33 35 46 -36 36 37 49 40 -41 -42 -43 -44 -45 60 -47 53 -49 -50 -51 -52 52 -54 -55 -56 -57 -58 -59 -60 -61 -62 -63
leaf_value=0.0068427580397610382 0.0054117481013660831 0.0076545147885211436 -0.011827782526456476 0.033898180720830125 0.033926420702274848 -0.0076615632617014042 0.027405427830151124 0.0096143777276847253 -0.0065095398847808449 0.029393293239734233 0.018876573247318191 -0.011659593052760014 0.012396750602053908 0.030756875195443571 -0.027785656588529418 -0.0074210916060527083 0.028202220374109462 0.0022054113605590865 0.008167544468251825 0.023738044368032146 -0.013703318510338101 0.0044743614850497855 -0.0025017108780216813 0.0095907705999076723 0 0.017493474972913106 0.03601762438539393 0.033049290882579872 0.005927211857427719 0.02019426080100074 -0.018400898172989295 0.038430556108546544 -0.016061151512029886 0.0068779585943582796 0.034717500999582443 -0.028874527169138083 0.0055670435208516091 0.0078145025118147981 0.01135601122555395 0.038779003647592222 -0.012581087862882237 0.03654310647768557 -0.029048293847574048 0.0020232637951168734 -0.010153085058358343 0.026710328678667183 0.00067561756326760052 0.0048806640357156603 -0.031575652654680354 -0.0063887871795446126 -0.031259250585981453 0.025663039166299119 -0.0066288487439663873 -0.030948877502138317 0.0091455753769031038 0.044903906453433021 0.025391924225935648 -0.01622254480505269 0.0086378726587694361 0.033588537853551814 -0.034905916320458627 -0.035592791488162266
leaf_weight=0.22418762743472953 3.6492211243603396 0.23301151394843955 5.3974175865296257 24.512674065306783 1.5329073483590026 4.2848140124697229 7.4966182224452496 0.2466892898082762 2.4083303080406067 5.6468364372849482 0.66499093919992702 0.63829521695151814 1.5548788798041631 13.325802056351675 3.5791193309705731 1.3767757281893835 3.1509740257170042 1.4188716516364346 4.1375245116651058 7.7034281452652049 0.77881849568802808 0.96995928441174362 7.0362135022878638 2.2666984109673676 1.2905971840955319 2.1741087718401104 168.47499708016403 9.587282866239546 6.8325233310461044 3.4732690304517737 1.2285322669194996 1.5613834129180757 0.88225343183148597 0.48797674232628185 1.1320534307742489 3.6150891999714068 3.2620181750971851 6.2146988932509002 4.9805346485227329 1.7305610850453375 5.456653737463057 3.8910959046334028 3.7735000466927886 3.2754878075793377 1.9489176652859885 0.64448749274015427 0.51135290088132013 0.36425899807363826 9.8571054144995269 14.195753209292887 1.9528459713328628 1.4189619075041267 1.3905559708364306 4.8067841350566596 3.8310247138142577 1.2674447325989602 4.0545711459126323 0.9958794362610206 5.8976822644472122 8.2599717464763653 245.11726946779527 8.476822745986281
leaf_count=1 36 1 50 470 108 64 78 1 29 41 4 99 74 190 104 224 45 43 37 72 133 94 70 58 35 27 3890 206 63 20 115 26 89 28 27 465 72 67 44 9 62 22 88 41 1062 4 73 11 4664 69 53 71 13 440 47 14 44 183 56 125 149649 1494
internal_value=-6.66931e-05 -0.0247406 0.026167 0.0141503 0.00266213 0.0334827 0.0110613 0.00879793 0.00405111 -0.00174639 -0.00999756 -0.034404 -0.0234067 0.0206254 -0.0147226 -0.0263705 -0.00554125 0.00216605 -0.00816721 0.00694259 0.0041298 0.0209241 0.0108061 0.0180598 0.00863885 -0.00491053 0.0349801 0.0205695 0.018198 0.00278984 0.00135258 0.0211244 9.12256e-05 -0.0140122 0.00878197 0.00285342 0.000356306 0.00578568 -0.00973774 0.0184339 -0.000858315 0.0252618 -0.0209657 0.0217726 -0.0346818 0.00934077 -0.0237225 -0.0310475 -0.029865 -0.00173762 -0.0213364 0.00191828 0.011217 -0.0277285 0.025625 0.035254 0.0180388 -0.00753248 0.0184701 0.0300051 -0.0347665 -0.0330254
internal_weight=652.551 336.371 316.181 120.94 87.7885 195.241 12.894 96.427 69.9799 49.9384 30.4228 248.582 11.6362 26.4471 26.9428 10.8828 16.06 12.4809 9.3299 76.1524 62.5513 3.47997 19.5156 20.0415 13.1213 5.41755 182.347 13.8721 12.4794 61.0183 57.5451 2.3402 55.2049 8.1667 2.36059 47.0382 41.6158 27.5636 14.0523 5.42233 10.4372 7.15311 5.19237 17.6332 247.299 1.28278 5.80611 10.2179 10.0813 20.4105 3.24344 3.69177 2.80952 5.31814 14.3577 2.2374 7.70379 1.24257 13.6011 10.5267 247.066 9.8536
internal_count=165594 157635 7959 3671 6820 4288 128 3201 2816 2516 2342 150815 4739 385 2050 1733 317 213 168 2081 1953 292 174 300 195 115 4160 270 104 1845 1825 159 1666 683 142 983 801 230 571 182 106 94 131 271 150712 103 541 1729 4665 136 88 173 84 513 230 108 80 184 128 183 150711 1718
is_linear=0
shrinkage=0.035


Tree=88
num_leaves=63
num_cat=0
split_feature=29 23 34 15 10 14 30 36 29 15 6 10 43 27 41 14 2 41 15 43 14 10 16 0 2 30 10 14 30 28 27 55 14 0 15 15 9 14 14 37 16 6 15 11 29 55 15 14 11 14 37 2 11 54 28 10 6 43 6 28 0 6
split_gain=331.473 70.296 22.8179 10.0789 8.05857 5.10417 4.48831 4.09107 4.74898 3.7633 3.33188 4.7233 2.61589 2.36944 2.24313 2.0935 3.43826 2.07756 2.92339 3.53937 5.77075 2.32369 2.02599 4.04763 2.01849 1.95953 1.77097 2.06362 1.71317 1.69711 2.23864 1.69055 2.02859 1.42519 1.85939 1.42119 1.3903 1.32671 3.60082 1.17236 1.11403 1.08343 1.05701 1.00161 1.89575 1.32486 0.918196 1.49525 1.28012 0.906265 0.886603 4.09075 0.828616 0.823458 0.752479 0.679463 0.615691 0.494445 0.481175 0.455957 0.449242 0.427225
threshold=0.56268712878227245 1.0000000180025095e-35 0.36666667461395269 0.92031747102737438 0.240384615957737 0.49731183052062994 0.62202382087707531 1.0000000180025095e-35 0.78319624066352855 0.93419912457466137 0.71209660172462474 0.087121214717626586 1.0000000180025095e-35 0.8686291277408601 1.0000000180025095e-35 0.53093111515045177 0.13020028173923495 3.5000000000000004 0.94570022821426403 1.0000000180025095e-35 0.88493064045906078 0.44949495792388922 0.91715687513351452 0.80084761977195751 0.46851472556591039 0.18019481003284457 0.44949495792388922 0.68614074587821972 0.070197045803070082 0.68599441647529613 0.501101315021515 0.58682516217231762 0.72255688905715953 0.69104009866714489 0.76689496636390697 0.40862709283828741 0.86391696333885204 0.85880398750305187 0.79095324873924266 1.0000000180025095e-35 0.64051282405853283 0.069570478051900878 0.6900656819343568 0.87652438879013073 0.89498746395111095 0.54198554158210765 0.85270008444786083 0.83752354979515087 0.96362435817718517 0.63224515318870556 1.0000000180025095e-35 0.53278529644012462 0.98936170339584362 0.35633139312267309 0.82972848415374767 0.73214286565780651 0.24068965017795566 1.0000000180025095e-35 0.94804319739341747 0.74175426363945018 0.52868187427520763 0.99438202381134044
decision_type=2 2 2 2 2 2 2 2 2 2 2 2 2 2 2 2 2 2 2 2 2 2 2 2 2 2 2 2 2 2 2 2 2 2 2 2 2 2 2 2 2 2 2 2 2 2 2 2 2 2 2 2 2 2 2 2 2 2 2 2 2 2
left_child=1 9 3 7 52 6 -4 14 12 25 11 15 26 24 -2 16 -10 18 19 21 37 33 36 -24 -13 -1 31 -28 -11 30 -16 32 41 34 35 -6 -23 38 40 55 60 -9 -27 44 -12 -45 47 48 -40 -32 51 -7 -3 -29 -43 59 -8 -20 -54 -14 -21 -42
right_child=2 4 5 -5 17 50 56 8 10 28 43 13 39 -15 29 -17 -18 -19 57 20 -22 22 23 -25 -26 42 27 53 -30 -31 49 -33 -34 -35 -36 -37 -38 -39 46 -41 61 54 -44 45 -46 -47 -48 -49 -50 -51 -52 -53 58 -55 -56 -57 -58 -59 -60 -61 -62 -63
leaf_value=-0.034762802975802955 -0.0046416046224335766 -0.031421112827293915 -0.013447788679195209 0.033841467730217151 0.023222342990118567 -0.0072749861748802429 0.0083920024889390255 0.013291805606600029 0.024473167104611632 -0.020040852515755658 -0.0056016116465973471 -0.019203579909754284 -0.034022671628726867 -0.035173862163878501 0.027626874859918795 0.026551782902383688 -0.018336524837821725 -0.021776868356977078 0.010804782425194915 -0.0058254997523218607 0.01967874383015333 0.037782690369815429 -0.012756210004339106 0.019157284487243537 0.011257452999974701 -0.01681671803788631 0.038985666685791003 -0.012546108285204411 0.019315887675437068 0.032772521717169358 -0.014241602603650056 -0.034942876894716521 0.023376818972055912 -0.029311892989489864 0.02726968591475086 -0.023057941300906284 0.0070886927054742361 -0.033523363385708556 -0.0073931468340801649 0.00055109318505500214 -0.026483999193444074 -0.02631122869824085 0.017351373248396557 0.033924410187969323 0.022064320947358228 0.0049797708847647906 0.021602108504411598 -0.020544574232063541 0.026368636488638526 0.009612793321386405 0.036296160343917777 0.033284365142756331 -0.010597108048661806 0.0137165068767448 0.0087964426589688376 0.0042876914853465517 0.031014441155214217 0.030101056752118414 0.018643942539332825 0 0.025174428594253444 0
leaf_weight=238.22945177275687 3.3204834413481903 7.3493566685356182 4.6897178342333055 23.67949590831995 0.14004431304056186 3.6267588933696961 3.6193294525146467 0.59624189883470569 3.1180253564380127 1.4622351074358442 4.7065946923103201 3.934346074704079 5.9786246117437258 3.4069323763251296 4.3539278649259376 7.1828154884278774 4.1927396073006094 2.0445996309863395 5.2246565297245962 0.31808018579614383 7.7704756530001751 6.0354656956624257 6.4752423744648722 13.038664557971058 4.7343931896612048 1.5127396060852327 1.5209788363426922 2.341905342182145 1.9886190965771673 12.190956328064201 3.0932997827185318 1.4046534568769855 1.8658860918367279 1.4212224715156478 1.3836672784527762 2.1947800114285201 3.5998382933903486 2.8016545455902806 1.7388736206339654 1.6361881729681043 9.2280584383988717 3.0297747919103135 0.96176976046990592 8.1126755969598872 5.622296292334795 3.3398088300600639 2.5374826826155186 1.9187598186545072 1.9054355444386601 2.6517713300418109 159.9632909509819 9.8197861388325673 0.57420562836341549 1.5759812751784918 0.24229505658149708 0.2669355897232889 6.7493261583149433 6.3486224636435509 0.19423355162143707 0.3039387073367833 0.10416470665950328 0.64823236316442567
leaf_count=150202 31 3333 43 466 30 50 48 4 23 505 50 85 1248 23 75 75 69 59 53 116 55 130 70 75 39 483 22 90 83 163 62 95 59 101 38 761 53 44 83 85 898 656 85 111 65 40 12 37 19 34 3823 218 217 25 1 4 71 60 1 7 27 4
internal_value=-4.39548e-05 -0.0244108 0.0260749 0.013813 0.00294639 0.0336463 0.012616 0.00846848 0.00385333 -0.0339219 0.00984841 0.00123766 -0.00975732 -0.0141646 0.0201788 0.0143823 0.000248392 0.00659545 0.00769374 0.00448155 -0.00436647 0.0119684 0.015772 0.0082913 -0.00276173 -0.0344409 0.000314764 0.0142397 0.00109699 0.0240671 0.0112371 -0.0103103 0 -0.00808821 0.00377479 -0.0131013 0.028389 -0.0138266 -0.00907342 -0.023964 -0.0220234 -0.0137386 -0.0013575 0.0196829 0.00976709 0.0268423 0.00761667 -0.000548707 0.0113824 -0.00291938 0.0353697 0.0223562 -0.0281606 -0.000629222 -0.0214417 -0.0298138 0.0248584 0.0232205 0.00117798 -0.0321331 0.0116845 -0.0247281
internal_weight=636.023 329.151 306.872 118.404 84.9958 188.468 15.0584 94.7245 69.114 244.155 48.3506 26.5693 20.7634 12.0757 25.6104 14.4936 7.31076 76.878 74.8334 63.2601 28.9712 34.2889 29.1492 19.5139 8.66874 240.704 12.5777 5.43887 3.45085 22.29 10.099 7.13885 5.7342 5.13971 3.71849 2.33482 9.6353 21.2007 18.3991 8.18569 10.2985 3.86831 2.47451 21.7814 10.3289 11.4525 8.10055 5.56307 3.64431 5.74507 173.41 13.4465 8.1178 3.91789 3.27207 6.5495 10.3687 11.5733 0.768439 6.28256 0.422245 9.87629
internal_count=165594 157634 7960 3707 6276 4253 162 3241 2876 151358 580 314 2296 147 365 167 92 2725 2666 2553 1295 1258 328 145 124 150770 952 137 588 334 171 815 720 930 829 791 183 1240 1196 1344 1045 661 568 266 115 151 151 139 102 96 4091 268 3551 115 657 1259 119 113 218 1255 143 902
is_linear=0
shrinkage=0.035


Tree=89
num_leaves=63
num_cat=0
split_feature=29 22 34 15 10 14 30 36 38 40 15 32 41 9 12 12 29 10 41 15 43 14 10 30 15 7 7 0 54 30 41 29 16 12 17 16 0 15 15 32 14 14 16 12 15 32 30 6 37 2 2 15 14 11 11 15 6 14 43 6 0 6
split_gain=317.318 68.9305 22.5567 9.80346 7.71206 5.13381 4.29255 3.87897 5.03013 4.42023 3.70703 3.38284 2.91748 3.22071 2.17093 2.14359 2.74519 2.11001 1.97949 2.81344 3.31844 5.44685 2.16949 1.95509 1.89304 2.94052 2.33219 2.97156 1.87891 1.64939 1.62436 2.06774 1.71269 1.61271 1.47188 1.50872 1.39665 1.76088 1.44368 1.2852 1.28102 3.4186 1.08957 1.08322 1.02136 0.964295 1.74509 0.955055 0.916184 3.99293 0.91511 0.874526 1.42878 1.222 0.821752 0.690957 0.602225 0.538107 0.486315 0.473558 0.453167 0.41318
threshold=0.56268712878227245 1.0000000180025095e-35 0.36666667461395269 0.92031747102737438 0.240384615957737 0.49731183052062994 0.62202382087707531 1.0000000180025095e-35 0.36666667461395269 1.5000000000000002 0.93419912457466137 0.62547710537910473 1.0000000180025095e-35 0.1702898591756821 0.60392647981643688 0.83034139871597301 0.84764185547828685 0.4083333313465119 3.5000000000000004 0.94570022821426403 1.0000000180025095e-35 0.88493064045906078 0.44949495792388922 0.18019481003284457 0.81530213356018078 0.84292763471603405 0.58280590176582348 0.75352597236633312 0.10973678156733514 0.070197045803070082 1.0000000180025095e-35 0.94352909922599804 0.77849927544593822 0.88282340764999401 0.10555555671453477 0.7897985875606538 0.69104009866714489 0.76689496636390697 0.39767442643642431 0.59110671281814586 0.85880398750305187 0.79095324873924266 0.64051282405853283 0.62576746940612804 0.6900656819343568 0.72760695219039928 0.29520697891712194 0.56980520486831676 1.0000000180025095e-35 0.53278529644012462 0.11427757143974306 0.85270008444786083 0.83752354979515087 0.96362435817718517 0.98936170339584362 0.68457102775573742 0.24068965017795566 0.86240702867507946 1.0000000180025095e-35 0.94804319739341747 0.53491705656051647 0.99438202381134044
decision_type=2 2 2 2 2 2 2 2 2 2 2 2 2 2 2 2 2 2 2 2 2 2 2 2 2 2 2 2 2 2 2 2 2 2 2 2 2 2 2 2 2 2 2 2 2 2 2 2 2 2 2 2 2 2 2 2 2 2 2 2 2 2
left_child=1 4 3 7 54 6 -4 14 9 12 23 39 15 -14 34 16 17 43 19 20 22 40 36 -3 26 -26 -24 55 -17 -12 31 32 -10 45 -2 -36 37 38 -6 -11 41 42 60 50 -25 46 -15 -18 49 -7 -9 52 53 -43 -1 -28 -8 -13 -21 -56 -22 -44
right_child=2 10 5 -5 18 48 56 8 30 11 29 57 13 33 -16 28 47 -19 -20 58 21 -23 24 44 25 -27 27 -29 -30 -31 -32 -33 -34 -35 35 -37 -38 -39 -40 -41 -42 51 61 -45 -46 -47 -48 -49 -50 -51 -52 -53 -54 -55 59 -57 -58 -59 -60 -61 -62 -63
leaf_value=-0.031280506148947486 0.017433685197748794 -0.034749743055930947 -0.012995688499451678 0.03362862361561756 0.023910507676350688 -0.0070514045076749332 0.0082030902195234633 0.010838806464436735 0 -0.0087927068624022685 -0.019849733425474372 -0.036923451130265433 0.021712431357103257 -0.026494103010258886 0.029874015547751261 -0.019724535782313316 0.010208498538789948 0.022319500768436445 -0.021237363974998445 0.010559866892885957 -0.005872747992556022 0.019134344144082761 0.052641023492829481 -0.01660699920592108 -0.013735701456178489 0.016279600762691342 0.0064695077783677724 0.026505629505224646 0.010350402299695095 0.018903514400967221 0.031285498695423325 -0.011311455803267862 0.029475956985458449 0.014518667210577804 -0.019339896506934139 0.012557657493329995 -0.029026923249795448 0.02653018038597323 -0.022928882777929895 0.03025398307767542 -0.032908999819441558 -0.0072446563450091718 -0.026013117214926971 0.010234335807339054 0.017030668358762647 -0.038845471239609887 0.0079094888546224693 0.034510320073865335 0.036212701051042621 0.033124845425392631 -0.022034603714256362 0.021077776561009526 -0.020134456613227842 0.025731031660755195 -0.010502575265929931 -0.018250378347756974 0.030662423893532385 -0.0014727175515158925 0.029755965877294469 0.018510923439806377 0.025248839550702597 0
leaf_weight=7.1323372981278217 7.5920447987737152 230.12097038642969 4.7173048009863114 23.013450756669044 0.1266781745944171 3.6422207192517808 3.5965247079730016 0.47894543409348056 3.9565856490517053 1.333438303903675 1.4347582188202062 6.1447978183859959 1.9171118885278691 2.8930691691348294 12.430359330261124 4.3054189756512624 5.0472177732735855 2.6445390484295785 2.0484943315386763 5.1826729550957662 0.32022675219924224 7.7408361439593127 2.1771205840632346 1.4912389420205721 5.103168136207386 10.535789084620772 1.448548537679015 7.6690154485404491 3.8558322221506387 1.9827991137281058 6.9628496445948249 3.3864832967519751 4.9718950456008315 0.69899160414934236 2.9423576798290014 2.3332412594463676 1.3952224482782183 1.4000371554866431 2.161685929633677 0.90315371833275992 2.7732428540475658 1.7330076827201975 9.086895717773583 1.5327852996997533 0.96437023882754136 3.0790814070496708 2.489305654540658 6.2037122650071979 154.81341900071129 9.5316326990723592 4.7219922416843474 2.5345120839774609 1.9098465808201579 1.9090235852636397 0.56820300628896792 2.2659619082696736 6.6019671149551868 0.88384855841286469 6.2115010917186737 0.19593816995620728 0.10275788279250264 0.64823236316442567
leaf_count=3333 75 150202 43 466 26 50 48 4 65 209 505 681 13 307 188 44 43 69 59 53 118 55 39 483 73 60 22 50 41 83 104 34 59 7 74 28 101 38 765 35 44 83 898 79 85 273 26 65 3823 218 697 12 37 19 217 84 71 21 60 1 25 4
internal_value=-3.03103e-05 -0.0242142 0.0258113 0.0135699 0.00288008 0.033488 0.0123462 0.00830375 0.00378639 -0.00216136 -0.033888 -0.0227003 0.00296487 -0.0115084 0.019778 0.00885056 0.0147046 6.87822e-05 0.00642864 0.00750785 0.00436416 -0.00424521 0.011601 -0.0344183 0.0152561 0.00603804 0.0245017 0.0150211 -0.0055546 0.00103136 0.018477 0.0091665 0.0176431 -0.0202581 0.00832181 -0.00492178 -0.00787475 0.00386463 -0.0127889 0.0103692 -0.0134928 -0.00880293 -0.0215423 -0.00997326 -0.00127835 -0.0247318 -0.0112881 0.0256173 0.0352603 0.0220564 -0.0171832 0.00742473 -0.000539647 0.0111056 -0.0279567 -0.00854047 0.0244944 -0.0336402 0.0228634 0.00122878 0.0116586 -0.0242626
internal_weight=620.001 320.375 299.626 116.723 84.381 182.903 14.9158 93.7091 68.4111 49.1332 235.994 9.26524 39.868 11.0776 25.298 28.7904 20.6292 9.37826 76.4845 74.436 63.0418 28.7586 34.2832 232.577 29.1996 15.639 13.5606 11.3835 8.16125 3.41756 19.2778 12.315 8.92848 9.16045 12.8676 5.2756 5.08362 3.6884 2.28836 2.23659 21.0177 18.2445 10.1581 6.73372 2.45561 8.46146 5.38237 11.2509 167.987 13.1739 5.20094 8.08639 5.55188 3.64203 7.89648 3.71451 10.1985 7.02865 11.3942 0.764141 0.422985 9.73513
internal_count=165594 157634 7960 3707 6276 4253 162 3241 2876 2614 151358 946 1668 626 365 1042 957 849 2725 2666 2553 1295 1258 150770 328 133 195 156 85 588 262 158 124 613 177 102 930 829 791 244 1240 1196 1045 780 568 606 333 108 4091 268 701 151 139 102 3551 106 119 702 113 218 143 902
is_linear=0
shrinkage=0.035


Tree=90
num_leaves=63
num_cat=0
split_feature=29 22 34 1 15 10 10 14 30 40 29 6 6 27 27 28 43 41 15 43 14 10 54 54 16 0 14 12 12 28 34 38 14 8 2 0 15 15 30 14 14 9 11 14 55 55 2 16 16 37 37 2 15 14 11 11 38 28 6 43 6 0
split_gain=303.817 64.6137 20.3672 9.70781 9.02891 7.38561 5.17316 4.73646 3.74644 3.28694 3.37412 3.1998 3.64586 3.617 2.52215 2.22917 2.08181 1.88768 2.70278 3.12262 5.14089 2.03201 1.84736 2.40319 1.83652 3.75314 2.44355 1.80592 1.77982 1.69393 1.66433 1.59793 1.54039 1.49052 1.67774 1.36881 1.66662 1.42761 1.35807 1.23732 3.24441 1.23104 1.2234 1.78781 1.17271 1.13874 1.13425 1.06558 1.05855 0.898234 0.880404 3.73891 0.833129 1.36522 1.16662 0.814694 0.620067 0.598361 0.589027 0.478254 0.466061 0.452695
threshold=0.60326328873634349 1.0000000180025095e-35 0.45000000298023229 0.082333475351333632 0.92031747102737438 0.240384615957737 0.44949495792388922 0.49731183052062994 0.62202382087707531 1.0000000180025095e-35 0.78319624066352855 0.71209660172462474 0.2152509689331055 0.8686291277408601 0.5914268195629121 0.82972848415374767 1.0000000180025095e-35 3.5000000000000004 0.94570022821426403 1.0000000180025095e-35 0.88493064045906078 0.44949495792388922 0.16045372933149341 0.38177657127380377 0.91715687513351452 0.87729144096374523 0.74873736500740062 0.63981124758720409 0.60392647981643688 0.74175426363945018 0.21111111342906955 0.46428571641445165 0.49731183052062994 0.63245612382888805 0.25783495604991918 0.69104009866714489 0.76689496636390697 0.38924963772296911 0.19292803853750232 0.85880398750305187 0.79095324873924266 0.86391696333885204 0.87652438879013073 0.82413583993911754 0.54198554158210765 0.55852845311164867 0.14570845663547519 0.64051282405853283 0.48331478238105779 1.5000000000000002 1.0000000180025095e-35 0.53278529644012462 0.85270008444786083 0.83752354979515087 0.96362435817718517 0.98936170339584362 0.84523808956146251 0.74175426363945018 0.24068965017795566 1.0000000180025095e-35 0.94804319739341747 0.53940528631210338
decision_type=2 2 2 2 2 2 2 2 2 2 2 2 2 2 2 2 2 2 2 2 2 2 2 2 2 2 2 2 2 2 2 2 2 2 2 2 2 2 2 2 2 2 2 2 2 2 2 2 2 2 2 2 2 2 2 2 2 2 2 2 2 2
left_child=1 5 4 14 9 55 49 8 -4 28 16 12 15 27 56 -12 22 18 19 21 39 35 32 45 41 26 -26 33 29 48 38 57 -11 34 46 36 37 -7 -8 40 47 -23 43 -13 -44 -24 -14 61 -2 -5 51 -9 53 54 -42 -1 -3 -18 -10 -20 -57 -21
right_child=2 3 7 6 -6 17 30 50 58 10 11 42 13 -15 -16 -17 31 -19 59 20 -22 24 23 -25 25 -27 -28 -29 -30 -31 -32 -33 -34 -35 -36 -37 -38 -39 -40 -41 52 -43 44 -45 -46 -47 -48 -49 -50 -51 -52 -53 -54 -55 -56 60 -58 -59 -60 -61 -62 -63
leaf_value=-0.031137539682095469 0.012275139798921164 -0.03473415886468223 -0.011481670693859544 -0.027722513418076147 0.033980063632955325 0.023860182258611792 -0.021109833665104615 -0.0063581493200071592 0.0080178414960825513 -0.015218586715927473 0.001805046269695328 0.02080769521452382 0.0078620045289163592 -0.028788542848869187 0.0117410016905054 0.034970152926877371 -0.031524079107371657 -0.020711850407889868 0.010319405489784555 -0.0058764343999269586 0.018604513591252678 0.035372395004486662 -0.00052330275877432832 0.013703042200024057 0.012948681205251205 0.021966981226086424 -0.019927395092882248 0.019670625500664719 0.032992987122607696 0.025080260317016791 0.037488294881866613 0.0060508365169440279 0.022050908678824588 -0.02157537948476853 0.020565076965306506 -0.028743432388065308 0.025814495023523412 -0.022743765737857718 0.017727543801563359 -0.032308776766341182 -0.0070990352359810291 0.0065756919035760792 0.033804024683730109 -0.0050645112887882119 0.006482043839428968 -0.039143305450502951 -0.021984473279068276 -0.023801239979237193 -0.014640404883033548 0.0081318705659831521 0.036277798548169392 0.032952045412555489 0.020568381888563785 -0.019732129891991326 0.025110179314968166 -0.010409158788525656 0 0.002123690103914555 0.03031406687046281 0.029414268143584686 0.018378494607173168 0.025218931123730321
leaf_weight=6.9226039653876787 2.0597797983791697 223.18312041042373 4.5059672780334941 4.3256475493544695 21.675131384283304 0.12754426291212428 1.0052711407188328 3.5823604725301257 3.5743359401822072 0.86609831056557762 5.3502976987510937 6.1761447268072516 1.9155800323933379 5.2273037880659095 0.8878191236872216 4.2840069867670536 5.0859972153557456 2.0522585649741805 5.1418523266911489 0.32040692016017658 7.7116421884857109 6.1831339618656802 1.682186298305169 2.1772609096951783 3.5619643721729535 9.7992428392171842 6.0562107055447996 4.2657288685441008 8.6600794941186887 3.4262783192098141 2.7673357140738517 1.5543259033001957 5.1030724935699254 3.2895092505495995 3.0695238108746707 1.3699792351108042 1.4159303645137695 2.1151350548025221 1.4502550212200729 2.7449771254323414 1.7272725233342481 3.6114282058551908 8.435230977367608 5.1121076121926308 3.5556757280137399 1.9641842505661768 2.4320012060925364 9.5982341044582409 3.2164975855266675 0.39276061626151193 147.83836462721229 9.2137265726923925 2.531200785189867 1.9011249355971811 1.9124205629341304 0.56231534399557848 0.57350082905031641 0.37590150535106648 6.4581529274582863 6.0777207091450691 0.19761878252029419 0.10325802327133715
leaf_count=3333 25 150987 36 1127 461 25 83 44 48 124 52 74 30 35 60 43 712 59 53 119 55 130 158 58 25 51 69 36 139 31 39 23 186 60 31 101 38 766 24 44 83 53 123 55 44 54 54 902 73 9 3800 217 12 37 19 217 84 8 71 60 1 24
internal_value=-1.47012e-05 -0.0235109 0.0261042 -0.0328994 0.0141289 0.00282431 0.000550436 0.0335466 0.012842 0.00894802 0.00542106 0.00991455 0.00203231 -0.00630109 -0.034391 0.0187831 -0.00695098 0.00627785 0.00733906 0.004263 -0.00412686 0.0112766 0.00197654 -0.010829 0.0147986 0.00762517 -0.00734971 0.00264169 0.0222765 0.00895024 0.0228732 -0.0207676 0.0147333 -0.00494474 0.00370218 -0.00766378 0.00395387 -0.0124732 0 -0.0131658 -0.00853839 0.0266716 0.0193723 0.00934748 0.0270942 -0.0260271 -0.00916834 -0.021066 -0.00329367 -0.0232258 0.0353078 0.02203 0.00723721 -0.000531275 0.0108349 -0.0277502 -0.0346411 -0.0286964 0.0241345 0.0225103 0.00127734 0.0116346
internal_weight=604.464 318.331 286.133 234.586 110.96 83.7455 9.94127 175.173 14.5385 89.2848 71.9221 53.1131 29.834 20.1996 224.644 9.6343 18.809 76.0629 74.0107 62.7911 28.5505 34.2406 11.7928 5.82363 29.212 19.4174 9.61818 14.9723 17.3626 8.70256 5.22286 7.01622 5.96917 10.7066 7.41711 5.02859 3.65861 2.24268 2.45553 20.8389 18.0939 9.79456 23.2792 11.2883 11.9909 3.64637 4.34758 10.0219 5.27628 4.71841 160.634 12.7961 8.07202 5.54082 3.63969 7.68254 223.757 5.4619 10.0325 11.2196 0.759934 0.423665
internal_count=165594 158689 6905 152413 2689 6276 1282 4216 155 2228 1960 637 341 246 151131 95 1323 2725 2666 2553 1295 1258 580 270 328 145 94 211 268 129 146 743 310 175 115 930 829 791 107 1240 1196 183 296 129 167 212 84 1045 98 1136 4061 261 151 139 102 3551 151071 720 119 113 218 143
is_linear=0
shrinkage=0.035


Tree=91
num_leaves=63
num_cat=0
split_feature=29 22 34 1 14 10 10 14 30 10 17 14 43 30 11 39 27 2 30 41 14 43 17 14 16 10 16 0 14 34 14 32 16 2 0 0 30 32 14 14 14 14 9 16 37 2 16 37 11 11 2 48 55 38 30 6 29 2 6 0 11 6
split_gain=290.665 63.3165 20.2285 9.55218 7.22353 7.07125 4.95106 4.77413 3.58767 3.15416 9.55275 5.6839 3.08044 3.29772 3.60396 2.74497 2.49731 2.46732 2.40557 1.79947 2.31136 2.72133 2.77646 2.79979 2.13426 1.91175 1.65452 3.88557 2.81208 1.60393 1.57634 1.51294 1.4386 3.17198 1.34125 1.3331 1.31451 1.26243 1.25838 1.21844 1.14553 3.50773 1.11651 1.04106 0.912479 3.65174 0.902261 0.879698 0.873832 0.807451 0.783747 0.75576 0.733899 0.619551 0.615583 0.576077 0.505256 0.460665 0.458682 0.452329 0.442956 0.654323
threshold=0.60326328873634349 1.0000000180025095e-35 0.45000000298023229 0.082333475351333632 0.87585616111755382 0.240384615957737 0.44949495792388922 0.49731183052062994 0.62202382087707531 0.080128207802772536 0.44949495792388922 0.53093111515045177 1.0000000180025095e-35 0.74537035822868358 0.82247900962829601 1.5000000000000002 0.5914268195629121 0.11427757143974306 0.42481203377246862 3.5000000000000004 0.93908473849296581 1.0000000180025095e-35 0.86607143282890331 0.79095324873924266 0.8589511811733247 0.44949495792388922 0.91715687513351452 0.87729144096374523 0.74873736500740062 0.21111111342906955 0.79784947633743297 0.90254694223403942 0.23132664710283282 0.29303735494613653 0.69104009866714489 0.99999997019767772 0.19292803853750232 0.84389334917068493 0.84889996051788341 0.76689496636390697 0.88493064045906078 0.83752354979515087 0.86391696333885204 0.64051282405853283 1.0000000180025095e-35 0.53278529644012462 0.63702240586280834 1.5000000000000002 0.49489796161651617 0.98936170339584362 0.49171780049800878 1.0000000180025095e-35 0.73398485779762279 0.84523808956146251 0.14495798945426944 0.24068965017795566 0.82078272104263317 0.62731361389160167 0.94804319739341747 0.54111245274543773 0.60922586917877208 0.99438202381134044
decision_type=2 2 2 2 2 2 2 2 2 2 2 2 2 2 2 2 2 2 2 2 2 2 2 2 2 2 2 2 2 2 2 2 2 2 2 2 2 2 2 2 2 2 2 2 2 2 2 2 2 2 2 2 2 2 2 2 2 2 2 2 2 2
left_child=1 5 4 16 9 49 47 8 -4 11 15 17 50 14 37 18 53 -2 51 20 21 25 23 43 38 34 42 28 -28 36 54 -16 -19 -34 39 -22 -8 -14 -25 46 41 -26 -27 59 45 -9 -7 57 -13 -1 -12 56 -6 -3 -17 -10 -11 -5 -51 -23 -45 -62
right_child=2 3 7 6 52 19 29 44 55 10 12 48 13 -15 31 30 -18 32 -20 -21 35 22 -24 24 40 26 27 -29 -30 -31 -32 -33 33 -35 -36 -37 -38 -39 -40 -41 -42 -43 -44 60 -46 -47 -48 -49 -50 58 -52 -53 -54 -55 -56 -57 -58 -59 -60 -61 61 -63
leaf_value=-0.030992239478227289 0.023139293039142972 -0.034720633786678896 -0.011099415402109651 -0.030037726318465897 0.031052357008728201 0.014748033836995411 -0.020875238820130131 -0.0061649036598047978 0.0078362130998696263 -0.029371526610045415 0.0068107064172956673 0.0090046677184717414 -0.0033775021223692342 0.028527340141508966 0.026899204818581705 -0.00069119874138932511 0.011514464161102666 0.0091274359807728325 0.012546747055365027 -0.020199983756786236 0.032792623088687939 -0.0058812209629054823 0.028649031589882828 0 0.014430320962734267 0.033861974736718183 0.013570525067984484 0.021983422387668115 -0.021415976281204101 0.03693680669675619 0.0071860424553593085 -0.0037507466220300838 -0.02715400913802183 0.021679417259761843 -0.028461462870660759 0.0051577696636374154 0.01744251240891927 -0.035100009350872409 0.037436814696243534 0.02154815385004431 0.0055864904815718791 -0.029647508746563359 0.0063843084353771519 -0.0092014302310106134 0.0362098050672836 0.032792015238178061 -0.020888598475788701 0.008055492898593886 0.03517447030566067 -0.010316844886433061 0.02812786096227515 0.00058459231750532682 0.0089775354959751707 0 -0.039081749257046043 0.029969166381736478 0 0.0021532095449241328 0.018246675249457698 0.025191451701399935 -0.033438385566722996 0
leaf_weight=6.7199016449740148 3.1886364405509111 215.58968839480076 4.5319772846996775 3.9828661702340451 24.917226177174602 0.33348489110358048 0.99245345988310907 3.5964331999421111 3.5527462437748891 3.357574740075508 3.9501264512073275 3.1605981513857833 3.1551830039825308 3.5118025839328757 2.9070083529222757 0.79137245716992666 0.89317976054735382 3.0383833677042258 4.8854060904122889 2.055888141039758 5.3673946410417539 0.32063663506415352 2.011348344385623 1.8665335590485512 2.7140236515551788 6.2757857465185243 3.7283061719499546 10.042540676891802 5.9686414911411703 2.726017861161381 0.70569444133434434 3.2165330303832889 5.8325952617451549 1.2411670880392192 1.345469082938507 4.3952142149209976 1.4389088370371608 3.3528420943766832 1.7837279448285697 1.583994139684364 6.2619288717396557 4.7056453577242792 3.6193344411440194 3.8989347618771699 143.01871072128415 8.9442761093378049 1.7123015502002088 0.39210070902481664 12.519272570963947 0.55653975694440294 13.174005291657521 1.6886689299717543 3.5773686468601218 0.57350082905031641 6.2647627667756751 6.3178377859294415 1.0945595977827904 0.24642018880695093 0.19927492737770081 0.10371194430626929 4.9273048664908856 0.64849375188350666
leaf_count=3333 22 150987 36 1122 504 113 83 44 48 531 74 36 51 61 57 90 60 28 59 59 57 120 13 68 47 130 26 53 68 39 14 39 219 27 101 48 24 33 14 72 46 68 53 178 3800 217 644 9 164 217 182 15 48 84 411 71 24 5 1 23 720 4
internal_value=0 -0.0233063 0.0258302 -0.0328485 0.01386 0.00276556 0.000584376 0.0333977 0.0125683 0.00827769 0.0029259 0.0173557 0.0141116 0.00257657 -0.00594493 -0.0164157 -0.0343665 2.35661e-05 -0.00402735 0.00612548 0.00716846 0.00449087 -0.00323172 -0.00664189 0.00181449 0.0110216 0.0143805 0.0076028 -0.00762598 0.0225055 -0.0311465 0.0120418 -0.00837688 -0.0165282 -0.00745828 0.0223116 0 -0.0226849 0.0225273 0.004037 -0.0046313 -0.0133097 0.0256412 -0.0205769 0.0352112 0.0217312 -0.0109955 -0.0229082 0.0309654 -0.0275414 0.0240507 -0.0176138 0.028798 -0.0346243 -0.0358308 0.0237785 -0.0239994 -0.0274397 0.00132372 0.0116103 -0.0233234 -0.0297652
internal_weight=589.474 309.981 279.493 226.835 109.531 83.1464 9.77877 169.962 14.4026 81.0362 52.0555 28.9807 33.2675 16.1434 12.6316 18.788 217.056 13.3008 11.0262 75.6706 73.6148 63.8521 29.2423 27.2309 17.3319 34.6099 29.6346 19.7395 9.69695 5.15738 7.76183 6.12354 10.1121 7.07376 4.97525 9.76261 2.43136 6.50803 3.65026 3.62978 13.6816 7.41967 9.89512 9.89908 155.559 12.5407 2.04579 4.62139 15.6799 7.47572 17.1241 6.1408 28.4946 216.163 7.05614 9.87058 4.45213 4.22929 0.755815 0.424349 9.47473 5.5758
internal_count=165594 158689 6905 152413 2689 6276 1282 4216 155 2137 1641 496 497 241 180 1144 151131 296 629 2725 2666 2561 1301 1288 243 1260 330 147 94 146 515 96 274 246 930 105 107 84 82 829 161 115 183 1045 4061 261 757 1136 200 3551 256 570 552 151071 501 119 555 1127 218 143 902 724
is_linear=0
shrinkage=0.035


Tree=92
num_leaves=63
num_cat=0
split_feature=1 32 34 15 17 2 8 38 40 27 28 1 2 8 27 0 9 32 28 43 10 9 54 30 55 6 41 15 43 14 10 16 9 2 2 15 14 27 9 30 0 14 37 0 54 9 16 6 8 11 0 30 44 9 27 0 0 10 8 8 27 11
split_gain=277.988 66.9499 20.856 8.96924 7.48825 6.21474 4.92177 4.99761 3.61747 4.35159 6.13654 3.99029 3.12744 2.81972 2.6822 2.30114 2.1968 2.09469 2.58589 2.73047 2.40074 2.58008 2.13729 2.04502 2.02015 1.93243 1.74434 2.2332 2.96414 3.24851 1.98803 1.97903 4.4972 1.97009 1.66686 1.3402 1.4687 1.33224 1.31605 1.29805 1.26118 2.54845 1.05617 0.974891 0.970684 0.869916 1.38683 0.863537 0.844091 2.09782 0.734535 0.550594 0.536236 0.52014 0.488151 0.475857 0.773164 0.433036 0.398325 0.439639 0.353697 0.304801
threshold=0.078810192644596114 0.26293487846851354 0.36666667461395269 0.92031747102737438 0.30384616553783422 0.50935709476470958 0.17267081141471866 0.77500000596046459 1.0000000180025095e-35 0.40792746841907507 0.64174234867095958 0.21894425153732303 0.35861176252365118 0.92637759447097789 0.5914268195629121 1.0000000180025095e-35 0.8989795744419099 0.99576270580291759 0.90152388811111461 1.0000000180025095e-35 0.58571431040763866 0.77694860100746166 0.16626547276973727 0.16172623634338382 -0.39834177494049067 0.069570478051900878 3.5000000000000004 0.93419912457466137 1.0000000180025095e-35 0.91715687513351452 0.44949495792388922 0.91715687513351452 0.99230769276618969 0.41028705239295965 0.43617551028728491 0.25198413431644445 0.69416099786758434 0.55747640132904064 0.86391696333885204 0.5419580638408662 0.78874963521957409 0.82413583993911754 1.5000000000000002 1.0000000180025095e-35 0.57821598649024974 0.96362435817718517 0.67028987407684337 0.90070420503616344 0.81661397218704235 0.91042780876159679 1.0000000180025095e-35 0.35504202544689184 1.0000000180025095e-35 0.92422503232955944 0.88947063684463512 0.63529169559478771 0.44006718695163732 0.10555555671453477 0.68133461475372326 0.75931033492088329 0.5914268195629121 0.57735043764114391
decision_type=2 2 2 2 2 2 2 2 2 2 2 2 2 2 2 2 2 2 2 2 2 2 2 2 2 2 2 2 2 2 2 2 2 2 2 2 2 2 2 2 2 2 2 2 2 2 2 2 2 2 2 2 2 2 2 2 2 2 2 2 2 2
left_child=1 4 3 8 13 6 -4 12 34 23 11 15 -8 50 43 -11 25 18 19 22 21 39 24 57 -12 -13 27 28 30 40 33 38 53 44 35 -2 60 -9 48 -21 41 45 -39 -3 -6 46 -30 -16 49 58 -1 -36 -29 -33 -20 56 -26 -10 -32 -60 -37 -46
right_child=2 14 5 -5 26 -7 7 37 9 10 17 16 -14 -15 47 -17 -18 -19 54 20 -22 -23 -24 -25 55 -27 -28 52 29 -31 31 32 -34 -35 51 36 -38 42 -40 -41 -42 -43 -44 -45 61 -47 -48 -49 -50 -51 -52 -53 -54 -55 -56 -57 -58 -59 59 -61 -62 -63
leaf_value=0.0059516441244239814 0.025686437911766256 0.007152500934257941 0.032672037139877957 0.032960169225326581 -0.012242263178663783 0.036160398175204125 -0.034650031522482173 -0.0027871876817872417 0.011303197482528466 0.013891209473597559 -0.0029157238032275212 0.014962204312201669 0.0092646989901457154 0.013308904790523596 -0.011056661941691819 -0.036722093898087532 0.026096416810415916 -0.013758751064866521 0.03458044880862899 -0.019684861355793355 -0.023201167321887997 0.019955787547726655 -0.0078939571893699278 0.038469406702108508 0.023724936577910236 -0.023754793223897199 -0.019670025216747704 0.027497901432633705 0.015839600504751285 0.027991229524310473 0.038991529348029116 -0.029472089216195076 0.01554823758569813 -0.02928617638344198 0.011610524009133 0 0.01675026032063804 0.029882422951598854 0.0058590986424715214 0.009317243876165374 -0.015023830059105214 0.018764716274029411 0.0029721112453840954 -0.034868283435461056 0.035178632909111239 0.0033265273095994131 -0.027884007986798909 0.025293161697723596 0.047092443528330322 -0.016990400780186057 -0.031473358610243057 0.034624437508957343 0.00955848715837441 -0.0003077009339908025 0.014376673938978776 0.035069450038131916 0 -0.012895718956102892 -0.0093912657691171651 0.016144087301640648 -0.024792848352846394 0.0036100164380243873
leaf_weight=0.2124299556016912 1.5000387858599449 0.22777028381824393 15.129820957779883 21.359624719247222 0.68777772365137879 133.97545538004488 3.8103946100454786 2.4866222094278791 0.53428736794739862 0.62303534895181556 3.3804117119871089 1.5557935014367092 2.6296167492400855 1.5150205995887507 0.59811804874334373 8.0527335387887415 2.1273488141596317 4.2483041379600754 3.6586535573005659 4.5565983171109128 5.1822441164404145 5.2367027678992599 3.7473576129414132 5.1491185915656388 3.4473646213300526 3.2545770120341331 2.0534576815553001 6.3462478891015035 0.30592752713710636 2.3720144443213931 1.2007979671470845 2.6433548816712586 15.134783944697119 1.9287075146567074 3.7416920929681492 1.210136680165306 1.3797072344459591 7.2942180223762971 3.6654098355211318 1.9489396549761293 13.991693313233553 4.4036812314298004 2.969929426908493 206.30743645399343 0.31412547931540746 2.0078319371677935 3.6628438018960878 0.63093288987874985 3.1978515082737431 0.96678047196473915 9.5632441585184988 7.9982285164296627 6.1979679586365819 1.2821089848875997 7.9315107278525829 4.9454702185466886 2.8636125447228551 1.099913290934637 0.48995554272551067 0.7714147784281522 1.7847063420340417 1.3157572987256569
leaf_count=1 8 1 332 470 270 3658 46 44 21 5 38 14 46 82 99 1623 23 56 41 123 60 82 47 149 49 142 63 64 71 17 39 112 80 403 59 71 29 120 77 16 97 111 45 149649 5 29 546 4 38 60 5314 130 65 11 90 57 42 192 73 47 31 207
internal_value=6.88139e-06 -0.0237357 0.0248724 0.0129869 0.00214564 0.0326744 0.0183285 0.00578876 0.00796205 0.00434703 0.00138324 -0.0171007 -0.017413 -0.0231698 -0.0344532 -0.0316656 0.00236671 0.00731262 0.00954182 0.00442149 -0.00543289 0.00333956 0.0134863 0.0291412 0.0193387 -0.0102104 0.00626068 0.00729493 0.00425792 -0.00426309 0.0110688 0.0143254 0.00676901 -0.00921472 0.0218231 0.00474405 -0.00522903 0.0181759 0.0261706 -0.0104463 -0.00851971 0.000489511 0.0233618 -0.0347708 0.0102261 -0.0132339 -0.0212997 0.00900904 0.034705 0.0143378 -0.0298584 0.0290514 0.0202528 -0.0226536 0.0232724 0.026 0.0145895 -0.00236791 0.0290043 0.00491087 -0.0178892 0.0220881
internal_weight=574.81 293.995 280.814 112.518 86.2312 168.296 34.3206 19.1908 91.1585 73.544 66.7607 15.6135 6.44001 11.2907 207.764 8.67577 6.93772 51.1472 46.8989 35.3087 16.9245 11.7422 18.3842 6.78332 14.6369 4.81037 74.9405 72.887 60.3428 26.744 33.5988 29.3525 19.0602 4.24637 17.6145 5.87459 4.37455 12.7508 10.2922 6.50554 24.372 10.3803 10.2641 206.535 2.31766 5.9766 3.96877 1.22905 6.6268 3.42895 9.77567 11.7399 12.5442 3.92546 11.5902 11.2564 6.31098 1.6342 2.46217 1.26137 2.99484 1.62988
internal_count=165594 157635 7959 3668 7882 4291 633 301 3198 2870 2508 1807 92 5397 149753 1628 179 701 645 514 281 221 233 362 186 156 2485 2422 2293 871 1422 537 203 885 328 139 131 209 334 139 854 757 165 149650 482 646 617 103 257 219 5315 189 129 123 131 148 91 213 159 120 102 212
is_linear=0
shrinkage=0.035


Tree=93
num_leaves=63
num_cat=0
split_feature=1 22 34 15 17 2 8 38 36 38 28 27 2 35 12 28 9 12 55 41 41 1 41 15 43 14 30 14 17 38 14 15 17 16 27 3 14 14 44 16 11 15 11 16 0 8 2 11 15 14 6 54 15 16 30 6 44 11 6 7 0 17
split_gain=265.944 64.6907 20.5658 8.69807 6.43775 6.26427 4.81979 4.73885 3.36751 3.97261 3.58063 3.61192 2.94172 2.84301 2.13002 1.83025 2.29954 2.19882 2.88732 2.54656 1.74007 1.69829 1.63504 2.40859 2.54414 4.51278 1.52883 1.51867 1.94976 1.3524 1.92143 1.83946 1.33472 1.92548 1.28725 1.27696 1.16564 2.90595 1.15864 1.49998 1.15408 1.58696 1.09606 1.01645 0.964709 0.863421 1.66047 0.80639 0.789442 1.28704 1.11569 0.782326 0.725247 0.505016 0.49755 0.483116 0.478145 0.44854 0.656315 0.509257 0.443994 0.441914
threshold=0.078810192644596114 1.0000000180025095e-35 0.36666667461395269 0.92031747102737438 0.240384615957737 0.50935709476470958 0.17267081141471866 0.77500000596046459 1.0000000180025095e-35 0.36666667461395269 0.82972848415374767 0.40586884319782263 0.35861176252365118 1.0000000180025095e-35 0.60392647981643688 0.64174234867095958 0.12132352963089944 0.24319982528686526 0.13604861497879031 1.0000000180025095e-35 1.0000000180025095e-35 0.66275858879089367 3.5000000000000004 0.94570022821426403 1.0000000180025095e-35 0.88493064045906078 0.16172623634338382 0.88493064045906078 0.44949495792388922 0.58571431040763866 0.77849927544593822 0.69789379835128795 0.087121214717626586 0.79205974936485302 0.55747640132904064 1.0000000180025095e-35 0.85880398750305187 0.79095324873924266 1.0000000180025095e-35 0.86706829071044933 0.98936170339584362 0.40862709283828741 0.61620295047760021 0.64051282405853283 1.0000000180025095e-35 0.82972848415374767 0.30908881127834326 0.98936170339584362 0.85270008444786083 0.83752354979515087 0.83424907922744762 0.42308075726032263 0.52223318815231334 0.55351883172988903 0.070197045803070082 0.28801843523979193 1.0000000180025095e-35 0.60922586917877208 0.99438202381134044 0.70299971103668224 0.54111245274543773 0.44949495792388922
decision_type=2 2 2 2 2 2 2 2 2 2 2 2 2 2 2 2 2 2 2 2 2 2 2 2 2 2 2 2 2 2 2 2 2 2 2 2 2 2 2 2 2 2 2 2 2 2 2 2 2 2 2 2 2 2 2 2 2 2 2 2 2 2
left_child=1 4 3 8 47 6 -4 12 14 10 11 26 -8 35 32 16 -13 -17 -19 -20 29 38 23 24 27 36 -10 28 40 30 31 53 -2 52 -9 44 37 43 39 -12 41 -6 -30 60 -3 46 -44 -1 49 50 -39 -18 -34 -11 -37 -36 -25 59 -59 -45 -26 -28
right_child=2 13 5 -5 22 -7 7 34 9 20 21 15 -14 -15 -16 17 51 18 19 -21 -22 -23 -24 56 25 -27 61 -29 42 -31 -32 -33 33 -35 55 54 -38 48 -40 -41 -42 -43 45 57 -46 -47 -48 -49 -50 -51 -52 -53 -54 -55 -56 -57 -58 58 -60 -61 -62 -63
leaf_value=-0.030721047319816994 0.016167980939409774 0.0071089342505496356 0.032481284933337302 0.032739595053427939 0.023178472878438362 0.036091609907456516 -0.033500442533875359 -0.0027146609642676573 -0.0068835875270835635 -0.006549448237798401 0.018159446858440984 0.017698329736023807 0.0090613993299942172 0.0095756715442630504 0.029009346747999938 -0.026988504348240384 -0.032322577515857279 0.026680871823070523 0.0082391535100622727 -0.025697448811883909 0.030256057985701187 -0.0073847925963067811 -0.019214869943574742 0.028496639073481031 -0.0057668526046778194 0.017602513160380282 0.0036861693351020923 -0.0022832137620096143 0.0051707138675848021 0.024019761582857416 0.017858791987117248 -0.030397129751404149 0 0.016071435407054652 0.0071875544052531102 -0.013512670771351331 -0.03093958073687391 -0.0070817086998927773 0.027233125920043701 -0.0078456957957921923 0.013683477493439556 -0.025518649905634978 0.028731396242540688 -0.016689099052746671 -0.034692071858024726 0.027735774227325996 -0.012678504991138942 0.0016704469732110162 0.020029995288167814 -0.019075235509360595 0.024431548778198576 0.0045492865222410842 -0.030293051453445817 0.01493050427449057 0.01328880769955245 0.02823514576278047 0.0094624779077337583 -0.033091262992481586 0 0.0043840842467420225 0.025064728412739091 0.042586892228090367
leaf_weight=6.2881770810345179 7.4648387394845503 0.22728236019611259 14.699499476701019 20.768109594471753 0.14042365143541546 129.61153457313776 3.837045172927902 2.4903481926303366 1.1554674505023315 1.5923993864562382 4.6575291045010108 0.63572119176388042 2.6171713883522898 1.303449366823769 11.770995340310035 3.4078572746366254 8.8595718439901212 3.0291423869784913 4.6880990649806318 4.2021156705450267 6.5808796109631649 4.5144937559962264 2.0623999572126186 5.7342772483825666 0.31548109895085019 7.6681019682437173 0.92714252090081606 8.2125454107299429 6.7907943809404996 3.1228145672939709 3.3770902124233544 2.3793475372949615 1.2388950745807963 2.03535519214347 3.2681738995015603 0.73146031191572436 2.6902735452167681 1.7028360173571839 5.308393456041812 4.1904717497527599 1.4332669809227807 2.7626459400635213 0.94690028904005652 2.4107208014465855 201.36047345725819 11.854253623634577 1.9896577682811765 0.73602598451543588 2.5189197473227978 1.9206206791568545 1.9264592383988199 0.33721208712086159 1.8704633063171057 1.6738464068621395 0.66115862200967968 6.831304956227541 4.9958796054124832 4.732983848080039 0.64865945279598225 1.4589375094510613 0.10595486825332046 1.24203230952844
leaf_count=3321 80 1 332 470 28 3658 46 44 184 26 39 4 46 184 189 104 1717 45 82 85 110 43 59 60 120 55 94 71 56 31 48 26 35 27 35 251 44 81 51 41 93 810 15 169 150889 97 94 218 12 38 21 11 53 59 34 130 53 724 4 10 23 14
internal_value=3.00206e-05 -0.0235196 0.0246138 0.0127715 0.00267846 0.0325148 0.018032 0.00564029 0.00783035 0.0035315 -0.00188129 -0.00962146 -0.0168719 -0.0340204 0.0187121 -0.0143324 -0.0255392 -0.00580481 0.00160109 -0.00842408 0.0167434 0.00963803 0.00583296 0.00683854 0.00395605 -0.00368982 0.0202901 0.0102764 0.0143232 0.00741084 0 -0.0120049 0.00741714 -0.00527533 0.017831 -0.0343631 -0.0122926 -0.00777835 0.0154266 0.00594179 -0.00548856 -0.0169314 0.0185257 -0.0199488 -0.0345928 0.0237198 0.00369175 -0.0271056 0.0070163 -0.000512112 0.0105539 -0.0303138 -0.020611 0.00455742 0 0.0230007 0.021495 -0.022733 -0.0292873 -0.0087566 0.0117024 0.033474
internal_weight=560.716 286.331 274.385 111.03 82.0472 163.355 33.7435 19.044 90.2622 65.8816 47.1552 28.4844 6.45422 204.284 24.3805 25.1597 9.83251 15.3272 11.9194 8.89021 18.7264 18.6709 75.023 72.9606 62.2304 28.0999 3.32464 34.1305 25.9179 12.1455 9.02268 5.64559 12.6096 5.14471 12.5898 202.98 20.4318 17.7416 14.1564 8.848 4.33634 2.90307 21.5816 9.67274 201.588 14.7908 2.93656 7.0242 8.06884 5.54992 3.6293 9.19678 3.10936 3.26625 1.39262 10.0995 10.7302 9.2513 5.38164 3.86966 0.421436 2.16917
internal_count=165594 157635 7959 3668 6276 4291 633 301 3198 2814 2514 2340 92 151359 384 2048 1732 316 212 167 300 174 2737 2678 2565 1301 292 1264 1193 190 159 111 195 115 209 151175 1246 1202 131 80 931 838 262 1050 150890 206 109 3539 152 140 102 1728 88 85 285 165 113 907 728 179 143 108
is_linear=0
shrinkage=0.035


Tree=94
num_leaves=63
num_cat=0
split_feature=29 22 36 2 15 38 10 2 0 28 29 15 9 9 55 9 1 29 15 1 12 28 37 41 15 43 9 41 10 15 15 12 30 15 39 9 11 12 0 15 15 1 16 11 41 38 6 55 6 15 15 6 11 29 9 15 15 0 6 30 11 15
split_gain=254.896 59.7184 18.8268 8.99276 8.87869 8.19631 6.24793 5.2017 6.19956 5.11978 4.09117 3.57344 2.8451 3.03836 5.01024 3.14479 2.80664 2.03331 1.65028 2.27074 1.63725 1.75701 1.629 1.56241 2.30429 2.40418 1.95964 1.56129 1.55336 1.59269 2.20689 1.75518 1.41206 1.379 1.36928 1.46292 1.31633 1.46898 1.30383 1.44289 1.36599 1.29576 1.16498 2.95462 1.16074 1.7711 1.12703 1.11546 1.0709 1.88111 1.05565 1.05835 0.798977 0.746424 0.742084 0.6804 0.625178 0.472186 0.438793 0.438446 0.421284 0.415006
threshold=0.60326328873634349 1.0000000180025095e-35 1.0000000180025095e-35 0.62731361389160167 0.92031747102737438 0.36666667461395269 0.240384615957737 0.35861176252365118 1.0000000180025095e-35 0.80608585476875316 0.5071096420288087 0.41324576735496527 0.12132352963089944 0.75716626644134533 0.13604861497879031 0.93813776969909679 0.32986950874328619 0.7353600561618806 0.86319074034690868 0.031006857752799991 0.85405564308166515 0.90152388811111461 1.5000000000000002 3.5000000000000004 0.94570022821426403 1.0000000180025095e-35 0.91476997733116161 1.5000000000000002 0.44949495792388922 0.81530213356018078 0.86319074034690868 0.79604920744895946 0.29520697891712194 0.5388936996459962 1.0000000180025095e-35 0.33687943220138555 0.88516482710838329 0.59276726841926586 0.69104009866714489 0.76689496636390697 0.38924963772296911 0.099711906164884581 0.99438202381134044 0.91547620296478283 1.0000000180025095e-35 0.58571431040763866 0.82097071409225475 0.87659823894500744 0.58102023601531994 0.68457102775573742 0.46234817802906042 0.84680575132370006 0.98936170339584362 0.89498746395111095 0.7679487168788911 0.70051544904708873 0.63859337568283092 0.99999997019767772 0.94804319739341747 0.21240601688623431 0.908033847808838 0.73097601532936107
decision_type=2 2 2 2 2 2 2 2 2 2 2 2 2 2 2 2 2 2 2 2 2 2 2 2 2 2 2 2 2 2 2 2 2 2 2 2 2 2 2 2 2 2 2 2 2 2 2 2 2 2 2 2 2 2 2 2 2 2 2 2 2 2
left_child=1 6 7 18 5 9 52 8 34 12 47 -7 -4 41 -15 50 -11 -17 22 -20 21 -18 -3 24 25 28 36 -9 38 31 -31 48 -29 -10 -2 -36 -27 56 39 40 -8 59 43 -28 45 53 -21 -5 -30 -50 -16 54 -1 -13 -52 -43 -38 -26 -54 -14 -51 -39
right_child=2 3 4 10 -6 11 23 27 33 16 -12 44 13 14 15 17 20 -19 19 46 -22 -23 -24 -25 57 26 42 32 29 30 -32 -33 -34 -35 35 -37 37 61 -40 -41 -42 55 -44 -45 -46 -47 -48 -49 49 60 51 -53 58 -55 -56 -57 -58 -59 -60 -61 -62 -63
leaf_value=-0.030610647110349581 0.0025219526465774249 -0.034737643879650504 0.02316169807857912 0.009073259383912664 0.032909905910846617 -0.0073328532473997503 0.023512727773539324 0.035863194006510078 -0.030407538384474714 0.031917924353339594 0.029705050659927595 0.012627609287236642 -0.010390258455093877 0.032302512855644179 0.0080029603303422674 -0.01506197192557864 -0.0026004951465231525 0.018208134764742451 -0.024192775971510688 -0.0065055514092931836 -0.013442396314777458 0.022291725166444967 0.0082366220496170803 -0.018741911597655373 0.028266414779593577 -0.028941742084589668 0.033886742652973284 -0.0054661208054304347 0.025860099919192973 -0.013146869378064105 0.013267080795196872 0.034797796392660389 0.026077990216882362 0.0023395107371346523 0.034318688442580347 0.0096213676554589758 -0.0077643240609754369 0.0016349350978954768 -0.027857223939285934 0.024418802162487322 -0.022125876498934074 -0.040651950403291073 -0.0039452271779122474 -0.005957287345100269 0.034762573167283962 0.030710975428326376 0.037833084410082971 -0.025963548415729093 0.019937225144888538 -0.021459354179133829 0 0.0036399308964012857 -0.0099636402431478692 -0.007284646721172028 -0.037272060146702229 -0.0041480307121294028 0.022449873784293098 0.0093243612031658207 0.018007555939913253 0.016273281375422163 0 -0.022089615960522772
leaf_weight=6.1702607915503895 3.4967579245567384 193.78635830187704 1.6760999597609068 0.79487359896302168 19.646777588874102 3.8691440252587226 0.13381328526884306 132.29687361139804 2.4551266704220316 4.7063062898814705 3.2824147754581645 3.8694298395421356 0.55152445670683103 2.4831682784715694 0.40271175687666794 3.1586620787857091 6.4489355869591254 3.8533311868086457 2.504955812473781 0.61268100840970852 4.2956766113638869 5.6335784643888474 0.60623477131593873 2.0656169957946977 5.551653325557707 3.9949855488957855 3.2094724567141393 2.4819592479616395 1.9039203296415523 4.7837241380475453 10.593415303621439 5.8499698471277952 2.6712779961526394 2.3193243928253651 13.579288620501758 5.4864601455628863 0.41067589446902308 0.70818738080561194 1.2881891656434161 1.4374142689630387 1.9684664788655934 5.9263215727405623 11.263626182917506 4.1785723088541999 11.977165654767305 4.6604629196226597 0.60414542839862406 2.9475757557665929 2.3830835563130677 2.2044799171853815 0.56251668010372657 0.6279329175595193 0.53482430207077403 3.2709794081747532 6.4234554996946827 1.199929670197889 1.7894942557904867 5.0209381431341171 0.20223508775234222 0.41868173179682344 1.5073991501703856 2.3100626009982079
leaf_count=3333 42 149088 12 23 486 41 25 3681 45 48 66 64 175 36 58 47 60 44 1635 64 51 61 76 59 61 702 63 32 35 64 69 33 65 36 286 47 139 82 101 38 766 431 79 30 243 83 26 1435 30 62 33 14 217 41 569 35 107 52 1 39 35 93
internal_value=4.65011e-05 -0.0226845 0.0250646 -0.0327123 0.0124679 0.00678034 0.00261491 0.0322369 0.0170729 -0.00190272 0.00510932 0.0216297 -0.0117869 -0.0149904 -0.00584169 -0.0139847 0.010684 0.0027749 -0.0340899 -0.00732694 0.00289538 0.00955497 -0.0345442 0.00572105 0.00671128 0.00389213 -0.00357892 0.0350824 0.010033 0.0130662 0.00453516 0.0213597 0.0118973 -0.0162433 0.0246617 0.0282198 -0.0159808 -0.00243702 -0.00681976 0.00451525 -0.0114499 -0.0315758 0.00287061 0.0129106 0.0265895 0.0159532 0.0210654 -0.0174399 0.008368 0 -0.0277141 -0.0307193 -0.0269534 0.00330164 -0.034315 -0.0362029 0.0150526 0.0211563 0.00164466 0.00175914 -0.0142708 -0.0166304
internal_weight=547.054 286.604 260.45 205.139 95.6628 76.016 81.4645 164.787 27.337 48.3688 7.02486 27.6472 27.2843 25.6082 17.5118 15.0286 21.0845 7.01199 198.114 3.72178 16.3782 12.0825 194.393 74.5572 72.4915 61.919 27.8651 137.45 34.0539 29.226 15.3771 13.8489 5.15324 4.77445 22.5625 19.0657 9.21341 5.21842 4.82788 3.53969 2.10228 8.09646 18.6517 7.38804 23.778 11.8009 1.21683 3.74245 7.99888 6.09496 8.01662 7.61391 6.90732 7.14041 6.98597 7.12625 2.20017 10.5726 0.737059 0.970206 3.71188 3.01825
internal_count=165594 158689 6905 152413 2671 2185 6276 4234 456 1713 1524 472 1493 1481 801 765 220 91 150889 1725 172 121 149164 2725 2666 2553 1295 3778 1258 328 133 195 97 81 375 333 1123 421 930 829 791 680 172 93 431 188 90 1458 162 127 674 616 3551 105 602 466 246 113 218 214 97 175
is_linear=0
shrinkage=0.035


Tree=95
num_leaves=63
num_cat=0
split_feature=29 32 2 38 10 40 14 28 9 36 14 30 15 37 29 19 27 14 14 15 9 10 9 10 41 15 43 14 10 16 9 9 11 12 55 36 14 14 9 16 27 27 11 8 15 14 11 54 29 44 8 11 15 14 9 7 0 11 7 0 38 19
split_gain=243.892 61.457 19.4416 9.55811 7.07994 6.50364 5.9491 5.71114 4.75431 4.47879 3.74892 3.46597 3.06791 2.76604 2.95464 2.48443 1.89953 1.80002 1.68002 1.67102 4.55156 1.96411 2.15157 1.54385 1.49669 1.97805 2.23344 3.79073 2.28317 1.94468 4.14339 1.34165 1.30049 1.32617 1.23822 2.73087 1.17674 2.64607 0.982057 0.978701 0.857169 0.840155 0.724874 0.724162 0.723745 1.21624 1.06198 0.702214 0.671647 0.635186 0.616455 1.96375 0.514609 2.61587 0.491413 0.487758 0.44016 0.422373 0.491763 0.473386 0.360362 0.323522
threshold=0.56268712878227245 0.26293487846851354 0.58757218718528759 0.36666667461395269 0.240384615957737 1.5000000000000002 0.44092722237110143 0.74175426363945018 0.12132352963089944 1.0000000180025095e-35 0.26006440818309789 0.18019481003284457 0.86319074034690868 1.0000000180025095e-35 0.7353600561618806 1.0000000180025095e-35 0.5914268195629121 0.61257407069206249 0.86240702867507946 0.48313754796981817 0.71834936738014232 0.44949495792388922 0.76533168554306041 0.44949495792388922 3.5000000000000004 0.93419912457466137 1.0000000180025095e-35 0.88493064045906078 0.44949495792388922 0.91715687513351452 0.99230769276618969 0.86391696333885204 0.57735043764114391 0.44409184157848364 -0.39834177494049067 1.0000000180025095e-35 0.85880398750305187 0.79095324873924266 0.1702898591756821 0.64051282405853283 0.49238499999046331 0.31267458200454717 0.98936170339584362 0.65648320317268383 0.85270008444786083 0.83752354979515087 0.96362435817718517 0.81016731262207042 0.6926884949207307 1.0000000180025095e-35 0.81661397218704235 0.91042780876159679 0.91024166345596325 0.84889996051788341 0.92422503232955944 0.94804319739341747 0.54280850291252147 0.60922586917877208 0.65648320317268383 0.99999997019767772 0.30952382087707525 1.0000000180025095e-35
decision_type=2 2 2 2 2 2 2 2 2 2 2 2 2 2 2 2 2 2 2 2 2 2 2 2 2 2 2 2 2 2 2 2 2 2 2 2 2 2 2 2 2 2 2 2 2 2 2 2 2 2 2 2 2 2 2 2 2 2 2 2 2 2
left_child=1 4 3 5 42 7 10 8 -2 -4 -5 16 19 14 -11 18 -3 -16 -7 20 40 38 -23 -13 25 26 28 36 32 31 54 50 43 47 35 -9 37 39 -21 56 -10 -40 -1 -6 45 46 -39 -34 -22 -27 51 -30 53 -19 -31 -44 -28 58 -41 -59 -43 -8
right_child=2 11 9 6 24 15 61 34 12 13 -12 23 -14 -15 17 -17 -18 52 -20 21 48 22 -24 -25 -26 49 27 -29 29 30 -32 -33 33 -35 -36 -37 -38 44 41 57 -42 60 55 -45 -46 -47 -48 -49 -50 -51 -52 -53 -54 -55 -56 -57 -58 59 -60 -61 -62 -63
leaf_value=-0.031017314367736554 0.031681295992914187 -0.034742515163564198 0.035549662847477015 0.024169894978763845 0.031730427521729103 -0.037274301811430578 0.022835593512972971 0.026155346538151221 0.0052139156636258907 -0.01214190154266238 -0.013623386596499377 -0.014896815222381518 0.02075281650554996 0.030306048573452704 -0.0071837386421983417 0.010196692697074143 0.010351601336481289 0.02727426461724064 0.0088206504042138666 0.0037015248901131766 0 0.021832912726285424 -0.020268553449227997 0.025367961462306379 -0.018437195594371548 0.026626290004327351 -0.0056922300687316744 0.016231238511455214 0.028430764997213764 -0.029229177893645875 0.014311027458133316 0.0049660846913359433 -0.009174828788469036 -0.02532490413065246 0.026874188302479063 -0.012139404874339454 -0.030338411780068499 -0.0067737041324723996 0.0014226024358698344 -0.020938866343256163 -0.028430209026888729 -0.039502706354346766 -0.011425255188557838 -0.0066703352970622952 0.019425244187858435 -0.018496838415968431 0.023981036502693506 0.025216849918167392 0.040727234802324139 0.0077735819291290097 0.044622212472699443 -0.016471987414881619 0.028646349261700878 -0.0057400888238190069 -0.00050231290251277001 0.017877553213123603 0.025055370105416266 -0.032226977634985124 0.00027379410013199032 0 -0.00017547980645293693 0.035799374436255679
leaf_weight=6.9668442712863898 2.7338738217949894 186.36640825332142 115.26531289285049 4.2622752599418146 0.37282501941081037 6.6856409827014414 16.562896710820496 3.4164833500981331 0.63645512820222139 4.0616379268467453 7.2372912494465709 1.559811683953739 2.2666897777235127 23.563646268099546 2.4237134587019709 1.4439330844907088 0.62289676733780552 5.6801555380225199 0.5881423084065317 0.51380860805511286 0.59918109432328526 1.6533113974146534 2.3584577477304265 1.1178814917802808 2.0974743735278016 6.0090690329670888 0.31218755454757285 7.3316875146701923 2.4688470804831035 2.5961218641605242 15.022191570373252 3.694038592511788 0.48840560507960606 3.774125448660925 12.391671636607496 3.7098563550971475 2.6544705552514634 1.706353079993276 0.47285115392878641 1.1393103335285544 3.0650692757917568 6.7324253143742681 0.62984626356046636 0.35764776344876736 2.5022490620613098 1.8920104680582879 1.9173145410604775 0.48171280650421977 1.4828221733914686 5.8596637172158808 3.2290748207597062 0.9193504494614898 8.3227467872202379 4.4722421616315842 1.2791829258203504 0.20381979644298553 0.10603484301827848 4.2837349229957908 2.692983133951202 0.77133292704820622 0.492515722173266 17.123416317626834
leaf_count=4072 27 149190 3412 57 32 893 361 41 83 49 60 531 31 531 20 40 44 73 17 6 110 33 92 48 78 64 123 52 152 112 80 77 209 1006 131 46 45 85 40 151 242 881 293 158 12 37 19 3 32 64 38 58 203 56 11 1 22 733 29 5 6 387
internal_value=6.17726e-05 -0.0229736 0.0242751 0.0115796 0.00195387 0.0010787 0.0231312 0.00690177 -0.00476215 0.0316125 0.000917539 -0.0339528 -0.0110993 0.0216606 0.0125111 -0.0247536 -0.0345194 0.0177979 -0.0325085 -0.0161738 0 -0.0230392 -0.00132519 0.00328828 0.00537062 0.0063307 0.00360323 -0.00372293 0.00941258 0.0133095 0.00583176 0.0249775 -0.00968253 -0.0169206 0.0203836 0.0067484 -0.0116374 -0.00708149 -0.0319722 -0.0190115 -0.0220223 -0.0349075 -0.0277495 0.0179167 0.00694918 -0.000286211 0.0104091 0.0102574 0.0326998 0.0189179 0.0335707 0.0144721 0.0214554 0.0132066 -0.0225128 0 0.0118055 -0.021863 -0.00833633 -0.0284694 -0.0375946 0.0303684
internal_weight=533.645 273.427 260.219 96.4291 83.7599 51.2432 45.1859 42.5255 23.0075 163.789 11.4996 189.667 20.2736 48.5241 24.9605 8.71772 186.989 20.8989 7.27378 18.0069 5.78353 12.2234 4.01177 2.67769 75.9594 73.8619 61.9932 27.3097 34.6835 29.2088 18.8975 10.3113 5.47472 4.74424 19.518 7.12634 19.978 17.3235 8.2116 9.30558 3.70152 7.69779 7.80051 0.730473 8.01793 5.51568 3.62367 0.970118 2.082 11.8687 6.61727 3.3882 18.4751 10.1524 3.8753 0.833666 0.418222 8.88736 3.83229 5.05507 7.22494 33.6863
internal_count=165594 157634 7960 3616 7821 2751 865 1801 1583 4344 117 149813 1556 932 401 950 149234 352 910 1525 467 1058 125 579 3455 3377 3249 1313 1936 528 203 325 1408 1218 218 87 1261 1216 933 1063 325 927 4366 190 153 141 104 212 142 128 248 210 332 129 123 294 145 918 180 738 887 748
is_linear=0
shrinkage=0.035


Tree=96
num_leaves=63
num_cat=0
split_feature=29 22 34 1 15 10 12 10 8 10 17 14 43 30 41 11 27 15 12 30 9 14 1 34 41 15 43 14 15 15 14 10 55 12 15 39 16 12 30 14 14 14 16 1 32 11 37 12 15 14 6 11 0 38 29 0 15 16 6 9 6 1
split_gain=233.405 57.249 19.2452 8.64263 8.02164 5.71695 5.00864 4.2291 3.15597 2.97936 8.14506 5.41841 3.57334 3.65857 3.92736 2.6425 2.42251 2.15242 3.03948 1.99039 1.70928 1.93125 1.66154 1.53866 1.41732 2.142 2.15354 3.9879 1.4697 2.75884 3.97276 2.60078 2.50828 4.45522 1.41967 1.26628 2.50864 1.18575 1.17779 1.08601 2.63477 1.05789 0.986571 0.822215 0.790035 0.783445 0.771658 0.72321 0.688946 1.16373 1.02455 0.65081 0.648482 0.628393 0.588863 0.486 0.473388 1.22054 0.441019 0.426933 0.424605 0.40244
threshold=0.60326328873634349 1.0000000180025095e-35 0.36666667461395269 0.082333475351333632 0.92031747102737438 0.240384615957737 0.13925451785326007 0.44949495792388922 0.17267081141471866 0.080128207802772536 0.30384616553783422 0.53093111515045177 1.0000000180025095e-35 0.46410256624221807 1.0000000180025095e-35 0.81530213356018078 0.5914268195629121 0.30471627414226538 0.31390532851219183 0.18019481003284457 0.81016731262207042 0.87939393520355236 0.43283110857009893 0.21111111342906955 3.5000000000000004 0.94570022821426403 1.0000000180025095e-35 0.88493064045906078 0.81530213356018078 0.76239567995071422 0.75513628125190746 0.44949495792388922 0.93735697865486156 0.73731175065040599 0.38507877290248876 1.5000000000000002 0.87585616111755382 0.78395128250122081 0.19292803853750232 0.85880398750305187 0.79095324873924266 0.77003204822540294 0.64051282405853283 0.21894425153732303 0.59110671281814586 0.98936170339584362 1.5000000000000002 0.78395128250122081 0.85270008444786083 0.83752354979515087 0.83424907922744762 0.60791924595832836 0.51405227184295665 0.84523808956146251 0.78319624066352855 0.99999997019767772 0.73546314239501964 0.99438202381134044 0.62575301527977001 0.91476997733116161 0.94804319739341747 0.13631390780210498
decision_type=2 2 2 2 2 2 2 2 2 2 2 2 2 2 2 2 2 2 2 2 2 2 2 2 2 2 2 2 2 2 2 2 2 2 2 2 2 2 2 2 2 2 2 2 2 2 2 2 2 2 2 2 2 2 2 2 2 2 2 2 2 2
left_child=1 5 4 16 9 45 8 46 -4 11 41 17 19 20 15 -15 53 22 -19 54 44 47 -2 38 25 26 28 39 29 30 31 34 33 -30 -7 -21 -37 -31 -9 40 42 -11 58 61 -14 -1 -5 52 49 50 -42 -33 -22 -3 -12 -27 57 -44 -28 -32 -47 -8
right_child=2 3 6 7 -6 24 43 23 -10 10 12 -13 13 14 -16 -17 -18 18 -20 35 21 -23 -24 -25 -26 55 27 -29 32 37 59 51 -34 -35 -36 36 -38 -39 -40 -41 48 -43 56 -45 -46 60 -48 -49 -50 -51 -52 -53 -54 -55 -56 -57 -58 -59 -60 -61 -62 -63
leaf_value=-0.030296313502224729 0.025589829257410449 -0.034649881343283215 0.027552542669046661 -0.026766958909836772 0.033048672259141695 0.023822991919647478 0.026833395608041134 -0.020680725247679322 -0.0029785840679897773 -0.029684251310318786 -0.019496677997348406 0.030405371291803287 0 -0.021346286228181563 0.032056358745174547 0.013178459765957096 0.011377348394322672 -0.02848788587318183 0.021846030189405764 0.02710542661391457 0.012867792054632437 -0.02750553547058536 -0.0039242622924158151 0.035770968829689581 -0.017828725131984066 0.027733096201580532 -0.0056827766210565504 0.016594895100722623 0.0176756864677401 0.0071269851813539993 -0.0019411594169904214 0.0087842222667592392 0.016347859323097517 -0.026894264209981023 -0.022763629384955884 -0.015005427258830046 0.022528437954432136 0.045603718335933879 0.016175056277215483 -0.029794285541516974 -0.0067554651542768044 0.0045690513113074037 -0.025490374985653583 0.035691560116498829 -0.040754436235451365 -0.0097770735006109024 0.0071139522264358273 0.022233202722236042 0.018964374337303993 -0.018126082528289102 0.023453108985483247 0.035051056972924974 -0.015379814429006383 0 0.0059311006371539198 0.0086833627038739314 -0.032890393705119141 0.0026501558601504651 0.025120023432634048 -0.034727662871762315 0.017748226926112363 0.0069635736661068171
leaf_weight=5.818016596720553 3.6994899606797862 181.50268902932294 7.0021322481334192 3.7901704383548331 18.36417630314827 0.12758437218144747 2.9060248360037795 0.94936866487842086 7.8719546943902969 8.0355945167830178 1.2977804490365117 15.122258029645307 0.84359045431483748 4.4135565459728223 4.90860641747713 4.4096204563975334 0.86648539616726239 4.2056211805902421 1.1344753466546533 14.603361143614167 0.7308524526888508 1.5424864520318804 3.8515619887039065 2.5259362426586449 2.0716524147428563 5.3626622892916185 0.31149489898235572 7.6054416932165614 3.6003235208336282 2.1217846899526185 1.0572385340929022 3.2572046089917421 7.0645681135356417 5.8880037744529545 2.0409179253038019 2.7920068126404649 4.1293756496161222 3.4255118367727846 1.3279540294315664 2.6255147457122794 1.6898950415197753 0.78435486904345531 2.6766178556717914 124.57629375532269 2.6652379825245589 0.52359296660870303 0.3764827987179159 1.7374573722481725 2.4977332316339016 1.8837373526766894 1.9286274644546209 3.8032734803855419 1.2614202656550331 0.54158599628135462 1.1934142168611286 4.9170989021658897 3.108625452965498 3.1324466937221587 0.10492380301002413 1.5105827557854354 0.20537848770618439 4.243168918415904
leaf_count=3333 45 150987 158 1127 461 22 35 83 73 818 89 209 42 36 89 54 60 176 29 222 19 21 46 39 59 61 115 55 60 105 76 24 37 56 774 44 62 27 24 44 81 10 738 3889 101 217 9 19 12 37 21 56 78 84 16 52 121 43 28 21 1 64
internal_value=7.62554e-05 -0.0222613 0.0245701 -0.0326039 0.0126363 0.00248846 0.0326857 0.000505573 0.012004 0.00775966 0.00286369 0.0168803 0.00886678 -0.00105793 0.00985214 -0.00415027 -0.0342405 0 -0.0154836 0.0179806 -0.0177399 -0.00288223 0.0114279 0.0212754 0.00542718 0.00638271 0.00367348 -0.00343903 0.00949048 0.0163423 0.00536978 0.016316 0.00158974 -0.00957578 -0.0122644 0.0213806 0.00696294 0.0347577 0 -0.0116673 -0.00725549 -0.0261266 -0.019121 0.0348866 -0.0336976 -0.0265091 -0.0222438 0.0102235 0.00678616 -0.000270204 0.0101794 0.0259607 -0.00301041 -0.0345378 -0.00810316 0.020509 -0.0219709 -0.0116414 0.0118629 -0.0265372 0.00173343 0.0177715
internal_weight=520.567 272.241 248.326 191.881 101.726 80.3605 146.6 8.96991 14.8741 83.3621 55.3487 28.0134 46.5288 22.5128 13.7318 8.82318 182.911 12.8911 5.3401 24.0159 8.78104 5.27222 7.55105 4.80326 73.8135 71.7418 61.4621 27.5651 33.897 17.3441 11.7968 9.22898 16.5529 9.48833 2.1685 21.5247 6.92138 5.5473 2.27732 19.9596 17.3341 8.81995 9.33411 131.725 3.50883 6.54699 4.16665 3.72973 7.99999 5.50226 3.61852 7.06048 1.99227 182.044 2.49119 10.2798 8.91769 5.80906 0.416419 2.56782 0.728971 7.14919
internal_count=165594 158689 6905 152413 2686 6276 4219 1282 231 2225 1720 505 892 459 179 90 151131 296 205 433 280 137 91 146 2725 2666 2553 1295 1258 1105 973 876 153 116 796 328 106 132 107 1240 1196 828 1045 3988 143 3551 1136 116 151 139 102 80 97 151071 105 113 902 781 143 97 218 99
is_linear=0
shrinkage=0.035


Tree=97
num_leaves=63
num_cat=0
split_feature=29 32 34 15 10 2 8 15 30 10 17 14 44 30 41 30 11 2 9 5 32 12 16 10 41 15 44 14 10 16 9 2 11 12 9 16 15 54 14 14 16 54 11 54 11 0 0 11 8 54 15 14 11 8 11 44 27 9 6 6 11 6
split_gain=223.199 59.0698 20.4537 8.06617 6.50657 5.71943 7.62053 5.52038 3.42882 3.14465 8.74443 5.53091 3.36032 3.40745 3.79792 3.22757 2.47988 2.13195 1.97063 1.9111 1.87656 1.77174 2.47418 1.43794 1.36158 1.82582 2.02927 3.39811 2.01424 1.75025 3.85195 1.24328 1.24168 1.2803 1.21212 1.12691 3.59635 1.09851 1.08203 2.42171 0.947733 0.78638 0.765521 0.739873 0.714457 0.710512 1.03016 0.698339 0.68871 0.670925 0.658228 1.1099 0.981278 0.64037 1.83065 0.633114 0.499803 0.477282 0.471064 0.442758 0.408917 0.624288
threshold=0.56268712878227245 0.26293487846851354 0.36666667461395269 0.92031747102737438 0.240384615957737 0.3341702818870545 0.17267081141471866 0.36882591247558599 0.18019481003284457 0.080128207802772536 0.30384616553783422 0.53093111515045177 1.0000000180025095e-35 0.46410256624221807 1.0000000180025095e-35 0.16172623634338382 0.81530213356018078 0.11427757143974306 0.88067796826362621 1.0000000180025095e-35 0.86497211456298839 0.31390532851219183 0.23132664710283282 0.44949495792388922 3.5000000000000004 0.93419912457466137 1.0000000180025095e-35 0.88493064045906078 0.44949495792388922 0.91715687513351452 0.99230769276618969 0.62731361389160167 0.57735043764114391 0.44409184157848364 0.86391696333885204 0.83438816666603099 0.58102023601531994 0.23334561288356784 0.85880398750305187 0.79095324873924266 0.64051282405853283 0.15305381268262866 0.4803846031427384 -0.037706349045038216 0.98936170339584362 0.3525752872228623 0.34463970363140112 0.82247900962829601 0.65648320317268383 0.81016731262207042 0.85270008444786083 0.83752354979515087 0.96362435817718517 0.81661397218704235 0.91042780876159679 1.0000000180025095e-35 0.43259048461914068 0.92422503232955944 0.94804319739341747 0.63453349471092235 0.60922586917877208 0.99438202381134044
decision_type=2 2 2 2 2 2 2 2 2 2 2 2 2 2 2 2 2 2 2 2 2 2 2 2 2 2 2 2 2 2 2 2 2 2 2 2 2 2 2 2 2 2 2 2 2 2 2 2 2 2 2 2 2 2 2 2 2 2 2 2 2 2
left_child=1 4 3 9 44 6 -4 -8 19 11 31 17 13 18 16 41 -15 -2 37 -3 -20 22 -19 -10 25 26 27 38 32 34 57 45 48 49 53 36 -17 -12 39 40 59 -14 -13 -37 -1 46 -11 -38 -28 -34 51 52 -41 54 -30 -27 -21 -31 -46 -6 -42 -62
right_child=2 8 5 -5 24 -7 7 -9 23 10 12 42 15 14 -16 35 -18 21 20 56 -22 -23 -24 -25 -26 55 28 -29 29 30 -32 -33 33 -35 -36 43 47 -39 -40 50 60 -43 -44 -45 58 -47 -48 -49 -50 -51 -52 -53 -54 -55 -56 -57 -58 -59 -60 -61 61 -63
leaf_value=-0.03072912773373716 0.020794104472727722 -0.034833141874815995 0.032003520612288984 0.032150178142256389 -0.0057392226226038144 0.035442435715667478 0.014964528021274761 -0.031925616436414853 -0.014282729486146679 -0.019785310466964062 -0.034828442090554503 0.0081432279547948554 0.0088777114165479922 -0.020509825457731008 0.03181964017500287 0.033417970023993999 0.012909659687485021 0.0086139590600236658 0.019618742076991776 -0.012158162062598411 -0.018397100397713043 0.020428839239709607 -0.026750349743095984 0.024851811812274527 -0.017547272088103357 0.026082598467922973 0.03108324248752373 0.015305444644937452 0.026673943319698374 -0.028828977818755663 0.013623050424637836 0.0064736206073485398 -0.0089421035408173474 -0.024866425655533726 0.0045712635904888426 0.0064618739331312935 0.00036391870464439201 0.0045178269297385049 -0.029265945745749269 -0.0065715209383745456 -0.0080084661367710534 -0.023156230055884318 0.033869825721307978 0.029376160782406912 -0.011196366198980958 -0.036216339900076028 0.014778715153048284 -0.027126080691028356 -0.0064611285116384955 0.024744376892100271 0.018515786214450342 -0.017762557612925743 0.022960940280764858 0.042658681148888856 -0.016420729348798582 0.0072394256475291699 0.013822082820836249 -0.00039923877192215218 0.017619591622459387 0.025072740447279158 -0.031989335740752516 0
leaf_weight=6.564679543953388 3.146543039474639 172.99330246495083 13.367182748392226 18.481426950544119 0.31403669633437914 120.49905179825146 5.7710192649392393 4.6301619712030515 1.5097798530478024 1.912005590042096 4.4170441302703711 2.870284284465014 0.54375987849198582 4.472493000328539 4.7817286513745776 2.1142122482415315 4.3654964789748192 2.9849177357973513 2.2351285540498793 0.68173531198408344 2.116793874069117 1.1704525992972765 5.7359134181169793 1.0960132966283707 2.1017450605286276 5.8115307390689832 0.37507979432120819 7.2869671704247585 2.5431447098962985 2.5279303755378364 14.918365112971514 0.75716160237789232 0.47519756969995786 3.6518034593900666 3.7016216026386246 3.186883112299264 1.5050547352293508 0.60354711127001781 2.599459118791855 1.7018469881732008 3.7935123593779263 2.0546006814111024 12.279098891769534 13.611335431109175 0.61431623832322646 6.3305364092811942 0.66838854656089086 1.6572823298629371 0.34775984287261963 0.4842797489836812 2.4930189251899719 1.875620068516582 1.9177578785456717 3.2477724383352324 0.91619735851418216 5.7517962357960641 0.91653232695534825 1.2679760456085203 0.20691083371639252 0.10573615645989776 4.2033482354599983 0.64261444658040989
leaf_count=4072 26 148904 333 466 118 3810 61 49 531 265 296 33 44 36 89 33 54 30 51 308 42 47 296 48 78 64 32 52 152 112 80 8 209 1006 77 46 36 66 45 85 180 110 202 231 293 1141 15 44 158 3 12 37 19 38 58 64 22 11 1 27 734 4
internal_value=8.71294e-05 -0.0225517 0.0237723 0.0117245 0.00188257 0.0322929 0.0153978 -0.00657136 -0.0338863 0.00694943 0.00207926 0.0163249 0.00839116 -0.00113762 0.00964447 0.0171055 -0.00401232 -0.000341837 -0.0165624 -0.0344817 0.00049126 -0.00867871 -0.0146451 0.0035341 0.00512583 0.00605479 0.00343377 -0.00360299 0.00897935 0.0126145 0.00543995 -0.026581 -0.00917312 -0.0164201 0.0235995 0.0215032 0.00524183 -0.0295524 -0.0111872 -0.00676768 -0.0183887 -0.0148757 0.0300183 0.0258329 -0.0273393 -0.0301126 -0.00822767 -0.0162577 0.017723 0.0102253 0.00660161 -0.000283154 0.00990111 0.0316913 0.0133527 0.0183106 0.000978982 -0.0221256 0 0.01175 -0.0212832 -0.0279287
internal_weight=507.909 259.639 248.27 104.002 82.442 144.267 23.7684 10.4012 177.197 85.5207 57.3335 28.1872 47.6654 22.9922 13.6197 24.6731 8.83799 13.0378 9.37251 174.592 4.35192 9.89128 8.72083 2.60579 75.0561 72.9544 61.391 26.9339 34.4571 29.123 18.7143 9.66809 5.33412 4.61128 10.4087 22.0748 5.27655 5.02059 19.647 17.0475 9.05925 2.59836 15.1494 16.7982 7.38591 8.91093 2.58039 3.16234 0.72284 0.959477 7.98824 5.49522 3.6196 6.70711 3.45934 11.5633 1.59827 3.79591 0.821227 0.419773 8.63948 4.84596
internal_count=165594 157634 7960 3707 7821 4253 443 110 149813 3241 2607 634 1178 634 179 544 90 399 455 149234 93 373 326 579 3455 3377 3249 1313 1936 528 203 1429 1408 1218 325 390 113 362 1261 1216 1063 154 235 277 4366 1421 280 80 190 212 153 141 104 248 210 128 330 123 294 145 918 738
is_linear=0
shrinkage=0.035


Tree=98
num_leaves=63
num_cat=0
split_feature=29 32 36 1 15 38 10 14 28 14 10 40 28 1 9 9 55 9 27 29 12 7 30 14 43 10 16 9 14 14 7 14 1 11 12 9 15 6 16 5 14 55 29 29 9 14 8 11 11 37 11 8 43 54 7 6 0 9 1 30 12 11
split_gain=213.528 54.9352 18.1319 8.47682 8.17135 7.05394 6.24577 5.40377 4.68212 4.04518 3.91554 3.76555 2.91926 2.5893 2.5264 2.79667 4.66208 2.76398 2.41075 1.85194 1.60215 1.78802 1.44996 1.29618 1.77667 1.83222 1.71699 3.24194 1.2989 1.55677 2.69351 1.69994 1.26963 1.21449 1.2495 1.09268 0.985048 1.00057 0.974142 0.994695 0.97093 0.917204 1.1365 1.32398 0.828745 0.827305 0.934544 1.89724 0.826247 0.742606 0.704715 0.684034 0.672876 0.663505 0.52885 0.465478 0.44277 0.398717 0.397174 0.363444 1.23981 0.358362
threshold=0.60326328873634349 0.26293487846851354 1.0000000180025095e-35 0.082333475351333632 0.92031747102737438 0.36666667461395269 0.240384615957737 0.49731183052062994 0.80608585476875316 0.44092722237110143 0.44949495792388922 1.5000000000000002 0.74175426363945018 0.32986950874328619 0.12132352963089944 0.75716626644134533 0.13604861497879031 0.93813776969909679 0.5914268195629121 0.7353600561618806 0.85405564308166515 0.65261757373809826 0.16172623634338382 0.92907443642616283 1.0000000180025095e-35 0.44949495792388922 0.91715687513351452 0.99230769276618969 0.88493064045906078 0.85880398750305187 0.89512962102890026 0.82413583993911754 0.099711906164884581 0.57735043764114391 0.44409184157848364 0.86391696333885204 0.46234817802906042 0.84680575132370006 0.64051282405853283 1.0000000180025095e-35 0.70051544904708873 0.20000471919775012 0.91458967328071605 0.78319624066352855 0.76277056336402904 0.59896907210350048 0.81661397218704235 0.62115561962127697 0.60922586917877208 1.5000000000000002 0.98936170339584362 0.65648320317268383 1.0000000180025095e-35 0.81016731262207042 0.85145786404609691 0.94804319739341747 0.54578265547752391 0.57359308004379284 0.25371789932250982 0.26794873178005224 0.60392647981643688 0.54226192831993114
decision_type=2 2 2 2 2 2 2 2 2 2 2 2 2 2 2 2 2 2 2 2 2 2 2 2 2 2 2 2 2 2 2 2 2 2 2 2 2 2 2 2 2 2 2 2 2 2 2 2 2 2 2 2 2 2 2 2 2 2 2 2 2 2
left_child=1 6 7 18 5 8 50 11 14 -7 49 12 -2 -10 -4 32 -17 36 -3 -19 21 -15 -12 24 25 33 35 54 29 30 31 38 57 51 53 45 -18 44 56 48 -34 -11 43 -43 -38 -27 47 -47 61 58 -1 -8 -25 -35 -28 -52 -26 -16 -5 60 -9 -40
right_child=2 3 4 10 -6 9 23 59 13 41 22 -13 -14 20 15 16 17 19 -20 -21 -22 -23 -24 52 28 26 27 -29 -30 -31 -32 -33 40 34 -36 -37 37 -39 39 -41 -42 42 -44 -45 -46 46 -48 -49 -50 -51 55 -53 -54 -55 -56 -57 -58 -59 -60 -61 -62 -63
leaf_value=-0.030586237437517035 -0.0022712160943450547 -0.034811717402197656 0.021554916552057265 -0.029085051880817329 0.03222411179065738 -0.013589140521778779 0.030719690876571198 0.0033896222912813529 0.030870083293353494 0.031209995455938139 -0.0040365809509997829 -0.013521789413407832 0.032494314391143739 -0.0012830000289575118 0.015723043832191103 0.031180659743812789 0.0074063492725292626 -0.01495165843824711 0.011188979602976983 0.0172150939831687 -0.013657266639390401 0.024784402220436062 0.0317066093866658 0.0056257053364544892 -0.0057827477770150985 0 -0.028454119156621466 0.011787886759122158 0.0092898197749486447 -0.028879169030171379 0.013507757088291163 0.0080317726309668668 -0.040812664246334875 -0.0089938334055872978 -0.02473191281673651 0.0042140908273905616 0.0018144278607076128 0.0035406489332823528 -0.014996860140649656 0.01000101209618936 0 0 -0.0057028926874222088 0.030473573265081461 -0.036865883002041112 0.039998067781351482 0.046279430656508927 -0.0060143906108707079 -0.033190494680285572 0.0069888959146681019 -0.011153896133514434 -0.0065383989081759276 0.023752496309074937 0.02443250369382936 0 0.017491661937466325 0.024972577494437265 -0.0098216705940199819 0.0013220890162085621 0.034789329673725354 0.030748527702802789 0.0025782116353729686
leaf_weight=6.381741944118402 3.9714437020011264 167.32600626209751 1.6035704724490667 3.3756515835411833 17.542749989777803 3.0249291174113777 0.37801793089602043 3.9208845926914346 4.4701424650847938 14.056051986757668 1.5471539840800685 4.4551544683054081 7.9261319618672132 7.3801148328930122 0.41496293188538658 2.4072606047848266 0.40329087851568868 3.1089632025687024 0.8613668920006593 3.6561152841895819 4.2616459131240836 4.3100415952503681 3.1372495905961841 6.6388743458082882 0.31626443332062137 0.92315905913710761 2.4277978340396671 15.031622789334506 6.2430419335141769 2.628731863689608 6.5176589116454116 2.9589863347355267 5.7410435926867649 0.47815304982941587 3.6474438559962437 3.7335923886857927 0.46147944033145893 0.60394396819174279 2.2143988981842964 0.442949019372464 0.98077131633181114 2.5135052420664561 2.179333383217454 3.9343403503298759 6.1636852320516482 0.71940927056130055 3.0130187750328332 2.1939395932713524 5.1384472128702328 0.37121358281001438 0.61150108464062203 0.35142060136422515 5.3093250580132008 0.48602859862148762 1.1537884642602874 0.20841649174690247 0.10739606991410255 0.51668853254523128 0.25848572608083475 121.75955779105425 5.1168717215768993 1.5886060820193959
leaf_count=4078 51 149513 12 1119 486 33 32 64 48 277 73 49 87 67 38 36 58 47 60 44 51 54 73 69 126 23 114 80 45 46 36 65 428 213 1031 78 26 14 114 4 38 48 41 73 576 29 30 177 819 9 296 161 60 3 12 1 21 176 8 3868 115 71
internal_value=9.69163e-05 -0.0218386 0.0240602 -0.0327586 0.0114188 0.00594403 0.00182974 0.0316165 -0.00217979 0.0202956 0.000503357 0.01141 0.0213418 0.0100065 -0.0118752 -0.014965 -0.00597657 -0.0140381 -0.0344907 0.00196001 0.00247731 0.00924768 0.0206524 0.00499325 0.00279248 0.0080429 0.0115164 0.00442314 -0.00358274 -0.0076482 -0.0033006 -0.0124935 -0.0313252 -0.00921468 -0.0163815 0.0222308 -0.0272081 -0.0302299 -0.0191798 -0.0218924 -0.0360566 0.0253451 0.0131768 0.0199368 -0.033828 0.0298177 0.0339693 0.0117709 -0.0246714 -0.0217805 -0.0271429 0.0173444 0.0151632 0.00993449 -0.0215486 0 0.01162 0.00199369 -0.0263484 0.0340105 0.0207481 -0.00791836
internal_weight=495.606 258.721 236.885 176.877 89.7346 72.1919 81.8437 147.15 46.4837 25.7082 8.68975 16.3527 11.8976 20.4219 26.0618 24.4582 16.8047 14.3975 168.187 6.76508 15.9518 11.6902 4.6844 74.6421 62.6939 34.5374 29.1963 18.6132 28.1565 21.9134 19.2847 12.767 7.65347 5.34106 4.61163 10.5831 7.6324 7.22911 9.80806 9.3844 6.72181 22.6832 8.62718 6.44785 6.62516 6.84953 5.92637 2.91335 8.94145 4.00535 7.20166 0.729439 11.9482 0.964182 3.58159 0.819918 0.423661 0.931651 3.63414 130.797 9.03776 3.803
internal_count=165594 158689 6905 150855 2671 2185 7834 4234 1713 472 1282 187 138 220 1493 1481 801 765 149573 91 172 121 146 3459 3330 1983 543 206 1347 1302 1256 1220 680 1440 1247 337 674 616 1155 1008 466 439 162 121 602 259 236 206 1004 1136 4375 193 129 216 126 297 147 214 1127 4047 179 185
is_linear=0
shrinkage=0.035


Tree=99
num_leaves=63
num_cat=0
split_feature=29 32 34 1 15 10 2 8 15 10 10 17 14 43 30 41 27 11 15 2 30 2 9 14 34 41 15 43 14 10 16 9 11 12 11 2 30 14 14 16 16 7 15 11 0 0 32 37 9 11 2 8 0 54 15 14 6 44 2 54 29 9
split_gain=204.118 53.853 18.5883 8.34844 7.42811 5.99522 5.3207 6.83169 4.81518 3.73653 2.74639 7.26437 4.82548 3.29675 3.22427 3.65178 2.38806 2.3175 1.98094 2.93415 1.95708 1.72633 1.55328 1.87842 1.52511 1.30806 1.69448 1.81921 3.07182 1.75285 1.58133 3.52724 1.16909 1.20954 1.14493 1.14479 1.08786 0.999216 2.21058 0.91489 0.890416 3.36721 0.805441 0.794509 0.784109 0.90889 0.774496 0.728189 0.720707 0.69839 0.684228 0.660951 0.650566 0.642475 0.611484 1.09151 0.933861 0.598792 0.504444 0.482025 0.470492 0.469468
threshold=0.60326328873634349 0.26293487846851354 0.45000000298023229 0.082333475351333632 0.92031747102737438 0.240384615957737 0.3341702818870545 0.17267081141471866 0.28759399056434637 0.44949495792388922 0.080128207802772536 0.30384616553783422 0.53093111515045177 1.0000000180025095e-35 0.46410256624221807 1.0000000180025095e-35 0.5914268195629121 0.81530213356018078 0.30471627414226538 0.31387476623058325 0.16172623634338382 0.13020028173923495 0.81016731262207042 0.87939393520355236 0.21111111342906955 3.5000000000000004 0.93419912457466137 1.0000000180025095e-35 0.88493064045906078 0.44949495792388922 0.91715687513351452 0.99230769276618969 0.57735043764114391 0.44409184157848364 0.943650782108307 0.62731361389160167 0.19292803853750232 0.85880398750305187 0.79095324873924266 0.64051282405853283 0.83438816666603099 0.52404069900512706 0.75134408473968517 0.49489796161651617 0.3525752872228623 0.34463970363140112 0.59110671281814586 1.5000000000000002 0.70320320129394542 0.98936170339584362 0.58757218718528759 0.65648320317268383 0.51405227184295665 0.81016731262207042 0.85270008444786083 0.83752354979515087 0.83424907922744762 1.0000000180025095e-35 0.62731361389160167 -0.030283924192190167 0.78319624066352855 0.92422503232955944
decision_type=2 2 2 2 2 2 2 2 2 2 2 2 2 2 2 2 2 2 2 2 2 2 2 2 2 2 2 2 2 2 2 2 2 2 2 2 2 2 2 2 2 2 2 2 2 2 2 2 2 2 2 2 2 2 2 2 2 2 2 2 2 2
left_child=1 5 4 16 10 49 7 -4 -9 47 12 35 18 20 22 17 -3 -16 21 -20 60 -2 46 50 36 26 27 29 37 32 34 61 51 53 42 44 -11 38 39 -29 41 -22 48 -14 45 -12 -15 -5 -31 -1 52 -7 -24 -34 55 56 -40 -28 -33 -42 -13 -32
right_child=2 3 6 9 -6 25 -8 8 -10 24 11 13 43 14 15 -17 -18 -19 19 -21 40 -23 23 -25 -26 -27 57 28 -30 30 31 58 33 -35 -36 -37 -38 -39 54 -41 59 -43 -44 -45 -46 -47 -48 -49 -50 -51 -52 -53 -54 -55 -56 -57 -58 -59 -60 -61 -62 -63
leaf_value=-0.030436397579819547 0.025921243260901779 -0.034802293976160463 0.031653607604748071 -0.026100888731688355 0.032476599876263043 0.030359974279562576 0.035452477383682186 0.022562278676797668 -0.02302403139957054 -0.020497064377708235 -0.018400268210000081 -0.02024990507133171 0.0075374437261911701 0 -0.020005947174465834 0.031363257791224369 0.010981538489144623 0.012394003692428962 -0.027912193684463998 0.022199709615356805 0.030990731371340029 -0.0042771145302173373 0.012817460492375496 -0.027009903128960906 0.034912487714267082 -0.017351041062167123 0.025465316593852611 0.011694180341086845 0.0145551820262903 0.022839163785922312 -0.028393516190386228 0.0046893072126871225 -0.0088210870463900862 -0.024288761171096653 0.0016127739862614309 0.0062037957032887439 0.015069770499456511 -0.028237068506696737 -0.0063896639200741231 -0.020653073903537392 0.0079262478709246718 -0.017019781915746816 0.037513754507007849 0.033365980763822495 -0.036044227410602453 0.014473756795942816 -0.039606301544466802 0.0069256440627168446 -0.0040734253842699642 0 0.021825268270455608 -0.0063655737971152681 -0.015798271951313034 0.024126429348440157 0.017797357706065425 -0.017657876057194724 0.022519816403767122 0.0069751209433139829 0.018949225899212063 0.027850357128153879 0.0037837245486232328 -0.00020179710206785588
leaf_weight=6.1968883944209656 3.5583505779504794 161.61414452316239 12.676480546593668 3.5485627626767369 16.84530122205615 0.38090664928313245 111.43531423807144 3.6032904125750047 6.3779315687716007 0.9414884821744639 1.6792843292932942 1.1196844263467967 2.8625780902802935 0.8151003170060015 4.5127191767096502 4.5499348267912856 0.86573291895910998 4.2656974941492081 4.0860015449579805 1.0713526622857896 2.3289105776930237 3.9013094913680106 0.72226621827576343 1.5464105498977003 2.4248273121193051 2.091530048986896 5.6144992001354677 0.42132123804186505 7.2487566443160167 1.2014169978210723 2.4433075655251755 7.3656528716674075 0.46845408738590766 3.5107416126411408 2.9502023323439062 0.74212921783328045 1.2813330467324702 2.5452155576786017 1.6707681094994762 8.4130186338443291 3.4116321372566789 2.8520497403806075 4.5215759052662179 11.552208120701833 5.3697654388379306 0.66108946816530068 2.5919973279815167 0.3706359639763831 1.8047231012023983 0.81465838570147742 1.7413275209255514 0.34329484333284199 1.1615219246596096 0.48762519983574748 2.4851867519319057 1.8708792524412272 1.9135910626500843 5.7106870762072504 7.4915775072295219 12.39925864245742 1.0195993534289298 1.258107893168926
leaf_count=4078 27 149513 333 1127 461 32 3784 46 53 83 174 74 36 42 36 89 60 54 185 20 29 64 19 21 39 78 64 145 52 29 112 37 210 1008 63 8 24 45 83 918 52 65 161 173 640 7 101 9 73 297 21 158 76 3 12 37 21 64 43 202 13 11
internal_value=0.00011434 -0.0216153 0.0238038 -0.0327058 0.0119291 0.00181098 0.0322482 0.0155087 -0.00569235 0.000514757 0.00724199 0.00246347 0.0161476 0.00821663 -0.00140508 0.00900592 -0.0344713 -0.0042465 0 -0.0150191 0.0171548 0.0110755 -0.0171973 -0.00283906 0.0202126 0.0048952 0.00581667 0.00328621 -0.00342595 0.00854515 0.0119113 0.00503177 -0.00860103 -0.0158452 0.0222915 -0.0254482 -0.000594401 -0.0107289 -0.00643636 -0.0177222 0.0204278 0.00551764 0.0288458 0.0292856 -0.0292591 -0.00651345 -0.0326076 -0.0214931 0.00882488 -0.026933 0.0103256 0.017326 -0.00297291 0.00993708 0.00630638 -0.000332351 0.0098265 0.0177481 0.012842 0.0244866 -0.0101239 -0.0216367
internal_weight=483.732 252.271 231.46 171.047 97.3675 81.2246 134.093 22.6577 9.98122 8.56685 80.5222 53.4904 27.0318 45.0381 21.907 13.3284 162.48 8.77842 12.617 5.15735 23.1311 7.45966 8.57862 5.17153 4.64765 74.213 72.1215 60.7963 26.5687 34.2276 29.0366 18.5586 5.19102 4.46682 10.4779 8.45227 2.22282 19.32 16.7748 8.83434 20.9919 5.18096 7.52772 14.4148 7.71014 2.34037 3.4071 3.9192 3.00614 7.01155 3.62512 0.724201 1.88379 0.956079 7.94043 5.45524 3.58436 11.3252 14.8572 15.8109 2.13928 3.70142
internal_count=165594 158689 6905 150855 2689 7834 4216 432 99 1282 2228 1723 505 894 459 179 149573 90 296 205 435 91 280 137 146 3459 3381 3253 1313 1940 529 203 1411 1221 326 829 107 1261 1216 1063 348 94 263 209 821 181 143 1136 102 4375 116 190 95 213 153 141 104 128 80 254 87 123
is_linear=0
shrinkage=0.035


Tree=100
num_leaves=63
num_cat=0
split_feature=1 32 2 9 15 36 38 10 17 9 16 17 15 37 29 27 15 1 2 7 27 11 14 17 11 12 2 16 41 14 8 16 16 30 14 43 11 14 10 16 16 1 30 29 54 16 27 9 27 32 7 16 9 55 55 7 30 8 11 7 15 54
split_gain=195.112 57.6627 18.1201 7.06251 6.32059 5.38643 5.3113 5.2922 4.81551 4.32286 4.45256 4.18674 4.28423 2.81977 3.33637 2.50349 2.48834 2.6599 2.42442 1.77944 2.24526 1.70236 1.68236 1.33185 2.04197 2.55834 2.53703 2.4512 1.56348 2.06783 1.83266 3.08892 1.29061 1.27679 1.23264 1.57492 2.18843 2.52923 1.45919 1.25711 1.49449 1.21188 1.17403 1.13931 1.04113 1.02177 1.00089 0.992954 0.966355 0.921481 0.86064 0.815409 0.796629 0.754852 0.751097 0.711211 0.676687 0.632231 0.604896 0.611849 0.516007 0.51025
threshold=0.078810192644596114 0.26293487846851354 0.58757218718528759 0.1702898591756821 0.83424907922744762 1.0000000180025095e-35 0.84523808956146251 0.240384615957737 0.080128207802772536 0.7243877947330476 0.23132664710283282 0.30384616553783422 0.71718621253967296 1.0000000180025095e-35 0.7353600561618806 0.5914268195629121 0.51316702365875255 0.29179082810878759 0.25783495604991918 0.46247655153274542 0.73375529050827037 0.82247900962829601 0.5388936996459962 0.76388889551162731 0.53001201152801525 0.61545750498771679 0.28770673274993902 0.74133810400962841 2.5000000000000004 0.70051544904708873 0.82972848415374767 0.64218327403068554 0.63453349471092235 0.42481203377246862 0.89699381589889537 1.0000000180025095e-35 0.61620295047760021 0.88493064045906078 0.44949495792388922 0.86391696333885204 0.84889996051788341 0.13631390780210498 0.56385868787765514 0.82078272104263317 0.81016731262207042 0.99438202381134044 0.5265987515449525 0.97530490159988414 0.97067421674728405 0.81096094846725475 0.067816093564033522 0.80217391252517711 0.43826219439506536 0.93735697865486156 0.6321813464164735 0.90070420503616344 0.59411767125129711 0.79705882072448742 0.98936170339584362 0.067816093564033522 0.76689496636390697 0.41516898572444921
decision_type=2 2 2 2 2 2 2 2 2 2 2 2 2 2 2 2 2 2 2 2 2 2 2 2 2 2 2 2 2 2 2 2 2 2 2 2 2 2 2 2 2 2 2 2 2 2 2 2 2 2 2 2 2 2 2 2 2 2 2 2 2 2
left_child=1 7 3 22 6 -4 8 58 9 10 -5 42 18 14 -7 50 17 43 -13 -20 33 56 -2 24 25 -9 27 -26 30 -30 31 32 -28 -21 35 36 -32 38 -38 40 -37 -6 60 -12 45 -33 -8 -36 49 -48 -3 -14 -19 -25 -23 -17 -16 -53 59 -1 61 -10
right_child=2 15 5 4 41 13 46 23 11 -11 16 12 51 -15 21 55 -18 52 19 20 -22 54 -24 53 26 -27 28 -29 29 -31 34 44 -34 -35 47 39 37 -39 -40 -41 -42 -43 -44 -45 -46 -47 48 -49 -50 -51 -52 57 -54 -55 -56 -57 -58 -59 -60 -61 -62 -63
leaf_value=0.0049542533791036639 0.00023096231632844426 0.0060361441317151486 0.035200179470517609 0.023474512064886103 1.5437152538621855e-05 -0.015904708248089778 -0.00045992615828243895 -0.016180830754207641 -0.040015710904962094 0.033722021697688107 -0.012695898738497491 -0.026281045571290313 0.00011410932092899479 0.028666368314014957 0.010930815648056699 -0.010026129440180259 0.012106242320732598 -0.040759758885850449 0.040414856444558243 -0.019889328724131891 0.027886742192664956 0.029198935594030005 0.034085056963863929 0.0015334047180273372 -0.01303634299183064 0.033256825427765917 -0.0058499205317431406 0.042746574937112508 0.01525088891516084 -0.033222789742544397 -0.017585221136449149 -0.030535976142199422 0.052716435315738573 0.017460539554972079 0 -0.011636327582699273 -0.0080847509118709086 -0.019477660349668986 0.023366082004814902 -0.013221697683190472 0.028900393922532408 0.031020516932960998 0.00074183169595681473 0.026754002776208003 0.0043794463903381407 0.009983487615114358 0.0047002718290679131 0.021412278662847246 0.0013249313375566145 0.032543300294901413 -0.034799727858934426 -0.036875259907756877 -0.0088180312490603978 0.019286462359758932 0.006435561308456011 0.023399433977787196 -0.0079695111645361472 -0.0065519638094573311 0 -0.030320461215773874 0.00024416926471484843 -0.00065076341103991625
leaf_weight=0.19682882726192374 2.2831459157168892 0.21363545954227348 99.568541070446372 4.5200696048559648 2.0423889225348821 3.9713362558977705 2.6993337508756658 0.94798042811453243 7.8052126248367113 4.4192519497591993 0.69872074539307305 0.79586829710751583 1.2165394511539478 21.023291390389204 3.8194637298583993 0.53394971578381845 2.445118921226821 4.25740595406387 2.1102974954992533 2.9888616775861014 2.143135704100132 8.5234702881425601 14.663550980389116 4.9285427713766667 0.73333142627961878 3.9265886795474216 0.31922130298335005 2.0907348650507629 0.71745892253238652 2.8218793778214604 2.6249462930718446 5.7857231588568538 0.1538629214046523 0.59782998263835896 4.4629551441175845 1.2303422339027739 1.4581520198844344 1.6074193969834603 10.15760743699502 12.14313824637793 1.2878836249001324 10.67754648067057 0.92048931494355279 0.9625887586735189 1.035050294245593 0.24806408584117878 2.6323644146323186 5.7926945886574686 2.7907304912805548 6.9536893321201205 156.56702302687336 3.2096448369557038 2.3896485350560397 9.6383133940398693 3.5620209276676187 0.61115510016679764 3.3774721194058657 2.0952252402203158 0.82020705041941244 6.0713511576177552 0.25480914034415114 0.64868150430265803
leaf_count=1 29 1 3426 46 44 44 53 197 1347 115 174 47 70 532 50 99 61 68 69 356 20 197 334 40 231 81 145 105 86 172 49 1538 17 3 57 112 216 10 114 124 9 243 8 7 39 1 38 37 42 153 149649 112 55 99 65 4 39 75 299 4103 14 23
internal_value=0.000126128 -0.0220325 0.0228727 0.0102607 0.00524177 0.0305465 0.000244442 0.00189856 -0.00581431 0.00680411 -0.00236285 -0.0158504 -0.00353019 0.0194577 0.0101494 -0.0342936 -0.0145942 -0.0232845 0.0119054 0.0187121 0.00538127 0.0162076 0.0299861 0.00481232 0.00231557 0.0219289 0.000141431 0.0277249 -0.00179101 -0.0214306 0 -0.0147187 0.0336778 -0.0104513 0.00307334 -0.000453919 0.00687341 0.0128698 0.0188127 -0.00853098 0.0104222 0.0266612 -0.0327578 0.0103108 -0.0221638 -0.02719 0.0175872 0.0129856 0.021525 0.0263944 -0.034684 -0.0233013 -0.032389 0.0139891 0.0237618 0.00877372 0.00174387 -0.0283926 -0.0249617 -0.028202 -0.0363708 -0.0377537
internal_weight=472.194 239.126 233.068 89.2222 72.2755 143.846 59.5555 81.2003 44.4794 19.6928 15.2736 24.7866 15.1574 44.2771 23.2538 157.926 10.7535 8.30836 8.63599 7.84012 5.72983 19.2824 16.9467 74.1119 59.545 4.87457 54.6705 2.82407 51.8464 3.53934 48.3071 7.54192 0.473084 3.58669 40.7651 30.5095 15.8481 13.2232 11.6158 14.6614 2.51823 12.7199 9.62919 1.66131 7.06884 6.03379 15.0761 10.2556 12.3768 9.58605 156.781 6.52141 6.64705 14.5669 12.0855 1.1451 7.19694 5.30487 7.08839 6.26818 8.7087 8.45389
internal_count=165594 157635 7959 3606 3243 4353 2956 7882 2670 526 411 2144 752 927 395 149753 365 304 495 448 379 351 363 3479 3340 278 3062 336 2726 258 2468 1740 162 359 728 634 389 340 330 245 121 287 1392 181 1578 1539 286 94 233 191 149650 257 123 139 262 103 89 187 4403 4104 1384 1370
is_linear=0
shrinkage=0.035


Tree=101
num_leaves=63
num_cat=0
split_feature=29 32 34 1 15 17 2 8 15 17 29 43 17 39 54 30 27 12 1 15 8 34 32 34 32 30 41 15 43 14 0 54 0 15 12 12 6 6 29 15 30 11 15 14 14 15 14 0 11 29 17 44 37 11 32 8 9 14 6 1 2 6
split_gain=186.652 51.74 18.1484 7.97677 7.15201 5.45286 5.37372 6.5089 4.48915 3.42654 2.594 4.29005 3.32488 2.8668 2.79392 2.68277 2.34166 2.18545 2.96934 2.18206 2.49118 1.52374 1.88546 1.48465 1.43207 1.42421 1.22773 1.57545 1.63372 3.14607 1.45987 2.29384 1.62792 2.88794 3.29621 2.69273 1.62904 1.35395 1.20449 1.16774 1.03925 0.986863 0.95712 0.919282 2.18228 0.994445 0.906675 0.857881 0.790747 0.725324 0.91359 0.712781 0.69183 0.680016 0.617104 0.611021 0.695883 0.589057 1.25715 0.569936 0.486774 0.457843
threshold=0.60326328873634349 0.26293487846851354 0.36666667461395269 0.082333475351333632 0.92031747102737438 0.240384615957737 0.3341702818870545 0.17267081141471866 0.28759399056434637 0.44949495792388922 0.97169560194015514 1.0000000180025095e-35 0.080128207802772536 1.5000000000000002 -0.2226719334721565 0.46410256624221807 0.5914268195629121 0.19413144141435626 0.29179082810878759 0.83096903562545787 0.17267081141471866 0.26785714924335485 0.51442441344261181 0.21111111342906955 0.90254694223403942 0.19292803853750232 3.5000000000000004 0.94570022821426403 1.0000000180025095e-35 0.88493064045906078 0.41016845405101782 0.52732217311859142 0.87729144096374523 0.81284341216087352 0.73731175065040599 0.79604920744895946 0.43792808055877691 0.76833632588386547 0.91458967328071605 0.67017546296119701 0.19292803853750232 0.57947367429733287 0.87570226192474376 0.85880398750305187 0.79095324873924266 0.73546314239501964 0.54923510551452648 0.60961154103279125 0.98936170339584362 0.82078272104263317 0.44949495792388922 1.0000000180025095e-35 1.5000000000000002 0.98936170339584362 0.85236588120460521 0.92637759447097789 0.86319074034690868 0.83752354979515087 0.83424907922744762 0.14944787323474887 0.48888546228408819 0.94804319739341747
decision_type=2 2 2 2 2 2 2 2 2 2 2 2 2 2 2 2 2 2 2 2 2 2 2 2 2 2 2 2 2 2 2 2 2 2 2 2 2 2 2 2 2 2 2 2 2 2 2 2 2 2 2 2 2 2 2 2 2 2 2 2 2 2
left_child=1 5 4 16 10 53 7 -4 -9 52 11 13 17 25 38 21 -3 18 -13 20 -15 22 -16 40 -17 59 27 28 30 43 31 -7 33 35 42 36 -32 39 -14 41 -11 -38 -35 44 45 47 -27 -30 -41 50 -22 -29 -5 -1 -20 56 -39 58 -46 -2 -12 -55
right_child=2 3 6 9 -6 26 -8 8 -10 23 60 12 14 19 15 24 -18 -19 54 -21 49 -23 -24 -25 -26 46 -28 51 29 -31 32 -33 -34 34 -36 -37 37 55 -40 48 -42 -43 -44 -45 57 -47 -48 -49 -50 -51 -52 -53 -54 61 -56 -57 -58 -59 -60 -61 -62 -63
leaf_value=-0.030089837812623661 -0.018056357731179348 -0.034782753247947835 0.031287021918361864 -0.025726238337329083 0.032167734997268063 -0.011439938544792898 0.035314948897608327 0.022086600367515825 -0.022213399151327216 -0.02039431228480524 0.0071062045084564094 0.027692411813088999 -0.0080032262631322751 0.020906498394367236 0.0074834737680077 0.021688727007062633 0.010652450751971304 0.028062648601343183 -0.022192088620092663 0.021500977011255605 -0.031161680903498544 0.010070658040115955 -0.030190255449959701 0.034070317112114681 -0.0048446194203094813 0.0062004276265879852 -0.016936918762647361 0.02642006564639364 -0.021578875527837514 0.01477896497077184 0.031248817921637587 0.046949978870085687 0.015908736571597418 -0.0094014346610296843 -0.033148967770815815 0.030775222330451438 0.017284028036644302 0.01395678396312188 -0.050373250404575569 -0.031217104346588993 0.014464472054105939 -0.012574818517206309 0.02202534504305113 -0.027529767882236232 -0.0059964574474205348 -0.031897694584012357 0.02660084412319853 0.0023633826112696007 0.003588220876577715 -0.0024300303376771359 0 0.005657752669567381 0.0066590466162686586 -0.011052790569606053 0 0.025993974485474743 -0.015864891726259395 -0.0026504376656111086 0.02708011743500675 0.010407778637346706 0.030595195135463531 0.017364449587418833
leaf_weight=5.7926265536807469 1.038847751449796 150.77397113631014 12.015295477584006 3.3970195264555501 15.973635897040365 0.60700824332889114 104.66749883070588 3.50026712939143 6.3973758965730667 0.93759743194095824 2.7493895636871439 1.9896256541833262 2.0543498356128067 2.0770012475550166 1.4586888836929643 3.9254874065518361 0.86676417291164298 3.9247405710630119 3.2894631737144664 3.459117302671074 3.4242478492669743 1.3483962742611773 6.6022313647554256 2.3515556899365038 4.1135444715619087 4.6101262631127637 2.0778257691999888 4.9960300549864751 1.8359793588752014 7.4706530310213557 0.66789305571001278 1.5928370263427494 11.10108657425735 1.1242886548861855 4.4458555411547422 3.7695190737722433 1.482225671759805 0.85789928655140124 2.0512415878474712 2.9950012029148643 1.2508561569266019 1.9622921919217331 1.7883148533292113 2.506728295935317 1.6502076020697121 2.9137791373068467 15.928489655023439 4.1278897990705445 0.54805267532356072 4.3250451399944723 1.6417909067822618 4.895768043352291 0.36380226025357831 0.60476319212466467 2.574708049884066 0.8690803013741969 0.95236721029505134 3.879963562823832 2.3837437774054706 0.48157018329948176 5.294206976890564 0.20989519357681274
leaf_count=4065 168 149513 333 1126 461 158 3787 46 53 84 35 53 75 24 97 65 60 106 49 50 247 17 563 39 45 97 78 60 688 55 34 79 69 101 82 25 113 68 14 401 24 555 27 45 83 126 268 256 46 55 34 59 9 296 54 14 179 48 23 22 87 1
internal_value=0.000142809 -0.0211729 0.0233116 -0.0326146 0.0114574 0.00174802 0.0319597 0.0149385 -0.00563656 0.000343291 0.00683952 0.004439 -0.00453101 0.0125215 -0.0125723 -0.00533433 -0.034432 0.00974245 -0.00115284 0.000310244 -0.00701263 -0.0173368 -0.0229131 0.0193556 0.00869057 0.0202612 0.0046495 0.00555098 0.00325038 -0.0030957 0.0081848 0.0312045 0.00564206 0 -0.0166397 0.00899998 -0.000647944 -0.00590274 -0.0355778 -0.013772 -0.0010847 0.000484321 0.00969744 -0.0105749 -0.00644195 -0.0176073 0.0226847 -0.00654494 -0.0254581 -0.014942 -0.0228853 0.0179284 -0.0211176 -0.0264374 -0.0140581 0.0118339 -0.000549341 0.00626058 0.0143506 -0.00709974 0.024627 0
internal_weight=460.968 240.051 220.916 159.942 94.3359 80.1096 126.58 21.9129 9.89764 8.30083 78.3623 70.3187 33.3325 36.9862 21.5539 17.4483 151.641 11.7785 7.8538 14.9272 11.4681 9.40932 8.06092 4.54001 8.03903 22.059 73.5023 71.4245 61.5327 26.7689 34.7637 2.19985 32.5639 21.4628 7.35846 14.1043 10.3348 9.66692 4.10559 6.98757 2.18845 3.44452 2.9126 19.2983 16.7916 8.87765 20.5386 5.96387 3.54305 9.39108 5.06604 9.8918 3.76082 6.60728 5.86417 2.67935 1.81027 7.91391 4.03395 1.52042 8.0436 0.814658
internal_count=165594 158689 6905 150855 2686 7834 4219 432 99 1282 2225 2103 1138 965 876 787 149573 262 156 410 360 677 660 147 110 555 3472 3394 3275 1324 1951 237 1714 1645 210 1435 1410 1376 89 1115 108 668 128 1269 1224 1070 365 944 447 336 281 119 1135 4362 103 261 247 154 106 190 122 297
is_linear=0
shrinkage=0.035


Tree=102
num_leaves=63
num_cat=0
split_feature=29 32 34 1 15 2 8 10 15 10 10 17 14 43 30 41 27 0 2 15 30 2 9 15 14 41 15 43 14 10 16 9 14 14 39 16 9 11 30 2 9 15 11 0 0 0 0 32 37 11 8 43 15 14 11 8 11 9 30 2 6 29
split_gain=178.313 50.6417 17.9349 7.86058 6.96065 5.37964 6.28949 5.29448 4.63248 3.31056 2.55725 6.37183 4.41969 2.94818 2.80322 3.4548 2.32004 2.17924 2.08607 3.69113 1.7889 1.59685 1.45863 1.77916 1.43251 1.17453 1.50245 1.55589 2.65051 1.53817 1.48556 3.2142 1.38679 1.98922 1.17303 2.30613 1.11759 1.09443 1.06203 1.02996 0.930743 0.881562 0.859154 1.21624 0.826677 0.793539 0.849114 0.714682 0.678226 0.675758 0.63403 0.581816 0.580498 1.02506 0.845918 0.548369 1.59271 0.459313 0.455557 0.455197 0.450345 0.435088
threshold=0.60326328873634349 0.26293487846851354 0.36666667461395269 0.082333475351333632 0.92031747102737438 0.3341702818870545 0.17267081141471866 0.240384615957737 0.36882591247558599 0.44949495792388922 0.080128207802772536 0.30384616553783422 0.58280590176582348 1.0000000180025095e-35 0.46410256624221807 1.0000000180025095e-35 0.5914268195629121 0.83118847012519848 0.2993582040071488 0.30471627414226538 0.16172623634338382 0.13020028173923495 0.81016731262207042 0.89512962102890026 0.79095324873924266 3.5000000000000004 0.93419912457466137 1.0000000180025095e-35 0.88185444474220287 0.44949495792388922 0.91715687513351452 0.99230769276618969 0.85880398750305187 0.79095324873924266 1.5000000000000002 0.87585616111755382 0.86391696333885204 0.57735043764114391 0.21980676054954532 0.62731361389160167 0.90595519542694103 0.73546314239501964 0.98936170339584362 0.69104009866714489 0.60961154103279125 0.3525752872228623 0.34463970363140112 0.59110671281814586 1.5000000000000002 0.98936170339584362 0.65648320317268383 1.0000000180025095e-35 0.85270008444786083 0.83752354979515087 0.96362435817718517 0.81661397218704235 0.91042780876159679 0.92422503232955944 0.20942982286214831 0.62731361389160167 0.94804319739341747 0.78319624066352855
decision_type=2 2 2 2 2 2 2 2 2 2 2 2 2 2 2 2 2 2 2 2 2 2 2 2 2 2 2 2 2 2 2 2 2 2 2 2 2 2 2 2 2 2 2 2 2 2 2 2 2 2 2 2 2 2 2 2 2 2 2 2 2 2
left_child=1 7 4 16 10 6 -4 49 -8 48 12 39 18 20 22 17 -3 -16 19 21 61 -2 47 40 -11 26 27 29 32 37 36 57 33 41 -22 -36 55 50 -26 45 -24 44 -39 -44 -29 46 -12 -15 -5 -1 -9 -28 53 54 -35 56 -31 -32 -7 -33 -51 -13
right_child=2 3 5 9 -6 58 8 25 -10 24 11 13 -14 14 15 -17 -18 -19 -20 -21 34 -23 23 -25 38 -27 51 28 -30 30 31 59 -34 52 35 -37 -38 42 -40 -41 -42 -43 43 -45 -46 -47 -48 -49 -50 60 -52 -53 -54 -55 -56 -57 -58 -59 -60 -61 -62 -63
leaf_value=-0.029975776847031274 0.024997302743998324 -0.034772601980941634 0.031084378736172695 -0.025463117094641809 0.031968134996994128 0.010532999265492022 0.014873559322350889 0.029489640764008937 -0.028914816438616216 0.036587118142087406 -0.017631661514014605 -0.019823939668428062 0.03008817120874463 0 0.012919139562420032 0.030754645921252016 0.010456068978737257 -0.018812488943382461 0.02838718695507101 -0.025559367320324003 0.025089915030739322 -0.0041637539501494574 -0.0087617528653669008 -0.026409364750577601 -0.015860441464338227 -0.016524436299875905 0.0063571899011882378 -0.021329436871932346 0.012667930255292637 0.024252190356453773 -0.028032237205383746 0.0041971398927144448 -0.033603514263460241 -0.0059062403082462281 -0.015650518080402593 0.02093625801952766 0.0032947007086835305 -0.025147416166487406 0.017549905520111375 0.0055988166557359581 0.020691989629230089 -0.030881206889753803 0.019460717235761281 -0.02124421385576002 0.002295440566289162 -0.035482386763350027 0.014312669641301522 -0.038450504861229001 0.0065996495732585187 -0.010952876686562 -0.0063371347470673198 0.02466238649518334 0.017348607913768455 -0.017170969113459077 0.021640284151960464 0.039018388069770225 -0.015937650025761339 -2.594982720680155e-05 0.03567525811196736 0.017767991803069035 0.017237969658035267 0.0034236408281737014
leaf_weight=5.680520271183922 3.5103436722420174 145.63021000818117 11.682749306783082 3.3429448293754818 15.524982169270514 2.3216574285179368 5.4258269257843477 0.38457082700915535 4.4707490876317024 1.814191360492259 1.5959391599753856 1.0893646240001573 12.063041907502337 0.81075617775786879 3.8196095675230008 4.2461588233709326 0.87084560259245236 4.8383192606270313 1.9062528845388431 4.8485051454044878 13.464719250681812 3.8603017462883145 1.2271857555024328 1.4964122772216795 1.3885975030716511 2.0800747370813033 5.6103648375719768 1.7856731596402911 7.828277915949001 2.6188770226435758 2.3756316975923268 7.3493661240208894 1.8307803835486982 1.6669378160731858 2.6912797209806731 3.8914741652552038 3.7236825653817505 2.6562986267963424 1.2731476235203443 0.71883369609713543 2.3794946488924325 2.6767426809528843 1.153633354231715 0.5241265526274218 4.1308632778236642 5.0517093701055273 0.65586413221899409 2.5115241864696145 0.36323871929198492 0.59815912612248201 0.34196960437111557 5.3379050754010677 2.4754160568118095 1.8588092664722351 1.8971271328628063 3.2418410088866949 0.88060752395540465 1.2370494231581686 98.954170797020197 7.3385717428755015 0.21134667098522186 1.0052960840985177
leaf_count=4078 27 149513 333 1127 461 41 56 32 43 63 174 74 181 42 37 89 60 53 34 199 230 64 79 14 62 78 64 683 56 153 112 37 41 85 52 64 77 1079 21 8 44 124 115 27 256 639 7 101 9 296 158 64 12 37 19 38 58 11 3746 43 1 13
internal_value=0.000155377 -0.0209511 0.0230387 -0.0325582 0.0112289 0.0318073 0.0146871 0.0017148 -0.00542471 0.000368592 0.00668602 0.00198125 0.0153951 0.007447 -0.00171627 0.00818289 -0.034411 -0.00456289 0.0014562 -0.00431002 0.0161179 0.0106335 -0.0165085 -0.00254203 0.0191698 0.00457279 0.00546133 0.00307453 -0.00317935 0.0079623 0.0111163 0.00440497 -0.0104365 -0.00589046 0.0193637 0.0054253 0.0211396 -0.0082645 0 -0.0247914 0.010184 -0.0168015 -0.0154505 0.00225277 -0.0063817 -0.028518 -0.00571095 -0.0316001 -0.0208424 -0.0262852 0.016696 0.0168921 0.00614143 -0.000334032 0.00951851 0.0288456 0.0120665 -0.0212858 0.0352417 0.0119011 0 -0.0100347
internal_weight=450.241 234.178 216.063 154.683 93.2074 122.855 21.5793 79.4952 9.89658 8.18212 77.6824 51.4939 26.1884 43.4716 21.3295 12.9041 146.501 8.65793 14.1254 12.2192 22.1421 7.37065 8.42537 5.10309 4.47594 73.0052 70.9251 59.9769 26.1506 33.8262 28.7656 18.3006 18.3223 16.4916 20.0475 6.58275 10.465 5.0606 2.66175 8.02235 3.60668 8.59328 4.33406 1.67776 5.91654 7.30351 2.2518 3.32228 3.70618 6.49003 0.72654 10.9483 7.89829 5.42287 3.56406 6.74133 3.49948 3.61268 101.276 14.6879 0.809506 2.09466
internal_count=165594 158689 6905 150855 2686 4219 432 7834 99 1282 2225 1720 505 892 459 179 149573 90 324 290 433 91 280 137 146 3459 3381 3253 1313 1940 529 203 1257 1216 346 116 326 1411 83 828 123 1063 1221 142 939 820 181 143 1136 4375 190 128 153 141 104 249 211 123 3787 80 297 87
is_linear=0
shrinkage=0.035


Tree=103
num_leaves=63
num_cat=0
split_feature=1 32 34 2 15 10 29 37 40 27 29 27 29 43 10 11 11 29 12 8 12 14 15 30 16 2 9 29 17 11 12 0 16 41 14 14 9 16 8 10 14 11 12 14 15 30 17 16 0 9 14 15 55 51 0 54 29 14 10 14 8 12
split_gain=170.401 54.2658 17.9297 6.77929 6.75803 4.63995 4.48881 5.87004 2.703 4.04809 4.35337 2.421 2.22339 2.25582 3.43935 3.09329 2.02638 2.02579 1.78926 2.32324 1.70854 1.70369 1.69789 1.65306 1.59547 1.36316 1.34372 1.27178 1.21481 1.8895 2.38061 2.30366 2.20853 1.43696 2.02707 1.56537 1.19925 1.09084 2.14634 1.10577 1.06303 1.37593 1.98303 1.17543 1.16442 1.05416 0.978447 1.58184 0.823356 0.80453 0.774268 0.683969 0.655927 0.60553 0.560546 0.547755 0.476426 0.409686 0.4075 0.39224 0.380702 0.303728
threshold=0.078810192644596114 0.26293487846851354 0.36666667461395269 0.50935709476470958 0.92031747102737438 0.240384615957737 0.89498746395111095 1.0000000180025095e-35 1.0000000180025095e-35 0.41943350434303289 0.6569296419620515 0.5914268195629121 0.97169560194015514 1.0000000180025095e-35 0.58571431040763866 0.82807883620262157 0.4803846031427384 0.78319624066352855 0.66597658395767223 0.74023336172103893 0.60392647981643688 0.44092722237110143 0.54186138510704052 0.16172623634338382 0.57307061553001415 0.1629181578755379 0.78086888790130626 0.78319624066352855 0.76388889551162731 0.53001201152801525 0.61545750498771679 0.41016845405101782 0.74133810400962841 2.5000000000000004 0.70051544904708873 0.89699381589889537 0.96225070953369152 0.67028987407684337 0.77485185861587536 0.30384616553783422 0.86706829071044933 0.98936170339584362 0.79604920744895946 0.83424907922744762 0.83827373385429393 0.29520697891712194 0.11805555596947671 0.80217391252517711 1.0000000180025095e-35 0.46332737803459173 0.81120249629020702 0.85270008444786083 0.93735697865486156 1.0000000180025095e-35 1.0000000180025095e-35 -0.2226719334721565 0.91458967328071605 0.6832355558872224 0.58571431040763866 0.64326766133308422 0.17267081141471866 0.88282340764999401
decision_type=2 2 2 2 2 2 2 2 2 2 2 2 2 2 2 2 2 2 2 2 2 2 2 2 2 2 2 2 2 2 2 2 2 2 2 2 2 2 2 2 2 2 2 2 2 2 2 2 2 2 2 2 2 2 2 2 2 2 2 2 2 2
left_child=1 5 4 6 8 53 7 -4 20 23 45 48 13 18 16 -16 -15 60 19 24 46 -8 -9 -10 25 -12 49 -20 29 30 -7 32 -31 35 -35 37 -37 39 -39 -33 41 42 43 57 50 -11 -2 -48 -3 -19 -43 -13 -30 54 -1 -26 -29 59 -59 -40 -18 -36
right_child=2 11 3 -5 -6 28 21 22 9 10 12 51 -14 14 15 -17 17 26 27 -21 -22 -23 -24 -25 55 -27 -28 56 52 31 -32 33 -34 34 61 36 -38 38 40 -41 -42 44 -44 -45 -46 -47 47 -49 -50 -51 -52 -53 -54 -55 -56 -57 -58 58 -60 -61 -62 -63
leaf_value=0.0045965474907993719 0.015823670174481868 0.0056726762687705117 -0.042810642421066004 0.035557468545425727 0.030868691675698681 -0.015979606667211831 0.0080443174522261875 -0.0047441740228723111 -0.0024088199527353615 -0.034443444580651864 0.011960983646532045 -0.0099635577060623575 0.02273295237957125 -0.015868004735358703 -0.046267628171503532 -0.0026858049609457639 0.0041624281251621265 0.01345961039741597 0 -0.023776878750741332 0.030851265386147238 0.03304640430192838 0.024231836439225076 0.035956459056474148 0.031421181604506992 -0.015783442044400152 0.026507395044684766 0.031718794195155497 0.0015593797675177966 -0.012705425302013762 0.031764598865529806 -0.0074216576216093793 0.040348678578359568 0.015231265085639604 -0.0082409833664245022 -0.0016722586121271647 0.020691412116124051 -0.027534710653750388 -0.015695642169220102 0.04101968312762258 -0.014080809684977057 0.0047030394789159989 0.006652375553159718 0.0071931081305217186 -0.00039643527860639077 0.0054192918568102648 -0.021971670978420333 0.016306204743993153 -0.034770332412207956 -0.010390389244168833 0.03515222547900778 0.022822170953554613 0.018398721408357539 0.0020072712910757756 -0.029384935749392077 0.0045602964031412861 0.0073115313978982721 -0.031470258075614078 -0.0039162873546837312 0.0054968018962033962 -0.020677778289572266 -0.042547075744269261
leaf_weight=0.19064298272132774 4.3730119121028093 0.20831871032714744 2.3096669634105664 93.835146605037153 15.772242857143281 0.92809446936007489 6.2578532025218037 3.7406880327034724 1.4276606657076616 4.1551624906714997 2.8677818687865528 0.53007627662736811 5.157996764406561 4.5173844399396392 3.2670486043207339 4.3406621080357581 0.34698313847184126 2.409892001654951 3.1525019184919056 2.9603397425962603 7.0017778364708647 11.384281385689972 4.4332719966769218 4.833914082031697 2.1085217632353306 3.8584566096542403 5.3845791176427156 4.6394997499883175 4.8429526253603372 0.70854263764340375 3.9504081225022674 0.39518769492860784 2.1091130917193368 0.71896434796508346 1.4120957637205722 4.4630745134782028 5.7844682361464947 3.477890213369391 0.85650838958099695 0.33030503382906318 5.6798537264112374 2.5677287826547417 9.3878970531513897 1.6004125577164812 4.5847629983909428 0.50018248811829824 2.1284625176340346 1.2796745726373044 141.11527985124849 2.4701986466534436 2.0127935269847512 0.60409874469041824 9.3141253553330898 0.58868587017059315 5.7889622775837779 2.4097757402341813 2.6109817512333393 3.5448021562770009 1.504328256822191 1.3793435820844022 1.8877474895562043 1.3437117487192152
leaf_count=1 57 1 26 3658 470 197 71 59 242 1326 39 99 74 84 29 62 4 37 38 82 147 369 108 173 26 81 70 69 40 230 81 257 105 86 166 68 39 867 198 71 65 86 73 62 28 39 99 25 149649 44 21 4 99 3 4399 72 43 461 30 143 236 6
internal_value=0.000159436 -0.02137 0.0221075 0.0309913 0.0105658 0.00176847 0.0149393 -0.00283199 0.00619302 0.00293892 -3.40908e-05 -0.0342238 0.00289553 0.000336341 -0.00694054 -0.025009 0.00188282 0.00925761 0.00774149 -0.000286895 0.01925 0.0252729 0.0115182 0.0275999 0.00704823 -0.00348432 0.0158973 0.0180747 0.00446068 0.00207154 0.0209131 0 0.0262572 -0.00191038 -0.0208757 -5.16743e-05 0.0113576 -0.00349029 -0.00473367 0.0235956 -0.00149981 0.00138498 -0.00402551 -0.015193 0.0118513 -0.0293407 0.00608759 -0.00636657 -0.0346467 0.00107806 0.0226118 0.00837045 0.0133521 -0.0242897 -0.0272967 0.021152 0.0253052 -0.020808 -0.025844 -0.00388161 -0.0156444 -0.0327749
internal_weight=439.747 221.923 217.823 121.961 95.8624 79.4657 28.1258 10.4836 80.0902 65.3073 59.0457 142.458 54.3904 49.2324 24.6245 7.60771 17.0168 12.4994 24.6079 14.2049 14.7829 17.6421 8.17396 6.26157 11.2445 6.72624 10.2647 10.403 72.8974 58.7403 4.8785 53.8618 2.81766 51.0441 3.47477 47.5694 10.2475 37.3218 36.5963 0.725493 33.1184 27.4386 18.2733 8.88539 9.16529 4.65534 7.78115 3.40814 141.324 4.88009 4.58052 1.13418 14.1571 6.56829 5.97961 4.5183 7.25048 7.28498 5.04913 2.23585 2.23473 2.75581
internal_count=165594 157635 7959 4291 3668 7882 633 193 3198 2870 2455 149753 1090 1016 566 91 475 391 450 300 328 440 167 415 218 120 151 150 3479 3340 278 3062 335 2727 258 2469 107 2362 2034 328 1167 1102 967 894 135 1365 181 124 149650 81 107 103 139 4403 4400 98 112 832 491 341 240 172
is_linear=0
shrinkage=0.035


Tree=104
num_leaves=63
num_cat=0
split_feature=29 32 34 1 15 2 8 10 15 10 10 17 12 1 6 43 54 30 27 30 34 32 12 34 28 32 7 12 15 12 12 9 12 15 55 15 16 10 15 10 12 15 39 15 7 10 2 30 1 0 0 17 51 37 9 30 10 29 2 9 54 10
split_gain=162.866 48.4794 17.4737 7.52154 6.61203 5.44868 6.01055 4.85574 4.37031 3.10608 2.43162 5.97759 3.01432 3.75722 2.80896 2.7188 2.75288 3.3758 2.2757 1.68201 1.51973 1.68572 1.42221 1.39263 1.37223 1.35831 1.15656 1.77857 1.42737 3.08563 2.62462 2.59123 2.51887 2.94321 2.41232 1.77839 1.6404 1.49612 1.48771 1.19714 1.55678 1.22508 1.11921 2.18514 1.08066 2.71781 0.979792 0.945739 0.794148 0.750325 0.807789 0.719762 0.666998 0.643406 0.524192 0.474743 0.413064 0.412778 0.410763 0.404978 0.379728 0.510535
threshold=0.60326328873634349 0.26293487846851354 0.36666667461395269 0.082333475351333632 0.92031747102737438 0.3341702818870545 0.17267081141471866 0.240384615957737 0.36882591247558599 0.44949495792388922 0.080128207802772536 0.30384616553783422 0.19413144141435626 0.29179082810878759 0.2152509689331055 1.0000000180025095e-35 -0.2226719334721565 0.46410256624221807 0.5914268195629121 0.16172623634338382 0.26785714924335485 0.57197383046150219 0.83034139871597301 0.21111111342906955 0.78024387359619152 0.90254694223403942 0.43534001708030706 0.50088694691658031 0.76239567995071422 0.52148920297622692 0.58688256144523632 0.91476997733116161 0.5949113965034486 0.75513628125190746 0.71552416682243358 0.94570022821426403 0.92031747102737438 0.64583334326744091 0.87570226192474376 0.58571431040763866 0.79604920744895946 0.6832355558872224 1.5000000000000002 0.83096903562545787 0.95311355590820324 0.58571431040763866 0.62731361389160167 0.19292803853750232 0.25371789932250982 0.3525752872228623 0.34463970363140112 0.76388889551162731 1.0000000180025095e-35 1.5000000000000002 0.81302964687347423 0.20942982286214831 0.64583334326744091 0.78319624066352855 0.62731361389160167 0.69504830241203319 0.10973678156733514 0.58571431040763866
decision_type=2 2 2 2 2 2 2 2 2 2 2 2 2 2 2 2 2 2 2 2 2 2 2 2 2 2 2 2 2 2 2 2 2 2 2 2 2 2 2 2 2 2 2 2 2 2 2 2 2 2 2 2 2 2 2 2 2 2 2 2 2 2
left_child=1 7 4 18 10 6 -4 52 -8 53 12 46 13 -2 24 19 -17 20 -3 57 21 -18 -19 47 -15 -24 27 -9 30 -30 -28 35 -32 34 56 36 37 38 59 40 41 -36 -21 -44 45 -33 49 -11 54 50 -12 -46 -1 58 -14 -7 -34 -13 -5 -31 61 -23
right_child=2 3 5 9 -6 55 8 26 -10 23 11 15 48 14 -16 16 17 22 -20 42 -22 60 25 -25 -26 -27 28 -29 29 31 32 44 33 -35 39 -37 -38 -39 -40 -41 -42 -43 43 -45 51 -47 -48 -49 -50 -51 -52 -53 -54 -55 -56 -57 -58 -59 -60 -61 -62 -63
leaf_value=-0.029193250385989602 0.031501203210244237 -0.034751504493347331 0.030730105807738845 -0.028180789186239581 0.031601906407217724 0.010080813642931636 0.014525666247416597 -0.010414603592300561 -0.02806106534351711 -0.019884419190934928 -0.017412932662022127 -0.019487810211086604 -0.0055690973437197994 -0.0055793695785150048 -0.023725600156931752 -0.025749129155156987 0.0076818016998278183 0.031214284490837341 0.010149859540420868 0.024421094072894344 0.015175678989914083 -0.0064215566520581637 0.018468975577077735 0.033049274618785901 0.020642015609528601 -0.010108112359235468 -0.027343095716961554 0.042792750283052572 0.036748985542346319 0.0010731029295679166 0.043222354304971941 0.033320451577423922 -0.024514586691737391 -0.035676647448012348 0.0051333537543599324 0.011723154408816397 -0.032036847352847383 0.023360059642822621 0.012314927997828457 0.025259579950902038 0.019919992581723559 -0.02765319436642406 -0.0103512505803268 0.025584872111437902 -0.0017432624664417632 0.0034624512297344928 0.0053235677851078966 0.013659444885191638 0.035454906546721461 -0.035095524443229859 0.013813027890252285 0.01117605782716672 0.0019805527318381617 0.0062504212047703933 0.018382255606069889 0.035580611640300033 0.0019895480415485878 0.0032335001596743482 0.0022458321681333993 -0.026294720043689594 -0.011606179995528215 -0.05189895287135482
leaf_weight=5.5692839744733638 3.7701614227844464 135.86815566435689 11.098178917542102 3.0078805614029989 14.677794575691221 2.2553232442587605 5.3554641082882863 0.55369194876402517 4.494710847735405 0.90626249823253635 1.5667298147454851 1.0666609026957332 1.2795401422772541 3.9607603680342418 4.6638539264677092 3.6774872831301755 1.534197993692948 3.9137236196547729 0.87108278553932805 13.083662845310757 1.0994186354801057 0.98557014274410881 3.033529382199049 2.2541267611086369 3.8461008556187153 3.0588382892310619 3.7645069279242334 1.1804241124773396 2.8358819636050603 0.41666367929428672 0.65468656271695991 5.3493830311344928 2.3149430671473961 1.687245598877779 2.114678063895552 2.7322474465472615 3.6954752954188734 0.9697483405470847 1.3285416194703428 3.9755878709256649 2.3040933585725725 1.6481331875547764 3.8775539075722909 2.5809087827801704 13.777057256782429 10.482837680960072 0.70823677256703366 1.2019400703720746 6.9941707174293697 4.8891847241320647 0.65457810345105816 7.0523424781858912 0.5892263501882552 0.35875705070793618 1.1770417003426699 92.584388064220548 0.44447867944836605 0.99655550997704256 0.22958778589963902 3.0122888188343495 2.906126149231568 0.88470217271242291
leaf_count=4372 83 149513 333 1122 461 41 56 149 43 83 174 74 94 39 114 35 58 57 60 230 11 74 65 39 44 34 1432 64 44 21 77 68 588 46 76 24 129 6 22 21 19 69 78 38 81 75 8 24 103 639 7 84 3 9 28 3746 4 13 5 360 105 20
internal_value=0.000170705 -0.020511 0.0225093 -0.0324566 0.0107915 0.0315059 0.0141199 0.00160832 -0.00537965 0.000170552 0.00638071 0.0017499 0.0149485 0.00491523 -0.00460428 0.0070844 -0.00172753 0.00427745 -0.0343684 0.0155383 -0.0124343 -0.0191411 0.0169766 0.0185962 0.00781838 0.00422538 0.00431705 0.0269284 0.00334391 0.006354 -0.00460918 0.00381578 0.00216894 -0.0021308 0.0043014 -0.00953762 -0.0165716 -0.0027935 -0.0118638 0.0124753 0.00121367 -0.0112834 0.0187452 0.00504505 0.00847165 0.015139 -0.0244853 -0.00139233 0.0297353 -0.0281763 -0.0056932 0.00278217 -0.0258617 -0.0206019 0.00689235 0.0351222 -0.0199208 -0.00989771 -0.0251763 -0.0226875 -0.0282009 -0.03974
internal_weight=429.826 223.151 206.675 144.698 90.8871 115.788 20.9484 78.4534 9.85017 7.95855 76.2093 50.5177 25.6916 16.2409 12.4707 42.6989 21.0936 17.4161 136.739 21.6053 7.41002 6.3106 10.0061 4.36233 7.80686 6.09237 72.2949 1.73412 70.5608 51.6525 18.9084 48.8166 15.1438 14.4892 12.8019 12.155 9.42272 5.72724 4.75749 10.0425 6.0669 3.76281 19.5421 6.45846 36.6616 15.8322 7.81873 2.1082 9.45075 7.11049 2.22131 20.8294 6.15851 3.59623 2.45658 94.8397 2.75942 2.06322 3.23747 3.42895 4.7764 1.87027
internal_count=165594 158689 6905 150855 2686 4219 432 7834 99 1282 2225 1720 505 280 197 892 459 424 149573 433 268 257 156 146 83 99 3459 213 3246 914 2332 870 900 823 777 562 538 409 403 185 164 145 346 116 308 143 828 107 225 820 181 165 4375 1136 122 3787 592 87 1127 381 199 94
is_linear=0
shrinkage=0.035


Tree=105
num_leaves=63
num_cat=0
split_feature=29 32 34 2 8 14 10 16 30 10 10 14 28 30 2 30 2 16 27 10 55 2 55 14 41 14 44 10 14 0 8 10 16 0 14 10 11 12 9 16 19 44 30 11 11 16 8 10 16 54 8 11 14 8 16 14 0 6 6 27 28 11
split_gain=155.492 50.3493 18.2601 5.90086 6.20474 5.16772 4.65483 3.64744 3.24542 2.6826 6.06887 4.29549 2.577 4.30307 3.03282 2.08902 1.89608 3.34694 1.85161 1.77512 1.67889 1.40184 1.18552 1.16493 1.10699 1.37486 1.43909 1.56903 1.61792 2.19303 1.5903 1.43313 1.36295 2.5177 2.41005 1.09498 1.05133 1.05702 1.03838 0.905813 0.824582 0.808174 0.787574 0.690054 0.678584 0.596234 0.595906 0.575759 0.557606 0.554185 0.530982 1.46122 0.758708 0.525217 0.492602 0.476942 2.61934 0.431483 0.422208 0.355239 0.342167 0.327406
threshold=0.56268712878227245 0.26293487846851354 0.36666667461395269 0.3341702818870545 0.17267081141471866 0.88185444474220287 0.240384615957737 0.34549072384834295 0.18019481003284457 0.080128207802772536 0.4083333313465119 0.58280590176582348 0.88581016659736644 0.74537035822868358 0.55470266938209545 0.42481203377246862 0.2993582040071488 0.30901856720447546 0.84764185547828685 0.86607143282890331 0.30256430804729467 0.11427757143974306 0.73398485779762279 0.84028983116149913 3.5000000000000004 0.92907443642616283 1.0000000180025095e-35 0.86607143282890331 0.79095324873924266 0.83118847012519848 0.89699381589889537 0.44949495792388922 0.91715687513351452 0.87729144096374523 0.74873736500740062 0.44949495792388922 0.57735043764114391 0.44409184157848364 0.86391696333885204 0.64051282405853283 1.0000000180025095e-35 1.0000000180025095e-35 0.53589746356010448 0.98936170339584362 0.92052632570266735 0.90521115064620983 0.65648320317268383 0.27922078967094427 0.92805382609367382 0.81016731262207042 0.81661397218704235 0.91042780876159679 0.62767899036407482 0.75931033492088329 0.99438202381134044 0.75905716419219982 0.87729144096374523 0.63859337568283092 0.94804319739341747 0.43259048461914068 0.90152388811111461 0.37638889253139501
decision_type=2 2 2 2 2 2 2 2 2 2 2 2 2 2 2 2 2 2 2 2 2 2 2 2 2 2 2 2 2 2 2 2 2 2 2 2 2 2 2 2 2 2 2 2 2 2 2 2 2 2 2 2 2 2 2 2 2 2 2 2 2 2
left_child=1 6 5 4 61 9 43 -6 19 11 15 16 14 -14 20 18 17 21 23 -3 -12 -2 -7 40 25 26 27 28 39 30 44 36 38 34 -34 -10 46 49 50 57 -11 -27 -23 -1 45 -30 -28 -39 -22 -38 51 52 -33 -54 -41 -16 -57 -8 -45 -21 -19 -4
right_child=2 8 3 -5 7 22 24 -9 35 10 12 -13 13 -15 55 -17 -18 60 -20 59 48 42 -24 -25 -26 41 31 -29 29 -31 -32 32 33 -35 -36 -37 37 47 -40 54 -42 -43 -44 58 -46 -47 -48 -49 -50 -51 -52 -53 53 -55 -56 56 -58 -59 -60 -61 -62 -63
leaf_value=-0.029568432442880679 0.02618700601379419 -0.034757276219600203 0.0056396091804014944 0.034885873288155969 0.012871220714263361 0.028633762550323967 -0.0054987804196793052 -0.025467094204098789 -0.012033309210384853 -0.033114387772208882 0.012532761354615975 0.029293808830210089 -0.021378330942800013 0.02578296028795056 0.034369646608399938 0.0012841822282342167 0.026554344273483479 -0.028510892045253845 0.016608707830731696 -0.010055274045291714 -0.021360884730908306 -0.013058635668469785 0.0035732896587348994 0.0071949579419569752 -0.016291952304893241 0.026481368141819013 0.028623896109720489 0.023450007859281759 -0.0043922615239989516 -0.0088339823376849449 0.036956714887297071 0.035859165325939295 0.010808012542259791 0.01640445549943547 -0.022630435509674328 0.023379152825326495 -0.0084661219901374547 7.0613185485125424e-05 0.0030561385327684413 -0.028950333416803278 0 0.0053929677244776049 0.010711464933886966 -0.010273204629758328 -0.0090704102928065022 0.02300806099783961 -0.0061359318460582546 -0.029486087512898187 0.0034017565143635033 0.022071130910181053 0.037750490885292386 -0.015596860106992749 -0.012610675828149197 0.014719800162295335 -0.0081604200620926139 -0.0092348504507836961 0.02985494577888111 0.025096036024780909 0.01708312226794368 0.012454111383678699 0 0.032984189828558858
leaf_weight=5.2215445791371158 2.5833147948142159 131.27052926592296 1.3957311045378471 93.194964649621397 5.2115897330222634 17.328254003426995 0.3033910719677867 4.9374330012360588 1.279648803174495 9.316509131691415 4.7201313823461586 11.403764180140568 6.0651886854320747 2.5586443711072206 5.948235856369136 5.3835788387805215 1.8903618894983072 3.985579477797728 0.53101575374603349 0.54131151968613156 2.9871468848432419 2.6552522888523526 3.3788177703972897 0.57879730407148677 2.0607013142434871 4.4610765166580659 0.38764622167218377 1.4782080426812161 0.87541153782513292 10.101644740905611 1.7528910916298626 1.222816727124157 3.703467705985533 9.0581218923907709 5.0681151419412345 0.9839834322920068 0.44873614329844702 0.73942333459854159 3.6985963676124811 3.6873481357470137 0.8737571563106038 5.7580634764162824 2.1436217296868563 0.55459582526236761 2.275469486718066 1.4100927525432778 0.33265899878460914 2.5353378586587496 0.89743604487739492 0.49228466977365315 3.2094310201937333 0.85092296090442676 0.69125631859060355 0.72883566748350859 4.4786883560009301 2.6890794076025486 4.2657938214251772 0.10477955895476043 0.21309764683246613 0.84324991097673774 0.8368302434682845 9.3987591844052059
leaf_count=4072 17 148893 35 3810 58 496 121 52 531 1772 63 188 70 60 105 71 50 275 3 318 188 74 54 9 78 58 32 12 72 56 11 20 39 54 110 48 209 267 77 864 49 65 16 293 66 38 158 738 23 3 38 58 90 42 55 32 86 24 1 23 6 298
internal_value=0.000184297 -0.0207704 0.0217251 0.0310784 0.0131587 0.0100027 0.00160008 -0.00607752 -0.0336301 0.00536065 0.000242157 0.0142623 0.00960872 -0.00579702 0.0159245 -0.0160632 0.00073392 -0.00470845 -0.0240449 -0.0343414 -2.63704e-06 0.00951738 0.0250588 -0.0275878 0.00423727 0.00511367 0.00287397 -0.0030605 -0.00560528 0.000813671 0.015825 0.0076631 0.0107328 0.00416943 -0.00849289 0.00473464 -0.00815461 -0.0153283 0.0203237 -0.0170615 -0.0303426 0.0164507 -0.00182101 -0.0256406 0.00188895 0.0133052 0.016301 -0.0235383 -0.0153983 0.0088465 0.0277633 0.0114513 0.0230114 0.000256284 -0.0200641 0.0260338 0.0150401 0.012114 0.000708728 0.00165973 -0.024981 0.0305232
internal_weight=419.983 212.823 207.16 114.138 20.9435 93.0211 77.9047 10.149 134.919 72.314 46.8153 25.4987 30.1317 8.62383 21.5078 16.6837 14.095 12.2046 11.3001 132.655 8.60471 7.38219 20.7071 10.7691 71.9154 69.8547 59.6356 26.4679 24.9897 16.4155 6.31386 33.1677 28.2316 17.8297 8.77158 2.26363 4.93609 4.21578 10.4019 8.57421 10.1903 10.2191 4.79887 5.98924 4.56097 2.2855 0.720305 3.27476 3.88458 0.941021 6.70326 3.49383 2.64291 1.42009 8.16604 12.9031 6.95487 0.408171 0.767693 1.38456 4.82241 10.7945
internal_count=165594 157634 7960 4253 443 3707 7821 110 149813 3157 2531 626 627 130 497 1904 438 388 1833 149234 274 107 550 1830 3455 3377 3254 1319 1307 243 187 1935 528 203 149 579 1407 1217 325 1064 1821 123 90 4366 176 110 190 1005 211 212 248 210 152 132 919 223 118 145 294 341 281 333
is_linear=0
shrinkage=0.035


Tree=106
num_leaves=63
num_cat=0
split_feature=29 32 34 1 15 12 17 17 31 29 43 17 54 31 27 12 1 31 29 36 54 54 14 14 34 32 32 29 7 15 12 12 14 9 14 11 15 16 11 15 12 9 17 12 14 15 1 31 12 11 11 37 17 0 6 55 11 1 9 53 41 15
split_gain=148.504 46.6084 16.8956 7.27793 6.30114 5.39433 4.4266 2.86182 2.47629 2.32384 3.68834 2.72524 2.40644 2.27429 2.2389 1.83637 1.45265 1.41841 2.29838 1.63557 1.87224 3.0856 1.48041 1.38778 1.33035 1.7133 1.26132 1.15125 1.09556 1.47641 2.8547 2.67845 3.63413 2.558 2.02436 1.68936 1.6669 1.57287 1.55845 1.52721 1.30934 2.21778 1.77432 1.3001 1.28206 2.29825 1.01913 0.901413 0.798684 0.741688 0.676866 0.611261 0.547562 0.542724 0.41731 0.41036 0.404329 0.383256 0.317581 0.297714 0.296364 0.510103
threshold=0.60326328873634349 0.26293487846851354 0.45000000298023229 0.082333475351333632 0.92031747102737438 0.13925451785326007 0.240384615957737 0.44949495792388922 0.60555556416511547 0.97169560194015514 1.0000000180025095e-35 0.080128207802772536 -0.2226719334721565 0.46410256624221807 0.5914268195629121 0.19413144141435626 0.32986950874328619 0.65942031145095836 0.82078272104263317 1.0000000180025095e-35 0.16045372933149341 0.38177657127380377 0.49731183052062994 0.79095324873924266 0.26785714924335485 0.51442441344261181 0.90254694223403942 0.91458967328071605 0.40224719047546392 0.76239567995071422 0.52148920297622692 0.58688256144523632 0.75513628125190746 0.91476997733116161 0.83424907922744762 0.81016731262207042 0.94570022821426403 0.92031747102737438 0.71291208267211925 0.87570226192474376 0.59722861647605907 0.82807883620262157 0.44949495792388922 0.50088694691658031 0.86706829071044933 0.90070420503616344 0.21894425153732303 0.19292803853750232 0.64924827218055736 0.44151847064495092 0.98936170339584362 1.5000000000000002 0.68333333730697643 0.99999997019767772 0.94804319739341747 0.088180061429739012 0.60791924595832836 0.25371789932250982 0.69504830241203319 1.0000000180025095e-35 1.0000000180025095e-35 0.63453349471092235
decision_type=2 2 2 2 2 2 2 2 2 2 2 2 2 2 2 2 2 2 2 2 2 2 2 2 2 2 2 2 2 2 2 2 2 2 2 2 2 2 2 2 2 2 2 2 2 2 2 2 2 2 2 2 2 2 2 2 2 2 2 2 2 2
left_child=1 6 4 14 9 8 50 51 -4 10 17 15 27 24 -3 16 -12 18 19 -2 22 56 -21 -9 25 -14 -15 -13 43 31 -31 -30 40 36 -34 -35 37 38 -32 58 -33 -42 -43 -8 -37 -46 -7 -25 -20 -18 -1 57 -47 -54 -52 -17 -22 -5 -40 -48 61 -24
right_child=2 3 5 7 -6 46 28 23 -10 -11 11 12 13 26 -16 55 49 -19 48 20 21 -23 60 47 -26 -27 -28 -29 29 30 33 32 34 35 -36 44 -38 -39 39 -41 41 42 -44 -45 45 52 59 -49 -50 -51 54 -53 53 -55 -56 -57 -58 -59 -60 -61 -62 -63
leaf_value=-0.029363075767278805 0.020734111734162432 -0.034729393985491144 -0.0092603669478115679 -0.027832793346743202 0.031255212869612387 0.015076487616340024 -0.0077924371639314328 0.035366880697458414 0.019932650797708066 0.023535505212468253 0.015848113174272579 -0.0065180368165438816 0.0075252749404920629 0.020715840368032389 0.0099677659540928828 0.033799420512838019 0.00043580460533241156 -0.012056332551480428 0.013155057674180959 -0.017369247060408596 0 0.01362569096744486 0.031117756463811128 -0.015887167842838838 0.0094468019487516462 -0.02873606375014472 -0.0044629285708728279 -0.047323018094003869 -0.02748768655688975 0.035708893921335041 0.024125940076699319 0.041756196578202454 -0.036999385002151164 0.020018343435226255 0.009580604747351262 0.015203209690350706 0.011203128613746172 -0.031711644261465249 0 0.01287508715256099 -0.02196019042367419 -0.017288915264940988 0.019711961372972642 0.042292562283298626 -0.017675983640469514 -0.0018380503344458128 0.035465572762702589 0.015241014717653685 0.032403983503628497 -0.023043677019480523 -0.010238820964768261 0.006039853838755725 0.020302465298969643 0.002103404598717161 0.016958318367092724 0.0046155273776363097 -0.034866246190247266 0.0016379648411360044 -0.026236483543480862 0.0085876855239155007 0.0028059965091043202 0.002157365982497321
leaf_weight=5.0342635968700042 4.111995691433548 126.79822700581281 4.8853600807487956 2.8340271440683864 13.965358437970279 6.0587032437324515 0.40505001274868735 1.7195418581832198 8.1147706694900972 7.4532664557918897 2.6112013170495612 1.9910846376442339 1.406110983749391 3.6880547590553752 0.86542662233114143 2.1442548062186693 2.5945590145420283 2.0017075557261697 9.4324424234218878 1.0564907668158428 0.61250130453845475 2.1657318259822205 1.9313418096862736 1.2769236786989497 1.3121561710722742 6.326654089265503 4.1190197141841054 2.0859922282397747 3.8585643493570414 2.8063848330639294 0.9410677370033208 0.67587179003748943 2.6529766026651482 10.139909811667165 1.0135346279712392 7.0258641338441548 2.6822329127462572 3.6036868156515993 0.48525459563825313 1.2677986696362493 1.6794662628089998 1.0207194477552528 7.9940951262833551 0.86481186642777175 6.0673979977145818 4.99210804933682 88.412208212539554 1.2796258912421761 6.456753288395702 2.3855270241620019 0.55248008179478336 0.35177721176296461 3.6766029223799688 4.8372990339994431 0.21448750793933868 1.5574653656221924 3.4106848855735734 0.25281278719194222 2.9435185978654772 1.6042229291051615 2.2253577296505682 1.5889458967139942
leaf_count=4065 63 149513 69 1118 461 98 94 63 162 122 63 75 97 65 60 37 28 31 110 142 29 67 65 59 18 563 45 14 1513 44 45 82 162 70 26 66 24 129 19 18 261 315 64 37 38 33 3848 25 119 65 296 9 46 57 1 69 200 8 329 39 94 47
internal_value=0.000207409 -0.0200289 0.0219985 -0.0323439 0.0104178 0.031197 0.00159424 0.000201564 0.00883427 0.00611274 0.00381281 -0.00459011 -0.0119409 -0.0050033 -0.0343241 0.00861142 -0.00142211 0.0115599 0.0134083 0.00386176 -0.00232885 -0.0152618 0.00943751 0.0179587 -0.0162858 -0.0216349 0.00803572 -0.0332937 0.00414446 0.00326649 0.00633776 -0.00482156 0.00212791 0.00388853 -0.0240794 0.0084742 -0.00953253 -0.0163989 -0.00278055 -0.012075 0.0121253 0.00654282 0.013865 0.0283801 0.00338077 -0.00122548 0.0340647 0 0.0226398 -0.0121986 -0.0253608 -0.0201628 0.00663249 0.0116382 0.000679186 0.0258582 -0.0311259 -0.0247525 -0.0229148 0.0351246 0.0167297 0.0221893
internal_weight=410.524 212.814 197.71 135.378 88.6347 109.075 77.4354 7.71471 13.0001 74.6693 67.216 32.2221 20.9291 16.852 127.664 11.293 7.59129 34.994 32.9922 17.103 12.9911 6.18892 6.80214 4.27609 9.04492 7.73277 7.80707 4.07708 71.6342 70.3644 51.4691 18.8952 15.0367 48.6627 3.66651 36.7392 11.9236 9.24133 5.63764 4.69657 11.3702 10.6943 9.01481 1.26986 26.5993 19.5734 96.0751 2.55655 15.8892 4.98009 5.80123 3.43862 13.506 8.5139 0.766968 3.70172 4.02319 3.08684 3.42877 90.0164 5.74565 3.52029
internal_count=165594 158689 6905 150855 2689 4216 7834 1282 231 2228 2106 1139 877 788 149573 262 156 967 936 707 644 296 348 147 678 660 110 89 3472 3341 918 2423 910 874 188 310 564 540 411 366 722 640 379 131 240 174 3985 84 229 93 4362 1135 136 103 297 106 229 1126 348 3887 206 112
is_linear=0
shrinkage=0.035


Tree=107
num_leaves=63
num_cat=0
split_feature=1 32 34 2 15 29 37 10 27 29 43 10 6 30 10 32 12 1 55 14 14 14 14 32 29 12 8 2 29 2 7 1 41 14 43 17 14 0 9 10 16 0 15 15 11 9 15 15 2 15 0 14 14 15 0 44 12 6 9 51 32 0
split_gain=141.717 50.2164 16.6646 6.97567 6.04238 4.27562 5.46529 3.91588 2.32436 2.27856 4.03446 2.7601 2.60567 2.46414 2.14172 2.08209 2.06824 2.0676 1.8505 1.76579 1.75472 1.68424 1.60325 3.49218 1.60838 1.59294 1.53211 1.74735 1.41421 1.33281 1.28366 1.14866 1.05617 1.39975 1.2996 1.85027 1.42851 1.88778 2.10778 1.32922 1.25167 2.38499 2.34361 1.04404 0.975142 0.940045 0.926829 0.808778 1.61068 0.785163 0.776485 0.748129 1.50697 0.734184 0.733575 0.703706 0.68196 0.636888 0.624175 0.593531 0.577946 0.575057
threshold=0.078810192644596114 0.26293487846851354 0.45000000298023229 0.50935709476470958 0.92031747102737438 0.89498746395111095 1.0000000180025095e-35 0.240384615957737 0.5914268195629121 0.97169560194015514 1.0000000180025095e-35 0.080128207802772536 0.72065573930740368 0.14039409160614016 0.44949495792388922 0.76957115530967724 0.19413144141435626 0.25371789932250982 0.58860868215560924 0.64174234867095958 0.41421362757682806 0.44092722237110143 0.84660634398460399 0.86497211456298839 0.78319624066352855 0.62323853373527538 0.22474747896194461 0.42397989332675939 0.6253834366798402 0.11427757143974306 0.60107529163360607 0.29179082810878759 3.5000000000000004 0.92907443642616283 1.0000000180025095e-35 0.86607143282890331 0.79095324873924266 0.83118847012519848 0.94494947791099559 0.44949495792388922 0.91715687513351452 0.87729144096374523 0.74712035059928905 0.35585997998714453 0.943650782108307 0.93813776969909679 0.73546314239501964 0.76689496636390697 0.48625682294368749 0.83424907922744762 1.0000000180025095e-35 0.82413583993911754 0.84889996051788341 0.75134408473968517 0.60961154103279125 1.0000000180025095e-35 0.531602442264557 0.90070420503616344 0.70320320129394542 1.0000000180025095e-35 0.85236588120460521 1.0000000180025095e-35
decision_type=2 2 2 2 2 2 2 2 2 2 2 2 2 2 2 2 2 2 2 2 2 2 2 2 2 2 2 2 2 2 2 2 2 2 2 2 2 2 2 2 2 2 2 2 2 2 2 2 2 2 2 2 2 2 2 2 2 2 2 2 2 2
left_child=1 7 4 5 9 6 -4 59 50 10 13 16 15 61 18 25 17 -12 19 26 -8 -7 24 -24 -14 -13 -15 29 -22 -28 -21 -18 33 34 39 36 46 38 56 43 44 42 -42 -9 53 49 54 -45 -49 -32 -3 -16 -53 58 -36 -35 -38 -10 -41 -1 -19 -2
right_child=2 8 3 -5 -6 21 20 32 57 -11 11 12 22 14 51 -17 31 60 -20 30 28 -23 23 -25 -26 -27 27 -29 -30 -31 45 -33 -34 55 35 -37 37 -39 -40 40 41 -43 -44 47 -46 -47 -48 48 -50 -51 -52 52 -54 -55 -56 -57 -58 -59 -60 -61 -62 -63
leaf_value=-0.026656468846402086 0.0068938398724949571 0.0052153839928082545 -0.042261183074085461 0.035358783703345144 0.030081250810507044 0.0072555142878304914 -0.012203830780957322 0.023360677580283627 -0.00971218488998387 0.023128986520806187 0.023282041350648146 -0.021211131623335735 -0.012957834760543834 0.015780609404783479 0.030804906603130712 -0.035759249855016634 -0.00090891824621383002 -0.02099599890222853 -0.023391352525527254 0.032346509071911327 -0.0041489102208453537 0.032595148159296865 0.014605383575913384 -0.03235735976318975 0.022620990843350702 0.014184875677720709 0.012439323350663388 0.0092280966373975582 0.029374126269054852 -0.029259832188388037 -0.018571154253801746 0.035613001216759067 -0.015964246018443862 0.026050115125409497 -0.020486584133947196 0.024851046962426498 0.016670492370029228 -0.0086056814615610034 0.042142264125594298 0.019979372041290657 0.01203468554685834 0.015851909517117568 -0.021420109926889364 -0.024211455168331807 0.00017373488983453691 0.021025508452204775 -0.0308718244702832 0.019893039773481745 -0.023532737810282586 0.010984988381861351 -0.034727577417231453 -0.0099972932746573446 0.02049558109437985 0.033363844186132759 0.0022135880368619981 0.0059584080617756871 -0.0068857843610825665 0.022004110466106029 -0.0047270879796339265 0.0022869606004609746 0 -0.025337157544840096
leaf_weight=5.3547422500560051 0.22479663789272253 0.20115232467651267 2.2837318782694656 82.198427657596767 14.230589832179247 6.0703624747693565 2.0699260251130909 0.13383484561927517 0.51501319534145185 7.3384430883452287 1.6655790044460426 2.0153610783745552 1.3627986299688908 3.343616392463451 8.0178069001995009 6.1831030647736043 1.1529838747810575 3.211686659255065 1.4436318515799929 3.9543150276876977 1.6535722396802155 10.186583215370772 2.6067475457675755 3.306970652192831 3.9576860724482685 2.1807325085974298 0.44665066991001356 2.6673030048841611 4.06324253231287 3.7149790335679427 1.7698633220279596 2.702637686394155 2.0524326495360574 4.3528372421860677 1.6280808915616996 1.6364327445626248 1.236064304132017 10.084291665349154 1.2936225570738313 1.2580020220484605 3.2989699366735312 8.9790466479025763 5.4154540412127972 2.4610651269322261 2.8225306028034538 1.2342258987482635 2.7077664027456194 1.4656614086125048 0.80607196659548197 0.83275510231032956 122.91020598280011 1.9670163709670294 5.5200028768740594 4.5558522294741124 4.0581722924252972 5.8544428555760533 3.53667891130317 0.59547057002782822 1.793845899752341 0.58140952885150898 2.5603768543805927 1.7870000556576995
leaf_count=4400 1 1 25 3657 470 71 23 17 99 122 69 381 209 30 137 464 92 53 36 89 38 368 55 38 59 55 6 130 106 405 120 37 78 58 683 13 22 56 7 29 27 54 122 1271 64 19 125 80 52 11 149649 32 117 167 256 66 158 4 74 3 59 375
internal_value=0.000223921 -0.0204245 0.0210596 0.0303052 0.00983449 0.0136825 -0.00379572 0.00168016 -0.034123 0.00571899 0.00353927 -0.00522283 -0.0124199 0.0113722 0.0137404 -0.0242287 0.00815631 -0.00268291 0.00530137 0.00890368 0.010613 0.0243048 -0.000135133 -0.0120318 0.0123457 -0.0029524 -0.000633427 -0.0101063 0.0199825 -0.0225634 0.0204096 0.0260327 0.00410663 0.00496851 0.00269885 -0.00297202 -0.00586427 0.000222048 0.0145331 0.00725726 0.010213 0.00387857 -0.00845989 -0.00805617 0.0193728 0.0032395 -0.0167244 -0.013475 0.000931519 -0.00771849 -0.0345926 0.0231303 0.011838 0.0252415 -0.00585435 0.0163986 0.0004396 0.00800424 0.0070108 -0.023396 -0.0130237 -0.0194804
internal_weight=401.515 201.589 199.926 108.526 91.3997 26.3274 10.0705 77.3673 124.222 77.1691 69.8306 32.9067 21.6134 36.924 34.9122 10.3792 11.2933 7.43764 19.4073 17.9637 7.78674 16.2569 11.2342 5.91372 5.32048 4.19609 10.1725 6.82893 5.71681 4.16163 7.79116 3.85562 71.4312 69.3787 59.1714 26.1811 24.5447 16.1507 6.06637 32.9903 28.1237 17.6935 8.71442 4.86663 10.4302 3.83684 8.39402 4.7328 2.27173 2.60262 123.111 15.5048 7.48702 7.6077 5.68625 10.2073 4.77274 1.11048 3.05185 5.93615 5.77206 2.0118
internal_count=165594 157635 7959 4288 3671 631 192 7882 149753 3201 3079 1571 1261 1508 1132 900 310 181 846 810 167 439 361 93 268 436 571 541 144 411 239 129 3479 3401 3277 1320 1307 243 187 1957 537 203 149 1420 334 150 1064 1403 132 131 149650 286 149 270 939 124 180 103 103 4403 112 376
is_linear=0
shrinkage=0.035


Tree=108
num_leaves=63
num_cat=0
split_feature=29 32 34 30 15 2 8 10 15 10 27 40 29 32 7 54 28 12 30 1 54 11 8 0 27 43 28 34 7 12 15 12 12 14 9 14 15 16 12 9 10 11 11 15 17 16 14 0 16 11 1 27 11 15 38 37 8 30 29 29 28 7
split_gain=135.358 44.692 16.3532 7.04905 5.96068 5.57822 5.57964 4.14151 3.9348 3.20251 2.71895 2.16046 1.93048 1.86218 1.82438 1.73639 2.48803 1.38464 1.35211 1.75302 2.72196 1.91292 1.37284 1.26073 1.73325 1.24526 1.23056 1.21674 1.06437 1.58514 1.18784 2.72721 2.39133 3.39862 2.26295 1.96335 1.51832 1.56832 1.42296 2.09681 1.75181 1.40887 1.36231 1.61395 1.34024 1.50516 1.68027 1.22553 0.937477 0.786086 0.902458 0.729924 0.678769 0.656138 0.57786 0.556011 0.552905 0.527848 0.523265 0.468785 0.412285 0.402303
threshold=0.60326328873634349 0.26293487846851354 0.45000000298023229 0.16172623634338382 0.92031747102737438 0.3341702818870545 0.17267081141471866 0.240384615957737 0.36882591247558599 0.44949495792388922 0.5914268195629121 1.0000000180025095e-35 0.7353600561618806 0.99576270580291759 0.46247655153274542 0.25239369273185736 0.90152388811111461 0.60392647981643688 0.30384616553783422 0.48549756407737737 -0.090370997786521898 0.66987180709838878 0.17267081141471866 0.24314903467893603 0.69194823503494274 1.0000000180025095e-35 0.74175426363945018 0.26785714924335485 0.43534001708030706 0.50088694691658031 0.76239567995071422 0.50711974501609813 0.58688256144523632 0.75513628125190746 0.91476997733116161 0.83424907922744762 0.94570022821426403 0.92031747102737438 0.5949113965034486 0.82807883620262157 0.44949495792388922 0.67799538373947155 0.71291208267211925 0.87570226192474376 0.68333333730697643 0.9495762586593629 0.89323708415031444 0.99999997019767772 0.57307061553001415 0.55217784643173229 0.29179082810878759 0.5914268195629121 0.98936170339584362 0.7243877947330476 0.58571431040763866 1.5000000000000002 0.51925924420356762 0.20942982286214831 0.53863716125488292 0.96168524026870739 0.34299720823764807 0.94804319739341747
decision_type=2 2 2 2 2 2 2 2 2 2 2 2 2 2 2 2 2 2 2 2 2 2 2 2 2 2 2 2 2 2 2 2 2 2 2 2 2 2 2 2 2 2 2 2 2 2 2 2 2 2 2 2 2 2 2 2 2 2 2 2 2 2
left_child=1 7 4 10 11 6 -4 52 -8 55 54 17 14 15 48 16 18 26 23 21 25 22 -20 -14 -25 -21 51 49 29 -9 32 -32 -30 38 36 -35 37 42 -34 -40 -41 -36 -33 -44 45 46 -43 -46 -13 -16 56 -2 -1 -23 -3 -5 -51 -7 -11 -18 -58 -54
right_child=2 3 5 9 -6 57 8 28 -10 58 -12 12 13 -15 27 -17 59 -19 19 20 -22 53 -24 24 -26 -27 -28 -29 30 -31 31 34 33 35 41 -37 -38 -39 39 40 -42 44 43 -45 47 -47 -48 -49 -50 50 -52 -53 61 -55 -56 -57 60 -59 -60 -61 -62 -63
leaf_value=-0.029125268379521795 0.0072629067365556537 -0.034722725027079258 0.030072930470596587 -0.023169552316700186 0.030878193200631607 0.0089460471879425837 0.013765109075479461 -0.010021951628060157 -0.026791439964459044 0 0.011932465279850197 -0.012255316550880567 0.028799614390638099 -0.014728405242651442 0.0029193099018061065 0.025432445079557889 0.0089152692134705745 0.029658030974056969 -0.014230135268294631 0.0075056877776281143 0.028748555037383012 -0.0081955509631193406 0.013995698138089643 -0.015480245802525652 0.022935759955845018 -0.018483508813765447 0.021037798181529663 0.0093281524073947266 -0.026815734783120469 0.040273938765455604 0.0350958125900016 0.022407816019011713 0.04281881450258624 -0.036399927792433069 0.024447667994873176 0.0095024790450495868 0.01072210947502251 -0.031321251597420149 -0.021778258912430057 -0.0174413108526289 0.019081951639978414 0.0210650456719104 -0.02277396149686273 0.01348156879700207 0.02357563298628795 -0.010396927476552102 -0.0060427836444046723 0.0017994691462515334 0.020752135466291694 0.0017180557775762311 0.001216858455297261 -0.015955560772003063 -0.0099146610356104399 -0.032257907356161179 0 0.0062721484324906214 0 0.035396079204373009 0.033374188383648105 0.028046825103820262 -0.036718329630423131 0.016817545679077447
leaf_weight=4.8211817138362667 2.219494133256374 119.1713298347313 10.095593001693489 2.5826415919000278 13.217651186510919 2.1008744556456795 5.2109638452529889 0.52982779068406571 4.5296078659594059 0.8502002204768363 0.997413260047323 0.65559892886085291 2.4084259979426887 3.9170633978210381 0.78279949154239137 5.1667667099973178 5.2917810864746553 5.9433177349856123 2.6303600976243633 3.4934236055705696 3.3126129973679763 4.0210050955647603 3.9723304163198918 2.5978914434090261 1.3971980062779037 3.4942241368116811 2.8049082607030869 0.94834898505359877 3.4777022527996477 1.2139849762897936 2.6597622277913606 0.97548818564973583 0.64374350081197818 2.5893670148216184 4.4817366605857378 1.0158284555654971 2.634793219389393 3.4971860225195996 1.6514067322714243 1.0424285813933218 7.9658630398334935 4.7871969547122752 3.3655625755782239 1.3627338788937775 5.8455679826438409 9.7328019570559263 4.4741565613076091 6.9364459905773401 2.1241566077806056 0.26368118042591948 0.85956813080701966 2.3358549335971475 0.53258418815676112 3.6230696344282478 0.71153234178200264 0.32992887427099038 0.26449368649628002 80.978346502408385 2.0452075375360437 4.2889255173504353 4.5685283722705208 0.21603173017501831
leaf_count=4078 54 149425 333 1107 461 40 56 149 43 50 72 147 44 50 91 111 59 139 24 41 58 74 73 106 17 47 31 22 1432 64 37 47 65 160 28 26 24 131 261 325 63 66 348 19 60 54 30 70 113 33 14 44 296 41 99 12 40 3744 90 68 687 1
internal_value=0.000239104 -0.0195542 0.0214648 -0.0322276 0.0100279 0.0308662 0.0130075 0.00154624 -0.0055073 0.0042377 -0.0340288 0.00586082 0.0028295 0.00577064 -0.010094 0.00788046 0.00500024 0.0181514 0 -0.00382476 0.00660503 -0.0115336 0.00189811 0.0131622 0 -0.00573921 0.00600512 -0.0184511 0.00400021 0.0256337 0.00304699 0.00580989 -0.00430543 0.00208103 0.0034371 -0.0234512 -0.00920758 -0.0157494 0.0117531 0.00606538 0.0131854 0.00779501 -0.00243167 -0.0111844 0.00466529 -0.00113832 0.00831551 0.0130003 0.0108586 -0.0235128 -0.02741 -0.00474184 -0.0250065 -0.0224177 -0.0345357 -0.0181892 -0.0322197 0.0348832 0.0265741 0.0196519 -0.0346485 0.001004
internal_weight=392.661 203.142 189.519 126.688 86.6035 102.915 19.8362 76.4534 9.74057 5.80798 120.88 73.3858 60.0823 49.6151 10.4672 45.698 40.5312 13.3036 30.9505 24.547 10.3003 14.2468 6.60269 6.40352 3.99509 6.98765 7.36026 7.68742 70.8836 1.74381 69.1398 50.7534 18.3863 14.9086 48.0937 3.6052 11.8358 9.20097 11.3034 10.6597 9.00829 36.2579 5.70378 4.7283 31.7762 18.9942 9.26135 12.782 2.77976 6.73907 5.95627 4.55535 5.5698 7.64407 119.883 2.91257 5.0967 83.0792 2.89541 9.58071 4.83302 0.748616
internal_count=165594 158689 6905 150855 2689 4216 432 7834 99 1259 149596 2228 1960 813 1147 763 652 268 525 358 146 212 97 167 123 88 129 887 3459 213 3246 914 2332 900 877 186 569 545 714 649 388 308 414 367 280 150 96 130 260 865 774 98 4375 115 149524 1119 760 3784 140 127 727 297
is_linear=0
shrinkage=0.035


Tree=109
num_leaves=63
num_cat=0
split_feature=30 32 36 38 2 28 14 32 10 2 8 40 28 15 28 0 30 30 14 32 32 2 39 17 11 14 0 16 41 14 14 14 12 6 14 16 12 14 16 9 9 2 6 30 9 41 38 14 15 12 55 14 51 9 11 55 0 28 41 28 55 0
split_gain=128.528 47.094 16.7828 6.55999 6.36987 4.52051 4.18001 3.73988 3.68339 2.87632 2.86417 3.03408 2.8561 2.74944 2.11707 1.93105 1.53524 1.29263 1.20809 1.42336 1.33654 1.17646 1.12626 1.04936 1.67605 2.09912 2.03358 1.80901 1.54166 1.95349 1.43343 1.11013 1.25408 1.10518 2.88118 2.34547 2.18832 1.94887 1.11371 1.08492 1.00244 2.78588 0.998565 0.94593 0.914044 0.784128 1.32673 1.70108 0.744929 0.73524 0.651681 0.614007 0.592358 0.588452 0.540647 0.517815 0.507921 0.501896 0.487321 0.444954 0.437398 0.356364
threshold=0.14039409160614016 0.26293487846851354 1.0000000180025095e-35 0.36666667461395269 0.51850178837776195 0.80608585476875316 0.44092722237110143 0.62547710537910473 0.240384615957737 0.51850178837776195 0.17267081141471866 2.5000000000000004 0.64174234867095958 0.90070420503616344 0.53627237677574169 1.0000000180025095e-35 0.22902098298072818 0.089572194963693633 0.63859337568283092 0.93305322527885448 0.90254694223403942 0.28329823911190039 1.0000000180025095e-35 0.76388889551162731 0.53001201152801525 0.76689496636390697 0.41016845405101782 0.74133810400962841 2.5000000000000004 0.70051544904708873 0.89699381589889537 0.66978195309638988 0.62323853373527538 0.82807883620262157 0.83752354979515087 0.64218327403068554 0.79604920744895946 0.78830561041831981 0.63453349471092235 0.96225070953369152 0.93440860509872448 0.3364559412002564 0.83047896623611461 0.30384616553783422 0.1702898591756821 1.0000000180025095e-35 0.58571431040763866 0.79095324873924266 0.85270008444786083 0.47043995559215551 0.73398485779762279 0.71718621253967296 1.0000000180025095e-35 0.95861870050430309 0.74133810400962841 0.93735697865486156 1.0000000180025095e-35 0.86996778845787059 1.0000000180025095e-35 0.96647939085960399 0.76560765504837047 0.77666497230529796
decision_type=2 2 2 2 2 2 2 2 2 2 2 2 2 2 2 2 2 2 2 2 2 2 2 2 2 2 2 2 2 2 2 2 2 2 2 2 2 2 2 2 2 2 2 2 2 2 2 2 2 2 2 2 2 2 2 2 2 2 2 2 2 2
left_child=1 8 4 5 10 7 -5 40 52 42 22 14 61 15 16 -3 49 -15 -7 20 57 -16 -2 24 25 31 27 -26 30 -30 33 32 -10 35 37 38 48 51 -28 -32 41 43 44 -4 -9 46 47 -8 50 -12 -37 -35 56 -46 -21 -25 -1 -20 -14 -23 -52 -11
right_child=2 13 3 6 -6 18 45 9 23 12 11 -13 58 17 21 -17 -18 -19 19 54 -22 59 -24 55 26 -27 28 -29 29 -31 39 -33 -34 34 -36 36 -38 -39 -40 -41 -42 -43 -44 -45 53 -47 -48 -49 -50 -51 60 -53 -54 -55 -56 -57 -58 -59 -60 -61 -62 -63
leaf_value=0.0041488688880050185 0.0024349307995027349 0.012801184439980169 0.032901541494960392 -0.014277032609972689 0.034728393440594987 7.7805338687609254e-05 -0.0084691588741042986 0 -0.011843082227369208 -0.00020630359962294325 -0.010570831154890579 -0.025906991556983165 0.015302786268886053 -0.017205014932141945 0.003560572947390751 -0.03474328053000901 -0.031322789233110743 0.020701743456525475 -2.6093124219517084e-05 0.0053098108361496494 -0.014499648107545107 0.028189260747902165 0.03463116069678189 0.0015257388638658168 -0.011786902968378855 0.045895002801277382 -0.00512135529354914 0.036955660890396695 0.014383644930147661 -0.032776001688875511 -0.0017397790645670231 -0.020384086678783098 0.025004636774008514 0.0082611876195803364 -0.0079606759899027314 -0.03103850840998354 0.0023275831136059066 0.030085078281791307 0.050236649016941096 0.019734632538293526 0.028067537072412257 -0.018636151329049642 0.0062110007979655699 -0.0045396806070244844 -0.034861204704883395 0.032497263213724321 0.029561209537441374 0.020964813656033442 0.0043791025496727372 0.019379264419346617 0.0030159649878346603 -0.018953989329175178 0.002416480799895131 0.0015168871556331418 0.032212079407659633 0.016915472389088231 -0.028663741375734544 0.020095811831543239 -0.0014999424376892442 0.0051878961012063844 -0.016174111900525614 -0.033917941804156776
leaf_weight=0.18248899281024833 2.0138758737593916 0.47873055189847846 1.9497839827672607 2.8630675065796849 79.560582099366002 7.8472693823277977 4.1298747713444754 0.91406456753611642 0.91661937022581685 0.70641528919804697 0.79620023223106517 2.0191713484819038 4.6360921724699438 1.1599200885975727 6.2051712897373354 114.04464694944909 1.273184403660707 1.2227353315101934 1.7901077251881341 1.9738801084458826 2.0376905538141727 7.3909671751316619 8.4459824692457897 4.7065583374351236 0.64306176837999318 1.2589242928661404 0.28727269952651369 2.1023399707628414 0.71711829013656769 2.8832879054825753 4.3206204191665147 0.83883503742981691 2.0008800404611975 0.98706604744075166 11.396262838155961 6.1306420036708005 6.985055264143738 4.6634370457613841 0.18501423136331141 5.6822903044521809 1.8796604942763222 2.9130738854873925 0.49299214326310981 0.63659878238104273 9.0991803190554457 13.215528752654791 4.6614928250783123 3.4929878273396753 0.72074501751922149 1.2586115570738909 1.6393626551143823 1.038875551021192 0.57782256603240956 0.29683628899511028 5.6722593102604151 8.8240543305873871 5.0204219278530218 3.4234334267675877 2.5617290008813143 2.2273990884423256 2.37198757159058 1.8126192541676571
leaf_count=1 34 3 200 48 3606 66 109 11 171 91 84 36 66 1081 77 147721 34 94 44 29 33 172 270 42 230 14 146 104 86 173 68 38 57 32 88 1772 62 57 18 39 43 425 48 16 2128 456 132 89 45 60 52 51 3 47 121 99 4408 87 46 38 45 48
internal_value=0.000260294 -0.0197256 0.0206592 0.00811803 0.0293873 0.00040807 0.0212827 -0.0088275 0.00148578 -0.0163862 0.0151931 0.00695945 -0.00171177 -0.0336348 0.0117119 -0.0344051 -0.0107254 0.0015825 0.0117787 0.0173294 0.00457801 0.016996 0.0294911 0.0038224 0.00160755 0.0191226 -0.000317227 0.0245054 -0.00220225 -0.0215373 -0.000205755 0.00165133 0.0124664 -0.00353877 0.00240877 -0.00941215 -0.0124567 0.0192676 0.0335794 0.0108258 0.0112211 0.00149215 -0.0280253 0.0240138 -0.0303762 0.0257954 0.0164185 0.00547949 -0.0216533 0.00696701 -0.0240445 -0.00618958 -0.0231316 -0.0333399 0.0270893 0.0122765 -0.0264653 0.0137312 0.00944221 0.0241825 -0.00859622 -0.0282038
internal_weight=384.185 193.987 190.198 79.0066 111.191 50.6437 28.363 27.899 77.081 20.5199 31.6306 21.1707 9.71686 116.906 19.1515 114.523 3.328 2.38266 22.7446 14.8974 7.25123 15.8235 10.4599 71.3003 57.7697 5.01526 52.7544 2.7454 50.009 3.60041 46.4086 3.75633 2.9175 36.4057 18.0856 18.3201 17.8478 6.68938 0.472287 10.0029 7.37912 5.49946 10.8031 2.58638 10.3101 25.4999 12.2844 7.62286 10.8627 2.05481 10.142 2.02594 5.78073 9.39602 7.64614 13.5306 5.20291 5.21354 7.19782 9.61837 4.01135 2.51903
internal_count=165594 156800 8794 4383 4411 3549 834 3169 7901 2485 805 501 251 148899 465 147724 178 1175 380 314 164 287 304 3489 3348 280 3068 334 2734 259 2475 266 228 2368 228 2140 1976 140 164 107 684 641 2234 216 2186 786 330 198 1914 144 1869 83 4412 2175 150 141 4409 131 112 210 97 139
is_linear=0
shrinkage=0.035


Tree=110
num_leaves=63
num_cat=0
split_feature=29 32 34 2 15 38 10 29 14 15 12 10 17 14 43 30 40 2 15 9 0 28 2 54 9 10 30 15 38 7 12 15 12 12 14 9 14 15 16 11 15 12 12 10 7 11 17 16 14 0 29 2 16 30 14 30 28 11 16 29 32 27
split_gain=123.335 46.6722 17.0888 6.14364 5.80749 3.99178 3.80766 3.71009 3.07219 3.02668 2.73296 2.31934 6.37341 4.16527 2.73647 2.59451 2.23686 2.23599 3.82521 1.95393 2.02498 1.67839 1.42349 1.42212 1.27574 1.07255 1.27809 1.59321 1.02261 1.00704 1.50394 1.06178 2.5586 2.28073 3.1942 2.14007 1.89324 1.46797 1.44958 1.36261 1.3958 1.35203 1.99284 1.45121 1.68155 1.31411 1.21774 1.42373 1.57003 1.19075 0.994547 0.949511 0.879713 0.750174 0.731013 0.717909 0.714857 0.681642 0.665731 0.606806 0.602373 0.590863
threshold=0.53863716125488292 0.26293487846851354 0.45000000298023229 0.50935709476470958 0.92031747102737438 0.46428571641445165 0.240384615957737 0.89498746395111095 0.44092722237110143 0.28759399056434637 0.96877202391624462 0.080128207802772536 0.30384616553783422 0.59896907210350048 1.0000000180025095e-35 0.16172623634338382 1.0000000180025095e-35 0.24694594740867618 0.30471627414226538 0.81016731262207042 0.83118847012519848 0.78024387359619152 0.15310041606426242 0.11838491261005403 0.70900535583496105 0.44949495792388922 0.42481203377246862 0.58102023601531994 0.46428571641445165 0.43534001708030706 0.50088694691658031 0.76239567995071422 0.52148920297622692 0.58688256144523632 0.75513628125190746 0.91476997733116161 0.83424907922744762 0.94570022821426403 0.92031747102737438 0.71291208267211925 0.87570226192474376 0.5949113965034486 0.81169214844703685 0.58571431040763866 0.75582656264305126 0.67799538373947155 0.68333333730697643 0.9495762586593629 0.89323708415031444 0.99999997019767772 0.84764185547828685 0.62731361389160167 0.99438202381134044 0.58114033937454235 0.73123827576637279 0.56385868787765514 0.84918582439422619 0.98936170339584362 0.73375529050827037 0.6253834366798402 0.62871870398521434 0.53532215952873241
decision_type=2 2 2 2 2 2 2 2 2 2 2 2 2 2 2 2 2 2 2 2 2 2 2 2 2 2 2 2 2 2 2 2 2 2 2 2 2 2 2 2 2 2 2 2 2 2 2 2 2 2 2 2 2 2 2 2 2 2 2 2 2 2
left_child=1 6 4 5 11 7 57 -4 9 -7 -3 13 51 17 15 28 -16 18 22 24 21 -21 -2 -22 56 26 27 -17 -14 30 -8 33 -33 -31 41 37 -36 38 39 -34 -41 -35 43 44 58 -37 47 48 -47 -48 -26 55 -46 54 -27 -13 -18 -1 -43 -10 -29 -12
right_child=2 10 3 -5 -6 8 29 -9 59 -11 61 12 14 -15 16 25 19 -19 -20 20 23 -23 -24 -25 50 53 -28 60 -30 31 -32 32 35 34 36 45 -38 -39 -40 40 -42 42 -44 -45 52 46 49 -49 -50 -51 -52 -53 -54 -55 -56 -57 -58 -59 -60 -61 -62 -63
leaf_value=-0.028814865445032964 0.021543351749799957 -0.034654148629159394 -0.036156573988862815 0.035329914688855983 0.029485924323740909 0.022073548021434478 -0.0099006965929459654 0.016048314935225929 0.003880042017725056 -0.017469706155374232 -0.0079117736217850648 -0.031569772834216595 -0.024259372377763506 0.030441808544799345 0.020421538478249849 0.016623510789013838 -0.01368738651794774 0.023603043066381921 -0.026482425548632539 -0.0073078723345782279 -0.021629099200440729 0.028890172461088815 -0.0068327902608858061 0.0056923153082171036 -0.00090086260491988111 0.038376382945104044 0.022336743454219817 0 0.012222286335081644 -0.026506465200002882 0.039010505568006976 0.033411664224989736 0.022210016263519438 0.041590242359938606 -0.035793062336721027 0.023499624573745638 0.0093502486695855366 0.010340264706886464 -0.030983245929523066 -0.022350161019024515 0.012117460300683353 0.0029223816493465075 0.025093978210777863 0.012651113438540395 -0.010852514635782544 0.020356181080689418 0.022910752423568295 -0.010148391134840758 -0.0058358899703826123 0.0013646635981302035 -0.043507253396462491 0.0051445249914802592 0.026000533888142538 0.0014339220073576158 0.015837758372564181 0 0.017006341467618136 0.0014289775649977045 -0.031740767768453318 0.033223927516634243 -0.034897552373378084 0.019611832513017114
leaf_weight=4.5593747054808764 4.236957086715849 110.39805696095573 2.4994718829402727 73.991479802760296 13.259727500844745 3.6817033253610161 0.52256720920558919 2.2581993564963341 1.5323140249238338 3.7781047895550728 1.0941263246932056 7.1407423648633976 1.9213578501367039 9.5253285775543173 3.2076834996114512 0.93554414447862955 0.96470249828416921 3.2533620870672157 5.0270088306860998 1.8002087221248073 4.5237759593874216 3.0853028185665607 2.8012361990986392 3.1755063306191005 1.1099283692892643 4.6363193618599308 1.4938483312726019 0.97451836703112382 0.51735506765544403 3.330903532390951 1.2303490195190532 2.7763379127718499 0.9613325201207753 0.65971342695411195 2.5221097109024408 4.4646916834171853 1.0170148672768844 2.602579978411085 3.4035317212110385 3.2537446045316756 1.2606158746639264 0.41665256023406838 3.266952418256551 2.7239380399696529 0.52064180729212217 4.7983227096265217 5.7260549925267679 9.7223698385059834 4.4643733649281785 6.851609056815505 2.3288602428510785 0.65796909853816021 0.75843852292746305 2.0609647501260033 7.7042332943528891 0.7872885689139365 0.75517436116933823 0.72578582831192751 2.879012148885522 11.488278381526468 1.0643942105816675 0.70863909169565875
leaf_count=4070 49 148192 36 3654 470 60 149 47 21 22 479 2047 238 191 98 31 106 137 341 277 51 40 59 53 211 63 22 30 8 1429 64 43 45 65 159 28 26 24 129 346 18 86 20 26 118 66 60 54 30 70 18 8 4 41 168 5 6 293 394 431 62 6
internal_value=0.000278565 -0.0197401 0.0202551 0.0301987 0.00891099 0.0142489 0.00152557 -0.0122863 0.0208611 0.001935 -0.0339526 0.00492343 0.00050216 0.0134671 0.00627935 0.0148433 -0.00255066 0.00147875 -0.00556909 -0.0077583 0 0.0159819 0.0103691 -0.0105993 -0.0239131 0.0192985 0.00263536 -0.00950909 -0.0141986 0.00385623 0.0248582 0.00291689 0.00553628 -0.00408764 0.00210866 0.00317996 -0.0228475 -0.00931771 -0.0158973 -0.00264338 -0.0116385 0.0114884 0.0058727 -0.00429626 -0.0154743 0.00740153 0.00436515 -0.00113448 0.00805268 0.0123964 -0.0338449 -0.0252564 0.0112842 0.0237344 0.0268098 -0.0284651 0 -0.0245382 -0.0268836 0.0305433 -0.0241761 0.00479572
internal_weight=375.799 187.62 188.179 99.2296 88.9493 25.2381 75.419 4.75767 20.4804 7.45981 112.201 75.6896 50.8457 24.8439 42.2597 21.3085 20.9511 15.3186 12.0652 17.7435 12.5848 4.88551 7.03819 7.69928 5.15867 18.8698 4.46831 2.97446 2.43871 70.1339 1.75292 68.3809 50.2856 18.0954 14.7645 47.5092 3.53912 11.4818 8.87922 5.47569 4.51436 11.2253 10.5656 7.29868 4.57475 36.0274 31.5627 18.9851 9.2627 12.5777 3.43879 8.586 1.27908 14.4015 12.3406 7.92803 1.71988 5.28516 3.29566 13.0206 2.03891 1.80277
internal_count=165594 156493 9101 4271 4830 617 7816 83 534 82 148677 4360 3583 777 1523 663 860 586 449 762 421 317 108 104 341 417 145 123 246 3453 213 3240 913 2327 898 870 185 562 538 409 364 713 648 628 602 308 280 150 96 130 229 2060 122 272 231 2052 112 4363 480 452 92 485
is_linear=0
shrinkage=0.035


Tree=111
num_leaves=63
num_cat=0
split_feature=1 32 34 2 15 29 37 10 27 40 27 28 1 40 8 32 29 14 12 9 0 40 14 38 1 28 10 30 30 29 28 6 41 14 43 17 14 0 9 10 16 0 15 15 9 7 2 16 43 0 16 12 43 8 14 51 15 12 6 6 11 0
split_gain=117.671 46.4587 15.4504 6.99126 5.39365 3.98645 4.69072 3.31272 2.25891 2.10441 3.66482 3.95418 2.58164 1.95865 2.4381 1.79351 1.93703 1.62173 1.53164 1.42286 1.42094 1.38502 3.71204 2.01193 1.89758 1.66753 1.86736 1.34502 1.33235 1.31038 1.22692 1.07087 0.999964 1.24606 1.17835 1.70563 1.29364 1.71526 1.92073 1.21134 1.15066 2.24754 2.1658 1.02689 0.94926 0.922989 2.0806 0.900901 0.764909 0.72328 0.722292 0.710729 0.698825 0.671152 1.29182 0.582095 0.57806 0.855131 0.573793 0.533196 0.529564 0.483445
threshold=0.078810192644596114 0.26293487846851354 0.45000000298023229 0.50935709476470958 0.92031747102737438 0.89498746395111095 1.0000000180025095e-35 0.240384615957737 0.5914268195629121 1.0000000180025095e-35 0.41943350434303289 0.64174234867095958 0.21894425153732303 2.5000000000000004 0.17267081141471866 0.99576270580291759 0.97169560194015514 0.41421362757682806 0.60392647981643688 0.8989795744419099 1.0000000180025095e-35 1.5000000000000002 0.84660634398460399 0.46428571641445165 0.58753976225852977 0.84918582439422619 0.58571431040763866 0.16172623634338382 0.30384616553783422 0.6253834366798402 0.74175426363945018 0.069570478051900878 3.5000000000000004 0.92907443642616283 1.0000000180025095e-35 0.86607143282890331 0.79095324873924266 0.83118847012519848 0.94494947791099559 0.44949495792388922 0.91715687513351452 0.87729144096374523 0.74712035059928905 0.35043859481811529 0.86391696333885204 0.74322345852851879 0.46851472556591039 0.64051282405853283 1.0000000180025095e-35 1.0000000180025095e-35 0.48331478238105779 0.44409184157848364 1.0000000180025095e-35 0.81661397218704235 0.62115561962127697 1.0000000180025095e-35 0.85270008444786083 0.77224791049957286 0.90070420503616344 0.83047896623611461 0.52041664719581615 1.0000000180025095e-35
decision_type=2 2 2 2 2 2 2 2 2 2 2 2 2 2 2 2 2 2 2 2 2 2 2 2 2 2 2 2 2 2 2 2 2 2 2 2 2 2 2 2 2 2 2 2 2 2 2 2 2 2 2 2 2 2 2 2 2 2 2 2 2 2
left_child=1 7 4 5 9 6 -4 55 49 18 27 12 20 -7 -15 16 21 -8 30 31 -12 25 23 -23 -25 28 -27 -11 -13 -19 50 -14 33 34 39 36 47 38 56 43 44 42 -42 -9 53 46 48 -36 -30 -3 -2 59 -35 54 -41 61 57 -38 -10 -45 -44 -1
right_child=2 8 3 -5 -6 13 17 32 58 10 11 15 19 14 -16 -17 -18 29 -20 -21 -22 22 -24 24 -26 26 -28 -29 45 -31 -32 -33 -34 52 35 -37 37 -39 -40 40 41 -43 60 51 -46 -47 -48 -49 -50 -51 -52 -53 -54 -55 -56 -57 -58 -59 -60 -61 -62 -63
leaf_value=0.0039608759336689919 0.0079007472203686258 0.0046916967488090594 -0.039494889715780065 0.035165071911027378 0.029270563364838121 0.029522495218810646 -0.01212168455004918 0.023061053680633357 -0.0091279104709654051 -0.0017974025068056251 0.0095208147833666604 0.017275539498055839 0.010631462948108459 0.021726422024936062 -0.026259511611074482 -0.015792619867335843 0.02724103445783289 -0.0041044901473887285 0.029209275026015769 0.021963475465718113 -0.03514973709057842 -0.032452761582519078 0.026213558436689471 0.012885464494018381 -0.01838343330611868 0.031070746694258702 0 0.03445841924947117 0.001586232795627884 0.028677760408941568 0.020161665760032525 -0.020831006989580347 -0.015789856923203095 0.0052664328030155912 0.012715282716865057 0.024135523420380587 -0.021091704307270212 -0.0083330045171101427 0.040280188712956889 0.027500517071439613 0.011240573471234503 0.015306484434134836 -0.0017097736910146883 -0.0093677217968120268 0.0021782003813304689 -0.020334904720214736 0.021181014803331302 -0.019431773578721327 -0.023818279382281239 -0.034680218301581932 -0.015409059934508506 -0.01989919583690692 0.025334803304575899 0.036359315851466623 -0.0067316370062155831 0.0026153803578350798 0.01140299976664984 0.010089317524482099 0.02119318681379866 0.020017353357818173 -0.027621465764588408 -0.028225220125384153
leaf_weight=0.17893373966216941 1.8365459272172282 0.19231759011745353 2.3145405414979923 72.051587789319456 12.86745056696236 11.859978199005125 2.040926426416263 0.13795072096399863 0.48163368634413817 1.274782211461569 0.43859054148196985 3.173733787029053 1.1413304693996909 1.7781267035752528 1.429496521130204 3.8302910226630038 4.0146732348948708 1.606516011059284 6.0439789531519637 1.5245906934142111 6.129527531680651 3.5553944220882823 2.6505195554345837 3.9002996366471052 3.5778857488185167 5.3876585103571397 3.5210580118000507 4.4210042890626937 2.005088418023659 3.7187562678009272 2.7229962702840567 2.6765140269417316 2.0212644886923945 5.7123731917235983 0.38955484097824022 1.5681776925921429 1.5778615049784996 10.034899382619185 1.2727993149310348 1.4448822333943119 3.2859626615536417 8.8353800065815431 1.7927249033236874 0.49946925183758129 3.6742565368767828 2.6584067493677139 2.7067593112587929 7.7025033922400326 2.2100310666719452 107.14006186573533 2.7414705277769826 3.5631118394085206 4.1902629882097244 3.1178168375045061 2.0897780341329053 0.57308770716190327 2.2050785166211426 0.89002397947479028 0.58702718466520309 0.49174466542899609 3.5055671093286946 4.646133050264325
leaf_count=1 32 1 25 3657 470 344 23 14 99 242 5 73 13 75 20 56 68 38 147 22 1576 90 53 50 39 54 47 173 33 106 31 143 78 66 145 13 138 56 7 25 27 54 13 261 77 32 24 919 80 149649 118 1141 58 38 194 3 31 11 4 4 109 4399
internal_value=0.000297124 -0.0194428 0.0200535 0.0296364 0.00913712 0.012664 -0.00436708 0.00163003 -0.0340135 0.00525337 0.0023008 -0.000597571 -0.0176813 0.0234148 0 0.00432774 0.00671515 0.00965358 0.0173628 0.000256805 -0.0308405 0.0036022 -0.00474368 -0.0140315 -0.00206585 0.00900532 0.0197859 0.0267647 0.000329535 0.0191494 0.00479702 -0.0104445 0.0038254 0.00467979 0.00252164 -0.00293204 -0.0057272 4.94673e-05 0.0138637 0.0068959 0.00971723 0.00358294 -0.00845643 -0.00794862 0.018526 -0.0060557 0.000861194 -0.016271 -0.0130756 -0.0345347 -0.0056905 -0.0135008 0.0156242 0.0256332 0.00946846 -0.0224408 0.000219474 -0.00917056 0.00802932 0.00618425 -0.0210732 -0.0259557
internal_weight=367.613 183.803 183.811 96.7999 87.0106 24.7483 9.68074 75.4016 108.401 74.1431 60.7981 55.1024 11.9106 15.0676 3.20762 43.1918 39.3615 7.3662 13.345 5.34244 6.56812 35.3468 13.6841 11.0336 7.47819 21.6627 8.90872 5.69579 12.754 5.32527 7.30101 3.81784 70.0034 67.9822 58.0795 25.6409 24.0727 15.9807 5.94576 32.4386 27.7464 17.4196 8.58425 4.69228 10.3267 9.58029 6.92188 8.09206 4.21512 107.332 4.57802 4.55433 9.90264 6.65248 3.53466 5.39815 4.67296 2.46789 1.06866 0.991214 5.29829 4.82507
internal_count=165594 157635 7959 4288 3671 631 192 7882 149753 3201 2873 2458 1759 439 95 699 643 167 328 178 1581 575 232 179 89 343 101 415 242 144 181 156 3479 3401 3277 1320 1307 243 187 1957 537 203 149 1420 334 169 137 1064 113 149650 150 1406 124 257 219 4403 180 149 103 265 122 4400
is_linear=0
shrinkage=0.035


Tree=112
num_leaves=63
num_cat=0
split_feature=29 32 34 2 15 38 10 14 15 1 10 10 17 14 43 30 54 30 2 15 2 0 14 9 10 30 15 38 32 41 14 16 14 8 11 14 14 17 43 9 16 8 55 2 15 14 17 11 9 44 16 30 14 30 11 54 2 32 9 6 0 41
split_gain=112.253 44.9598 16.3743 6.16953 5.42656 3.74358 3.52405 3.02107 2.88318 2.40494 2.32655 2.19612 5.9187 3.96495 2.57026 2.37608 2.14792 2.81756 2.11544 3.57326 1.33446 1.30503 1.1854 3.14836 1.05465 1.19826 1.51999 0.97033 0.969054 0.95678 1.08542 1.17295 3.30416 1.46766 1.6411 1.59812 2.36411 1.24434 1.54042 1.20517 2.06238 0.929768 0.915745 0.912451 0.886996 0.873806 1.89862 0.923316 0.786877 0.758378 0.739336 0.723319 0.708835 0.692153 0.678346 0.599276 0.598613 0.575611 0.533749 0.830378 0.482389 0.480533
threshold=0.53863716125488292 0.26293487846851354 0.36666667461395269 0.50935709476470958 0.92031747102737438 0.36666667461395269 0.240384615957737 0.44092722237110143 0.28759399056434637 0.43283110857009893 0.86607143282890331 0.080128207802772536 0.30384616553783422 0.59896907210350048 1.0000000180025095e-35 0.16172623634338382 -0.2226719334721565 0.46410256624221807 0.24694594740867618 0.30471627414226538 0.15310041606426242 0.83118847012519848 0.89009663462638866 0.88067796826362621 0.44949495792388922 0.42481203377246862 0.58102023601531994 0.46428571641445165 0.90254694223403942 3.5000000000000004 0.92907443642616283 0.86526826024055492 0.84889996051788341 0.64051282405853283 0.89379698038101207 0.64051282405853283 0.55217784643173229 0.86607143282890331 1.0000000180025095e-35 0.99230769276618969 0.91715687513351452 0.77346038818359386 0.28090251982212072 0.62731361389160167 0.88047617673873912 0.84660634398460399 0.64583334326744091 0.61451050639152538 0.86542212963104259 1.0000000180025095e-35 0.77459675073623668 0.58114033937454235 0.73123827576637279 0.56385868787765514 0.98936170339584362 0.24038911610841754 0.70000678300857555 0.62871870398521434 0.83457711338996898 0.83424907922744762 0.87729144096374523 2.5000000000000004
decision_type=2 2 2 2 2 2 2 2 2 2 2 2 2 2 2 2 2 2 2 2 2 2 2 2 2 2 2 2 2 2 2 2 2 2 2 2 2 2 2 2 2 2 2 2 2 2 2 2 2 2 2 2 2 2 2 2 2 2 2 2 2 2
left_child=1 6 4 5 11 9 54 8 -7 -4 56 13 43 18 15 27 -16 22 19 20 -2 -19 23 42 25 26 -17 -14 -23 30 31 32 33 35 61 36 -8 38 39 40 41 -33 -18 53 45 46 47 -40 -43 -32 -36 52 -26 -13 -1 -9 -3 -28 -52 -60 -41 -35
right_child=2 10 3 -5 -6 7 29 55 -10 -11 -12 12 14 -15 16 24 17 21 -20 -21 -22 28 -24 -25 51 -27 57 -29 -30 -31 49 37 -34 34 50 -37 -38 -39 44 60 -42 48 -44 -45 -46 -47 -48 -49 -50 -51 58 -53 -54 -55 -56 -57 -58 -59 59 -61 -62 -63
leaf_value=-0.028506201157053115 0.020753210159130234 -0.034676229055775699 -0.032022133635291987 0.035238792088053229 0.029008144280761639 0.021611118184163825 -0.010405482665343696 0.032695538941266783 -0.01723731091567484 0.010117366199626719 0.0051140829620763282 -0.031211308078371608 -0.023631389736830311 0.029971115104844775 -0.023783389947196285 0.016064798789987556 0.00013899220783314994 0.029851479365668971 0.02304441110447334 -0.025997860252733217 -0.0067568268451966571 0.016335620947860917 -0.034093831888532176 0.020061098214373883 0.037803035242300338 0.021684459603634479 0 0.01199312550272549 -0.0082201693902136195 -0.01540822306966891 0.024994313972088639 -0.014146650317539717 0.043151299060870375 -0.025634703106871486 -0.013795428727366119 -0.011530717823023371 0.052730097577434111 0.019717750400036857 0 0.0014446394669908056 -0.026421766633616013 0.024620900303634445 -0.031980101006089501 0.0050529710383305773 0 -0.029495576184689561 0.0096318771445436328 -0.032303963285075579 -0.0047170634072975027 0.0043153610639260773 0.022215226568506972 0.0012555634349646861 0.015369319586199189 0 0.0016964970102657706 0.0022222007203078734 0.00082992591874286523 -0.03440547482409341 -0.016895699740795495 0.012282459744483821 0.014036900872143925 0.0026981190746163553
leaf_weight=4.3222137899720101 4.2047151059377956 103.03118962293956 2.3231015708879594 69.208823095133994 12.59578119125217 3.5693381838500526 0.54515788500430007 11.162263914418871 3.7725187623873353 2.4219347201287746 1.4454082030570123 6.8640865346533229 1.8637472135596937 9.2369000495527853 3.6551394582493257 0.92856339097488971 1.2720223725773423 3.4125784449279291 3.2027087296009986 4.9006363619118929 2.7857536125229672 2.6454321704804897 1.2136129962746052 2.8960376075119711 4.4610969070345146 1.4122925754636524 0.96153470274293829 0.51180449780076731 3.1859931815415621 2.0235579222789957 4.1136735528707487 0.80833381944103422 2.1298232254339373 2.8617666271165931 0.79147816129261617 0.61603768274653692 1.1964993845904244 2.5308063235133877 1.9308150955475882 7.3932433632435304 2.8178875626763329 2.2839634722331543 2.4056779040256515 0.64599847048521031 7.4427109938114873 2.9066195889608935 3.6721683256328106 2.3071853098808788 1.0131730176508424 5.5542524659540504 1.9993614743580108 2.0460314229130736 7.5500336885452271 0.78449764102697361 0.71273809752892692 1.2763383410638187 0.34501387411728401 1.05008326517418 0.97158331045648116 2.0121175170061179 9.0830978448502702 0.4250651960610411
leaf_count=4070 49 148210 38 3655 470 60 166 425 22 46 345 2046 238 191 36 31 60 55 137 341 59 65 20 125 62 21 30 8 36 78 58 126 26 1192 337 111 118 20 71 52 139 104 463 8 48 64 23 101 111 65 132 41 168 5 293 28 122 62 153 36 53 69
internal_value=0.000319331 -0.019231 0.0197644 0.0298569 0.00859612 0.0137471 0.00153953 0.0203409 0.00155638 -0.0118871 -0.0338947 0.00473959 0.000388795 0.0131339 0.00598419 0.0144098 -0.00259434 0.0028258 0.00139059 -0.00550527 0.00987863 0.0153126 -0.0116542 -0.00309482 0.0187259 0.00210836 -0.0095235 -0.0136402 0.00316783 0.00376246 0.00460596 0.00258743 0.0112117 0.00197772 -0.00457671 0.0220715 0.0351041 -0.000168947 -0.00189301 0.003896 -0.00739577 0.00759499 -0.0224679 -0.0248447 -0.0093105 -0.015272 -0.00692898 -0.0210462 0.0157914 0.0149604 0.00621477 0.023157 0.0262356 -0.0280668 -0.0240781 0.0302271 -0.0345174 -0.0239095 0.0117526 4.64223e-05 0.00899277 -0.0213795
internal_weight=359.714 179.287 180.427 93.7343 86.6928 24.5255 74.4653 19.7805 7.34186 4.74504 104.822 74.097 49.7663 24.3307 41.4717 20.7852 20.6865 17.0314 15.0938 11.8911 6.99047 9.244 7.78735 6.57374 18.4096 4.35247 2.94018 2.37555 5.83143 69.4304 67.4068 57.7389 13.5489 11.4191 9.06137 2.35769 1.74166 44.19 41.6592 23.3997 6.92336 4.10547 3.6777 8.29458 18.2595 10.8168 7.91017 4.238 3.29714 9.66793 5.77454 14.0572 12.0111 7.64858 5.03495 12.4386 103.376 2.01162 4.98306 2.9837 16.4763 3.28683
internal_count=165594 156493 9101 4274 4827 619 7816 535 82 84 148677 4357 3580 777 1521 661 860 824 586 449 108 156 668 648 415 144 123 246 101 3453 3375 3252 2340 2314 1919 395 284 912 892 585 480 341 523 2059 307 259 195 172 215 123 658 271 230 2051 4363 453 148332 92 321 189 105 1261
is_linear=0
shrinkage=0.035


Tree=113
num_leaves=63
num_cat=0
split_feature=29 32 34 1 2 15 8 15 10 10 10 17 12 1 6 39 32 16 32 30 34 36 54 16 32 1 2 15 8 29 32 7 12 15 12 12 12 15 55 41 17 10 15 15 12 12 16 8 10 12 15 2 2 1 0 30 7 0 44 6 12 30
split_gain=107.138 40.2303 15.0045 6.40944 5.70063 5.22031 5.04944 3.60874 3.38564 2.41548 1.97855 4.47074 2.37749 3.08493 2.40995 2.17585 2.53982 2.12531 1.67667 1.32881 1.29289 1.27436 1.55954 2.12987 2.4127 1.33267 1.19411 1.0922 0.941913 0.923086 0.922882 0.92112 1.07849 1.06598 2.35677 2.31156 2.02339 2.44985 2.03066 1.59578 1.51147 1.3698 1.53407 1.77282 2.92236 1.91918 1.99901 1.06895 0.94144 1.34613 1.08406 0.833919 0.828676 0.794896 0.777414 0.748891 0.734004 0.691767 0.661682 0.651167 0.604664 0.554986
threshold=0.60326328873634349 0.26293487846851354 0.45000000298023229 0.082333475351333632 0.3341702818870545 0.92031747102737438 0.17267081141471866 0.36882591247558599 0.240384615957737 0.44949495792388922 0.080128207802772536 0.30384616553783422 0.19413144141435626 0.29179082810878759 0.2152509689331055 1.5000000000000002 0.84389334917068493 0.83438816666603099 0.99576270580291759 0.45804196596145635 0.21111111342906955 1.0000000180025095e-35 -0.017410248517990109 0.95488464832305919 0.88589513301849376 0.14944787323474887 0.56336912512779247 0.90070420503616344 0.71834936738014232 0.51732715964317333 0.86497211456298839 0.40224719047546392 0.50088694691658031 0.76239567995071422 0.50711974501609813 0.58688256144523632 0.5949113965034486 0.75513628125190746 0.71552416682243358 2.5000000000000004 0.76388889551162731 0.4083333313465119 0.90070420503616344 0.81284341216087352 0.78395128250122081 0.94627809524536144 0.8841681480407716 0.90521115064620983 0.58571431040763866 0.79604920744895946 0.6832355558872224 0.62731361389160167 0.62731361389160167 0.25371789932250982 0.3525752872228623 0.19292803853750232 0.92940199375152599 0.34463970363140112 1.0000000180025095e-35 0.94804319739341747 0.79604920744895946 0.20942982286214831
decision_type=2 2 2 2 2 2 2 2 2 2 2 2 2 2 2 2 2 2 2 2 2 2 2 2 2 2 2 2 2 2 2 2 2 2 2 2 2 2 2 2 2 2 2 2 2 2 2 2 2 2 2 2 2 2 2 2 2 2 2 2 2 2
left_child=1 8 5 27 6 10 -4 -8 59 -5 12 52 13 -2 19 18 17 28 21 -15 55 -13 30 24 25 -24 -19 -3 -17 -29 -23 32 -10 35 -35 -33 -37 38 -38 41 -41 47 43 44 -43 46 -45 60 49 50 -40 -48 54 -14 57 -11 -44 -12 -18 -1 -36 -6
right_child=2 3 4 9 61 -7 7 -9 31 20 11 15 53 14 -16 16 58 26 -20 -21 -22 22 23 -25 -26 -27 -28 29 -30 -31 -32 33 -34 34 39 36 37 -39 48 40 -42 42 56 45 -46 -47 51 -49 -50 -51 -52 -53 -54 -55 -56 -57 -58 -59 -60 -61 -62 -63
leaf_value=-0.027859505692368721 0.029045492612187161 -0.03463857025476532 0.029185888887593707 -0.019549722605933739 0.0078199517729882432 0.029918618078963653 0.01310280167594596 -0.026108145066689577 -0.0073800366194785747 -0.018824093118275133 -0.015669951741138659 0.027582589315375695 0.0049502694969731417 -0.0069138454781483239 -0.022816563587772606 0.001747071743964319 -0.031982056246679567 -0.00079783421284389342 -0.012473850453251686 0.0196066154497706 0.031610560192969768 0 -0.017445208685978795 0.014346122033474249 -0.036789230730731266 0.019464597712642223 0.027054067862716431 -0.01748068153099068 -0.029409950767358074 0.017564075749094049 0.028082779406930162 -0.026593651864248544 0.037905005568980001 0.032950955153263774 -0.014733739764984197 0.038038334212611734 -0.01911401194285043 -0.033179492622952174 0.0047294691580535408 -0.030356644466879107 0.0055737681262065606 -0.017372888608085443 0.00077764523275398274 0.0069937998867622498 0.027515890921935106 0.0060518307229885859 -0.032172570185365512 0.033966518258893394 0.022802593965767486 0.018593694971484713 -0.026539942781700965 -0.0057830560490535173 0.0049882937182622548 0.033330229934096477 -0.033826661571542523 0.011616502497125881 0.016501494781946499 0.013705231843653607 -0.0024357159383220904 0.0027858489257043834 0.015199544260524821 0.035188287452033555
leaf_weight=4.3607062754454082 3.4679730155039605 98.708991362364031 8.931305957958104 3.0412214880925594 1.9213392343372095 11.633287331089376 5.028749004006384 4.4788430854678154 0.38435442256741115 0.85675885260570828 1.3773811471182846 6.1426532370969715 2.3095289807533828 3.4731362890452129 4.3894395496463403 1.7841616945224799 2.8804548308253279 2.6546739786863327 2.249487327062524 3.7957419566810131 1.9814981878735123 2.2521948840585564 0.98344902560347547 4.9500812003389001 2.1335578321595676 1.979045652435161 3.7223742211936042 1.1935204092296761 1.375096835196018 0.55846246209694062 4.4611388990888372 3.3832162404432919 0.92574147065170109 2.5910208437126121 0.83624703827081182 0.72195747925434162 2.5091011038166462 1.5843935537268397 2.0693549650604823 2.2012555725523262 1.8752869553864 1.8205143667873951 6.3243562861462133 2.6329057138063972 4.0188693992095068 6.3464396670460692 5.2840042184689064 2.3618316285428591 3.9279270060360432 2.2672981477808207 1.5382012604386543 3.0630229096859694 0.64446430094540108 6.0681850491091609 4.3350464254035614 1.0643262213561682 9.9621374104171991 0.63263139885384578 1.8131483434699474 0.56930648890556756 0.48270166967995465 68.720345916226506
leaf_count=4371 83 148395 333 1136 40 461 56 43 93 83 174 143 122 37 114 50 67 77 27 46 39 57 98 73 42 48 70 1163 47 15 53 1505 37 37 142 79 598 46 76 89 12 133 60 46 37 30 164 25 21 19 69 18 8 103 640 24 117 7 42 4 6 3744
internal_value=0.000325754 -0.0183372 0.0201881 -0.0319218 0.030073 0.00910904 0.0116161 -0.0057624 0.00148476 9.69961e-05 0.00522188 0.000870285 0.0132784 0.00411798 -0.00472944 0.00565526 -0.0048983 0.00534877 0.0117189 0.00720795 0.016986 0.0146641 0.0084456 -0.000274879 -0.0150748 0.00501811 0.0164488 -0.0341486 -0.0147832 -0.00271487 0.0202929 0.00365691 0.0256607 0.00281409 0.0054572 -0.0042162 0.00210983 -0.00195005 0.00399646 0.00322346 -0.0152965 0.00536004 0.0030501 -0.00261543 0.0125155 -0.00831054 -0.0167164 0.0234301 0.0114575 0.00114968 -0.0107101 -0.0245179 -0.0229853 0.027242 -0.0265954 -0.0025578 0.0109963 -0.00378 -0.0236154 -0.0238574 -0.000439163 0.0346123
internal_weight=352.036 181.447 170.589 107.405 89.0806 81.5083 18.4389 9.50759 74.0422 6.9438 69.875 46.371 23.504 15.1263 11.6583 39.3815 14.2299 9.53631 25.1516 7.26888 3.90258 22.9021 16.7595 10.0461 5.09605 2.96249 6.37705 100.461 3.15926 1.75198 6.71333 69.1121 1.3101 67.802 49.8006 18.0014 14.6182 13.8963 12.3119 47.2096 4.07654 43.133 39.4522 23.1658 5.83938 17.3264 10.9799 3.68078 9.80278 5.87485 3.60756 8.34703 6.98952 8.37771 6.34506 1.92109 16.2865 2.01001 4.6936 4.93001 1.31895 70.6417
internal_count=165594 158689 6905 150855 4216 2689 432 99 7834 1282 2228 1723 505 280 197 894 353 244 541 83 146 514 371 261 188 146 147 149573 97 1178 110 3459 130 3329 916 2413 908 829 783 879 101 778 605 428 170 258 228 173 185 164 145 182 829 225 821 107 177 181 109 4375 148 3784
is_linear=0
shrinkage=0.035


Tree=114
num_leaves=63
num_cat=0
split_feature=29 32 34 2 15 38 10 14 15 12 1 10 17 14 43 30 11 55 10 6 2 15 27 2 32 27 39 16 38 11 14 0 16 17 15 12 41 12 14 6 16 14 14 55 43 16 7 27 2 12 16 30 11 29 15 1 27 19 12 6 6 9
split_gain=102.234 43.0476 15.6783 6.21203 5.06102 3.60993 3.24004 2.9273 2.6847 2.59547 2.23245 2.00212 5.38766 3.72959 2.40884 2.20769 2.09721 2.70804 2.13034 3.54155 1.93449 3.36247 1.70588 1.22634 1.09282 1.00134 1.72073 1.63728 0.931642 0.912496 1.86274 1.38874 1.57702 1.5211 1.28073 1.18709 1.13088 1.73519 1.26161 1.17149 2.25911 2.24995 1.81952 1.80208 1.07699 1.02369 0.904066 0.903779 0.868946 0.776969 0.694271 0.682176 0.674228 0.620819 0.590857 0.582173 0.538954 0.403927 0.384327 0.368421 0.329367 0.511376
threshold=0.53863716125488292 0.26293487846851354 0.36666667461395269 0.50935709476470958 0.92031747102737438 0.36666667461395269 0.240384615957737 0.44092722237110143 0.28759399056434637 0.96877202391624462 0.43283110857009893 0.080128207802772536 0.30384616553783422 0.59896907210350048 1.0000000180025095e-35 0.16172623634338382 0.81530213356018078 0.62799856066703807 0.58571431040763866 0.58578637242317211 0.24694594740867618 0.30471627414226538 0.73375529050827037 0.15310041606426242 0.93563184142112743 0.42886061966419226 1.5000000000000002 0.8841681480407716 0.46428571641445165 0.53001201152801525 0.76689496636390697 0.41016845405101782 0.74133810400962841 0.76388889551162731 0.70859703421592724 0.62323853373527538 2.5000000000000004 0.88282340764999401 0.91010102629661571 0.82807883620262157 0.64218327403068554 0.83752354979515087 0.78830561041831981 0.75615024566650402 1.0000000180025095e-35 0.63453349471092235 0.82078272104263317 0.73375529050827037 0.62731361389160167 0.81169214844703685 0.99438202381134044 0.56385868787765514 0.98936170339584362 0.6253834366798402 0.71892556548118602 0.25371789932250982 0.53532215952873241 1.0000000180025095e-35 0.99999997019767772 0.94804319739341747 0.91734972596168529 0.69504830241203319
decision_type=2 2 2 2 2 2 2 2 2 2 2 2 2 2 2 2 2 2 2 2 2 2 2 2 2 2 2 2 2 2 2 2 2 2 2 2 2 2 2 2 2 2 2 2 2 2 2 2 2 2 2 2 2 2 2 2 2 2 2 2 2 2
left_child=1 6 4 5 11 10 52 8 -7 -3 -4 13 48 20 15 28 18 22 19 -16 21 23 24 -2 55 -17 -27 -28 -14 30 34 32 -31 36 35 -8 38 60 39 40 45 42 54 46 -45 -33 49 -21 51 -42 -43 57 -1 -9 -41 -18 -11 -13 -35 -54 61 -38
right_child=2 9 3 -5 -6 7 29 53 -10 56 -12 12 14 -15 16 25 17 -19 -20 47 -22 -23 -24 -25 -26 26 27 -29 -30 31 -32 33 -34 58 -36 -37 37 -39 -40 41 43 50 -44 44 -46 -47 -48 -49 -50 -51 -52 -53 59 -55 -56 -57 -58 -59 -60 -61 -62 -63
leaf_value=-0.02819145456403686 0.019994387228006005 -0.034593932724149921 -0.031220807454366853 0.035152181956024001 0.02850419378403881 0.021102476381223124 -0.013076173017309053 0.0033542433262986407 -0.016603870980038824 -0.0076646831710431651 0.0095726902990453892 -0.033231264105333586 -0.023184529625984603 0.029298994425370536 -0.029297261229796746 0.037207243645207479 -0.005155310882490295 -0.018172037384463161 -0.028924696854838537 -0.0021340236749894576 0.022078404084564712 -0.025491399630934088 0.029903658694316833 -0.0064553657172631796 -0.024365212904331912 0.020276897462277 -0.021014644161781986 0.01307568462942555 0.011809264898844207 -0.01127813305701568 0.0350635967932258 -0.0048796614198639053 0.034517608557111987 0.01875417818489666 -0.020110486287066336 0.02427794140875902 0.011933045720750324 -0.039661899801959062 0.012589842231809766 0.0076600607587780879 -0.029671851906265756 0.0027758265462902703 0.028739602317253671 0.0074113064692310424 -0.014210585190927407 0.048200924443419543 0.0058613370366843668 0.028363622496137615 0.0049244677662440449 0.006399863642236249 -0.011732222665158937 0 -0.0090549940597418974 0.032805245509223452 -0.01940077664315212 0.020967118449205058 0.018855542757401783 0 0.0043298139938016027 0.016614197300420463 0.014363882891513802 -0.016094703675052651
leaf_weight=4.100481104978825 4.1733094453229587 96.236722503730562 2.3297986026736934 64.735888738709036 11.968548766802995 3.4564661644399193 0.6954145041527221 1.5087648394401174 3.7849783692508936 1.0403501518303517 2.3619560897350311 5.8851479737786567 1.8215007614926464 8.9202523760031891 1.9327143733389691 2.4015409049461622 1.0603852958302002 2.5131883974536322 4.4886128574726172 1.2771347415982748 3.1541695689666076 4.7951701164711267 4.5593720525503159 2.7564322526450269 0.71405894303461526 10.771793285501188 2.3087486877338952 2.5618172333342955 0.50582374213263381 0.60900666844099705 2.2647002206649631 0.27693663764512422 2.0852990460698493 4.8111444388050568 1.407824747439008 1.9849585553165523 0.29440050665289108 1.337659567594528 6.7726446153828865 0.96489982638741156 6.8505204362445538 6.4805838913889584 4.6001222737831995 5.826205207151359 3.7628511649090797 0.21145019994582981 0.60747205518418912 2.6320011578500271 0.64295626990497101 0.28726790845394123 7.566242653876543 0.78041795641183842 0.48215923964744423 10.367408523336051 0.96272923733340576 1.2442175261676309 0.68421571922954161 0.67016230867011461 6.3765896484255791 0.21821725368499756 0.66384754609316576 1.004485541663598
leaf_count=4070 49 148192 38 3655 470 60 184 21 22 479 46 1987 238 191 119 44 197 76 79 184 137 341 90 59 53 249 65 57 8 230 19 145 104 51 28 55 10 6 74 39 1819 66 57 69 52 18 26 36 8 2 39 5 292 432 42 26 6 59 77 1 5 236
internal_value=0.000333378 -0.0187562 0.0192638 0.0295035 0.00827842 0.0132064 0.00146763 0.0198542 0.00134604 -0.0338282 -0.0119956 0.00455307 0.000354452 0.0126549 0.0057 0.0139517 -0.00263502 0.00812113 -0.0132404 0.0007654 0.00123927 -0.00538621 0.0183509 0.00954483 -0.00132645 0.018158 0.0129631 -0.00331467 -0.0132637 0.00358393 0.0153475 0.00210679 0.0229679 0.000743834 0 0.0127159 -0.00193658 -0.0190988 -0.000220291 -0.00283083 -0.00920213 0.00269678 0.0183213 -0.0122923 -0.00128357 0.0326945 -0.0238162 0.0192819 -0.024177 -0.027182 -0.0050666 -0.0274323 -0.0236122 0.0298866 -0.00666998 0.00996575 0.00463126 -0.0306736 0.0118498 0.00195178 0.00239098 -0.00579214
internal_weight=344.552 171.467 173.085 88.5453 84.5395 23.8094 73.5061 19.1176 7.24144 97.9613 4.69175 72.5709 48.7716 23.7993 40.7929 20.3712 20.4217 10.0912 10.3305 5.84185 14.8791 11.7249 7.57803 6.92974 3.01866 18.0439 15.6424 4.87057 2.32732 68.7053 6.3529 62.3524 2.69431 59.6581 4.0882 2.68037 48.4703 3.30039 45.1699 38.3973 17.8227 20.5746 6.52775 17.3343 9.58906 0.488387 7.74526 3.90914 7.97868 7.13779 14.0468 7.33573 4.80086 11.8762 1.92763 2.3046 1.72457 6.55531 11.1877 0.700376 1.96273 1.29889
internal_count=165594 156493 9101 4274 4827 619 7816 535 82 148677 84 4357 3580 777 1521 661 860 442 418 339 586 449 366 108 276 415 371 122 246 3453 286 3167 334 2833 267 239 2705 257 2448 2374 2131 243 138 1968 121 163 1847 220 2059 1821 105 2051 4363 453 81 223 485 2046 128 293 251 246
is_linear=0
shrinkage=0.035


Tree=115
num_leaves=63
num_cat=0
split_feature=1 32 38 15 29 14 43 10 39 17 54 30 27 39 27 55 41 9 28 27 32 2 10 1 14 14 54 30 15 29 41 14 16 14 8 12 11 17 43 9 16 8 28 27 28 15 14 17 11 11 54 10 9 54 44 0 16 9 11 27 12 15
split_gain=97.44 42.8024 14.4658 7.75568 4.75903 4.09672 3.99273 2.80082 2.64003 2.21931 4.61594 2.26196 2.19288 2.03734 1.89737 1.64977 1.62359 1.52965 1.50633 2.29763 1.37951 1.36938 1.65966 1.29206 1.16468 1.00858 1.00636 1.00137 0.9776 0.901395 0.874161 1.03579 1.11556 3.12018 1.375 2.24886 1.48838 1.1669 1.40726 1.1548 1.9258 0.871003 0.82681 1.57666 1.03743 0.825234 0.810933 1.76717 0.909251 0.775701 1.1675 1.00225 0.724687 0.721161 0.682442 0.674483 0.652785 0.611286 0.576562 0.557069 0.544417 0.509272
threshold=0.078810192644596114 0.26293487846851354 0.58571431040763866 0.92031747102737438 0.97169560194015514 0.44092722237110143 1.0000000180025095e-35 0.240384615957737 1.5000000000000002 0.080128207802772536 -0.2226719334721565 0.46410256624221807 0.5914268195629121 1.5000000000000002 0.45478595793247228 0.64333882927894603 1.5000000000000002 0.7243877947330476 0.86996778845787059 0.5265987515449525 0.85023364424705516 0.16588231176137927 0.36931818723678594 0.43283110857009893 0.82413583993911754 0.5912291705608369 0.23334561288356784 0.16172623634338382 0.91024166345596325 0.60326328873634349 3.5000000000000004 0.92907443642616283 0.86526826024055492 0.84889996051788341 0.64051282405853283 0.50088694691658031 0.89379698038101207 0.86607143282890331 1.0000000180025095e-35 0.99230769276618969 0.91715687513351452 0.77346038818359386 0.74175426363945018 0.501101315021515 0.45657137036323553 0.88047617673873912 0.84660634398460399 0.64583334326744091 0.61451050639152538 0.85857143998146068 0.28213559091091162 0.30384616553783422 0.86542212963104259 -0.0059367169160395852 1.0000000180025095e-35 1.0000000180025095e-35 0.77459675073623668 0.90595519542694103 0.98936170339584362 0.88947063684463512 0.85405564308166515 0.85270008444786083
decision_type=2 2 2 2 2 2 2 2 2 2 2 2 2 2 2 2 2 2 2 2 2 2 2 2 2 2 2 2 2 2 2 2 2 2 2 2 2 2 2 2 2 2 2 2 2 2 2 2 2 2 2 2 2 2 2 2 2 2 2 2 2 2
left_child=1 7 3 4 6 8 13 58 -4 17 -11 15 55 16 27 23 42 18 19 -8 -13 -16 -23 26 -24 -21 28 -15 53 -7 31 32 33 34 35 -9 -36 38 39 40 41 -34 43 44 -2 46 47 48 -40 51 -51 -45 -43 57 -33 -3 -38 -12 -1 -22 -41 -14
right_child=2 12 5 -5 -6 29 9 30 -10 10 11 20 61 14 21 -17 -18 -19 -20 25 59 22 24 -25 -26 -27 -28 -29 -30 -31 -32 54 37 -35 36 -37 56 -39 45 60 -42 52 -44 49 -46 -47 -48 -49 -50 50 -52 -53 -54 -55 -56 -57 -58 -59 -60 -61 -62 -63
leaf_value=-0.025704272482580837 -0.0030870392973048459 0.0042091943608393552 0.021396456677669637 0.030707586513641808 0.028046595241063906 0.0032218158350881963 0.019806842604646664 -0.013970222715599763 -0.014694013441686067 -0.040795605512840533 -0.019050900753535462 0.025716286144625768 -0.0084482038675173943 -0.0053921120288177981 0.015699913748110313 0.0082744496949528259 -0.014371216932003859 0.026409858099734215 0.020773504610212691 -0.026605958560525559 -0.010866346356927495 -0.027682640814604666 0.014237956511752666 0.011833719514330623 -0.015166261443613886 0.0035979463274608062 0 0.026304515847821619 0.0066707842714814301 0.034431550582044418 -0.014824524027249205 0.024297633422393584 -0.014026749055718565 0.041881972070543838 -0.020987248201520974 0.039048075269644079 -0.013343606143831977 0.019100709985947702 0 0.015901268386943015 -0.026183629477400296 0.023471585201984529 0.024342814862613544 -0.011492168641467333 0.032828347862049141 0 -0.028692267030846152 0.0092615753913270309 -0.031831406743200147 -0.027333323191448062 0.0088417623182485486 0.019961903572098361 -0.0046547764386058333 -0.04355209913824136 0.0044173315597651501 -0.034627828009362246 0.010810906930881103 0.0086833925852549815 0.0018058562530945666 0.0082246176195347361 0.0025090972382170052 0.020366213805951803
leaf_weight=4.205318024614825 0.90471714240266576 0.18361368775367637 4.6966849910095316 17.131647255271673 8.7965103322640044 1.6287568486295629 1.5352572614792714 0.81056124949827735 3.3845833986997604 4.551352482114452 1.5696171835297708 2.6867060884833318 0.44462374981958308 1.1246260394691483 1.3730331090046082 2.2699744059937075 1.1754219533177082 2.2211865435820064 1.7504769470542667 4.2294580382877029 2.8060014303773642 4.1744218110106868 2.6105470072361641 0.57468785345554341 2.0239168675616384 1.2778068963671101 1.3147233742056412 2.8335555651574396 0.31559850648045529 62.727127188816667 2.0058623384684315 3.9663541764020902 0.79905265162233519 2.1199267102638251 3.1553772167535481 1.5626506472472099 0.7556151536409742 2.469971699640154 1.9185195164755002 6.4036719943396774 2.7365405550226569 2.2712685993756172 12.349791191052644 1.1261476690415295 2.6115204122033902 7.4152593384496859 2.8729821118758991 3.6308846082538366 2.2396377941477112 1.706862860475667 1.0069518648087976 1.9929472068906759 1.0009124525822697 3.4265465258504331 5.6004666765220463 93.428316336881835 4.9588326181983575 0.62851830356521521 0.70489073579665262 2.6011977419257164 9.9547332497313601 0.57629287987947464
leaf_count=4104 111 1 64 763 247 37 69 285 39 99 261 73 99 156 34 39 102 66 15 158 55 305 95 14 41 22 187 124 4 3474 78 58 130 26 1271 112 338 20 71 48 139 106 230 144 144 48 65 23 101 85 21 63 112 575 66 149649 325 10 299 33 57 4
internal_value=0.000344632 -0.0184536 0.0190568 0.00998091 0.00514922 0.0308244 0.00190341 0.00155258 0.00594209 -0.00663958 -0.0127509 -0.0037929 -0.0338949 0.00975682 -0.000499095 -0.014358 0.0159986 0.00570028 -0.00133635 -0.00916676 0.00913464 -0.00866935 -0.0140379 -0.0215099 0.000362998 -0.0195842 -0.0256887 0.0173216 -0.0310249 0.0337566 0.00353887 0.00435431 0.00237123 0.0108422 0.00176074 0.021129 -0.00468253 -0.000324574 -0.00199538 0.0035633 -0.00756976 0.00694766 0.0183586 0.00852714 0.0241751 -0.00911571 -0.0149203 -0.00675577 -0.0205046 -0.00255114 -0.0142017 0.00772278 0.0149732 -0.034356 0.0145102 -0.034471 0.0055841 -0.00979085 -0.0215255 -0.00128587 0.00856728 0.00811446
internal_weight=337.331 168.192 169.139 96.7017 79.5701 72.4372 70.7736 73.5593 8.08127 33.7591 22.7449 18.1936 94.6328 37.0145 14.1401 10.0997 22.8744 11.0142 8.793 7.04252 8.09391 10.1819 8.80889 7.82969 4.63446 5.50726 7.255 3.95818 5.94028 64.3559 68.6491 66.6432 57.0764 13.363 11.243 2.37321 8.86982 43.7134 41.2435 23.1662 6.80777 4.07123 21.6989 9.34915 3.51624 18.0773 10.662 7.78904 4.15816 5.83291 2.71381 3.11909 3.27218 5.62468 9.56682 93.6119 5.71445 2.19814 4.91021 5.4072 16.3584 1.02092
internal_count=165594 157635 7959 4345 3582 3614 3335 7882 103 1680 1350 1251 149753 1655 755 1090 900 330 264 249 161 475 441 1051 136 180 1037 280 850 3511 3479 3401 3277 2357 2331 397 1934 920 900 592 487 348 798 568 255 308 260 195 172 313 106 207 218 846 124 149650 663 271 4403 88 105 103
is_linear=0
shrinkage=0.035


Tree=116
num_leaves=63
num_cat=0
split_feature=29 32 34 14 15 10 28 12 40 27 28 6 37 1 1 9 32 29 30 12 11 1 27 11 55 11 14 28 54 14 12 8 12 7 12 9 15 14 55 14 14 14 6 7 12 12 12 12 6 6 14 11 10 27 14 37 16 6 1 29 17 35
split_gain=93.0065 41.2515 15.0652 5.62036 4.72077 2.98724 2.80879 2.55334 1.89888 3.11963 3.45744 2.90211 1.89597 2.87338 1.69575 2.05157 1.61358 1.78552 1.58041 1.32744 1.44575 1.24361 2.17915 1.74419 2.11262 2.02533 1.20495 1.12573 0.897872 2.41168 1.5919 1.79598 1.46471 1.33068 1.40063 1.91075 1.56379 1.32473 1.35943 1.31731 1.15037 1.38334 1.07522 1.0681 0.962281 0.882335 0.789821 0.779635 0.677883 1.25177 1.24663 0.655662 0.62117 0.509889 0.416542 0.385418 0.368619 0.362779 0.230405 0.229475 0.223318 0.177172
threshold=0.53863716125488292 0.26293487846851354 0.36666667461395269 0.49731183052062994 0.92031747102737438 0.240384615957737 0.90152388811111461 0.96877202391624462 1.0000000180025095e-35 0.40792746841907507 0.64174234867095958 0.069570478051900878 1.0000000180025095e-35 0.43283110857009893 0.21894425153732303 0.8989795744419099 0.99576270580291759 0.97169560194015514 0.16172623634338382 0.60392647981643688 0.64644607901573192 0.25371789932250982 0.615800440311432 0.82247900962829601 0.54198554158210765 0.73431372642517101 0.6832355558872224 0.86996778845787059 0.68004313111305248 0.8521554470062257 0.50088694691658031 0.64051282405853283 0.83034139871597301 0.75582656264305126 0.531602442264557 0.91476997733116161 0.94570022821426403 0.82413583993911754 0.7412097454071046 0.64051282405853283 0.81375637650489818 0.92907443642616283 0.70926907658576976 0.70299971103668224 0.9164397418498994 0.18702687323093417 0.61806571483612072 0.62857428193092357 0.64346247911453258 0.43951219320297247 0.66978195309638988 0.98936170339584362 0.86607143282890331 0.53532215952873241 0.87585616111755382 1.5000000000000002 0.93127068877220165 0.94804319739341747 0.29179082810878759 0.60326328873634349 0.087121214717626586 1.0000000180025095e-35
decision_type=2 2 2 2 2 2 2 2 2 2 2 2 2 2 2 2 2 2 2 2 2 2 2 2 2 2 2 2 2 2 2 2 2 2 2 2 2 2 2 2 2 2 2 2 2 2 2 2 2 2 2 2 2 2 2 2 2 2 2 2 2 2
left_child=1 5 4 6 8 51 -4 58 19 18 11 -11 13 -5 -13 -16 17 21 60 20 -2 22 -12 25 46 27 -22 45 29 30 -7 39 48 37 -35 36 47 42 56 -32 -37 44 43 -30 -42 -23 -25 54 49 -33 -50 -1 -43 61 -36 -8 -39 -53 -3 -14 -10 -9
right_child=2 7 3 12 -6 28 55 53 9 10 16 14 59 -15 15 -17 -18 -19 -20 -21 26 23 -24 24 -26 -27 -28 -29 33 -31 31 32 -34 34 35 40 -38 38 -40 -41 41 52 -44 -45 -46 -47 -48 -49 50 -51 -52 57 -54 -55 -56 -57 -58 -59 -60 -61 -62 -63
leaf_value=-0.027841292085092596 0.01962979072961233 -0.034619326541599847 -0.011046307310249566 -0.011921149671632433 0.027985384317818371 -0.020303306627805481 0.028451265652334516 -0.013045495926428346 0.0062685092035684583 0.017304528827066588 -0.012074864712847052 -0.033879389369305603 0.0091481872145067269 0.028320244938697923 -0.020573977769563767 0.021169591520555971 -0.015410681482583753 0.026319370965902589 0.034352898644018443 0.028036422476324999 -0.021139174236450554 -0.018911282134623276 0.027117172441443821 0.0055164441821782036 -0.014842720229103091 -0.027764807043531601 0.011049894460320285 0.011830569327250594 -0.014147875753217132 0.046203297870057114 0.046104473489001846 0.01299626292840755 0.020277781324776242 0.024857233399402549 -0.011261327863935489 0.016291818361993206 0.011097061660895141 -0.018807004003686335 0.024638350369668313 -0.0014401998832346658 -0.012139604330435269 0.022168037723354298 -0.029924018896594597 0.020396075018650955 0.0029039896972160315 0.0014873951748571052 0.028490559666298893 -0.027559389958507246 0.017251068150662578 -0.026654233591888232 -0.018407851066831783 -0.0089937739841369681 0.0029683500122329172 0.018497913198999121 0.013760918879544674 0.0049109081534326419 0.0029711018736087494 0.016479104371500439 0 0.035013471169773082 -0.011527415175925695 0.0041724351498407426
leaf_weight=3.8938662427826776 3.0809641008963791 89.791016693634447 5.6544625090900791 2.8414519841317079 11.361444924958048 1.5782034798758093 3.0904105044901371 0.79921569093130418 0.46841551165562012 1.7061362713575352 1.6918552551651362 6.4024670717190002 1.6387877502129402 4.1884258724749088 2.4845439832424749 1.4404159802943466 3.7970461199874981 3.7360594626516095 3.9107027950230986 5.3773737431038171 2.4192306898185056 3.5886840779567191 4.597839855006896 4.7362927033100259 2.2627392224967471 3.4353357993531963 1.4662332892767151 4.7582847215235224 1.8275281451060421 1.1069722473039281 1.3316064582904794 0.53042718546930556 2.3611761474749073 2.6237779346993184 0.58973222423810401 8.0034718627575767 1.5964904366992412 1.1586133342934779 1.4299952308647332 0.7462820701766758 8.0502137554576674 3.5206340067088586 3.2824207917437889 0.78476218483410765 10.97538712993264 5.0360100847901776 3.7577227633446455 4.266905496828258 2.0088450246839789 2.5073433696525171 0.97264473151881237 0.47869512392207969 5.4096255004405975 0.67512973851989944 0.63267714902758598 2.2240023072808981 0.87012303341180075 0.21963886916637421 0.073718465864657357 64.169672982767224 0.88480357726803049 0.21453730016946793
leaf_count=4070 63 148191 67 71 470 745 62 477 54 19 60 2531 33 204 138 23 57 69 166 158 87 74 105 69 31 44 41 48 158 100 64 23 18 51 96 83 16 86 12 65 60 37 417 27 60 67 84 198 200 544 298 292 75 6 6 35 14 1 1 3802 369 2
internal_value=0.000354236 -0.0182524 0.0187687 0.0291579 0.00793717 0.00140196 0.00490463 -0.033756 0.00433826 0.00153522 -0.00112121 -0.0169172 0.032647 0.01216 -0.0239083 -0.00335603 0.00367853 0.00604618 0.0249324 0.0162906 0.00440353 0.00301845 0.0158846 -0.000246936 0.010102 -0.00725784 -0.00850034 -0.000186066 0.00341726 0.0113226 0.00454811 0.0100484 0.00108258 0.001298 0.00384914 0.00195387 -0.0133907 -0.00998878 0.00556893 0.0329715 0.00535272 0.00164561 -0.0191086 -2.80635e-05 -0.0035749 -0.00771972 0.0179791 -0.0216645 -0.00776465 -0.01736 0.00303747 -0.0231487 0.0123602 0.00467939 0.000479049 0.0214921 -0.0104138 0.00194279 -0.0345604 0.0345683 -0.00383396 -0.00740115
internal_weight=330.519 164.312 166.208 83.8072 82.4006 72.7581 10.9689 91.5536 71.0392 58.6954 53.4314 12.0336 72.8383 7.02988 10.3274 3.92496 41.3979 37.6008 5.26392 12.3438 6.96643 33.8648 6.2897 27.5751 10.7568 16.8183 3.88546 13.383 68.1659 13.1435 12.0365 10.4583 8.38044 55.0224 45.6689 43.0451 7.08581 9.35344 3.45873 2.07789 35.9593 27.9559 5.89471 2.61229 19.0256 8.62469 8.49402 5.48931 6.01926 3.03777 2.98149 4.5922 8.93026 1.68888 1.22241 5.31441 2.02874 0.698334 89.8647 65.8085 1.35322 1.01375
internal_count=165594 156493 9101 4274 4827 7816 164 148677 4357 4008 3419 2711 4110 275 2692 161 708 651 589 349 191 582 165 417 184 233 128 189 3453 2057 1957 1212 1083 1396 682 631 316 714 112 129 315 232 602 185 120 141 153 300 1065 567 498 4363 112 485 102 97 100 293 148192 3835 423 479
is_linear=0
shrinkage=0.035


Tree=117
num_leaves=63
num_cat=0
split_feature=29 32 34 2 15 9 35 10 40 12 10 17 14 43 30 11 55 10 6 32 16 2 29 1 10 30 15 7 14 12 54 14 12 16 41 7 0 8 12 2 2 14 0 6 7 14 27 2 2 30 27 14 11 28 30 51 27 8 11 32 27 11
split_gain=88.6046 40.4178 14.7263 6.32721 4.54797 3.14727 4.0125 2.87141 2.68046 2.52912 1.87754 4.91202 3.49873 2.17868 2.00387 1.87 2.53881 1.95936 3.32581 1.88628 1.46927 1.74762 1.26988 1.04331 1.00824 1.12307 1.38849 0.889273 1.09586 1.69609 1.22858 1.95608 1.65138 1.79901 1.30554 1.50986 1.01866 1.693 1.70259 1.38956 1.00356 0.987066 1.46277 1.02076 0.988485 0.887208 0.845594 0.830522 0.743577 0.742929 0.73446 0.701234 0.68662 0.677649 0.663678 0.646938 0.597601 0.543163 0.680398 0.520112 0.495366 0.477207
threshold=0.53863716125488292 0.26293487846851354 0.36666667461395269 0.50935709476470958 0.92031747102737438 0.1702898591756821 1.0000000180025095e-35 0.240384615957737 1.5000000000000002 0.96877202391624462 0.080128207802772536 0.30384616553783422 0.53093111515045177 1.0000000180025095e-35 0.16172623634338382 0.81530213356018078 0.52434393763542186 0.58571431040763866 0.58578637242317211 0.86497211456298839 0.26158231496810919 0.36545780301094061 0.78319624066352855 0.29179082810878759 0.44949495792388922 0.42481203377246862 0.58102023601531994 0.34851622581481939 0.59896907210350048 0.83034139871597301 0.68004313111305248 0.86240702867507946 0.58079150319099437 0.91715687513351452 2.5000000000000004 0.75582656264305126 0.52207660675048839 0.92637759447097789 0.83034139871597301 0.66425621509552013 0.69999995827674877 0.82413583993911754 0.74562552571296703 0.70926907658576976 0.70299971103668224 0.83424907922744762 0.73375529050827037 0.62731361389160167 0.11427757143974306 0.58114033937454235 0.77158385515213024 0.73123827576637279 0.92637759447097789 0.88581016659736644 0.56385868787765514 1.0000000180025095e-35 0.5265987515449525 0.8521554470062257 0.943650782108307 0.62871870398521434 0.53532215952873241 0.4803846031427384
decision_type=2 2 2 2 2 2 2 2 2 2 2 2 2 2 2 2 2 2 2 2 2 2 2 2 2 2 2 2 2 2 2 2 2 2 2 2 2 2 2 2 2 2 2 2 2 2 2 2 2 2 2 2 2 2 2 2 2 2 2 2 2 2
left_child=1 7 4 5 10 -4 -7 55 56 -3 12 47 20 14 50 17 22 18 -15 -18 -2 23 -17 48 25 26 -16 -9 29 -29 31 32 -30 52 35 41 -37 57 -39 -40 -41 43 -43 44 -32 -36 -20 54 -22 51 -13 -26 -34 -21 -12 -1 -8 58 -38 -28 -11 -14
right_child=2 9 3 -5 -6 6 8 27 -10 60 11 13 61 15 24 16 19 -19 46 53 21 -23 -24 -25 49 -27 59 28 30 -31 34 -33 33 -35 45 36 37 38 39 40 -42 42 -44 -45 -46 -47 -48 -49 -50 -51 -52 -53 -54 -55 -56 -57 -58 -59 -60 -61 -62 -63
leaf_value=-0.027228370887855981 0.011001016466189166 -0.03454226444480988 0.03121368447404357 0.035032115301141573 0.027706853688558523 -0.022482594128293665 0.0022695976460859598 0.028737280630623599 -0.0085097649979284217 -0.0072709239193951246 -0.030350597677247838 -0.02095221398978063 0.0054533647294050152 -0.028277645026721122 0.014730783874373019 -0.0066836137523724141 0.014128977110642421 -0.027630406751667082 -0.0018321728413594346 -0.0023920008664672357 0.019646469811442104 0.019024425519236141 0.027582270975221833 -0.027352699488484351 0.036545659695724639 0.020741345214549789 0 -0.025634263066199665 -0.01926519369919279 0.021141006703780562 -0.013202804882815399 0.048443974085349353 0.032191120253532941 -0.0038412246198872711 0.0035808768125571333 0.023685867754487461 0.016023889735489724 0.024484879361106465 -0.0081164123358112086 0.018176425654043964 0.0018728382293008469 -0.013100387955387408 0.024100949222325207 -0.028614213059110109 0.020325589641676429 -0.024363394050006901 0.02800962239274812 0.0048491123684973828 -0.012880330421179424 0 0.011099888696304912 0.014108473802602085 -0.0010122227002713278 -0.039474625171747324 0 0.003251037829466849 0.028663393439560425 -0.017480993712966304 -0.013561972391770108 -0.033684409226405629 0.018300801886619717 0.028620133130368867
leaf_weight=3.9303062417893662 5.2871045666979644 86.816436463734135 6.4558216333389309 58.819378638407215 11.088900763541458 4.2749583137920135 1.785515594528986 0.69107443140819569 3.8045716863125572 1.0042124533792947 6.2422279289457938 1.894650071102663 2.274658798123709 1.9043204361223631 0.91216186602833049 1.0808386761345881 1.3008791581378321 4.5080956915626302 1.248274748621043 1.3273803534102628 0.6726064571412278 0.88294949778355647 4.8890053303912282 4.0442031180718914 4.203220440540461 1.3103519510477779 0.92836738488404069 2.6106281517422754 1.405600141908504 0.36997700482606877 1.7358295845915548 0.81369252863805819 3.3779977291706023 3.4954309436725453 1.5379612994147454 2.8031567548168814 1.0741894209641021 4.9618588936282313 7.882927316240969 6.987576376646758 12.974269176833332 1.7310179923661055 1.432959717698395 2.8966925734421238 0.7766827312298118 2.771092843671795 2.5508939567953348 0.62474809587001789 0.72649893071502447 1.9411321450024832 0.3683209754526614 7.1383186682942323 0.6100560389459132 1.1772084236145017 0.77537417411804188 0.55618883669376362 6.4010276440531015 4.1645192805444822 0.7170545037370174 1.0368248524027874 0.66938946850132186 9.1928863557404821
leaf_count=4360 58 148192 279 3655 470 72 32 42 79 479 2046 243 34 119 31 168 84 79 184 74 10 21 105 108 62 21 30 825 611 3 132 77 389 65 94 38 97 51 60 59 105 81 12 351 24 47 36 8 320 41 3 168 109 11 5 3 157 130 51 62 6 226
internal_value=0.000377087 -0.0179914 0.0185099 0.0289649 0.00778704 0.0122968 0.00321324 0.0014039 0.0136689 -0.0337177 0.00425844 0.000134844 0.0122178 0.00528892 0.0132792 -0.00269007 0.00765844 -0.0127081 0.000926775 -0.0122782 -0.001218 -0.0120154 0.0208074 -0.0197646 0.0173675 0.00108627 -0.0100028 0.00337251 0.00264206 -0.0150965 0.00373903 0.0146273 0.00659218 0.0135599 0.00150676 0.00325262 0.00607264 0.00414724 0.00735758 0.00344117 0.00834169 -0.00926025 0.00464922 -0.0173983 0 -0.0149346 0.0191366 -0.0237603 0.002969 0.02182 -0.0128598 0.0249948 0.0272256 -0.0271106 -0.0270309 -0.0229081 0.0241615 -0.0115488 0.00231078 -0.0237597 0.00466737 0.0251116
internal_weight=323.872 160.799 163.074 81.5413 81.5324 22.7219 16.2661 72.3087 11.9911 88.49 70.4435 47.3626 23.0809 39.7202 19.7333 19.9869 9.77531 10.2116 5.70349 3.80547 11.6134 6.32626 5.96984 5.44331 17.4704 4.18771 2.87735 67.8222 67.1312 2.98061 64.1506 9.70278 8.88908 7.48348 54.4478 50.1387 41.5656 38.7624 32.8066 27.8448 19.9618 8.57318 3.16398 5.4092 2.51251 4.30905 3.79917 7.64235 1.39911 13.2827 2.26297 11.3415 3.98805 2.50459 7.0176 4.4865 8.18654 5.95576 1.79124 1.96519 1.6736 11.4675
internal_count=165594 156493 9101 4274 4827 619 340 7816 268 148677 4357 3580 777 1521 661 860 442 418 339 169 517 459 273 438 415 144 123 3453 3411 828 2583 1251 1174 563 1332 1191 591 553 275 224 164 600 93 507 156 141 220 2059 330 271 246 230 498 85 2051 4363 189 278 148 92 485 260
is_linear=0
shrinkage=0.035


Tree=118
num_leaves=63
num_cat=0
split_feature=1 32 36 2 38 14 28 8 27 40 10 14 27 1 27 28 30 1 30 41 55 39 41 38 29 29 1 32 12 2 32 14 2 7 14 12 0 11 17 14 6 41 14 8 16 6 8 41 14 55 27 0 2 17 14 12 11 51 30 32 6 8
split_gain=84.4118 40.2066 13.677 6.44485 5.20138 3.39024 3.38797 2.766 2.66517 2.47673 2.46843 2.41348 2.13577 2.10992 2.4901 2.03256 1.87609 1.31575 1.0909 1.06448 1.41885 1.01348 0.949867 1.23105 2.34535 1.10981 0.942422 1.4352 0.955942 1.10514 0.971725 0.935549 0.925925 0.859428 1.04637 1.66274 1.16657 1.32289 1.28396 1.07159 1.03312 1.02739 1.76901 1.16675 1.233 1.12353 0.906297 1.28729 1.59503 1.00261 0.732529 0.648692 0.640319 1.2352 0.620201 0.577959 1.36251 0.563923 0.538683 0.497218 0.465226 0.426756
threshold=0.078810192644596114 0.26293487846851354 1.0000000180025095e-35 0.51850178837776195 0.36666667461395269 0.44092722237110143 0.80608585476875316 0.17267081141471866 0.44985206425189977 2.5000000000000004 0.240384615957737 0.9256495237350465 0.5914268195629121 0.66275858879089367 0.94836473464965831 0.53627237677574169 0.16172623634338382 0.58753976225852977 0.22902098298072818 1.0000000180025095e-35 0.6321813464164735 1.0000000180025095e-35 1.0000000180025095e-35 0.58571431040763866 0.94352909922599804 0.78319624066352855 0.086183592677116408 0.78389188647270214 0.64924827218055736 0.25965735316276556 0.69264507293701183 0.58759590983390819 0.28329823911190039 0.34851622581481939 0.59896907210350048 0.83034139871597301 0.41016845405101782 0.53001201152801525 0.76388889551162731 0.76689496636390697 0.75905716419219982 2.5000000000000004 0.70051544904708873 0.82972848415374767 0.64218327403068554 0.78086888790130626 0.8521554470062257 1.5000000000000002 0.89009663462638866 0.60331621766090404 0.97067421674728405 1.0000000180025095e-35 0.66425621509552013 0.5634920895099641 0.74115687608718883 0.79604920744895946 0.90550595521926891 1.0000000180025095e-35 0.14039409160614016 0.9745212495326997 0.90070420503616344 0.78319624066352855
decision_type=2 2 2 2 2 2 2 2 2 2 2 2 2 2 2 2 2 2 2 2 2 2 2 2 2 2 2 2 2 2 2 2 2 2 2 2 2 2 2 2 2 2 2 2 2 2 2 2 2 2 2 2 2 2 2 2 2 2 2 2 2 2
left_child=1 10 3 7 6 -6 8 21 16 15 57 17 51 19 -15 18 -4 26 -9 20 -8 -2 23 24 25 -7 -10 28 29 31 -30 -28 -17 -12 35 -35 40 39 41 -38 -36 43 -43 44 -39 -46 49 52 54 -45 -34 -3 53 55 -49 56 -48 -1 -5 -29 -14 -47
right_child=2 12 4 58 5 22 13 9 11 -11 33 -13 60 14 -16 32 -18 -19 -20 -21 -22 -23 -24 -25 -26 -27 27 59 30 -31 -32 -33 50 34 36 -37 37 38 -40 -41 -42 42 -44 46 45 61 47 48 -50 -51 -52 -53 -54 -55 -56 -57 -58 -59 -60 -61 -62 -63
leaf_value=-0.024792471082930024 0.0015459713365856402 0.0039564440279506253 -0.013373321086420973 0 -0.013252995667919897 -0.0020183034884185711 0.024363983420010227 0.0027390960331855575 0.009833117864080294 -0.025340941492323351 0.028224804614369946 0.017794444960442326 -0.0079844744406273906 -0.02720830935079379 0.014773986006598216 0.0029621564879467278 0.026222774548138088 0.012728029826408914 -0.029420019129439343 -0.0040113080108492806 -0.0033826993062354409 0.033612548375180969 0.031532881096926355 0.027640536870404728 -0.021128281874789066 0.027541834797694988 -0.016372286794812185 -0.033959521520100018 -0.01076400816117099 -0.026826663367571855 0.01908601903936212 0.016255580170520183 0.026802916763942346 -0.025438166862443858 -0.00073296996699284168 0.020917844234229002 0.0011395611762289582 0.020864927113468202 0.011134083719858556 0.032814597897535179 0.039578587130473117 0.015915903685496335 -0.029753954383978851 -0.0066201206882837114 -0.028042031727340787 0.01701130003513774 -0.02173918063656163 0.010091812432708342 0.027924417579349967 0.029057162464040085 0 -0.034583955862018928 0.0032274548030346755 -0.015630671834086091 -0.011121273304210076 0.011409111066260337 0.010202174601394493 0.0032085451767542234 0.034154102918323957 0 0.019705810427622372 -0.0074151738925070914
leaf_weight=4.040295206999871 1.8187182284891621 0.17884901165962119 1.3829811850446301 0.75445852521806855 2.698497065750419 2.0546177966170944 11.144695628434421 2.3273651057970777 0.53401923138882068 1.9100034477887664 0.69704614311922242 1.7167296484112728 0.42037970939418201 2.7258181143552056 2.2477182857692242 5.8412875682115546 3.1118037655833177 0.82979710912331839 1.2218933415133504 2.158068334683775 2.2363010495901099 6.9081008899956942 10.919903042959049 3.7983941014390439 2.1192892752587795 2.846335107460618 0.96384090592619243 7.7393665210111049 1.7408890147344211 3.9346750942640938 1.5545715820044277 1.3525979671976527 6.6166159028653038 2.557661099475808 0.94303786178352211 0.37147881090641011 2.8395486725494257 0.18537652562372287 10.931024527642874 2.0617719358997419 1.0195453218184409 0.62915535410866086 2.556119563174434 0.77370216435519923 3.5656752083450556 0.53329965879674979 2.0995979753788614 2.1086233987589358 3.1509324691724032 1.888661569333635 1.737752618268132 84.315139112353791 10.398904553148894 8.9345931958523561 2.6246731416322291 3.6137419359292835 2.4222418313729577 0.55705909430980671 60.069238914758898 0.54070058348588634 0.56907078623771667 0.9362346685375087
leaf_count=4400 34 1 338 10 41 75 207 108 191 35 42 53 99 47 48 71 216 16 22 34 44 271 442 132 32 77 137 679 64 565 33 32 182 830 174 3 83 40 128 17 11 63 172 96 1107 11 124 44 23 101 26 149649 60 80 47 36 72 3 3600 97 4 115
internal_value=0.000390929 -0.017682 0.0182993 0.027345 0.00655802 0.0192573 -0.000392677 0.0127391 -0.00885572 0.00470239 0.00148702 -0.0141398 -0.033796 0.0098494 -0.00835208 0.00930224 0.0131861 -0.0179097 -0.0115962 0.0160395 0.0195707 0.0281355 0.0238522 0.0137913 0.00334962 0.0163143 -0.0200611 -0.0216172 -0.010149 -0.0174167 0.00366751 0.000781042 0.015177 0.00332892 0.00260873 -0.0148409 0.00367369 0.00254654 0.000843705 0.0183597 0.025318 -0.00168929 -0.0182495 -5.18858e-06 -0.0141582 -0.0192711 0.00216176 0.000334176 0.0120408 0.0187568 0.0221136 -0.0344161 -0.00320785 -0.0072835 -0.000948728 0.00220788 -0.00524615 -0.0208072 0.0337875 -0.031944 0.00808204 0.00333095
internal_weight=317.48 157.923 159.557 89.2054 70.3516 24.437 45.9146 28.3817 25.402 19.6549 72.44 20.9072 85.4834 20.5126 4.97354 17.7449 4.49478 19.1905 3.54926 15.5391 13.381 8.72682 21.7385 10.8186 7.02024 4.90095 18.3607 17.8266 9.54657 6.25111 3.29546 2.31644 14.1957 67.8426 67.1456 2.92914 64.2165 62.2539 57.3526 4.90132 1.96258 46.4215 3.18527 43.2363 5.22059 5.03521 38.0157 35.3533 7.88423 2.66236 8.35437 84.494 27.4691 17.0702 4.7333 8.13558 4.52184 4.59735 60.8237 8.28007 0.98945 1.46953
internal_count=165594 157635 7959 4359 3600 799 2801 749 2421 444 7882 1867 149753 380 95 409 554 1814 130 285 251 305 758 316 184 152 1798 1607 831 734 97 169 279 3479 3437 833 2604 2419 2319 100 185 2191 235 1956 1273 1233 683 486 114 197 208 149650 372 312 91 232 196 4403 3610 776 103 126
is_linear=0
shrinkage=0.035


end of trees

feature_importances:
translit_ratio=575
translit_token_sort_ratio=572
name_partial_ratio=347
translit_tfidf=321
hybrid_tfidf=296
address_token_set_ratio=294
name_jaccard=283
name_ratio=243
translit_jaccard=238
name_token_set_ratio=236
name_tfidf=235
translit_token_set_ratio=230
address_ratio=230
address_tfidf=229
address_jaccard=220
name_length_ratio=205
address_token_sort_ratio=190
name_address_ratio_gap=168
name_token_sort_ratio=153
address_length_ratio=140
numeric_signature_jaccard=133
shared_number_ratio=117
number_count_gap=101
tfidf_name_address_gap=100
primary_number_conflict=89
address_present_target=72
is_s2=59
shared_numbers=47
number_count_s1=28
number_count_target=27
primary_number_equal_raw=22
is_s3=18
strong_name_missing_address=18
address_only_risk=15
canonical_jaccard=13
very_strong_name_missing_address=12
address_missing_either=11
strong_address=8
target_nonlatin=4
strong_translit_name=3
name_basic_equal=2
name_token_sorted_equal=2
strong_name=1
strong_address_weak_name=1

parameters:
[boosting: gbdt]
[objective: binary]
[metric: auc,binary_logloss]
[tree_learner: serial]
[device_type: cpu]
[data_sample_strategy: bagging]
[data: ]
[valid: ]
[num_iterations: 1600]
[learning_rate: 0.035]
[num_leaves: 63]
[num_threads: 8]
[seed: 42]
[deterministic: 0]
[force_col_wise: 0]
[force_row_wise: 0]
[histogram_pool_size: -1]
[max_depth: -1]
[min_data_in_leaf: 40]
[min_sum_hessian_in_leaf: 0.001]
[bagging_fraction: 0.85]
[pos_bagging_fraction: 1]
[neg_bagging_fraction: 1]
[bagging_freq: 0]
[bagging_seed: 400]
[bagging_by_query: 0]
[feature_fraction: 0.9]
[feature_fraction_bynode: 1]
[feature_fraction_seed: 30056]
[extra_trees: 0]
[extra_seed: 12879]
[early_stopping_round: 0]
[early_stopping_min_delta: 0]
[first_metric_only: 0]
[max_delta_step: 0]
[lambda_l1: 0.1]
[lambda_l2: 1]
[linear_lambda: 0]
[min_gain_to_split: 0]
[drop_rate: 0.1]
[max_drop: 50]
[skip_drop: 0.5]
[xgboost_dart_mode: 0]
[uniform_drop: 0]
[drop_seed: 17869]
[top_rate: 0.2]
[other_rate: 0.1]
[min_data_per_group: 100]
[max_cat_threshold: 32]
[cat_l2: 10]
[cat_smooth: 10]
[max_cat_to_onehot: 4]
[top_k: 20]
[monotone_constraints: ]
[monotone_constraints_method: basic]
[monotone_penalty: 0]
[feature_contri: ]
[forcedsplits_filename: ]
[refit_decay_rate: 0.9]
[cegb_tradeoff: 1]
[cegb_penalty_split: 0]
[cegb_penalty_feature_lazy: ]
[cegb_penalty_feature_coupled: ]
[path_smooth: 0]
[interaction_constraints: ]
[verbosity: -1]
[saved_feature_importance_type: 0]
[use_quantized_grad: 0]
[num_grad_quant_bins: 4]
[quant_train_renew_leaf: 0]
[stochastic_rounding: 1]
[linear_tree: 0]
[max_bin: 255]
[max_bin_by_feature: ]
[min_data_in_bin: 3]
[bin_construct_sample_cnt: 200000]
[data_random_seed: 175]
[is_enable_sparse: 1]
[enable_bundle: 1]
[use_missing: 1]
[zero_as_missing: 0]
[feature_pre_filter: 1]
[pre_partition: 0]
[two_round: 0]
[header: 0]
[label_column: ]
[weight_column: ]
[group_column: ]
[ignore_column: ]
[categorical_feature: ]
[forcedbins_filename: ]
[precise_float_parser: 0]
[parser_config_file: ]
[objective_seed: 16083]
[num_class: 1]
[is_unbalance: 0]
[scale_pos_weight: 1]
[sigmoid: 1]
[boost_from_average: 1]
[reg_sqrt: 0]
[alpha: 0.9]
[fair_c: 1]
[poisson_max_delta_step: 0.7]
[tweedie_variance_power: 1.5]
[lambdarank_truncation_level: 30]
[lambdarank_norm: 1]
[label_gain: ]
[lambdarank_position_bias_regularization: 0]
[eval_at: ]
[multi_error_top_k: 1]
[auc_mu_weights: ]
[num_machines: 1]
[local_listen_port: 12400]
[time_out: 120]
[machine_list_filename: ]
[machines: ]
[gpu_platform_id: -1]
[gpu_device_id: -1]
[gpu_device_id_list: ]
[gpu_use_dp: 0]
[num_gpu: 1]

end of parameters

pandas_categorical:[]
